Id,Coordinates,Order,Distance,Time
4631,"[[0, 0], [18, 10], [101, 2], [31, 13], [16, 4], [57, 5], [88, 10], [62, 6], [36, 5], [45, 7], [7, 7], [101, 9], [45, 8], [102, 13], [31, 10], [58, 9], [69, 5], [57, 2], [54, 12], [83, 8], [57, 12], [0, 0]]","[0, 10, 1, 14, 3, 9, 12, 18, 20, 15, 7, 16, 19, 6, 13, 11, 2, 17, 5, 8, 4, 21]",230.27631812943713,14.779605627059937
