Id,Coordinates,Order,Distance,Time
209,"[[0, 0], [162, 32], [60, 26], [88, 42], [151, 57], [73, 46], [127, 13], [98, 64], [65, 35], [33, 46], [115, 3], [115, 65], [72, 12], [135, 60], [19, 59], [127, 54], [130, 35], [76, 22], [109, 34], [28, 30], [90, 4], [0, 0]]","[0, 19, 9, 14, 2, 17, 12, 20, 10, 6, 18, 15, 13, 4, 1, 16, 11, 7, 3, 5, 8, 21]",534.1206238638237,18.2856388092041
