Id,Coordinates,Order,Distance,Time
8876,"[[0, 0], [8, 29], [12, 106], [11, 108], [11, 138], [9, 133], [3, 160], [17, 76], [5, 37], [18, 146], [17, 67], [2, 7], [18, 112], [9, 89], [17, 99], [7, 146], [8, 14], [6, 150], [4, 56], [18, 104], [7, 74], [0, 0]]","[0, 11, 16, 1, 8, 10, 7, 14, 2, 3, 5, 4, 15, 17, 6, 9, 12, 19, 13, 20, 18, 21]",337.70061058387927,13.7452712059021
