Id,Coordinates,Order,Distance,Time
557,"[[0, 0], [96, 37], [17, 49], [178, 23], [131, 5], [31, 5], [85, 29], [184, 36], [95, 7], [30, 62], [95, 38], [81, 40], [24, 43], [127, 14], [180, 46], [6, 24], [19, 42], [90, 6], [163, 49], [40, 30], [79, 22], [0, 0]]","[0, 15, 16, 12, 2, 9, 11, 6, 10, 1, 17, 8, 13, 4, 3, 7, 14, 18, 20, 19, 5, 21]",518.7365022552965,15.33998441696167
