Id,Coordinates,Order,Distance,Time
5542,"[[0, 0], [26, 80], [23, 90], [22, 66], [3, 36], [21, 37], [4, 82], [24, 86], [28, 82], [20, 66], [4, 102], [13, 114], [7, 90], [16, 55], [20, 86], [12, 81], [7, 72], [13, 116], [26, 88], [23, 23], [3, 13], [0, 0]]","[0, 19, 5, 13, 9, 3, 1, 8, 7, 18, 2, 14, 15, 12, 11, 17, 10, 6, 16, 4, 20, 21]",278.6498418437403,12.913362264633179
