Id,Coordinates,Order,Distance,Time
4620,"[[0, 0], [9, 50], [9, 20], [4, 11], [8, 23], [11, 4], [12, 55], [5, 82], [1, 58], [4, 55], [12, 63], [11, 89], [4, 56], [6, 2], [11, 83], [11, 2], [11, 36], [8, 22], [11, 74], [9, 25], [12, 4], [0, 0]]","[0, 13, 15, 5, 20, 2, 17, 4, 19, 16, 1, 9, 12, 6, 10, 18, 14, 11, 7, 8, 3, 21]",202.9276158064891,14.99892783164978
