Id,Coordinates,Order,Distance,Time
7310,"[[0, 0], [4, 41], [21, 145], [6, 90], [16, 99], [16, 104], [17, 85], [17, 129], [23, 140], [3, 25], [5, 102], [18, 55], [10, 79], [18, 80], [8, 50], [10, 17], [19, 43], [22, 118], [5, 125], [5, 93], [9, 51], [0, 0]]","[0, 9, 1, 14, 20, 11, 13, 6, 3, 19, 4, 5, 17, 7, 8, 2, 18, 10, 12, 16, 15, 21]",325.92090172385224,13.39738416671753
