Id,Coordinates,Order,Distance,Time
8248,"[[0, 0], [51, 44], [44, 13], [14, 31], [100, 16], [73, 25], [33, 46], [93, 58], [14, 1], [117, 43], [24, 8], [115, 34], [87, 22], [65, 58], [15, 30], [47, 50], [115, 25], [114, 57], [62, 27], [51, 38], [19, 55], [0, 0]]","[0, 8, 10, 2, 18, 5, 12, 4, 16, 11, 9, 17, 7, 13, 19, 1, 15, 6, 20, 3, 14, 21]",335.8295454613906,15.556416511535645
