Id,Coordinates,Order,Distance,Time
2993,"[[0, 0], [101, 78], [17, 50], [83, 87], [115, 22], [79, 57], [19, 90], [66, 142], [102, 5], [75, 136], [113, 37], [23, 116], [82, 114], [1, 60], [78, 35], [30, 56], [66, 62], [13, 134], [11, 72], [61, 137], [105, 97], [0, 0]]","[0, 2, 15, 13, 18, 6, 11, 17, 19, 7, 9, 12, 20, 1, 3, 16, 5, 14, 10, 4, 8, 21]",574.7254961957229,17.12060236930847
