Id,Coordinates,Order,Distance,Time
9405,"[[0, 0], [1, 172], [10, 14], [19, 61], [5, 161], [15, 12], [1, 1], [17, 81], [9, 114], [27, 22], [35, 177], [10, 73], [21, 151], [24, 70], [9, 24], [23, 114], [18, 91], [4, 158], [28, 179], [47, 5], [28, 61], [0, 0]]","[0, 6, 2, 5, 9, 19, 20, 3, 13, 7, 16, 15, 17, 4, 1, 18, 10, 12, 8, 11, 14, 21]",470.58474950084127,17.772822856903076
