Id,Coordinates,Order,Distance,Time
3921,"[[0, 0], [41, 5], [40, 71], [42, 72], [44, 48], [37, 54], [29, 46], [38, 60], [26, 49], [13, 20], [32, 53], [31, 19], [10, 5], [2, 8], [22, 97], [49, 79], [29, 26], [43, 30], [16, 48], [2, 83], [19, 52], [0, 0]]","[0, 13, 12, 1, 11, 16, 17, 4, 5, 10, 8, 6, 7, 2, 3, 15, 14, 19, 20, 18, 9, 21]",318.82686689781735,15.40583062171936
