Id,Coordinates,Order,Distance,Time
6587,"[[0, 0], [120, 14], [141, 43], [53, 8], [23, 50], [60, 57], [25, 55], [117, 60], [50, 10], [57, 15], [70, 60], [126, 50], [24, 48], [152, 20], [81, 22], [143, 27], [54, 60], [6, 6], [19, 16], [37, 1], [61, 38], [0, 0]]","[0, 19, 8, 3, 9, 20, 14, 1, 13, 15, 2, 11, 7, 10, 5, 16, 6, 4, 12, 18, 17, 21]",400.8253706874012,13.651560068130493
