Id,Coordinates,Order,Distance,Time
9073,"[[0, 0], [15, 22], [3, 60], [18, 89], [12, 81], [20, 48], [5, 35], [6, 97], [17, 41], [8, 15], [9, 40], [8, 2], [19, 71], [4, 36], [8, 54], [6, 5], [5, 23], [9, 18], [19, 19], [19, 36], [18, 6], [0, 0]]","[0, 15, 11, 20, 18, 1, 17, 16, 6, 13, 10, 8, 5, 12, 4, 3, 7, 2, 14, 19, 9, 21]",254.7178547568427,15.157763481140137
