Id,Coordinates,Order,Distance,Time
3824,"[[0, 0], [33, 99], [94, 109], [67, 10], [28, 7], [12, 16], [93, 20], [17, 49], [72, 37], [38, 10], [6, 44], [56, 37], [78, 62], [100, 62], [61, 48], [5, 60], [80, 71], [54, 49], [54, 63], [26, 80], [99, 27], [0, 0]]","[0, 4, 9, 3, 8, 14, 17, 12, 16, 13, 20, 6, 11, 7, 10, 15, 19, 1, 2, 18, 5, 21]",584.7589537755746,15.660309314727783
