Id,Coordinates,Order,Distance,Time
7311,"[[0, 0], [49, 26], [66, 15], [32, 40], [75, 13], [13, 3], [83, 22], [164, 18], [156, 4], [132, 42], [27, 25], [143, 8], [13, 8], [12, 27], [42, 18], [27, 31], [132, 7], [95, 28], [90, 3], [23, 25], [147, 18], [0, 0]]","[0, 5, 12, 13, 19, 10, 15, 3, 1, 2, 4, 18, 16, 11, 8, 7, 20, 9, 17, 6, 14, 21]",405.49152867065413,14.099096536636353
