Id,Coordinates,Order,Distance,Time
6978,"[[0, 0], [51, 82], [67, 30], [59, 103], [115, 34], [88, 85], [59, 81], [9, 66], [6, 49], [81, 128], [71, 41], [57, 120], [92, 26], [97, 36], [51, 21], [68, 14], [7, 67], [38, 83], [96, 3], [94, 62], [52, 126], [0, 0]]","[0, 8, 16, 7, 17, 1, 6, 3, 11, 20, 9, 5, 19, 13, 4, 18, 12, 10, 2, 15, 14, 21]",497.7479147671403,16.587074041366577
