Id,Coordinates,Order,Distance,Time
7172,"[[0, 0], [103, 78], [78, 161], [122, 109], [17, 44], [73, 61], [21, 139], [31, 14], [92, 90], [23, 100], [81, 99], [54, 54], [7, 26], [74, 100], [5, 82], [22, 97], [112, 91], [9, 162], [94, 100], [133, 84], [2, 108], [0, 0]]","[0, 7, 11, 5, 1, 8, 18, 10, 13, 16, 19, 3, 2, 17, 6, 20, 9, 15, 14, 4, 12, 21]",604.0718572753428,16.669618129730225
