Id,Coordinates,Order,Distance,Time
4513,"[[0, 0], [39, 4], [36, 7], [33, 4], [37, 12], [23, 9], [10, 6], [9, 7], [36, 6], [13, 4], [10, 9], [12, 2], [31, 6], [10, 11], [39, 3], [12, 10], [20, 9], [21, 3], [40, 8], [5, 8], [18, 9], [0, 0]]","[0, 19, 7, 6, 10, 13, 15, 20, 16, 5, 12, 3, 8, 2, 18, 1, 14, 4, 17, 9, 11, 21]",107.55527921898188,20.764069080352783
