Id,Coordinates,Order,Distance,Time
3708,"[[0, 0], [30, 117], [6, 40], [19, 120], [5, 95], [8, 66], [32, 50], [6, 77], [3, 116], [13, 2], [18, 115], [6, 43], [9, 183], [6, 50], [11, 151], [11, 13], [7, 75], [7, 165], [8, 48], [28, 86], [21, 145], [0, 0]]","[0, 2, 11, 18, 13, 5, 16, 7, 4, 8, 10, 3, 14, 17, 12, 20, 1, 19, 6, 15, 9, 21]",405.44273481188907,17.20397186279297
