Id,Coordinates,Order,Distance,Time
2985,"[[0, 0], [12, 25], [37, 64], [26, 56], [8, 135], [26, 125], [41, 1], [46, 134], [46, 45], [26, 90], [21, 35], [24, 99], [10, 144], [4, 156], [30, 66], [41, 72], [46, 136], [36, 56], [20, 15], [41, 72], [27, 10], [0, 0]]","[0, 1, 10, 3, 17, 2, 15, 19, 9, 11, 5, 4, 12, 13, 16, 7, 14, 8, 6, 20, 18, 21]",430.03774145284456,17.409928798675537
