Id,Coordinates,Order,Distance,Time
4525,"[[0, 0], [63, 7], [89, 29], [97, 46], [52, 57], [65, 78], [61, 36], [50, 48], [51, 46], [7, 2], [72, 45], [66, 55], [97, 84], [35, 85], [71, 67], [30, 46], [58, 6], [27, 5], [91, 30], [76, 63], [11, 33], [0, 0]]","[0, 9, 17, 16, 1, 6, 8, 7, 4, 11, 19, 14, 5, 13, 12, 3, 18, 2, 10, 15, 20, 21]",436.46901117045957,17.412436485290527
