Id,Coordinates,Order,Distance,Time
4548,"[[0, 0], [7, 109], [20, 10], [9, 114], [18, 91], [10, 129], [7, 22], [23, 50], [16, 126], [12, 5], [17, 71], [2, 60], [4, 140], [17, 38], [25, 24], [31, 116], [21, 143], [28, 24], [15, 66], [22, 166], [3, 129], [0, 0]]","[0, 9, 2, 17, 14, 13, 7, 18, 10, 1, 3, 8, 5, 20, 12, 19, 16, 15, 4, 11, 6, 21]",384.6127945852723,15.55509614944458
