Id,Coordinates,Order,Distance,Time
9429,"[[0, 0], [8, 46], [18, 60], [38, 62], [85, 9], [62, 46], [21, 45], [29, 64], [54, 42], [87, 12], [61, 12], [94, 30], [82, 43], [41, 49], [3, 52], [28, 33], [48, 29], [88, 1], [31, 38], [88, 24], [107, 41], [0, 0]]","[0, 15, 18, 6, 1, 14, 2, 7, 3, 13, 8, 5, 12, 20, 11, 19, 4, 17, 9, 10, 16, 21]",365.3252814138734,17.462973833084106
