Id,Coordinates,Order,Distance,Time
3445,"[[0, 0], [106, 1], [89, 3], [148, 8], [72, 2], [171, 9], [73, 10], [156, 1], [170, 5], [79, 11], [102, 8], [165, 5], [67, 6], [51, 5], [17, 6], [124, 6], [113, 1], [108, 1], [92, 9], [97, 4], [38, 4], [0, 0]]","[0, 14, 20, 13, 12, 6, 9, 18, 19, 1, 17, 16, 7, 11, 8, 5, 3, 15, 10, 2, 4, 21]",351.3502667013009,21.250998973846436
