Id,Coordinates,Order,Distance,Time
8370,"[[0, 0], [29, 4], [56, 92], [35, 83], [19, 49], [58, 32], [29, 137], [43, 58], [58, 2], [70, 132], [68, 125], [34, 18], [44, 153], [72, 8], [67, 99], [7, 62], [22, 57], [72, 149], [71, 142], [58, 107], [28, 118], [0, 0]]","[0, 1, 11, 8, 13, 5, 7, 3, 2, 14, 19, 10, 9, 18, 17, 12, 6, 20, 15, 16, 4, 21]",470.147012000347,21.80499815940857
