Id,Coordinates,Order,Distance,Time
7997,"[[0, 0], [53, 77], [30, 48], [15, 88], [73, 93], [65, 82], [69, 51], [73, 33], [35, 177], [68, 147], [54, 139], [3, 40], [23, 125], [68, 128], [57, 37], [14, 12], [75, 104], [48, 47], [22, 100], [73, 20], [41, 85], [0, 0]]","[0, 15, 17, 14, 19, 7, 6, 1, 5, 4, 16, 13, 9, 10, 8, 12, 18, 3, 20, 2, 11, 21]",530.7175340025129,18.87654948234558
