Id,Coordinates,Order,Distance,Time
853,"[[0, 0], [62, 4], [73, 1], [10, 59], [73, 10], [19, 53], [48, 1], [9, 7], [61, 18], [60, 13], [41, 30], [53, 49], [5, 55], [32, 36], [4, 15], [51, 59], [43, 51], [42, 23], [32, 6], [64, 26], [71, 18], [0, 0]]","[0, 7, 18, 6, 9, 8, 19, 20, 4, 2, 1, 17, 10, 13, 11, 15, 16, 5, 3, 12, 14, 21]",308.60175070232975,15.845221757888794
