Id,Coordinates,Order,Distance,Time
7393,"[[0, 0], [163, 123], [57, 138], [27, 40], [124, 71], [62, 133], [141, 58], [13, 108], [134, 18], [123, 34], [84, 98], [22, 33], [26, 22], [158, 22], [115, 108], [78, 53], [108, 2], [8, 124], [1, 40], [88, 6], [138, 50], [0, 0]]","[0, 12, 18, 7, 17, 2, 5, 10, 14, 1, 6, 20, 13, 8, 16, 19, 9, 4, 15, 3, 11, 21]",750.8696035063507,17.568129777908325
