Id,Coordinates,Order,Distance,Time
303,"[[0, 0], [5, 30], [12, 30], [11, 29], [16, 27], [8, 17], [18, 26], [1, 23], [19, 15], [1, 14], [19, 11], [12, 26], [4, 26], [8, 24], [20, 28], [3, 24], [10, 37], [19, 38], [11, 19], [12, 12], [4, 27], [0, 0]]","[0, 9, 13, 11, 3, 2, 4, 6, 14, 17, 16, 1, 20, 12, 15, 7, 5, 18, 8, 10, 19, 21]",130.5083445877065,22.451509714126587
