Id,Coordinates,Order,Distance,Time
8039,"[[0, 0], [10, 10], [18, 14], [33, 35], [5, 4], [20, 4], [16, 34], [28, 18], [8, 24], [4, 10], [1, 27], [16, 5], [21, 17], [5, 15], [10, 16], [4, 5], [17, 13], [7, 32], [24, 10], [29, 4], [18, 21], [0, 0]]","[0, 4, 15, 9, 13, 14, 16, 2, 20, 12, 18, 5, 11, 1, 8, 10, 17, 6, 3, 7, 19, 21]",186.652960013162,13.778908491134644
