Id,Coordinates,Order,Distance,Time
9514,"[[0, 0], [114, 9], [30, 8], [18, 5], [17, 4], [111, 1], [9, 7], [46, 9], [31, 11], [84, 7], [98, 1], [19, 5], [1, 5], [85, 2], [36, 4], [111, 6], [4, 11], [107, 4], [60, 8], [6, 4], [99, 11], [0, 0]]","[0, 19, 6, 4, 3, 11, 2, 14, 7, 18, 13, 10, 17, 15, 1, 5, 20, 9, 8, 16, 12, 21]",253.83739108332486,17.83421516418457
