Id,Coordinates,Order,Distance,Time
2969,"[[0, 0], [155, 16], [80, 46], [13, 32], [152, 2], [3, 20], [65, 25], [57, 51], [149, 5], [135, 12], [44, 53], [136, 29], [36, 39], [13, 19], [145, 4], [97, 45], [52, 18], [29, 38], [151, 41], [99, 22], [1, 37], [0, 0]]","[0, 5, 20, 3, 17, 12, 10, 7, 2, 15, 9, 14, 8, 4, 1, 18, 11, 19, 6, 16, 13, 21]",422.2780113060343,15.841744899749756
