Id,Coordinates,Order,Distance,Time
2627,"[[0, 0], [43, 12], [12, 8], [41, 14], [3, 15], [9, 17], [90, 16], [17, 17], [8, 10], [5, 17], [59, 14], [35, 4], [87, 2], [25, 15], [24, 1], [77, 8], [55, 14], [14, 16], [19, 4], [97, 1], [7, 3], [0, 0]]","[0, 20, 8, 4, 9, 5, 17, 7, 18, 14, 11, 1, 16, 10, 15, 12, 19, 6, 3, 13, 2, 21]",245.20995694548225,16.169607639312744
