Id,Coordinates,Order,Distance,Time
8630,"[[0, 0], [60, 90], [88, 71], [96, 112], [93, 3], [73, 100], [19, 75], [90, 114], [35, 26], [83, 129], [88, 49], [28, 15], [95, 93], [85, 18], [13, 130], [113, 22], [56, 11], [50, 66], [46, 40], [102, 101], [13, 15], [0, 0]]","[0, 20, 11, 8, 18, 17, 5, 9, 7, 3, 19, 12, 2, 10, 15, 4, 13, 16, 1, 14, 6, 21]",638.5767849076725,16.22019386291504
