Id,Coordinates,Order,Distance,Time
868,"[[0, 0], [12, 12], [3, 9], [4, 31], [9, 123], [2, 19], [9, 89], [5, 75], [8, 130], [9, 30], [11, 113], [4, 112], [3, 51], [10, 62], [8, 116], [5, 71], [8, 86], [4, 83], [2, 128], [12, 132], [8, 15], [0, 0]]","[0, 2, 20, 5, 3, 12, 13, 15, 7, 17, 16, 6, 11, 14, 4, 8, 19, 18, 10, 9, 1, 21]",293.5717239693268,14.785594701766968
