Id,Coordinates,Order,Distance,Time
8494,"[[0, 0], [4, 85], [11, 55], [8, 9], [6, 44], [17, 15], [21, 65], [18, 31], [19, 76], [1, 134], [17, 85], [21, 132], [19, 119], [18, 100], [2, 86], [11, 28], [17, 123], [4, 141], [24, 69], [11, 87], [14, 67], [0, 0]]","[0, 3, 5, 7, 6, 18, 8, 10, 19, 13, 12, 16, 11, 17, 9, 14, 1, 20, 2, 4, 15, 21]",318.2676400722701,14.947999477386475
