Id,Coordinates,Order,Distance,Time
8389,"[[0, 0], [149, 170], [9, 42], [135, 164], [115, 133], [21, 38], [5, 8], [117, 121], [108, 63], [59, 53], [112, 46], [39, 2], [118, 18], [141, 92], [98, 155], [34, 54], [100, 67], [89, 169], [18, 58], [18, 6], [127, 86], [0, 0]]","[0, 6, 19, 5, 2, 18, 15, 9, 16, 8, 20, 7, 4, 14, 17, 3, 1, 13, 10, 12, 11, 21]",643.9409322797893,20.267227172851562
