Id,Coordinates,Order,Distance,Time
2991,"[[0, 0], [26, 18], [5, 118], [42, 31], [9, 108], [49, 33], [30, 49], [47, 56], [37, 100], [21, 63], [6, 81], [9, 140], [59, 4], [25, 88], [53, 98], [14, 106], [55, 113], [50, 69], [11, 148], [54, 32], [5, 27], [0, 0]]","[0, 20, 1, 3, 5, 6, 9, 10, 13, 8, 14, 16, 15, 4, 2, 11, 18, 17, 7, 19, 12, 21]",512.9697440373734,15.367461442947388
