Id,Coordinates,Order,Distance,Time
9446,"[[0, 0], [85, 48], [32, 10], [44, 27], [74, 7], [37, 62], [66, 62], [52, 40], [5, 51], [166, 43], [57, 19], [99, 13], [63, 53], [120, 9], [62, 68], [13, 39], [78, 18], [24, 11], [70, 21], [110, 13], [14, 46], [0, 0]]","[0, 17, 3, 7, 12, 6, 14, 5, 20, 8, 15, 10, 18, 16, 4, 11, 19, 13, 9, 1, 2, 21]",544.761315777516,13.08367371559143
