Id,Coordinates,Order,Distance,Time
6844,"[[0, 0], [126, 126], [120, 169], [27, 127], [8, 144], [101, 191], [97, 74], [105, 79], [123, 50], [94, 8], [4, 43], [78, 11], [72, 142], [88, 22], [56, 16], [99, 198], [118, 17], [117, 140], [108, 104], [58, 188], [24, 4], [0, 0]]","[0, 20, 14, 11, 13, 9, 16, 8, 6, 7, 18, 1, 17, 2, 5, 15, 19, 12, 3, 4, 10, 21]",657.2229607493833,13.666969299316406
