Id,Coordinates,Order,Distance,Time
4551,"[[0, 0], [19, 175], [23, 187], [24, 140], [13, 31], [2, 56], [17, 73], [25, 2], [11, 171], [28, 43], [14, 7], [26, 22], [15, 163], [17, 41], [29, 168], [11, 106], [16, 166], [8, 28], [10, 165], [6, 103], [21, 172], [0, 0]]","[0, 10, 7, 11, 4, 13, 9, 6, 15, 12, 16, 18, 8, 1, 20, 2, 14, 3, 19, 5, 17, 21]",444.6070773770045,16.317471742630005
