Id,Coordinates,Order,Distance,Time
2567,"[[0, 0], [36, 83], [36, 41], [8, 30], [38, 26], [16, 84], [15, 111], [29, 97], [43, 100], [40, 97], [36, 14], [1, 15], [1, 19], [32, 115], [29, 39], [17, 73], [10, 52], [3, 6], [15, 118], [23, 41], [10, 26], [0, 0]]","[0, 17, 11, 12, 20, 3, 19, 14, 2, 4, 10, 1, 7, 9, 8, 13, 18, 6, 5, 15, 16, 21]",350.21714431321834,16.61751627922058
