Id,Coordinates,Order,Distance,Time
5510,"[[0, 0], [12, 72], [6, 77], [20, 110], [4, 91], [16, 137], [10, 82], [1, 64], [12, 8], [2, 41], [18, 28], [4, 47], [18, 42], [1, 44], [9, 43], [4, 21], [16, 149], [4, 32], [16, 137], [16, 59], [3, 37], [0, 0]]","[0, 15, 17, 20, 9, 13, 11, 14, 19, 1, 2, 6, 3, 5, 18, 16, 4, 7, 12, 10, 8, 21]",332.2138679544086,15.161527395248413
