Id,Coordinates,Order,Distance,Time
4969,"[[0, 0], [42, 10], [38, 20], [78, 6], [12, 18], [24, 22], [24, 5], [53, 18], [22, 2], [46, 27], [76, 1], [20, 10], [87, 16], [28, 6], [133, 16], [5, 17], [111, 13], [123, 27], [85, 24], [60, 9], [3, 29], [0, 0]]","[0, 15, 4, 11, 6, 8, 13, 1, 7, 19, 10, 3, 12, 16, 14, 17, 18, 9, 2, 5, 20, 21]",343.168258105406,17.211344957351685
