Id,Coordinates,Order,Distance,Time
7496,"[[0, 0], [12, 48], [15, 23], [9, 29], [27, 26], [30, 15], [30, 7], [19, 37], [33, 16], [31, 29], [17, 17], [15, 51], [18, 21], [10, 13], [15, 30], [27, 41], [19, 17], [12, 50], [26, 23], [29, 7], [9, 2], [0, 0]]","[0, 20, 13, 10, 16, 12, 2, 14, 7, 4, 18, 5, 8, 6, 19, 9, 15, 11, 17, 1, 3, 21]",196.5976552418144,22.369577646255493
