Id,Coordinates,Order,Distance,Time
8850,"[[0, 0], [19, 15], [7, 53], [1, 27], [5, 48], [12, 40], [3, 49], [16, 22], [1, 47], [12, 24], [1, 52], [19, 3], [16, 49], [18, 54], [5, 17], [4, 35], [3, 30], [6, 3], [18, 45], [16, 21], [16, 50], [0, 0]]","[0, 17, 11, 1, 19, 7, 9, 15, 5, 18, 12, 20, 13, 2, 4, 6, 10, 8, 16, 3, 14, 21]",160.16383092900773,15.287717342376709
