Id,Coordinates,Order,Distance,Time
1189,"[[0, 0], [88, 96], [35, 59], [125, 51], [3, 34], [44, 29], [37, 126], [41, 112], [2, 48], [24, 41], [22, 16], [38, 136], [13, 55], [36, 137], [43, 14], [68, 13], [14, 135], [157, 92], [111, 71], [83, 89], [106, 138], [0, 0]]","[0, 10, 5, 9, 4, 8, 12, 2, 7, 6, 11, 13, 16, 19, 1, 20, 17, 18, 3, 15, 14, 21]",668.558840935156,17.99839949607849
