Id,Coordinates,Order,Distance,Time
5521,"[[0, 0], [22, 44], [59, 19], [38, 52], [91, 53], [27, 15], [74, 16], [96, 41], [26, 30], [38, 20], [49, 46], [42, 25], [103, 12], [17, 7], [20, 55], [22, 65], [10, 16], [40, 17], [45, 22], [20, 32], [26, 21], [0, 0]]","[0, 16, 20, 9, 17, 11, 8, 19, 1, 14, 15, 3, 10, 2, 6, 12, 7, 4, 18, 5, 13, 21]",370.4731745584272,15.366983413696289
