Id,Coordinates,Order,Distance,Time
7388,"[[0, 0], [36, 16], [33, 60], [6, 23], [42, 41], [13, 46], [45, 40], [22, 41], [38, 14], [25, 48], [11, 20], [20, 47], [41, 24], [29, 28], [15, 7], [16, 65], [31, 63], [44, 38], [12, 35], [7, 41], [4, 59], [0, 0]]","[0, 14, 10, 18, 5, 11, 9, 7, 13, 1, 8, 12, 17, 6, 4, 2, 16, 15, 20, 19, 3, 21]",249.88537482588603,14.40374493598938
