Id,Coordinates,Order,Distance,Time
3839,"[[0, 0], [1, 164], [6, 129], [30, 169], [31, 166], [15, 77], [6, 35], [34, 102], [38, 170], [20, 24], [21, 24], [37, 121], [8, 100], [40, 51], [28, 139], [6, 128], [8, 10], [38, 136], [8, 57], [15, 134], [25, 138], [0, 0]]","[0, 16, 9, 6, 18, 5, 12, 14, 20, 19, 2, 15, 1, 3, 4, 8, 17, 11, 7, 13, 10, 21]",445.9532265773185,18.92359948158264
