Id,Coordinates,Order,Distance,Time
670,"[[0, 0], [1, 138], [31, 56], [13, 98], [30, 87], [22, 74], [10, 23], [28, 80], [24, 42], [39, 28], [34, 33], [33, 69], [10, 36], [20, 25], [8, 7], [27, 114], [24, 55], [8, 62], [4, 128], [19, 86], [22, 86], [0, 0]]","[0, 14, 6, 12, 16, 2, 11, 5, 7, 4, 20, 19, 15, 1, 18, 3, 17, 8, 10, 9, 13, 21]",361.48925335393847,17.811192274093628
