Id,Coordinates,Order,Distance,Time
5841,"[[0, 0], [110, 81], [6, 40], [91, 102], [145, 142], [149, 102], [145, 135], [26, 99], [63, 57], [84, 41], [48, 69], [17, 96], [68, 15], [17, 73], [134, 155], [60, 96], [137, 121], [56, 7], [59, 79], [105, 69], [164, 90], [0, 0]]","[0, 2, 13, 11, 7, 15, 18, 10, 8, 19, 1, 3, 16, 14, 4, 6, 5, 20, 9, 12, 17, 21]",632.5387657722038,15.729207754135132
