Id,Coordinates,Order,Distance,Time
8397,"[[0, 0], [133, 104], [31, 22], [134, 131], [10, 46], [21, 174], [72, 1], [99, 48], [10, 144], [77, 7], [50, 45], [129, 40], [13, 183], [88, 163], [2, 182], [54, 84], [111, 105], [64, 28], [133, 145], [27, 144], [39, 95], [0, 0]]","[0, 2, 10, 17, 6, 9, 7, 11, 16, 1, 3, 18, 13, 5, 12, 14, 8, 19, 20, 15, 4, 21]",702.4849658542176,22.3650004863739
