Id,Coordinates,Order,Distance,Time
7458,"[[0, 0], [44, 21], [59, 69], [38, 27], [23, 39], [48, 32], [10, 78], [12, 61], [51, 10], [53, 65], [44, 84], [39, 17], [41, 66], [19, 19], [13, 14], [56, 15], [28, 25], [8, 48], [8, 22], [10, 47], [11, 7], [0, 0]]","[0, 20, 14, 13, 16, 11, 1, 8, 15, 5, 3, 19, 17, 7, 6, 10, 2, 9, 12, 4, 18, 21]",328.9143849757131,20.574026346206665
