Id,Coordinates,Order,Distance,Time
7265,"[[0, 0], [47, 125], [37, 47], [49, 47], [43, 146], [21, 193], [1, 93], [17, 33], [18, 4], [8, 91], [9, 75], [38, 100], [44, 2], [6, 95], [10, 186], [2, 139], [46, 181], [32, 2], [39, 178], [26, 4], [43, 92], [0, 0]]","[0, 8, 19, 17, 12, 2, 3, 20, 11, 1, 4, 16, 18, 5, 14, 15, 13, 6, 9, 10, 7, 21]",483.7290023979726,14.261548519134521
