Id,Coordinates,Order,Distance,Time
7200,"[[0, 0], [3, 27], [10, 44], [14, 51], [15, 103], [10, 46], [1, 67], [9, 103], [3, 88], [10, 86], [11, 110], [4, 39], [10, 13], [6, 53], [13, 69], [9, 63], [19, 46], [1, 116], [13, 10], [18, 106], [4, 5], [0, 0]]","[0, 20, 18, 12, 1, 11, 2, 5, 16, 3, 15, 14, 9, 4, 19, 10, 17, 7, 8, 6, 13, 21]",273.39687461224304,15.363147020339966
