Id,Coordinates,Order,Distance,Time
5144,"[[0, 0], [39, 93], [41, 61], [14, 38], [3, 111], [25, 91], [35, 19], [13, 138], [15, 35], [12, 13], [25, 35], [40, 137], [6, 140], [19, 35], [9, 52], [4, 21], [22, 100], [3, 124], [33, 136], [7, 129], [38, 113], [0, 0]]","[0, 9, 8, 13, 10, 6, 2, 1, 5, 16, 20, 11, 18, 7, 12, 19, 17, 4, 14, 3, 15, 21]",390.7503276409118,18.47899842262268
