Id,Coordinates,Order,Distance,Time
6785,"[[0, 0], [4, 26], [30, 78], [8, 59], [25, 97], [31, 20], [32, 88], [23, 64], [29, 71], [14, 74], [8, 50], [23, 20], [22, 65], [18, 67], [14, 5], [26, 1], [19, 103], [28, 38], [20, 99], [15, 35], [2, 52], [0, 0]]","[0, 14, 15, 11, 5, 17, 13, 12, 7, 8, 2, 6, 4, 16, 18, 9, 3, 20, 10, 19, 1, 21]",273.5407395056068,19.624998807907104
