Id,Coordinates,Order,Distance,Time
4383,"[[0, 0], [24, 34], [52, 11], [4, 90], [2, 104], [68, 3], [29, 67], [62, 81], [95, 41], [2, 152], [2, 73], [44, 129], [90, 42], [51, 135], [3, 52], [59, 93], [34, 148], [62, 96], [89, 141], [94, 154], [10, 26], [0, 0]]","[0, 20, 1, 14, 10, 3, 4, 6, 7, 15, 17, 11, 9, 16, 13, 19, 18, 8, 12, 5, 2, 21]",642.3454038410108,16.30110239982605
