Id,Coordinates,Order,Distance,Time
2723,"[[0, 0], [42, 27], [23, 45], [2, 76], [8, 13], [48, 70], [13, 45], [10, 2], [16, 74], [8, 26], [12, 49], [34, 19], [47, 85], [25, 70], [34, 84], [30, 36], [29, 63], [7, 75], [26, 43], [40, 61], [43, 29], [0, 0]]","[0, 4, 9, 6, 10, 2, 18, 15, 1, 20, 16, 13, 8, 17, 3, 14, 12, 5, 19, 11, 7, 21]",315.6114445985829,17.099222898483276
