Id,Coordinates,Order,Distance,Time
7757,"[[0, 0], [4, 98], [7, 22], [7, 121], [2, 4], [6, 3], [4, 180], [12, 131], [8, 87], [1, 169], [6, 18], [1, 166], [4, 83], [3, 8], [8, 52], [8, 186], [12, 16], [12, 123], [3, 141], [6, 84], [4, 177], [0, 0]]","[0, 4, 13, 10, 2, 14, 12, 19, 8, 17, 7, 18, 11, 9, 20, 6, 15, 3, 1, 16, 5, 21]",385.401941081756,14.545892715454102
