Id,Coordinates,Order,Distance,Time
3258,"[[0, 0], [35, 79], [56, 17], [50, 32], [6, 14], [28, 43], [4, 44], [52, 90], [43, 13], [45, 64], [48, 88], [24, 29], [34, 81], [19, 85], [23, 31], [8, 4], [39, 57], [16, 63], [50, 62], [56, 16], [4, 49], [0, 0]]","[0, 15, 11, 14, 5, 16, 1, 12, 13, 17, 20, 6, 8, 2, 19, 3, 18, 10, 7, 9, 4, 21]",404.05691663694984,15.39914846420288
