Id,Coordinates,Order,Distance,Time
6267,"[[0, 0], [20, 136], [22, 44], [44, 59], [51, 140], [5, 33], [39, 63], [41, 162], [47, 107], [39, 23], [45, 8], [15, 111], [40, 52], [43, 20], [40, 135], [54, 131], [12, 101], [16, 108], [9, 19], [47, 161], [51, 157], [0, 0]]","[0, 18, 5, 2, 12, 3, 9, 13, 10, 16, 17, 11, 1, 14, 4, 20, 19, 7, 15, 8, 6, 21]",509.7834863887837,16.62874984741211
