Id,Coordinates,Order,Distance,Time
3552,"[[0, 0], [85, 24], [35, 30], [45, 17], [95, 29], [95, 40], [49, 44], [21, 30], [52, 13], [111, 11], [34, 36], [101, 33], [102, 24], [32, 39], [78, 13], [36, 3], [102, 28], [17, 5], [41, 29], [30, 19], [50, 10], [0, 0]]","[0, 17, 15, 20, 8, 3, 18, 2, 10, 13, 6, 1, 4, 16, 11, 5, 12, 9, 14, 19, 7, 21]",348.58009929266694,13.296244621276855
