Id,Coordinates,Order,Distance,Time
4747,"[[0, 0], [93, 168], [64, 121], [47, 99], [15, 57], [177, 150], [4, 44], [134, 71], [132, 31], [138, 80], [50, 25], [99, 62], [136, 80], [27, 178], [57, 117], [41, 174], [98, 67], [72, 103], [99, 31], [48, 117], [38, 146], [0, 0]]","[0, 6, 4, 11, 16, 12, 9, 17, 2, 14, 3, 19, 20, 13, 15, 1, 5, 7, 8, 18, 10, 21]",813.4802672866947,14.75316309928894
