Id,Coordinates,Order,Distance,Time
615,"[[0, 0], [11, 42], [31, 32], [25, 29], [5, 43], [26, 47], [18, 35], [7, 4], [27, 1], [3, 16], [25, 21], [30, 2], [26, 3], [3, 8], [24, 37], [28, 7], [26, 23], [2, 32], [17, 2], [13, 21], [21, 10], [0, 0]]","[0, 13, 9, 19, 10, 16, 3, 2, 14, 5, 1, 4, 17, 6, 20, 15, 11, 8, 12, 18, 7, 21]",193.0207901338897,15.544112205505371
