Id,Coordinates,Order,Distance,Time
6866,"[[0, 0], [24, 35], [72, 42], [79, 43], [81, 36], [58, 53], [65, 22], [42, 37], [82, 41], [15, 21], [77, 41], [58, 22], [46, 38], [7, 47], [52, 38], [33, 61], [50, 27], [19, 38], [60, 8], [26, 3], [67, 49], [0, 0]]","[0, 9, 1, 17, 13, 15, 7, 12, 14, 16, 5, 20, 2, 10, 3, 8, 4, 6, 11, 18, 19, 21]",303.9731015169921,15.936901092529297
