Id,Coordinates,Order,Distance,Time
6569,"[[0, 0], [175, 121], [171, 15], [145, 74], [44, 51], [47, 37], [166, 24], [82, 82], [87, 29], [125, 1], [87, 14], [21, 27], [7, 113], [78, 53], [32, 26], [58, 122], [193, 86], [128, 103], [42, 1], [182, 8], [28, 96], [0, 0]]","[0, 18, 14, 5, 13, 8, 10, 9, 19, 2, 6, 3, 16, 1, 17, 7, 15, 12, 20, 4, 11, 21]",767.602836464819,18.376002073287964
