Id,Coordinates,Order,Distance,Time
81,"[[0, 0], [60, 3], [25, 8], [20, 35], [13, 38], [39, 30], [35, 34], [40, 31], [63, 18], [64, 15], [54, 14], [14, 7], [34, 25], [37, 29], [44, 7], [39, 22], [5, 28], [4, 23], [46, 8], [54, 3], [65, 34], [0, 0]]","[0, 11, 2, 14, 18, 19, 1, 10, 9, 8, 20, 7, 5, 15, 12, 13, 6, 3, 4, 16, 17, 21]",218.97007584464475,25.849036931991577
