Id,Coordinates,Order,Distance,Time
4439,"[[0, 0], [88, 10], [110, 41], [26, 59], [24, 58], [5, 26], [84, 24], [54, 9], [130, 32], [59, 21], [92, 6], [7, 53], [151, 2], [102, 22], [67, 27], [26, 3], [36, 24], [24, 53], [27, 6], [124, 13], [42, 59], [0, 0]]","[0, 15, 18, 16, 9, 14, 6, 13, 2, 8, 12, 19, 10, 1, 7, 20, 3, 4, 17, 11, 5, 21]",442.98385604918127,15.340069055557251
