Id,Coordinates,Order,Distance,Time
8574,"[[0, 0], [27, 9], [23, 54], [12, 124], [18, 29], [36, 61], [37, 101], [39, 88], [36, 55], [18, 15], [23, 52], [32, 46], [26, 183], [13, 156], [29, 70], [38, 152], [24, 30], [18, 184], [21, 84], [23, 156], [12, 147], [0, 0]]","[0, 1, 16, 11, 8, 5, 14, 7, 6, 3, 20, 13, 19, 17, 12, 15, 18, 2, 10, 4, 9, 21]",436.4570909548903,15.908004522323608
