Id,Coordinates,Order,Distance,Time
7213,"[[0, 0], [7, 13], [40, 2], [108, 35], [40, 59], [3, 47], [86, 68], [67, 22], [129, 19], [5, 63], [99, 14], [12, 62], [21, 16], [104, 40], [91, 52], [77, 33], [61, 8], [33, 13], [14, 34], [22, 37], [108, 20], [0, 0]]","[0, 1, 12, 17, 2, 16, 7, 15, 10, 20, 8, 3, 13, 14, 6, 4, 11, 9, 5, 18, 19, 21]",400.44426862414673,14.046175718307495
