Id,Coordinates,Order,Distance,Time
957,"[[0, 0], [69, 72], [23, 72], [23, 102], [42, 44], [72, 39], [42, 2], [6, 33], [37, 56], [11, 51], [5, 13], [72, 5], [66, 114], [44, 48], [35, 122], [38, 82], [15, 29], [57, 104], [52, 67], [58, 85], [68, 96], [0, 0]]","[0, 10, 16, 7, 9, 2, 1, 19, 20, 17, 12, 14, 3, 15, 18, 8, 13, 4, 5, 11, 6, 21]",460.63617484812465,17.84819531440735
