Id,Coordinates,Order,Distance,Time
2245,"[[0, 0], [33, 80], [126, 107], [28, 124], [11, 67], [1, 4], [10, 3], [83, 122], [44, 87], [77, 98], [102, 106], [64, 105], [142, 89], [95, 64], [151, 90], [28, 45], [145, 119], [112, 116], [124, 73], [41, 113], [23, 104], [0, 0]]","[0, 5, 4, 1, 8, 20, 3, 19, 11, 9, 7, 10, 17, 2, 16, 14, 12, 18, 13, 15, 6, 21]",531.013805522444,13.594229936599731
