Id,Coordinates,Order,Distance,Time
9227,"[[0, 0], [29, 13], [75, 94], [56, 17], [24, 89], [66, 6], [24, 59], [74, 45], [99, 22], [108, 86], [25, 28], [51, 54], [16, 81], [44, 62], [10, 47], [73, 37], [76, 45], [99, 8], [126, 47], [68, 23], [36, 20], [0, 0]]","[0, 1, 20, 10, 13, 11, 7, 16, 15, 19, 3, 5, 17, 8, 18, 9, 2, 4, 12, 6, 14, 21]",495.4763904072654,18.67802929878235
