Id,Coordinates,Order,Distance,Time
3887,"[[0, 0], [5, 106], [35, 105], [113, 106], [90, 67], [96, 76], [84, 104], [126, 14], [72, 27], [113, 14], [62, 66], [11, 21], [82, 43], [24, 129], [2, 15], [120, 29], [109, 73], [61, 117], [2, 21], [43, 37], [35, 94], [0, 0]]","[0, 14, 18, 11, 19, 4, 5, 16, 3, 6, 17, 13, 1, 2, 20, 10, 12, 15, 7, 9, 8, 21]",602.2403729411021,13.724171161651611
