Id,Coordinates,Order,Distance,Time
7343,"[[0, 0], [25, 11], [22, 30], [19, 38], [20, 53], [17, 133], [22, 7], [14, 145], [16, 22], [18, 156], [6, 59], [11, 37], [19, 157], [4, 116], [9, 110], [21, 64], [1, 163], [3, 132], [1, 120], [12, 141], [7, 141], [0, 0]]","[0, 6, 1, 8, 2, 3, 4, 15, 14, 13, 18, 17, 20, 16, 9, 12, 7, 19, 5, 10, 11, 21]",373.7694765359072,19.426267385482788
