Id,Coordinates,Order,Distance,Time
1805,"[[0, 0], [98, 10], [92, 77], [33, 24], [118, 95], [33, 46], [95, 79], [49, 78], [46, 28], [79, 33], [55, 91], [120, 58], [18, 122], [101, 44], [71, 89], [63, 101], [6, 27], [73, 86], [61, 47], [61, 79], [84, 128], [0, 0]]","[0, 3, 8, 18, 9, 1, 13, 11, 2, 17, 14, 19, 7, 10, 15, 6, 4, 20, 12, 5, 16, 21]",618.4019618873621,23.937609672546387
