Id,Coordinates,Order,Distance,Time
7772,"[[0, 0], [28, 67], [10, 10], [54, 26], [17, 5], [29, 54], [77, 21], [74, 26], [48, 12], [78, 20], [56, 58], [54, 15], [59, 22], [18, 59], [64, 63], [26, 28], [55, 24], [64, 40], [20, 58], [69, 60], [61, 38], [0, 0]]","[0, 2, 15, 5, 18, 13, 1, 10, 14, 19, 17, 20, 3, 16, 12, 7, 6, 9, 11, 8, 4, 21]",281.2799341252419,16.55946922302246
