Id,Coordinates,Order,Distance,Time
4092,"[[0, 0], [3, 97], [42, 29], [60, 64], [82, 165], [13, 2], [7, 57], [73, 94], [42, 107], [20, 41], [80, 146], [47, 14], [35, 38], [59, 5], [9, 29], [73, 3], [23, 26], [56, 154], [3, 80], [25, 125], [30, 84], [0, 0]]","[0, 5, 16, 9, 12, 2, 11, 13, 15, 3, 7, 8, 1, 18, 20, 10, 4, 17, 19, 6, 14, 21]",636.5527520348925,16.391987562179565
