Id,Coordinates,Order,Distance,Time
4917,"[[0, 0], [86, 48], [44, 33], [108, 127], [100, 142], [100, 156], [42, 137], [85, 70], [53, 87], [20, 103], [61, 136], [36, 146], [101, 20], [96, 99], [24, 122], [71, 172], [51, 178], [18, 71], [115, 99], [89, 117], [25, 11], [0, 0]]","[0, 2, 12, 1, 7, 13, 18, 3, 4, 5, 15, 16, 11, 6, 10, 19, 8, 14, 9, 17, 20, 21]",660.6662530217109,14.151953935623169
