Id,Coordinates,Order,Distance,Time
274,"[[0, 0], [19, 9], [54, 125], [12, 64], [92, 102], [121, 102], [69, 3], [121, 4], [12, 39], [1, 15], [129, 54], [41, 31], [38, 74], [45, 117], [16, 68], [29, 131], [36, 103], [109, 134], [98, 92], [88, 84], [66, 77], [0, 0]]","[0, 9, 8, 3, 14, 12, 20, 19, 18, 4, 5, 17, 2, 13, 15, 16, 10, 7, 6, 11, 1, 21]",650.1797816073054,18.602615118026733
