Id,Coordinates,Order,Distance,Time
7802,"[[0, 0], [61, 27], [154, 7], [36, 110], [146, 164], [72, 21], [27, 81], [70, 24], [111, 167], [107, 145], [128, 76], [9, 56], [48, 133], [19, 71], [124, 134], [8, 49], [126, 141], [162, 160], [125, 66], [4, 159], [17, 101], [0, 0]]","[0, 15, 11, 13, 6, 20, 3, 19, 12, 9, 14, 16, 8, 4, 17, 10, 18, 2, 5, 7, 1, 21]",738.7330581244621,19.644585609436035
