Id,Coordinates,Order,Distance,Time
1304,"[[0, 0], [32, 31], [12, 37], [10, 28], [37, 8], [24, 60], [9, 25], [28, 42], [19, 3], [12, 57], [29, 28], [12, 18], [22, 40], [25, 46], [3, 54], [37, 12], [3, 30], [4, 22], [14, 31], [31, 49], [10, 26], [0, 0]]","[0, 11, 20, 3, 18, 2, 12, 7, 13, 19, 5, 9, 14, 16, 17, 6, 10, 1, 15, 4, 8, 21]",229.49510185861521,13.514951705932617
