Id,Coordinates,Order,Distance,Time
788,"[[0, 0], [62, 27], [14, 63], [59, 30], [13, 62], [140, 56], [61, 44], [112, 33], [72, 69], [116, 22], [56, 18], [39, 62], [19, 50], [98, 64], [37, 72], [89, 46], [5, 3], [17, 70], [30, 65], [18, 21], [115, 58], [0, 0]]","[0, 19, 12, 4, 2, 17, 18, 14, 11, 8, 13, 20, 5, 9, 7, 15, 6, 3, 1, 10, 16, 21]",411.47202416375893,14.896040678024292
