Id,Coordinates,Order,Distance,Time
8271,"[[0, 0], [59, 24], [71, 25], [72, 69], [15, 92], [65, 56], [45, 34], [20, 13], [84, 14], [56, 46], [27, 81], [111, 4], [78, 25], [19, 14], [2, 46], [4, 88], [94, 46], [24, 84], [18, 90], [41, 96], [11, 23], [0, 0]]","[0, 20, 14, 15, 4, 18, 17, 10, 19, 3, 5, 9, 1, 2, 12, 8, 11, 16, 6, 7, 13, 21]",445.1156567600519,16.46985697746277
