Id,Coordinates,Order,Distance,Time
8842,"[[0, 0], [58, 31], [53, 14], [89, 41], [101, 21], [132, 34], [85, 12], [78, 11], [18, 20], [20, 35], [52, 16], [77, 13], [33, 20], [84, 25], [106, 7], [88, 39], [137, 30], [23, 6], [26, 11], [124, 25], [10, 35], [0, 0]]","[0, 17, 18, 8, 20, 9, 10, 2, 11, 7, 6, 13, 15, 3, 4, 19, 5, 16, 14, 1, 12, 21]",393.5370582631048,16.20594096183777
