Id,Coordinates,Order,Distance,Time
9570,"[[0, 0], [170, 106], [129, 57], [65, 60], [59, 117], [88, 120], [48, 27], [34, 182], [188, 36], [52, 172], [74, 49], [102, 7], [79, 149], [67, 194], [5, 187], [135, 69], [174, 142], [98, 109], [150, 166], [106, 65], [95, 192], [0, 0]]","[0, 6, 10, 3, 19, 2, 15, 1, 16, 18, 20, 13, 14, 7, 9, 12, 4, 5, 17, 8, 11, 21]",929.93654176281,18.994330644607544
