Id,Coordinates,Order,Distance,Time
7101,"[[0, 0], [177, 8], [193, 22], [97, 77], [165, 45], [12, 20], [58, 105], [54, 99], [124, 17], [112, 25], [39, 83], [84, 27], [143, 61], [39, 76], [88, 89], [117, 71], [132, 44], [31, 68], [89, 58], [178, 30], [126, 67], [0, 0]]","[0, 5, 17, 13, 10, 7, 6, 14, 3, 18, 15, 20, 16, 12, 4, 19, 2, 1, 8, 9, 11, 21]",545.5548141386839,15.816025257110596
