Id,Coordinates,Order,Distance,Time
9254,"[[0, 0], [71, 91], [15, 35], [76, 61], [72, 89], [56, 52], [2, 22], [73, 70], [42, 93], [70, 23], [74, 48], [63, 57], [4, 26], [16, 67], [40, 58], [7, 66], [3, 66], [1, 13], [48, 14], [12, 72], [11, 60], [0, 0]]","[0, 17, 6, 12, 2, 20, 16, 15, 19, 13, 14, 5, 11, 8, 1, 4, 7, 3, 10, 9, 18, 21]",358.36835912902006,15.227274894714355
