Id,Coordinates,Order,Distance,Time
6467,"[[0, 0], [9, 21], [186, 44], [136, 75], [156, 19], [178, 69], [90, 17], [46, 17], [195, 1], [104, 24], [137, 50], [74, 20], [75, 49], [115, 58], [26, 49], [131, 53], [150, 2], [101, 8], [127, 80], [92, 10], [105, 1], [0, 0]]","[0, 7, 11, 6, 19, 17, 20, 9, 15, 10, 18, 3, 5, 2, 8, 16, 4, 13, 12, 14, 1, 21]",606.1494159536187,12.780948400497437
