Id,Coordinates,Order,Distance,Time
5643,"[[0, 0], [27, 106], [10, 117], [184, 14], [17, 106], [133, 140], [91, 60], [110, 131], [34, 131], [157, 69], [98, 6], [38, 102], [88, 120], [148, 38], [119, 5], [128, 129], [130, 33], [79, 75], [21, 32], [140, 83], [188, 24], [0, 0]]","[0, 18, 11, 1, 4, 2, 8, 12, 7, 15, 5, 19, 9, 17, 6, 16, 13, 20, 3, 14, 10, 21]",762.720998076436,16.60062551498413
