Id,Coordinates,Order,Distance,Time
4258,"[[0, 0], [80, 66], [31, 139], [116, 43], [13, 111], [70, 166], [103, 9], [60, 33], [115, 17], [28, 94], [99, 184], [27, 150], [45, 129], [125, 49], [108, 7], [81, 160], [15, 148], [4, 76], [41, 166], [73, 66], [56, 67], [0, 0]]","[0, 7, 19, 1, 3, 13, 8, 14, 6, 20, 9, 2, 16, 11, 18, 5, 10, 15, 12, 4, 17, 21]",714.631088117074,16.3798725605011
