Id,Coordinates,Order,Distance,Time
1085,"[[0, 0], [27, 142], [44, 7], [46, 128], [45, 45], [26, 129], [10, 46], [56, 94], [2, 56], [58, 97], [61, 47], [19, 59], [9, 135], [41, 48], [69, 116], [18, 23], [19, 127], [12, 113], [22, 13], [19, 45], [56, 10], [0, 0]]","[0, 18, 15, 19, 11, 13, 4, 2, 20, 10, 7, 9, 14, 3, 5, 1, 12, 16, 17, 8, 6, 21]",486.01646618195167,15.228963375091553
