Id,Coordinates,Order,Distance,Time
8625,"[[0, 0], [134, 47], [31, 46], [160, 42], [151, 22], [49, 108], [50, 116], [80, 82], [41, 96], [94, 115], [10, 2], [142, 19], [33, 10], [164, 54], [157, 116], [111, 91], [135, 38], [99, 5], [8, 116], [5, 105], [160, 79], [0, 0]]","[0, 2, 5, 6, 18, 19, 8, 7, 9, 15, 14, 20, 13, 3, 4, 11, 16, 1, 17, 12, 10, 21]",667.8731622829449,20.270171880722046
