Id,Coordinates,Order,Distance,Time
310,"[[0, 0], [93, 52], [6, 64], [88, 55], [94, 40], [86, 86], [45, 67], [3, 64], [52, 23], [83, 42], [1, 15], [65, 96], [90, 1], [40, 76], [77, 48], [8, 43], [97, 52], [31, 31], [31, 74], [63, 15], [26, 66], [0, 0]]","[0, 10, 15, 7, 2, 20, 18, 13, 6, 11, 5, 3, 1, 16, 14, 9, 4, 12, 19, 8, 17, 21]",405.5080130428749,15.456158876419067
