Id,Coordinates,Order,Distance,Time
8517,"[[0, 0], [42, 40], [13, 15], [16, 21], [17, 9], [40, 31], [22, 14], [23, 7], [5, 41], [6, 4], [8, 6], [2, 36], [20, 22], [10, 21], [30, 4], [7, 31], [8, 41], [1, 9], [30, 4], [39, 40], [38, 19], [0, 0]]","[0, 9, 10, 2, 3, 12, 6, 4, 7, 14, 18, 20, 5, 1, 19, 16, 8, 11, 15, 13, 17, 21]",182.22298257426937,16.220964908599854
