Id,Coordinates,Order,Distance,Time
2833,"[[0, 0], [31, 92], [31, 84], [54, 85], [38, 117], [1, 43], [33, 28], [31, 108], [29, 100], [15, 91], [29, 26], [23, 108], [51, 126], [51, 44], [48, 20], [9, 27], [31, 88], [39, 128], [41, 50], [43, 125], [51, 106], [0, 0]]","[0, 10, 6, 14, 13, 18, 2, 16, 1, 8, 11, 7, 4, 17, 19, 12, 20, 3, 9, 5, 15, 21]",377.48625724994577,17.7058265209198
