Id,Coordinates,Order,Distance,Time
7761,"[[0, 0], [39, 116], [95, 107], [86, 37], [31, 130], [10, 72], [11, 64], [21, 135], [83, 109], [16, 104], [67, 39], [35, 1], [68, 90], [58, 129], [54, 63], [81, 27], [48, 19], [46, 54], [88, 84], [35, 92], [21, 24], [0, 0]]","[0, 11, 16, 15, 3, 10, 17, 6, 5, 19, 9, 7, 4, 1, 13, 8, 2, 18, 12, 14, 20, 21]",529.4396823033289,17.515470266342163
