Id,Coordinates,Order,Distance,Time
4634,"[[0, 0], [27, 24], [21, 81], [33, 69], [2, 31], [2, 38], [23, 79], [62, 55], [57, 10], [57, 49], [47, 58], [11, 48], [15, 75], [59, 24], [41, 59], [27, 18], [32, 4], [22, 81], [29, 62], [13, 13], [40, 27], [0, 0]]","[0, 19, 15, 1, 20, 13, 8, 16, 18, 14, 10, 9, 7, 3, 6, 17, 2, 12, 11, 5, 4, 21]",345.352167245803,16.47362756729126
