Id,Coordinates,Order,Distance,Time
8202,"[[0, 0], [24, 149], [104, 32], [87, 152], [60, 121], [103, 92], [87, 116], [3, 185], [27, 80], [76, 190], [109, 166], [73, 17], [86, 51], [8, 76], [106, 1], [51, 14], [33, 40], [48, 143], [91, 70], [16, 95], [69, 150], [0, 0]]","[0, 15, 11, 14, 2, 12, 18, 5, 6, 4, 17, 20, 3, 10, 9, 7, 1, 19, 13, 8, 16, 21]",702.9724369580077,15.494319200515747
