Id,Coordinates,Order,Distance,Time
3701,"[[0, 0], [40, 35], [19, 25], [19, 40], [24, 21], [12, 19], [11, 38], [4, 11], [14, 37], [36, 5], [3, 11], [27, 23], [18, 23], [19, 20], [35, 15], [8, 1], [36, 2], [11, 12], [29, 14], [36, 28], [6, 36], [0, 0]]","[0, 15, 17, 5, 13, 12, 2, 4, 11, 18, 16, 9, 14, 19, 1, 3, 8, 6, 20, 7, 10, 21]",178.7227495661847,17.116194248199463
