Id,Coordinates,Order,Distance,Time
224,"[[0, 0], [117, 15], [118, 18], [130, 9], [128, 45], [101, 53], [59, 34], [149, 44], [109, 66], [77, 54], [54, 44], [102, 88], [122, 98], [79, 50], [117, 70], [85, 97], [79, 53], [69, 82], [12, 25], [80, 84], [152, 81], [0, 0]]","[0, 18, 10, 13, 16, 9, 5, 8, 14, 19, 17, 15, 11, 12, 20, 7, 4, 3, 1, 2, 6, 21]",541.6614275334216,15.628448724746704
