Id,Coordinates,Order,Distance,Time
3722,"[[0, 0], [93, 14], [18, 11], [24, 18], [147, 15], [49, 25], [106, 28], [114, 20], [117, 5], [101, 21], [99, 11], [134, 13], [119, 26], [116, 11], [85, 1], [131, 12], [70, 27], [67, 17], [140, 15], [37, 17], [68, 19], [0, 0]]","[0, 2, 3, 19, 5, 17, 20, 16, 1, 9, 6, 7, 12, 15, 11, 18, 4, 13, 8, 10, 14, 21]",345.18117347959884,12.800108909606934
