Id,Coordinates,Order,Distance,Time
5712,"[[0, 0], [60, 71], [32, 105], [38, 21], [55, 30], [46, 1], [52, 68], [28, 12], [67, 29], [44, 8], [14, 57], [2, 15], [61, 62], [16, 12], [13, 116], [74, 114], [18, 107], [27, 110], [33, 67], [7, 31], [70, 70], [0, 0]]","[0, 11, 13, 7, 3, 9, 5, 4, 8, 12, 1, 6, 20, 15, 2, 17, 16, 14, 18, 10, 19, 21]",434.24949275065586,17.439544916152954
