Id,Coordinates,Order,Distance,Time
5296,"[[0, 0], [46, 34], [8, 79], [5, 68], [6, 90], [44, 44], [41, 37], [33, 57], [23, 2], [16, 34], [28, 53], [26, 93], [34, 35], [46, 94], [34, 78], [17, 49], [18, 66], [21, 39], [16, 27], [30, 52], [24, 86], [0, 0]]","[0, 8, 18, 9, 17, 10, 19, 7, 5, 1, 6, 12, 16, 3, 2, 4, 20, 11, 13, 14, 15, 21]",348.0227868440228,12.721549272537231
