Id,Coordinates,Order,Distance,Time
1811,"[[0, 0], [93, 17], [185, 22], [42, 53], [165, 3], [23, 43], [157, 59], [39, 1], [101, 63], [146, 34], [127, 22], [55, 16], [5, 39], [137, 42], [112, 29], [167, 42], [185, 19], [46, 3], [66, 36], [75, 33], [47, 61], [0, 0]]","[0, 7, 17, 11, 18, 19, 1, 14, 10, 6, 15, 2, 16, 4, 9, 13, 8, 20, 3, 5, 12, 21]",512.1802189093091,18.809966802597046
