Id,Coordinates,Order,Distance,Time
3478,"[[0, 0], [7, 21], [5, 33], [46, 40], [15, 14], [6, 10], [5, 14], [27, 41], [26, 30], [37, 13], [15, 29], [32, 42], [25, 39], [46, 6], [19, 40], [24, 9], [2, 37], [37, 7], [8, 14], [10, 32], [18, 37], [0, 0]]","[0, 5, 6, 18, 4, 15, 17, 9, 13, 3, 11, 7, 12, 14, 20, 8, 19, 2, 16, 10, 1, 21]",216.51763316335075,23.255836009979248
