Id,Coordinates,Order,Distance,Time
3174,"[[0, 0], [76, 3], [56, 6], [65, 8], [78, 3], [13, 2], [15, 7], [7, 9], [2, 8], [69, 7], [5, 6], [56, 6], [9, 9], [45, 3], [49, 8], [12, 1], [60, 6], [47, 4], [82, 4], [22, 6], [33, 1], [0, 0]]","[0, 8, 7, 12, 5, 15, 20, 13, 17, 2, 11, 16, 3, 9, 18, 4, 1, 14, 19, 6, 10, 21]",180.88010597913174,15.591692209243774
