Id,Coordinates,Order,Distance,Time
8954,"[[0, 0], [101, 85], [27, 21], [123, 68], [82, 14], [131, 94], [4, 48], [60, 49], [51, 80], [98, 95], [8, 4], [113, 56], [117, 90], [46, 55], [98, 88], [104, 76], [120, 92], [112, 15], [82, 49], [59, 78], [106, 92], [0, 0]]","[0, 10, 6, 13, 7, 18, 11, 3, 15, 1, 14, 20, 12, 16, 5, 9, 19, 8, 17, 4, 2, 21]",541.204483924095,13.95294451713562
