Id,Coordinates,Order,Distance,Time
5459,"[[0, 0], [107, 34], [72, 104], [45, 91], [89, 50], [69, 59], [43, 58], [67, 101], [54, 10], [90, 78], [117, 7], [76, 38], [8, 85], [97, 1], [63, 88], [110, 4], [56, 104], [73, 71], [23, 87], [112, 34], [6, 18], [0, 0]]","[0, 20, 5, 17, 9, 14, 7, 2, 16, 3, 18, 12, 6, 11, 4, 1, 19, 10, 15, 13, 8, 21]",519.7546432908338,19.966466665267944
