Id,Coordinates,Order,Distance,Time
3318,"[[0, 0], [14, 89], [1, 95], [49, 100], [11, 48], [32, 105], [27, 83], [47, 87], [18, 60], [56, 56], [64, 90], [66, 98], [52, 19], [9, 19], [9, 98], [61, 75], [30, 44], [31, 79], [4, 70], [59, 104], [44, 90], [0, 0]]","[0, 13, 4, 8, 18, 2, 14, 1, 6, 17, 5, 3, 19, 11, 10, 20, 7, 15, 9, 16, 12, 21]",395.7871424137498,11.013912677764893
