Id,Coordinates,Order,Distance,Time
4813,"[[0, 0], [15, 137], [15, 38], [17, 20], [14, 48], [3, 105], [16, 43], [17, 38], [19, 55], [21, 91], [5, 95], [19, 26], [22, 66], [23, 13], [12, 67], [4, 113], [5, 93], [22, 90], [17, 26], [9, 104], [23, 68], [0, 0]]","[0, 3, 18, 2, 6, 4, 8, 12, 20, 17, 9, 16, 10, 5, 15, 1, 19, 14, 7, 11, 13, 21]",314.6381705032986,15.888882875442505
