Id,Coordinates,Order,Distance,Time
6478,"[[0, 0], [7, 90], [149, 8], [122, 129], [10, 86], [106, 77], [22, 31], [60, 9], [182, 50], [165, 134], [54, 71], [46, 54], [156, 40], [6, 7], [4, 122], [132, 72], [131, 67], [45, 3], [97, 33], [63, 36], [126, 66], [0, 0]]","[0, 13, 6, 11, 19, 17, 7, 18, 20, 16, 15, 3, 9, 8, 12, 2, 5, 10, 14, 1, 4, 21]",823.3063362027907,15.963650465011597
