Id,Coordinates,Order,Distance,Time
3427,"[[0, 0], [72, 22], [71, 61], [54, 39], [39, 67], [29, 54], [50, 54], [45, 33], [19, 45], [1, 12], [54, 86], [11, 58], [52, 19], [8, 72], [52, 3], [67, 36], [48, 29], [18, 48], [64, 25], [38, 17], [75, 38], [0, 0]]","[0, 9, 19, 16, 7, 3, 15, 1, 18, 6, 5, 17, 8, 11, 13, 4, 10, 2, 20, 12, 14, 21]",422.1487545655475,14.194448947906494
