Id,Coordinates,Order,Distance,Time
2151,"[[0, 0], [72, 34], [62, 32], [35, 53], [48, 31], [32, 36], [5, 41], [49, 2], [95, 31], [51, 31], [45, 8], [79, 8], [35, 18], [54, 16], [95, 48], [85, 26], [51, 7], [59, 43], [26, 41], [27, 8], [40, 28], [0, 0]]","[0, 19, 12, 20, 4, 9, 2, 1, 15, 8, 14, 17, 3, 6, 18, 5, 10, 16, 13, 11, 7, 21]",403.16974696316794,16.740634202957153
