Id,Coordinates,Order,Distance,Time
7413,"[[0, 0], [6, 94], [50, 15], [15, 70], [36, 23], [45, 54], [42, 55], [48, 78], [28, 98], [11, 115], [27, 21], [13, 79], [59, 75], [5, 63], [20, 19], [9, 99], [13, 5], [54, 61], [43, 92], [21, 47], [12, 80], [0, 0]]","[0, 16, 14, 10, 4, 2, 5, 6, 17, 12, 7, 18, 8, 15, 1, 9, 11, 20, 13, 3, 19, 21]",364.1455323844772,16.675649881362915
