Id,Coordinates,Order,Distance,Time
9361,"[[0, 0], [85, 57], [83, 74], [19, 93], [124, 2], [115, 138], [58, 85], [67, 44], [114, 77], [30, 138], [110, 61], [140, 46], [63, 158], [94, 34], [47, 118], [150, 99], [8, 142], [61, 162], [120, 50], [145, 48], [39, 124], [0, 0]]","[0, 7, 1, 2, 6, 14, 20, 3, 16, 9, 17, 12, 5, 15, 8, 10, 18, 11, 19, 4, 13, 21]",745.5594849063159,16.532905101776123
