Id,Coordinates,Order,Distance,Time
545,"[[0, 0], [107, 119], [36, 154], [87, 11], [81, 38], [22, 31], [38, 11], [13, 120], [60, 126], [100, 116], [34, 107], [85, 101], [53, 101], [83, 177], [113, 56], [38, 38], [1, 163], [29, 127], [63, 112], [42, 170], [14, 36], [0, 0]]","[0, 5, 15, 6, 3, 4, 14, 1, 9, 11, 8, 18, 12, 10, 17, 2, 13, 19, 16, 7, 20, 21]",722.7253065160826,16.911319255828857
