Id,Coordinates,Order,Distance,Time
5778,"[[0, 0], [155, 73], [42, 41], [5, 94], [27, 87], [53, 48], [30, 110], [139, 112], [116, 96], [42, 6], [140, 107], [116, 61], [33, 17], [190, 19], [155, 10], [97, 111], [150, 36], [142, 88], [164, 50], [73, 2], [35, 104], [0, 0]]","[0, 12, 2, 5, 4, 3, 6, 20, 15, 8, 7, 10, 17, 1, 18, 13, 14, 16, 11, 19, 9, 21]",657.580527905925,16.312099933624268
