Id,Coordinates,Order,Distance,Time
5601,"[[0, 0], [80, 59], [120, 83], [113, 87], [36, 35], [19, 40], [59, 67], [72, 7], [121, 58], [65, 81], [1, 2], [114, 27], [76, 58], [10, 76], [62, 77], [73, 45], [121, 45], [101, 68], [55, 74], [81, 88], [31, 88], [0, 0]]","[0, 4, 15, 1, 12, 6, 18, 14, 17, 8, 16, 11, 7, 2, 3, 19, 9, 20, 13, 5, 10, 21]",571.1662285022572,13.173577308654785
