Id,Coordinates,Order,Distance,Time
9556,"[[0, 0], [1, 42], [27, 35], [65, 7], [68, 29], [63, 30], [49, 19], [50, 32], [51, 9], [47, 19], [39, 24], [63, 38], [48, 31], [60, 10], [54, 38], [32, 1], [13, 32], [62, 14], [50, 27], [50, 31], [45, 10], [0, 0]]","[0, 15, 20, 8, 13, 3, 17, 6, 9, 12, 19, 7, 14, 11, 4, 5, 18, 10, 2, 16, 1, 21]",250.96007962014227,14.197726488113403
