Id,Coordinates,Order,Distance,Time
452,"[[0, 0], [46, 10], [74, 34], [46, 7], [61, 31], [64, 40], [11, 25], [43, 42], [20, 39], [65, 21], [10, 14], [5, 3], [45, 21], [25, 27], [58, 32], [11, 16], [28, 10], [74, 20], [23, 6], [68, 7], [5, 20], [0, 0]]","[0, 10, 15, 20, 6, 13, 8, 7, 14, 4, 5, 2, 17, 9, 19, 3, 1, 12, 16, 18, 11, 21]",250.28719185241152,18.719324350357056
