Id,Coordinates,Order,Distance,Time
5736,"[[0, 0], [63, 9], [139, 2], [120, 9], [108, 1], [27, 11], [131, 10], [55, 13], [28, 2], [6, 2], [66, 11], [32, 5], [16, 13], [155, 6], [84, 9], [116, 12], [25, 9], [141, 8], [29, 5], [1, 6], [73, 11], [0, 0]]","[0, 19, 12, 16, 5, 18, 11, 7, 1, 10, 20, 14, 15, 3, 6, 17, 13, 2, 4, 8, 9, 21]",327.0845079764657,14.40499234199524
