Id,Coordinates,Order,Distance,Time
6900,"[[0, 0], [29, 47], [53, 11], [45, 19], [59, 42], [16, 5], [45, 15], [22, 19], [19, 15], [32, 24], [61, 50], [17, 30], [3, 20], [43, 25], [16, 44], [44, 46], [47, 34], [24, 22], [6, 40], [7, 8], [20, 4], [0, 0]]","[0, 19, 5, 20, 8, 7, 17, 9, 13, 3, 6, 2, 16, 1, 14, 18, 15, 10, 4, 11, 12, 21]",296.82700870492255,13.953847646713257
