Id,Coordinates,Order,Distance,Time
1690,"[[0, 0], [29, 90], [5, 26], [46, 106], [13, 3], [44, 138], [9, 6], [29, 24], [19, 99], [24, 72], [11, 122], [15, 35], [2, 70], [51, 92], [14, 69], [32, 11], [25, 108], [20, 19], [20, 11], [24, 33], [22, 67], [0, 0]]","[0, 6, 18, 17, 2, 11, 20, 9, 14, 12, 1, 8, 16, 10, 5, 3, 13, 19, 7, 15, 4, 21]",404.2816254472018,21.498967170715332
