Id,Coordinates,Order,Distance,Time
9789,"[[0, 0], [20, 112], [14, 100], [22, 2], [24, 178], [60, 94], [86, 153], [30, 25], [70, 185], [71, 23], [44, 170], [31, 80], [120, 38], [138, 107], [89, 137], [156, 158], [54, 186], [19, 176], [85, 85], [69, 174], [152, 41], [0, 0]]","[0, 3, 9, 12, 20, 13, 15, 14, 6, 19, 8, 16, 10, 4, 17, 1, 2, 11, 5, 18, 7, 21]",748.6109273281475,15.94145393371582
