Id,Coordinates,Order,Distance,Time
3344,"[[0, 0], [128, 9], [68, 14], [88, 12], [52, 10], [129, 7], [13, 18], [102, 8], [21, 18], [65, 12], [50, 1], [42, 3], [107, 10], [94, 7], [98, 13], [27, 4], [143, 3], [12, 8], [127, 7], [115, 5], [78, 7], [0, 0]]","[0, 17, 6, 8, 4, 9, 2, 20, 3, 14, 7, 12, 19, 18, 5, 1, 16, 13, 10, 11, 15, 21]",311.60672497704525,19.326570987701416
