Id,Coordinates,Order,Distance,Time
1723,"[[0, 0], [17, 53], [2, 97], [45, 99], [5, 5], [34, 56], [10, 137], [10, 14], [39, 2], [21, 126], [13, 105], [2, 77], [7, 6], [6, 113], [37, 31], [37, 149], [24, 116], [18, 118], [13, 135], [9, 48], [14, 75], [0, 0]]","[0, 8, 14, 5, 20, 11, 2, 10, 13, 17, 16, 9, 18, 6, 15, 3, 1, 19, 7, 12, 4, 21]",417.02886667644776,22.41684341430664
