Id,Coordinates,Order,Distance,Time
5171,"[[0, 0], [12, 42], [44, 40], [49, 14], [33, 39], [81, 11], [40, 31], [65, 6], [86, 20], [4, 13], [22, 10], [15, 33], [85, 27], [39, 4], [29, 16], [13, 29], [68, 4], [7, 22], [72, 29], [68, 4], [42, 29], [0, 0]]","[0, 9, 17, 15, 11, 1, 4, 2, 20, 6, 3, 7, 16, 19, 5, 8, 12, 18, 13, 14, 10, 21]",267.95471380051674,19.60599684715271
