Id,Coordinates,Order,Distance,Time
3379,"[[0, 0], [86, 15], [91, 6], [82, 27], [92, 26], [12, 5], [49, 13], [93, 7], [43, 7], [64, 22], [17, 16], [55, 25], [26, 31], [79, 2], [49, 11], [2, 3], [11, 31], [10, 36], [57, 28], [36, 2], [67, 25], [0, 0]]","[0, 15, 5, 10, 16, 17, 12, 11, 18, 9, 20, 3, 4, 1, 7, 2, 13, 6, 14, 8, 19, 21]",258.63606831382197,19.799997329711914
