Id,Coordinates,Order,Distance,Time
6985,"[[0, 0], [16, 75], [90, 139], [88, 97], [80, 27], [63, 42], [82, 98], [45, 96], [29, 2], [53, 61], [85, 32], [51, 15], [62, 10], [65, 58], [55, 137], [83, 60], [31, 78], [78, 102], [55, 59], [35, 68], [68, 141], [0, 0]]","[0, 8, 11, 12, 4, 10, 15, 13, 18, 9, 19, 1, 16, 7, 17, 6, 3, 2, 20, 14, 5, 21]",528.3315862800016,20.545078992843628
