Id,Coordinates,Order,Distance,Time
2040,"[[0, 0], [59, 2], [18, 33], [17, 27], [19, 62], [26, 13], [19, 60], [56, 26], [21, 37], [12, 3], [38, 40], [23, 53], [26, 9], [20, 52], [59, 33], [4, 46], [30, 10], [30, 36], [56, 37], [55, 57], [27, 35], [0, 0]]","[0, 9, 12, 16, 5, 3, 2, 8, 20, 17, 10, 1, 7, 14, 18, 19, 11, 13, 6, 4, 15, 21]",295.7041346731226,17.643115997314453
