Id,Coordinates,Order,Distance,Time
8244,"[[0, 0], [83, 33], [59, 5], [74, 124], [46, 76], [51, 99], [90, 87], [39, 1], [86, 87], [31, 31], [48, 60], [84, 106], [87, 62], [32, 83], [28, 42], [6, 71], [24, 12], [69, 87], [13, 88], [3, 40], [23, 87], [0, 0]]","[0, 16, 7, 2, 1, 12, 6, 8, 11, 3, 5, 17, 4, 13, 20, 18, 15, 10, 14, 9, 19, 21]",486.14207918566433,16.34289813041687
