Id,Coordinates,Order,Distance,Time
4519,"[[0, 0], [90, 21], [18, 44], [9, 73], [104, 3], [30, 68], [36, 47], [106, 41], [103, 85], [67, 49], [106, 8], [42, 31], [25, 78], [100, 1], [39, 15], [89, 48], [105, 7], [14, 33], [22, 11], [63, 31], [78, 29], [0, 0]]","[0, 18, 14, 11, 6, 3, 12, 5, 19, 20, 1, 16, 10, 4, 13, 7, 15, 8, 9, 2, 17, 21]",496.8876003669458,18.282176971435547
