Id,Coordinates,Order,Distance,Time
3922,"[[0, 0], [20, 142], [47, 132], [51, 162], [7, 152], [5, 143], [58, 118], [56, 127], [64, 84], [58, 170], [24, 116], [66, 113], [9, 54], [36, 13], [37, 78], [66, 102], [26, 21], [51, 67], [45, 151], [6, 41], [38, 129], [0, 0]]","[0, 13, 16, 19, 12, 14, 17, 8, 15, 11, 6, 7, 2, 20, 1, 5, 4, 9, 3, 18, 10, 21]",518.3110969958292,14.088911294937134
