Id,Coordinates,Order,Distance,Time
1144,"[[0, 0], [42, 64], [46, 56], [3, 164], [32, 69], [41, 120], [33, 49], [32, 134], [4, 137], [36, 15], [42, 3], [8, 85], [16, 28], [42, 38], [8, 95], [34, 152], [27, 138], [13, 129], [18, 66], [19, 1], [47, 83], [0, 0]]","[0, 19, 10, 9, 13, 6, 2, 1, 4, 18, 11, 14, 17, 8, 3, 15, 16, 7, 5, 20, 12, 21]",451.4234454747558,14.274073362350464
