Id,Coordinates,Order,Distance,Time
4146,"[[0, 0], [40, 80], [156, 23], [71, 79], [38, 16], [176, 49], [32, 70], [47, 11], [7, 38], [117, 6], [59, 20], [104, 44], [192, 44], [49, 30], [29, 16], [160, 14], [167, 69], [127, 12], [118, 61], [194, 13], [187, 43], [0, 0]]","[0, 14, 8, 6, 1, 3, 11, 18, 16, 5, 20, 12, 19, 15, 2, 17, 9, 10, 13, 7, 4, 21]",569.0457436182361,21.926530361175537
