Id,Coordinates,Order,Distance,Time
934,"[[0, 0], [75, 43], [57, 135], [5, 143], [77, 11], [46, 100], [79, 63], [29, 118], [70, 144], [65, 76], [52, 91], [25, 92], [21, 79], [53, 121], [23, 125], [2, 122], [79, 8], [30, 96], [21, 7], [19, 23], [15, 138], [0, 0]]","[0, 18, 19, 12, 11, 17, 5, 10, 9, 1, 4, 16, 6, 8, 2, 13, 7, 14, 20, 3, 15, 21]",600.5598012086881,15.10689926147461
