Id,Coordinates,Order,Distance,Time
8938,"[[0, 0], [64, 132], [88, 86], [75, 100], [21, 74], [33, 65], [64, 24], [9, 25], [17, 106], [35, 164], [10, 20], [36, 128], [17, 75], [49, 93], [16, 25], [40, 89], [111, 137], [2, 94], [82, 22], [6, 126], [85, 99], [0, 0]]","[0, 10, 7, 14, 5, 4, 12, 8, 11, 1, 3, 13, 15, 6, 18, 2, 20, 16, 9, 19, 17, 21]",720.8024525588589,14.54916000366211
