Id,Coordinates,Order,Distance,Time
7006,"[[0, 0], [120, 135], [83, 95], [155, 18], [16, 37], [95, 58], [119, 33], [47, 122], [31, 24], [38, 98], [45, 112], [37, 95], [30, 55], [57, 93], [35, 88], [78, 106], [54, 105], [88, 9], [94, 143], [52, 54], [97, 101], [0, 0]]","[0, 4, 12, 19, 14, 11, 9, 10, 7, 16, 13, 15, 18, 1, 20, 2, 5, 6, 3, 17, 8, 21]",615.9901319435428,15.68944001197815
