Id,Coordinates,Order,Distance,Time
9009,"[[0, 0], [144, 72], [126, 34], [133, 67], [161, 42], [134, 42], [17, 28], [129, 14], [8, 39], [106, 39], [57, 56], [104, 47], [80, 23], [119, 8], [49, 66], [113, 58], [89, 71], [98, 1], [168, 26], [10, 11], [25, 31], [0, 0]]","[0, 8, 6, 20, 14, 10, 16, 15, 11, 9, 2, 5, 3, 1, 4, 18, 7, 13, 17, 12, 19, 21]",511.80113053573814,15.80180311203003
