Id,Coordinates,Order,Distance,Time
5288,"[[0, 0], [135, 30], [96, 66], [178, 105], [97, 91], [159, 1], [140, 98], [154, 98], [164, 111], [107, 16], [77, 125], [65, 124], [16, 32], [54, 106], [121, 98], [119, 18], [59, 88], [77, 38], [51, 15], [48, 146], [148, 130], [0, 0]]","[0, 12, 17, 2, 4, 14, 6, 7, 8, 3, 20, 10, 11, 19, 13, 16, 9, 15, 1, 5, 18, 21]",772.1682419498344,15.033010959625244
