Id,Coordinates,Order,Distance,Time
6793,"[[0, 0], [25, 78], [1, 8], [28, 100], [11, 32], [42, 33], [45, 36], [34, 62], [60, 99], [49, 88], [15, 38], [41, 37], [57, 76], [49, 99], [52, 56], [33, 20], [35, 52], [63, 47], [42, 85], [38, 26], [44, 40], [0, 0]]","[0, 4, 10, 16, 7, 1, 3, 18, 9, 13, 8, 12, 14, 17, 20, 6, 11, 5, 19, 15, 2, 21]",313.958738034371,17.832019329071045
