Id,Coordinates,Order,Distance,Time
3026,"[[0, 0], [3, 107], [27, 70], [16, 93], [1, 29], [14, 96], [2, 24], [20, 69], [13, 99], [4, 1], [6, 72], [27, 89], [6, 86], [25, 100], [29, 63], [11, 16], [31, 34], [4, 83], [20, 28], [8, 43], [11, 65], [0, 0]]","[0, 9, 15, 6, 18, 16, 14, 2, 7, 20, 10, 17, 12, 1, 5, 8, 13, 11, 3, 19, 4, 21]",309.5079665659899,15.198546409606934
