Id,Coordinates,Order,Distance,Time
3114,"[[0, 0], [40, 26], [22, 76], [15, 30], [40, 88], [15, 48], [45, 92], [43, 104], [38, 88], [5, 106], [81, 7], [48, 14], [48, 91], [11, 104], [42, 18], [13, 32], [47, 80], [72, 107], [65, 45], [59, 15], [42, 96], [0, 0]]","[0, 3, 15, 5, 2, 8, 4, 6, 12, 20, 7, 17, 13, 9, 16, 18, 10, 19, 11, 1, 14, 21]",457.14921725024385,17.845274209976196
