Id,Coordinates,Order,Distance,Time
8917,"[[0, 0], [71, 62], [18, 62], [64, 27], [12, 41], [38, 4], [47, 5], [88, 68], [42, 5], [74, 75], [90, 59], [59, 62], [8, 22], [57, 57], [37, 13], [14, 68], [40, 42], [40, 69], [89, 44], [55, 44], [36, 14], [0, 0]]","[0, 12, 4, 2, 15, 17, 16, 20, 14, 5, 8, 6, 3, 18, 10, 7, 9, 1, 11, 13, 19, 21]",384.0282881789919,15.560912847518921
