Id,Coordinates,Order,Distance,Time
4480,"[[0, 0], [31, 34], [103, 111], [38, 153], [63, 27], [121, 72], [93, 87], [58, 58], [70, 107], [98, 47], [90, 145], [7, 116], [113, 77], [106, 20], [73, 60], [59, 80], [99, 139], [68, 36], [6, 124], [73, 71], [49, 22], [0, 0]]","[0, 1, 20, 4, 17, 7, 14, 19, 15, 8, 6, 12, 5, 13, 9, 2, 16, 10, 3, 18, 11, 21]",655.8240882669088,15.784854412078857
