Id,Coordinates,Order,Distance,Time
5924,"[[0, 0], [10, 28], [15, 80], [33, 93], [26, 73], [28, 37], [40, 100], [39, 44], [11, 90], [43, 35], [15, 88], [30, 31], [8, 131], [22, 117], [9, 17], [36, 49], [28, 101], [16, 79], [26, 133], [50, 88], [17, 25], [0, 0]]","[0, 14, 20, 11, 5, 9, 7, 15, 4, 17, 2, 10, 8, 16, 3, 19, 6, 13, 18, 12, 1, 21]",387.6888429857035,15.629594087600708
