Id,Coordinates,Order,Distance,Time
650,"[[0, 0], [23, 66], [14, 55], [20, 123], [54, 71], [21, 10], [44, 109], [4, 57], [65, 71], [1, 49], [29, 91], [8, 125], [63, 106], [5, 88], [12, 126], [21, 55], [34, 61], [1, 89], [35, 143], [28, 8], [23, 101], [0, 0]]","[0, 5, 19, 15, 1, 16, 4, 8, 12, 6, 20, 13, 17, 11, 14, 3, 18, 10, 2, 7, 9, 21]",470.21200016309257,13.951346158981323
