Id,Coordinates,Order,Distance,Time
3579,"[[0, 0], [33, 12], [1, 5], [1, 69], [14, 64], [162, 20], [41, 89], [71, 21], [161, 6], [38, 37], [157, 77], [111, 30], [65, 70], [80, 76], [166, 73], [26, 10], [136, 7], [8, 45], [34, 34], [77, 56], [70, 55], [0, 0]]","[0, 2, 18, 9, 17, 3, 4, 6, 12, 13, 20, 19, 11, 16, 8, 5, 14, 10, 7, 1, 15, 21]",592.5420461537403,14.098132371902466
