Id,Coordinates,Order,Distance,Time
6397,"[[0, 0], [102, 146], [101, 11], [24, 106], [39, 84], [82, 31], [58, 43], [33, 37], [46, 151], [12, 73], [46, 52], [64, 154], [75, 93], [4, 34], [108, 87], [40, 101], [77, 55], [17, 123], [30, 2], [78, 107], [113, 130], [0, 0]]","[0, 18, 7, 10, 6, 5, 2, 16, 15, 3, 17, 8, 11, 1, 20, 14, 19, 12, 4, 9, 13, 21]",648.5463315868242,14.897719860076904
