Id,Coordinates,Order,Distance,Time
2116,"[[0, 0], [101, 25], [30, 7], [96, 7], [71, 27], [35, 18], [14, 20], [48, 7], [106, 25], [110, 15], [105, 26], [37, 16], [121, 11], [122, 11], [88, 2], [33, 1], [84, 1], [16, 7], [48, 1], [47, 23], [43, 20], [0, 0]]","[0, 17, 2, 15, 18, 7, 11, 5, 20, 19, 16, 14, 3, 1, 8, 10, 9, 12, 13, 4, 6, 21]",330.2390756577819,15.976264238357544
