Id,Coordinates,Order,Distance,Time
9645,"[[0, 0], [135, 65], [113, 83], [137, 100], [12, 46], [8, 25], [100, 108], [20, 41], [129, 87], [17, 46], [153, 4], [34, 99], [171, 51], [62, 84], [50, 7], [87, 49], [18, 3], [166, 57], [93, 49], [178, 39], [120, 18], [0, 0]]","[0, 16, 5, 14, 15, 18, 2, 8, 3, 1, 17, 12, 19, 10, 20, 6, 13, 11, 9, 4, 7, 21]",672.5353413271321,16.406311750411987
