Id,Coordinates,Order,Distance,Time
2575,"[[0, 0], [123, 10], [28, 37], [73, 20], [35, 12], [73, 6], [43, 6], [74, 35], [58, 30], [126, 20], [71, 14], [65, 12], [71, 29], [127, 9], [124, 21], [85, 18], [84, 36], [75, 25], [53, 15], [5, 30], [22, 29], [0, 0]]","[0, 19, 20, 2, 4, 6, 18, 11, 10, 3, 17, 12, 7, 16, 14, 9, 13, 1, 15, 5, 8, 21]",368.20620520245177,21.640784978866577
