Id,Coordinates,Order,Distance,Time
6664,"[[0, 0], [68, 124], [43, 105], [74, 146], [3, 159], [42, 145], [58, 93], [5, 103], [37, 128], [17, 166], [25, 37], [24, 18], [76, 101], [9, 89], [71, 53], [17, 77], [32, 119], [7, 43], [3, 8], [69, 139], [2, 178], [0, 0]]","[0, 18, 10, 17, 15, 13, 7, 16, 8, 5, 19, 3, 1, 12, 6, 2, 9, 20, 4, 14, 11, 21]",628.1466481781838,15.317003011703491
