Id,Coordinates,Order,Distance,Time
9783,"[[0, 0], [52, 41], [109, 129], [19, 150], [44, 165], [10, 174], [13, 2], [98, 8], [48, 174], [41, 147], [98, 157], [47, 135], [13, 80], [77, 79], [22, 127], [52, 85], [12, 170], [58, 172], [3, 10], [61, 73], [24, 70], [0, 0]]","[0, 18, 1, 19, 15, 20, 12, 14, 3, 16, 5, 8, 17, 4, 9, 11, 10, 2, 13, 7, 6, 21]",671.9154297760635,16.94276261329651
