Id,Coordinates,Order,Distance,Time
100,"[[0, 0], [64, 48], [28, 54], [41, 12], [64, 85], [3, 101], [32, 32], [36, 93], [62, 74], [32, 53], [47, 67], [39, 40], [46, 51], [6, 42], [66, 33], [61, 95], [63, 6], [65, 88], [64, 65], [66, 54], [36, 4], [0, 0]]","[0, 20, 3, 11, 9, 2, 10, 18, 19, 1, 14, 16, 13, 5, 7, 15, 17, 4, 8, 12, 6, 21]",496.3645276743589,16.285528898239136
