Id,Coordinates,Order,Distance,Time
6391,"[[0, 0], [45, 50], [31, 28], [44, 48], [58, 18], [16, 36], [17, 54], [62, 84], [57, 104], [20, 89], [28, 79], [13, 58], [58, 43], [50, 107], [45, 50], [67, 69], [52, 83], [28, 28], [42, 11], [34, 46], [37, 102], [0, 0]]","[0, 17, 3, 1, 14, 12, 4, 18, 2, 6, 11, 10, 9, 20, 13, 8, 16, 7, 15, 19, 5, 21]",408.32825352811585,14.836041927337646
