Id,Coordinates,Order,Distance,Time
842,"[[0, 0], [116, 57], [103, 87], [76, 58], [12, 97], [83, 21], [71, 100], [99, 39], [50, 36], [119, 4], [72, 40], [39, 80], [70, 105], [23, 58], [94, 108], [5, 84], [100, 100], [113, 82], [13, 47], [82, 51], [48, 97], [0, 0]]","[0, 18, 13, 11, 20, 6, 12, 14, 16, 2, 17, 1, 3, 19, 7, 9, 5, 10, 8, 4, 15, 21]",586.5117709150809,16.401066064834595
