Id,Coordinates,Order,Distance,Time
7940,"[[0, 0], [46, 52], [54, 25], [26, 50], [113, 9], [40, 28], [82, 14], [57, 30], [5, 47], [66, 31], [121, 28], [13, 24], [177, 46], [157, 31], [166, 41], [9, 32], [107, 47], [142, 20], [75, 41], [56, 27], [88, 30], [0, 0]]","[0, 11, 15, 8, 3, 1, 7, 6, 4, 10, 17, 13, 14, 12, 16, 20, 18, 9, 19, 2, 5, 21]",467.7086474397125,17.240517616271973
