Id,Coordinates,Order,Distance,Time
2496,"[[0, 0], [6, 1], [13, 9], [18, 28], [10, 8], [9, 33], [24, 28], [25, 24], [18, 48], [3, 1], [10, 19], [14, 32], [20, 26], [18, 42], [24, 27], [14, 47], [26, 1], [23, 7], [5, 1], [3, 18], [7, 22], [0, 0]]","[0, 9, 18, 1, 4, 2, 17, 16, 7, 14, 6, 12, 3, 10, 20, 11, 13, 8, 15, 5, 19, 21]",166.4317025158257,14.313297033309937
