Id,Coordinates,Order,Distance,Time
5179,"[[0, 0], [58, 14], [53, 41], [120, 89], [130, 101], [70, 24], [163, 24], [80, 23], [7, 100], [166, 21], [14, 60], [99, 37], [78, 41], [40, 70], [60, 82], [21, 96], [154, 26], [95, 94], [159, 73], [162, 90], [138, 15], [0, 0]]","[0, 1, 5, 7, 12, 11, 20, 16, 6, 9, 18, 19, 4, 3, 17, 14, 13, 15, 8, 10, 2, 21]",604.2493779569652,15.177194833755493
