Id,Coordinates,Order,Distance,Time
9683,"[[0, 0], [28, 100], [134, 9], [59, 18], [13, 29], [87, 38], [88, 78], [148, 32], [70, 71], [49, 107], [105, 30], [14, 23], [66, 14], [21, 94], [87, 138], [106, 23], [81, 130], [89, 79], [12, 129], [84, 131], [21, 51], [0, 0]]","[0, 4, 20, 13, 1, 18, 9, 16, 19, 14, 17, 6, 8, 5, 10, 7, 2, 15, 12, 3, 11, 21]",591.8858077591076,13.27514386177063
