Id,Coordinates,Order,Distance,Time
8220,"[[0, 0], [66, 29], [18, 53], [11, 50], [56, 2], [17, 29], [43, 30], [47, 55], [55, 18], [74, 47], [84, 19], [7, 61], [77, 42], [60, 16], [31, 35], [57, 30], [72, 56], [82, 28], [72, 25], [38, 41], [76, 10], [0, 0]]","[0, 5, 14, 19, 6, 15, 18, 17, 10, 20, 4, 13, 8, 1, 12, 9, 16, 7, 2, 11, 3, 21]",350.3754679128251,14.202581644058228
