Id,Coordinates,Order,Distance,Time
4566,"[[0, 0], [6, 35], [123, 39], [43, 50], [17, 12], [113, 62], [7, 50], [106, 61], [64, 8], [59, 62], [146, 64], [13, 34], [133, 28], [23, 50], [47, 18], [61, 4], [103, 6], [60, 48], [10, 37], [93, 66], [85, 2], [0, 0]]","[0, 11, 18, 1, 6, 13, 3, 9, 19, 7, 5, 10, 2, 12, 16, 20, 8, 15, 14, 17, 4, 21]",464.1448348506645,16.100457429885864
