Id,Coordinates,Order,Distance,Time
5949,"[[0, 0], [23, 62], [26, 17], [1, 80], [3, 63], [8, 88], [22, 119], [9, 70], [14, 3], [16, 61], [6, 105], [14, 43], [5, 75], [6, 86], [2, 2], [11, 32], [19, 27], [14, 82], [1, 42], [27, 27], [19, 66], [0, 0]]","[0, 14, 8, 2, 19, 16, 15, 11, 9, 7, 12, 13, 5, 17, 20, 1, 6, 10, 3, 4, 18, 21]",335.87767816883957,18.198643922805786
