Id,Coordinates,Order,Distance,Time
1355,"[[0, 0], [59, 9], [50, 3], [53, 1], [68, 12], [51, 2], [83, 13], [40, 11], [66, 1], [16, 6], [51, 9], [77, 11], [54, 9], [29, 9], [47, 7], [25, 9], [17, 9], [49, 10], [79, 8], [49, 8], [19, 11], [0, 0]]","[0, 9, 16, 20, 15, 13, 7, 14, 19, 17, 10, 12, 1, 4, 11, 6, 18, 8, 3, 5, 2, 21]",178.8929226086747,16.411760807037354
