Id,Coordinates,Order,Distance,Time
2691,"[[0, 0], [82, 7], [123, 35], [127, 26], [9, 17], [32, 34], [131, 38], [98, 33], [139, 1], [7, 39], [71, 26], [50, 11], [113, 33], [74, 6], [135, 6], [76, 4], [42, 25], [7, 18], [13, 10], [83, 39], [14, 38], [0, 0]]","[0, 18, 4, 17, 9, 20, 5, 16, 10, 19, 7, 12, 2, 6, 3, 14, 8, 1, 15, 13, 11, 21]",365.4253544065963,14.655672311782837
