Id,Coordinates,Order,Distance,Time
1088,"[[0, 0], [180, 108], [129, 31], [183, 119], [131, 58], [57, 86], [90, 62], [42, 49], [175, 98], [120, 32], [12, 119], [4, 45], [86, 48], [57, 118], [40, 90], [151, 94], [29, 88], [67, 63], [82, 55], [133, 29], [94, 19], [0, 0]]","[0, 11, 7, 12, 18, 17, 5, 14, 16, 10, 13, 6, 9, 2, 19, 4, 15, 8, 1, 3, 20, 21]",753.440710938413,14.672715902328491
