Id,Coordinates,Order,Distance,Time
1199,"[[0, 0], [13, 71], [4, 91], [3, 80], [12, 80], [10, 2], [4, 97], [7, 54], [16, 40], [8, 62], [15, 84], [10, 60], [1, 37], [12, 62], [13, 6], [12, 90], [8, 21], [4, 50], [13, 42], [13, 71], [14, 102], [0, 0]]","[0, 5, 14, 16, 8, 18, 7, 11, 9, 13, 1, 19, 4, 10, 15, 20, 6, 2, 3, 17, 12, 21]",231.765582978258,20.042072534561157
