Id,Coordinates,Order,Distance,Time
1667,"[[0, 0], [37, 88], [31, 47], [20, 3], [16, 68], [6, 117], [20, 99], [7, 19], [52, 41], [28, 94], [49, 37], [43, 62], [32, 54], [48, 73], [4, 110], [45, 123], [32, 80], [40, 131], [10, 114], [15, 122], [30, 112], [0, 0]]","[0, 7, 2, 12, 11, 13, 16, 1, 9, 6, 14, 18, 5, 19, 17, 15, 20, 4, 8, 10, 3, 21]",393.64516143521826,15.891968250274658
