Id,Coordinates,Order,Distance,Time
6072,"[[0, 0], [74, 49], [115, 101], [83, 173], [139, 44], [50, 152], [49, 93], [41, 125], [162, 87], [126, 47], [177, 150], [127, 97], [51, 177], [115, 26], [23, 154], [9, 40], [67, 109], [42, 178], [42, 154], [74, 62], [35, 61], [0, 0]]","[0, 15, 20, 6, 16, 7, 5, 18, 14, 17, 12, 3, 10, 8, 4, 13, 9, 11, 2, 19, 1, 21]",775.5865964597398,18.010453462600708
