Id,Coordinates,Order,Distance,Time
5627,"[[0, 0], [10, 51], [4, 104], [14, 94], [4, 117], [2, 94], [14, 162], [9, 82], [1, 81], [6, 106], [1, 99], [4, 75], [11, 55], [4, 145], [7, 67], [1, 62], [3, 155], [12, 148], [5, 57], [9, 55], [9, 109], [0, 0]]","[0, 1, 12, 19, 18, 15, 11, 8, 5, 10, 2, 9, 20, 4, 13, 16, 6, 17, 3, 7, 14, 21]",343.25767034068747,18.51429557800293
