Id,Coordinates,Order,Distance,Time
7148,"[[0, 0], [4, 42], [43, 73], [14, 79], [13, 125], [8, 22], [5, 136], [13, 102], [25, 70], [36, 93], [43, 11], [40, 54], [9, 104], [13, 104], [9, 51], [21, 127], [24, 46], [32, 127], [23, 42], [20, 23], [3, 92], [0, 0]]","[0, 5, 19, 18, 16, 1, 14, 8, 3, 20, 12, 7, 13, 4, 6, 15, 17, 9, 2, 11, 10, 21]",390.57900369470974,17.557995080947876
