Id,Coordinates,Order,Distance,Time
1449,"[[0, 0], [3, 63], [5, 135], [1, 134], [3, 73], [7, 47], [5, 150], [5, 58], [4, 37], [8, 28], [7, 55], [8, 54], [6, 82], [1, 66], [1, 76], [9, 82], [3, 25], [6, 50], [5, 80], [8, 92], [7, 99], [0, 0]]","[0, 16, 8, 5, 17, 10, 7, 1, 13, 4, 14, 18, 12, 19, 20, 2, 6, 3, 15, 11, 9, 21]",306.8645244926826,18.555017471313477
