Id,Coordinates,Order,Distance,Time
3204,"[[0, 0], [18, 43], [19, 54], [14, 46], [12, 38], [16, 60], [18, 18], [4, 46], [13, 4], [11, 49], [11, 62], [14, 35], [2, 15], [19, 36], [7, 6], [17, 66], [11, 8], [21, 47], [7, 40], [4, 69], [5, 43], [0, 0]]","[0, 14, 16, 8, 6, 13, 11, 4, 18, 9, 3, 1, 17, 2, 5, 15, 19, 10, 7, 20, 12, 21]",195.47063941767365,13.339086294174194
