Id,Coordinates,Order,Distance,Time
6302,"[[0, 0], [27, 2], [133, 5], [15, 14], [66, 16], [110, 8], [99, 16], [104, 16], [27, 16], [140, 9], [98, 14], [13, 7], [125, 1], [138, 5], [30, 4], [122, 4], [33, 11], [108, 14], [50, 7], [70, 13], [34, 3], [0, 0]]","[0, 11, 3, 8, 16, 4, 19, 10, 6, 7, 17, 15, 12, 2, 13, 9, 5, 18, 20, 14, 1, 21]",300.30714763275205,14.433008432388306
