Id,Coordinates,Order,Distance,Time
9847,"[[0, 0], [12, 57], [7, 90], [3, 8], [3, 49], [3, 51], [1, 108], [1, 31], [4, 91], [4, 19], [5, 65], [2, 28], [2, 53], [5, 86], [10, 36], [5, 103], [7, 101], [12, 106], [2, 12], [2, 13], [9, 101], [0, 0]]","[0, 3, 18, 19, 9, 11, 7, 4, 5, 12, 10, 13, 2, 8, 16, 15, 6, 17, 20, 1, 14, 21]",233.9674658446303,15.043689012527466
