Id,Coordinates,Order,Distance,Time
6806,"[[0, 0], [18, 69], [19, 112], [122, 154], [50, 3], [111, 92], [126, 111], [3, 57], [137, 8], [85, 125], [114, 28], [109, 14], [37, 45], [47, 31], [63, 135], [64, 94], [123, 94], [59, 74], [83, 51], [4, 111], [42, 95], [0, 0]]","[0, 4, 13, 12, 19, 2, 20, 17, 18, 11, 8, 10, 5, 16, 6, 3, 9, 14, 15, 1, 7, 21]",753.9918059196299,18.342997074127197
