Id,Coordinates,Order,Distance,Time
2455,"[[0, 0], [17, 31], [132, 33], [146, 20], [138, 12], [128, 68], [58, 77], [7, 8], [145, 11], [1, 53], [63, 16], [48, 55], [138, 44], [135, 8], [44, 8], [11, 75], [89, 29], [4, 71], [130, 66], [83, 73], [138, 28], [0, 0]]","[0, 7, 1, 9, 17, 15, 11, 6, 19, 13, 4, 8, 3, 20, 2, 12, 18, 5, 16, 10, 14, 21]",491.58597357850783,17.242873430252075
