Id,Coordinates,Order,Distance,Time
2963,"[[0, 0], [118, 57], [37, 24], [85, 8], [48, 17], [81, 62], [172, 43], [119, 38], [163, 47], [16, 30], [55, 61], [94, 14], [93, 66], [112, 48], [133, 19], [66, 67], [16, 13], [6, 37], [64, 19], [153, 71], [93, 32], [0, 0]]","[0, 16, 2, 4, 18, 3, 11, 20, 13, 7, 14, 8, 6, 19, 1, 12, 5, 15, 10, 9, 17, 21]",475.1729375095676,14.183555364608765
