Id,Coordinates,Order,Distance,Time
1066,"[[0, 0], [15, 82], [147, 52], [170, 64], [18, 141], [28, 136], [131, 132], [40, 168], [89, 12], [25, 43], [109, 48], [97, 163], [109, 43], [38, 73], [50, 33], [149, 136], [88, 79], [99, 82], [146, 30], [72, 45], [22, 10], [0, 0]]","[0, 9, 14, 19, 12, 10, 17, 16, 13, 1, 5, 4, 7, 11, 6, 15, 3, 2, 18, 8, 20, 21]",761.8333957593555,15.217245101928711
