Id,Coordinates,Order,Distance,Time
4399,"[[0, 0], [13, 20], [30, 28], [7, 41], [32, 38], [6, 1], [9, 3], [1, 20], [26, 16], [23, 16], [33, 28], [30, 15], [14, 29], [42, 28], [39, 29], [5, 41], [12, 1], [36, 32], [16, 13], [6, 30], [35, 41], [0, 0]]","[0, 5, 6, 16, 18, 1, 19, 3, 15, 12, 9, 8, 11, 2, 10, 13, 14, 17, 20, 4, 7, 21]",197.31998461205916,13.468592643737793
