Id,Coordinates,Order,Distance,Time
7839,"[[0, 0], [50, 90], [111, 112], [9, 111], [178, 23], [140, 29], [90, 29], [4, 72], [90, 77], [170, 74], [99, 5], [33, 89], [45, 32], [134, 83], [143, 20], [11, 3], [169, 36], [147, 87], [117, 69], [12, 29], [46, 8], [0, 0]]","[0, 15, 20, 12, 6, 10, 14, 5, 4, 16, 9, 17, 13, 18, 2, 8, 1, 11, 3, 7, 19, 21]",641.1439266974465,16.566699981689453
