Id,Coordinates,Order,Distance,Time
764,"[[0, 0], [15, 24], [78, 56], [107, 52], [31, 125], [95, 125], [69, 85], [102, 90], [74, 25], [85, 106], [100, 39], [45, 61], [69, 79], [105, 74], [2, 124], [40, 112], [92, 164], [41, 20], [73, 12], [25, 39], [4, 65], [0, 0]]","[0, 17, 18, 8, 10, 3, 13, 7, 9, 5, 16, 4, 15, 6, 12, 2, 11, 14, 20, 19, 1, 21]",664.2086420250802,13.215818881988525
