Id,Coordinates,Order,Distance,Time
9232,"[[0, 0], [50, 112], [89, 89], [53, 108], [104, 132], [87, 113], [71, 87], [26, 111], [132, 23], [131, 105], [48, 118], [47, 118], [32, 143], [5, 120], [143, 63], [135, 27], [139, 5], [69, 139], [92, 74], [36, 1], [20, 114], [0, 0]]","[0, 18, 2, 6, 3, 1, 10, 11, 7, 20, 13, 12, 17, 5, 4, 9, 14, 15, 8, 16, 19, 21]",647.4075327488905,14.36383581161499
