Id,Coordinates,Order,Distance,Time
5487,"[[0, 0], [4, 193], [5, 68], [36, 72], [43, 176], [14, 103], [42, 45], [22, 141], [32, 189], [44, 137], [24, 98], [18, 101], [25, 87], [44, 107], [15, 16], [8, 72], [28, 154], [40, 146], [45, 105], [37, 26], [11, 153], [0, 0]]","[0, 14, 19, 6, 3, 12, 10, 18, 13, 9, 17, 16, 4, 8, 1, 20, 7, 5, 11, 15, 2, 21]",476.6846547777181,14.240469932556152
