Id,Coordinates,Order,Distance,Time
491,"[[0, 0], [23, 28], [14, 113], [5, 12], [12, 49], [2, 1], [37, 46], [16, 86], [13, 5], [30, 77], [10, 129], [32, 84], [22, 127], [12, 121], [7, 90], [16, 31], [29, 4], [31, 88], [10, 66], [35, 4], [29, 36], [0, 0]]","[0, 5, 8, 16, 19, 1, 4, 18, 7, 14, 2, 13, 10, 12, 17, 11, 9, 6, 20, 15, 3, 21]",330.95547407757675,17.33130121231079
