Id,Coordinates,Order,Distance,Time
5916,"[[0, 0], [166, 36], [76, 6], [63, 42], [49, 53], [89, 1], [24, 58], [66, 2], [125, 40], [182, 26], [18, 58], [111, 29], [27, 28], [118, 34], [11, 41], [103, 6], [35, 55], [72, 32], [1, 10], [65, 25], [147, 33], [0, 0]]","[0, 18, 12, 14, 10, 6, 16, 4, 3, 17, 19, 11, 13, 8, 20, 1, 9, 15, 5, 2, 7, 21]",464.64746731189274,16.9801664352417
