Id,Coordinates,Order,Distance,Time
2342,"[[0, 0], [21, 21], [21, 112], [55, 79], [22, 42], [11, 1], [8, 114], [51, 75], [34, 113], [20, 139], [3, 75], [36, 88], [27, 122], [66, 140], [45, 149], [69, 134], [67, 104], [22, 64], [36, 153], [49, 122], [27, 23], [0, 0]]","[0, 5, 1, 20, 4, 17, 7, 3, 16, 8, 12, 2, 6, 9, 18, 14, 13, 15, 19, 11, 10, 21]",473.8513250562721,15.120039701461792
