Id,Coordinates,Order,Distance,Time
2526,"[[0, 0], [31, 62], [92, 83], [29, 69], [147, 38], [109, 71], [42, 11], [6, 17], [93, 35], [147, 59], [90, 4], [66, 11], [9, 52], [69, 69], [133, 43], [55, 24], [5, 49], [116, 61], [8, 47], [73, 36], [71, 3], [0, 0]]","[0, 7, 18, 16, 12, 1, 3, 13, 2, 5, 17, 9, 4, 14, 8, 19, 15, 11, 10, 20, 6, 21]",471.0235885429884,16.721871614456177
