Id,Coordinates,Order,Distance,Time
2763,"[[0, 0], [57, 48], [15, 57], [66, 53], [52, 26], [20, 43], [52, 21], [8, 52], [16, 55], [4, 2], [22, 6], [63, 13], [35, 16], [43, 3], [52, 30], [38, 34], [2, 29], [38, 3], [54, 17], [48, 55], [5, 18], [0, 0]]","[0, 9, 20, 16, 7, 2, 8, 5, 15, 14, 4, 6, 18, 11, 13, 17, 12, 1, 3, 19, 10, 21]",322.38410904365116,14.707139730453491
