Id,Coordinates,Order,Distance,Time
276,"[[0, 0], [74, 82], [144, 36], [20, 20], [149, 35], [145, 116], [47, 10], [113, 8], [28, 56], [72, 96], [15, 41], [123, 43], [113, 14], [170, 105], [161, 58], [135, 125], [10, 81], [27, 57], [165, 59], [131, 41], [149, 34], [0, 0]]","[0, 3, 10, 8, 17, 16, 9, 1, 19, 2, 20, 4, 14, 18, 13, 5, 15, 11, 12, 7, 6, 21]",618.738581597169,15.245871305465698
