Id,Coordinates,Order,Distance,Time
462,"[[0, 0], [65, 9], [18, 79], [76, 18], [6, 53], [96, 5], [17, 109], [71, 85], [5, 10], [7, 40], [66, 27], [88, 37], [91, 16], [13, 43], [8, 19], [1, 35], [5, 30], [98, 79], [119, 41], [98, 78], [8, 59], [0, 0]]","[0, 8, 14, 16, 15, 9, 13, 4, 20, 2, 6, 7, 17, 19, 18, 5, 12, 11, 10, 3, 1, 21]",446.6636060702157,14.63051152229309
