Id,Coordinates,Order,Distance,Time
1523,"[[0, 0], [23, 125], [68, 165], [172, 60], [80, 9], [30, 56], [118, 51], [130, 112], [187, 14], [165, 8], [140, 99], [21, 52], [149, 116], [154, 165], [141, 138], [167, 152], [122, 162], [15, 72], [75, 69], [153, 11], [41, 158], [0, 0]]","[0, 11, 5, 17, 1, 20, 2, 16, 7, 10, 12, 14, 13, 15, 3, 8, 9, 19, 6, 18, 4, 21]",834.2317235186474,19.077017784118652
