Id,Coordinates,Order,Distance,Time
2580,"[[0, 0], [115, 27], [67, 28], [84, 136], [80, 125], [24, 55], [82, 23], [60, 179], [47, 10], [25, 121], [71, 96], [91, 34], [92, 179], [8, 57], [12, 80], [108, 21], [9, 33], [76, 13], [99, 141], [12, 176], [102, 120], [0, 0]]","[0, 16, 13, 5, 10, 4, 3, 20, 18, 12, 7, 19, 9, 14, 2, 6, 11, 15, 1, 17, 8, 21]",696.3243491019371,13.530914068222046
