Id,Coordinates,Order,Distance,Time
6436,"[[0, 0], [134, 3], [3, 71], [142, 32], [20, 49], [113, 51], [116, 57], [82, 39], [96, 68], [137, 69], [8, 47], [13, 5], [120, 66], [101, 68], [45, 68], [112, 12], [89, 19], [150, 68], [65, 30], [71, 62], [15, 6], [0, 0]]","[0, 10, 4, 2, 14, 19, 7, 16, 15, 1, 3, 5, 6, 17, 9, 12, 13, 8, 18, 20, 11, 21]",532.2002427618753,14.190162420272827
