Id,Coordinates,Order,Distance,Time
9205,"[[0, 0], [110, 52], [59, 2], [139, 27], [182, 35], [60, 23], [61, 63], [109, 37], [8, 6], [79, 56], [23, 3], [119, 32], [131, 5], [166, 46], [1, 36], [130, 20], [165, 68], [14, 52], [93, 27], [122, 29], [102, 26], [0, 0]]","[0, 8, 10, 5, 18, 20, 7, 11, 19, 1, 9, 6, 17, 14, 16, 13, 4, 3, 15, 12, 2, 21]",692.3141629117073,17.064120769500732
