Id,Coordinates,Order,Distance,Time
4934,"[[0, 0], [48, 67], [52, 18], [2, 72], [5, 61], [58, 17], [37, 60], [37, 22], [31, 4], [37, 29], [28, 68], [5, 38], [65, 14], [42, 71], [6, 77], [7, 72], [13, 69], [3, 79], [15, 83], [56, 74], [63, 52], [0, 0]]","[0, 8, 7, 9, 2, 5, 12, 20, 1, 19, 13, 10, 6, 15, 3, 14, 17, 18, 16, 4, 11, 21]",345.85561209820986,15.05361294746399
