Id,Coordinates,Order,Distance,Time
5871,"[[0, 0], [58, 35], [42, 91], [52, 21], [90, 40], [64, 55], [41, 77], [65, 50], [39, 86], [57, 19], [100, 44], [13, 58], [56, 74], [30, 7], [60, 20], [35, 18], [73, 37], [23, 45], [12, 77], [48, 61], [80, 81], [0, 0]]","[0, 13, 3, 9, 14, 1, 7, 5, 12, 6, 8, 2, 18, 11, 17, 19, 20, 10, 4, 16, 15, 21]",440.0639826775393,15.208430528640747
