Id,Coordinates,Order,Distance,Time
4824,"[[0, 0], [29, 65], [25, 61], [37, 101], [13, 14], [9, 33], [29, 70], [15, 112], [23, 100], [1, 99], [24, 23], [19, 76], [38, 33], [15, 75], [34, 130], [29, 54], [13, 126], [24, 128], [11, 65], [39, 82], [16, 172], [0, 0]]","[0, 4, 10, 12, 15, 2, 1, 6, 19, 3, 8, 7, 17, 14, 20, 16, 9, 11, 13, 18, 5, 21]",414.5339058179445,15.56834101676941
