Id,Coordinates,Order,Distance,Time
357,"[[0, 0], [52, 8], [71, 193], [14, 76], [167, 41], [152, 27], [58, 75], [10, 88], [40, 179], [110, 110], [147, 10], [3, 63], [89, 162], [85, 70], [153, 142], [80, 49], [27, 138], [40, 161], [168, 60], [137, 190], [140, 172], [0, 0]]","[0, 15, 13, 6, 11, 3, 7, 16, 17, 8, 2, 12, 19, 20, 14, 9, 18, 4, 5, 10, 1, 21]",836.5126044483039,15.602135419845581
