Id,Coordinates,Order,Distance,Time
4406,"[[0, 0], [77, 30], [9, 28], [93, 11], [31, 7], [74, 10], [21, 26], [53, 8], [119, 34], [155, 6], [30, 14], [143, 17], [105, 27], [59, 34], [29, 2], [4, 12], [87, 27], [156, 33], [23, 21], [108, 7], [38, 31], [0, 0]]","[0, 15, 18, 10, 4, 14, 7, 5, 3, 19, 11, 9, 17, 8, 12, 16, 1, 13, 20, 6, 2, 21]",395.1656838979702,15.642491340637207
