Id,Coordinates,Order,Distance,Time
1226,"[[0, 0], [59, 56], [15, 21], [24, 25], [76, 21], [23, 53], [6, 15], [79, 34], [25, 1], [79, 55], [69, 22], [8, 35], [77, 33], [11, 56], [69, 46], [57, 34], [12, 11], [67, 8], [76, 39], [29, 37], [51, 28], [0, 0]]","[0, 6, 16, 2, 11, 5, 13, 19, 3, 17, 10, 4, 12, 7, 18, 14, 9, 1, 15, 20, 8, 21]",347.44970827961527,16.91482162475586
