Id,Coordinates,Order,Distance,Time
4097,"[[0, 0], [20, 124], [16, 144], [41, 99], [77, 143], [69, 126], [62, 37], [99, 147], [81, 80], [6, 81], [69, 114], [22, 106], [21, 124], [62, 46], [18, 143], [15, 150], [42, 119], [33, 114], [47, 145], [77, 16], [56, 56], [0, 0]]","[0, 9, 8, 10, 5, 7, 4, 18, 16, 17, 12, 1, 14, 2, 15, 11, 3, 20, 13, 6, 19, 21]",608.6040107460511,15.025649547576904
