Id,Coordinates,Order,Distance,Time
7429,"[[0, 0], [61, 83], [60, 92], [2, 69], [140, 81], [160, 32], [69, 117], [192, 68], [86, 23], [28, 71], [155, 65], [40, 75], [177, 8], [137, 84], [117, 56], [102, 117], [174, 41], [86, 81], [74, 84], [178, 49], [7, 11], [0, 0]]","[0, 20, 3, 9, 11, 1, 2, 18, 17, 6, 15, 13, 4, 10, 19, 7, 16, 12, 5, 14, 8, 21]",646.2506407322156,17.97163701057434
