Id,Coordinates,Order,Distance,Time
2626,"[[0, 0], [82, 146], [114, 175], [23, 89], [42, 3], [50, 54], [150, 2], [129, 65], [14, 62], [139, 55], [108, 11], [112, 172], [118, 106], [57, 135], [20, 125], [71, 102], [127, 66], [123, 63], [106, 6], [118, 14], [133, 56], [0, 0]]","[0, 8, 3, 14, 13, 1, 11, 2, 12, 16, 7, 17, 20, 9, 6, 19, 18, 10, 15, 5, 4, 21]",725.5276823037801,18.08374309539795
