Id,Coordinates,Order,Distance,Time
927,"[[0, 0], [9, 101], [5, 96], [7, 168], [12, 47], [15, 172], [22, 106], [25, 93], [21, 50], [19, 14], [2, 148], [6, 67], [10, 29], [8, 54], [9, 22], [25, 121], [13, 54], [2, 76], [27, 151], [12, 94], [13, 25], [0, 0]]","[0, 14, 20, 12, 4, 16, 13, 11, 17, 2, 1, 19, 6, 15, 18, 5, 3, 10, 7, 8, 9, 21]",397.3841808712715,15.96117639541626
