Id,Coordinates,Order,Distance,Time
8213,"[[0, 0], [61, 15], [32, 1], [36, 79], [10, 51], [38, 112], [59, 69], [25, 121], [48, 123], [27, 68], [63, 80], [29, 139], [19, 4], [18, 88], [25, 82], [35, 84], [74, 23], [43, 146], [34, 173], [32, 173], [21, 54], [0, 0]]","[0, 12, 2, 1, 16, 6, 10, 3, 15, 14, 13, 5, 8, 17, 18, 19, 11, 7, 9, 20, 4, 21]",475.166795455219,17.169498920440674
