Id,Coordinates,Order,Distance,Time
4492,"[[0, 0], [25, 47], [35, 62], [34, 26], [28, 38], [3, 24], [30, 9], [23, 20], [1, 35], [1, 54], [11, 68], [21, 23], [15, 30], [19, 35], [29, 3], [13, 23], [8, 28], [4, 15], [23, 25], [36, 29], [25, 51], [0, 0]]","[0, 17, 5, 12, 13, 4, 1, 20, 2, 10, 9, 8, 16, 15, 11, 7, 18, 19, 3, 6, 14, 21]",245.6670179421873,15.065943717956543
