Id,Coordinates,Order,Distance,Time
1816,"[[0, 0], [21, 73], [9, 86], [11, 10], [13, 21], [19, 59], [8, 72], [25, 86], [4, 83], [15, 7], [2, 25], [23, 76], [26, 69], [25, 48], [11, 6], [11, 74], [10, 80], [20, 50], [7, 62], [3, 80], [8, 5], [0, 0]]","[0, 20, 14, 9, 3, 4, 13, 17, 5, 12, 1, 11, 7, 2, 8, 19, 16, 15, 6, 18, 10, 21]",222.4476986068726,20.224998712539673
