Id,Coordinates,Order,Distance,Time
5750,"[[0, 0], [101, 63], [102, 60], [55, 24], [48, 83], [94, 102], [90, 76], [27, 2], [88, 119], [100, 102], [81, 1], [71, 83], [55, 19], [96, 132], [99, 105], [30, 26], [7, 60], [1, 49], [81, 56], [30, 113], [104, 45], [0, 0]]","[0, 7, 15, 3, 12, 10, 20, 2, 1, 6, 18, 11, 5, 14, 9, 8, 13, 19, 4, 16, 17, 21]",534.7766654269428,14.318014860153198
