Id,Coordinates,Order,Distance,Time
4404,"[[0, 0], [17, 10], [76, 16], [5, 14], [11, 73], [71, 4], [30, 23], [21, 44], [87, 81], [20, 40], [73, 19], [58, 32], [41, 28], [7, 30], [43, 63], [2, 11], [41, 58], [16, 1], [54, 58], [78, 75], [21, 21], [0, 0]]","[0, 15, 17, 1, 20, 6, 12, 11, 10, 2, 5, 18, 14, 16, 7, 9, 19, 8, 4, 13, 3, 21]",455.77607083260386,17.863157510757446
