Id,Coordinates,Order,Distance,Time
5342,"[[0, 0], [6, 92], [7, 92], [8, 74], [1, 165], [11, 136], [5, 26], [8, 24], [1, 108], [5, 88], [5, 2], [7, 83], [7, 164], [14, 75], [1, 158], [14, 89], [11, 135], [7, 12], [5, 138], [5, 143], [1, 103], [0, 0]]","[0, 10, 17, 7, 3, 11, 9, 1, 2, 20, 8, 16, 5, 12, 4, 14, 19, 18, 15, 13, 6, 21]",345.5177408883364,15.928922414779663
