Id,Coordinates,Order,Distance,Time
2779,"[[0, 0], [19, 67], [6, 93], [20, 150], [31, 138], [32, 152], [22, 179], [32, 15], [7, 91], [24, 96], [19, 156], [33, 88], [13, 63], [22, 106], [17, 136], [1, 93], [25, 16], [33, 162], [39, 153], [5, 184], [22, 78], [0, 0]]","[0, 16, 7, 12, 1, 20, 11, 9, 2, 8, 15, 4, 5, 18, 17, 6, 19, 10, 3, 14, 13, 21]",474.0592392321788,18.854405879974365
