Id,Coordinates,Order,Distance,Time
5354,"[[0, 0], [126, 153], [59, 63], [131, 15], [47, 82], [114, 68], [60, 57], [54, 25], [71, 57], [25, 115], [6, 91], [20, 22], [37, 75], [78, 89], [42, 106], [2, 113], [120, 25], [45, 88], [49, 143], [38, 152], [64, 138], [0, 0]]","[0, 11, 6, 2, 8, 13, 4, 17, 12, 10, 15, 9, 14, 19, 18, 20, 1, 5, 16, 3, 7, 21]",708.3413201399162,16.38773250579834
