Id,Coordinates,Order,Distance,Time
6483,"[[0, 0], [177, 18], [43, 16], [115, 12], [171, 34], [139, 39], [96, 23], [34, 45], [145, 31], [108, 17], [140, 9], [162, 21], [76, 5], [23, 23], [117, 6], [149, 23], [100, 44], [101, 3], [135, 22], [121, 10], [23, 4], [0, 0]]","[0, 20, 2, 12, 17, 9, 3, 14, 19, 10, 15, 11, 1, 4, 8, 5, 18, 6, 16, 7, 13, 21]",460.1361726211309,19.571724891662598
