Id,Coordinates,Order,Distance,Time
6251,"[[0, 0], [91, 45], [117, 32], [57, 36], [13, 82], [8, 64], [67, 46], [138, 54], [106, 70], [21, 1], [89, 62], [92, 69], [34, 39], [145, 86], [22, 66], [121, 11], [97, 38], [152, 33], [48, 44], [46, 21], [6, 22], [0, 0]]","[0, 9, 19, 3, 1, 16, 2, 15, 17, 7, 13, 8, 11, 10, 6, 18, 12, 14, 4, 5, 20, 21]",509.71459045539166,17.90216588973999
