Id,Coordinates,Order,Distance,Time
9779,"[[0, 0], [47, 116], [39, 145], [51, 6], [12, 18], [59, 67], [111, 128], [78, 102], [33, 92], [76, 72], [80, 109], [35, 101], [44, 82], [75, 97], [106, 115], [82, 6], [99, 78], [112, 131], [39, 70], [82, 31], [4, 90], [0, 0]]","[0, 3, 15, 19, 9, 5, 18, 12, 8, 11, 1, 10, 7, 13, 16, 14, 6, 17, 2, 20, 4, 21]",607.8287428482085,14.642539501190186
