Id,Coordinates,Order,Distance,Time
1821,"[[0, 0], [116, 50], [150, 34], [113, 6], [137, 27], [150, 29], [125, 14], [26, 8], [37, 11], [128, 30], [22, 49], [179, 13], [104, 33], [53, 4], [186, 5], [59, 58], [146, 28], [183, 6], [142, 30], [92, 9], [110, 27], [0, 0]]","[0, 7, 8, 13, 19, 3, 6, 16, 5, 17, 14, 11, 2, 18, 4, 9, 20, 12, 1, 15, 10, 21]",470.3613508932081,17.724371194839478
