Id,Coordinates,Order,Distance,Time
8995,"[[0, 0], [83, 85], [89, 76], [58, 20], [69, 72], [17, 92], [67, 60], [15, 36], [88, 79], [53, 77], [68, 53], [25, 55], [43, 64], [50, 44], [89, 82], [75, 1], [16, 88], [64, 27], [50, 13], [4, 11], [43, 86], [0, 0]]","[0, 19, 7, 11, 16, 5, 20, 9, 6, 10, 17, 3, 18, 15, 2, 8, 14, 1, 4, 12, 13, 21]",464.36322234431486,13.942440748214722
