Id,Coordinates,Order,Distance,Time
432,"[[0, 0], [19, 81], [165, 148], [151, 18], [102, 66], [90, 18], [167, 63], [142, 66], [7, 95], [90, 91], [7, 6], [69, 25], [118, 45], [139, 61], [100, 46], [20, 81], [12, 192], [87, 46], [57, 170], [93, 61], [167, 56], [0, 0]]","[0, 11, 5, 17, 19, 4, 13, 7, 6, 20, 3, 12, 14, 15, 1, 8, 16, 18, 2, 9, 10, 21]",912.8009507082595,16.532549142837524
