Id,Coordinates,Order,Distance,Time
9674,"[[0, 0], [33, 23], [89, 70], [23, 67], [28, 42], [78, 27], [42, 47], [30, 32], [15, 7], [37, 36], [38, 72], [91, 62], [22, 7], [114, 42], [21, 10], [74, 69], [113, 56], [119, 52], [10, 3], [36, 66], [44, 62], [0, 0]]","[0, 8, 14, 1, 7, 4, 9, 6, 20, 19, 3, 10, 15, 2, 11, 16, 17, 13, 5, 12, 18, 21]",357.61727252729844,13.686838150024414
