Id,Coordinates,Order,Distance,Time
6073,"[[0, 0], [10, 150], [14, 136], [28, 44], [73, 96], [32, 163], [56, 56], [28, 95], [16, 31], [130, 20], [5, 22], [10, 89], [34, 27], [120, 159], [100, 81], [85, 109], [121, 141], [95, 151], [99, 75], [79, 149], [1, 153], [0, 0]]","[0, 12, 6, 4, 15, 14, 18, 9, 16, 13, 17, 19, 5, 1, 20, 2, 7, 11, 3, 8, 10, 21]",693.4016431675693,13.873568296432495
