Id,Coordinates,Order,Distance,Time
2463,"[[0, 0], [42, 63], [3, 60], [5, 42], [25, 54], [34, 167], [21, 30], [118, 34], [74, 55], [136, 183], [115, 75], [80, 175], [41, 159], [126, 149], [122, 195], [94, 158], [25, 51], [103, 152], [53, 174], [107, 161], [136, 154], [0, 0]]","[0, 6, 16, 4, 1, 8, 7, 10, 13, 20, 9, 14, 19, 17, 15, 11, 18, 12, 5, 2, 3, 21]",644.0296680521476,15.959372282028198
