Id,Coordinates,Order,Distance,Time
1091,"[[0, 0], [46, 20], [29, 38], [5, 25], [30, 15], [57, 20], [38, 26], [46, 8], [69, 17], [16, 12], [39, 12], [23, 7], [46, 6], [32, 2], [31, 18], [37, 23], [11, 33], [33, 11], [52, 7], [22, 9], [31, 32], [0, 0]]","[0, 9, 19, 11, 4, 14, 15, 6, 20, 2, 16, 3, 17, 10, 7, 12, 18, 8, 5, 1, 13, 21]",248.4259460686829,18.848963975906372
