Id,Coordinates,Order,Distance,Time
5886,"[[0, 0], [176, 132], [45, 1], [161, 150], [122, 43], [143, 149], [163, 26], [23, 105], [155, 74], [172, 103], [123, 50], [172, 157], [166, 39], [82, 29], [160, 105], [55, 80], [171, 38], [138, 152], [78, 128], [180, 48], [129, 56], [0, 0]]","[0, 13, 4, 10, 20, 8, 14, 9, 1, 11, 3, 5, 17, 18, 7, 15, 19, 16, 12, 6, 2, 21]",801.9921396047058,15.508627891540527
