Id,Coordinates,Order,Distance,Time
7615,"[[0, 0], [83, 59], [63, 52], [34, 56], [4, 62], [13, 45], [54, 37], [72, 43], [28, 34], [32, 39], [17, 70], [23, 31], [72, 22], [3, 65], [39, 27], [30, 69], [85, 7], [65, 60], [28, 63], [23, 22], [26, 15], [0, 0]]","[0, 20, 19, 11, 8, 9, 14, 2, 17, 1, 7, 16, 12, 6, 3, 18, 15, 10, 13, 4, 5, 21]",373.9329755440195,14.216976165771484
