Id,Coordinates,Order,Distance,Time
1761,"[[0, 0], [12, 16], [10, 22], [7, 27], [16, 27], [9, 1], [8, 31], [6, 10], [7, 15], [11, 17], [14, 9], [4, 21], [4, 25], [13, 1], [5, 15], [7, 2], [6, 15], [9, 12], [13, 33], [14, 9], [10, 10], [0, 0]]","[0, 15, 5, 13, 10, 19, 20, 17, 8, 16, 14, 11, 12, 3, 6, 18, 4, 2, 9, 1, 7, 21]",96.91861658047573,22.783429622650146
