Id,Coordinates,Order,Distance,Time
5882,"[[0, 0], [70, 12], [65, 6], [44, 15], [61, 1], [49, 11], [76, 13], [12, 9], [21, 18], [43, 9], [67, 15], [64, 13], [80, 6], [24, 2], [10, 15], [84, 17], [71, 6], [96, 3], [89, 15], [17, 13], [60, 2], [0, 0]]","[0, 7, 14, 19, 8, 3, 5, 20, 4, 2, 16, 1, 6, 15, 18, 17, 12, 10, 11, 9, 13, 21]",233.42811905224585,16.00969958305359
