Id,Coordinates,Order,Distance,Time
2727,"[[0, 0], [2, 47], [59, 22], [135, 71], [42, 52], [134, 62], [120, 41], [12, 14], [144, 38], [171, 36], [100, 46], [66, 33], [4, 19], [65, 46], [47, 71], [160, 59], [84, 72], [19, 58], [117, 56], [29, 68], [146, 66], [0, 0]]","[0, 7, 12, 1, 17, 19, 14, 4, 13, 16, 10, 18, 5, 3, 20, 15, 9, 8, 6, 11, 2, 21]",495.62467530241815,14.862169027328491
