Id,Coordinates,Order,Distance,Time
5126,"[[0, 0], [57, 37], [50, 30], [104, 42], [112, 61], [164, 57], [170, 33], [42, 26], [21, 4], [137, 33], [76, 33], [47, 37], [21, 14], [158, 40], [160, 22], [161, 41], [89, 31], [4, 19], [52, 49], [79, 51], [70, 28], [0, 0]]","[0, 17, 12, 7, 2, 11, 1, 18, 19, 3, 4, 5, 13, 15, 6, 14, 9, 16, 10, 20, 8, 21]",444.8342213011595,22.946033477783203
