Id,Coordinates,Order,Distance,Time
1505,"[[0, 0], [45, 93], [35, 109], [4, 116], [112, 102], [31, 65], [87, 91], [96, 24], [50, 70], [14, 106], [51, 81], [102, 89], [43, 43], [50, 1], [71, 14], [5, 75], [79, 118], [93, 41], [108, 53], [75, 34], [64, 131], [0, 0]]","[0, 13, 14, 19, 7, 17, 18, 11, 6, 4, 16, 20, 2, 1, 10, 8, 9, 3, 15, 5, 12, 21]",588.8258933003332,15.969691038131714
