Id,Coordinates,Order,Distance,Time
4511,"[[0, 0], [41, 34], [26, 33], [13, 81], [22, 8], [40, 79], [60, 36], [60, 4], [42, 109], [25, 122], [4, 90], [36, 70], [53, 56], [8, 51], [5, 19], [56, 34], [6, 121], [41, 43], [57, 128], [11, 125], [14, 21], [0, 0]]","[0, 14, 4, 7, 1, 17, 15, 6, 12, 11, 3, 10, 16, 19, 9, 18, 8, 5, 13, 2, 20, 21]",473.819108816612,12.85834550857544
