Id,Coordinates,Order,Distance,Time
2666,"[[0, 0], [47, 39], [4, 53], [30, 39], [31, 69], [36, 34], [34, 83], [23, 72], [29, 71], [21, 82], [32, 21], [47, 25], [34, 87], [10, 34], [15, 23], [5, 75], [20, 16], [48, 21], [4, 80], [16, 63], [8, 51], [0, 0]]","[0, 14, 13, 20, 2, 19, 7, 8, 4, 6, 12, 9, 18, 15, 3, 5, 1, 11, 17, 10, 16, 21]",286.98551223970844,16.920823097229004
