Id,Coordinates,Order,Distance,Time
2710,"[[0, 0], [10, 88], [5, 64], [37, 26], [33, 17], [12, 110], [6, 40], [22, 68], [11, 61], [10, 84], [39, 86], [11, 104], [10, 59], [11, 55], [12, 91], [29, 47], [37, 72], [37, 5], [4, 62], [26, 17], [24, 8], [0, 0]]","[0, 20, 19, 4, 17, 3, 15, 13, 12, 8, 2, 7, 16, 10, 5, 11, 14, 1, 9, 18, 6, 21]",324.7279638105457,24.386357069015503
