Id,Coordinates,Order,Distance,Time
5517,"[[0, 0], [63, 50], [13, 97], [44, 173], [63, 35], [6, 165], [61, 37], [90, 87], [42, 137], [96, 61], [84, 100], [114, 95], [86, 108], [29, 12], [57, 90], [25, 16], [5, 156], [19, 132], [94, 18], [66, 126], [69, 72], [0, 0]]","[0, 15, 13, 6, 4, 1, 20, 14, 10, 12, 11, 9, 18, 7, 19, 8, 3, 5, 16, 17, 2, 21]",673.0543420608883,15.081959009170532
