Id,Coordinates,Order,Distance,Time
4563,"[[0, 0], [17, 54], [19, 167], [5, 64], [20, 3], [17, 66], [8, 65], [21, 67], [7, 71], [22, 109], [4, 121], [23, 70], [6, 73], [25, 120], [21, 4], [20, 171], [13, 69], [7, 152], [18, 70], [16, 126], [10, 8], [0, 0]]","[0, 20, 4, 14, 1, 5, 7, 11, 18, 16, 8, 12, 9, 13, 19, 2, 15, 17, 10, 6, 3, 21]",397.4619212502557,15.887327432632446
