Id,Coordinates,Order,Distance,Time
5311,"[[0, 0], [21, 35], [90, 28], [10, 15], [6, 24], [56, 20], [1, 59], [59, 60], [71, 34], [32, 27], [27, 21], [25, 6], [10, 37], [93, 6], [20, 33], [68, 54], [70, 43], [73, 2], [33, 46], [29, 31], [76, 15], [0, 0]]","[0, 3, 4, 12, 14, 1, 19, 10, 9, 8, 16, 15, 7, 6, 18, 5, 20, 2, 13, 17, 11, 21]",434.57069054762206,20.403674840927124
