Id,Coordinates,Order,Distance,Time
7084,"[[0, 0], [19, 139], [100, 114], [88, 71], [112, 73], [99, 146], [80, 92], [47, 83], [99, 80], [58, 3], [53, 95], [40, 132], [5, 141], [67, 70], [42, 48], [10, 121], [1, 143], [12, 144], [32, 139], [91, 61], [25, 121], [0, 0]]","[0, 14, 13, 3, 6, 10, 7, 20, 15, 1, 17, 12, 16, 18, 11, 5, 2, 8, 4, 19, 9, 21]",612.2006076215032,16.705448150634766
