Id,Coordinates,Order,Distance,Time
3311,"[[0, 0], [12, 2], [6, 2], [31, 26], [4, 9], [6, 9], [33, 1], [12, 38], [32, 8], [35, 4], [20, 14], [27, 12], [12, 2], [30, 26], [17, 25], [23, 30], [30, 31], [22, 30], [12, 18], [17, 6], [27, 11], [0, 0]]","[0, 2, 1, 12, 19, 10, 11, 20, 6, 9, 8, 3, 13, 16, 15, 17, 7, 14, 18, 5, 4, 21]",144.92054609398818,11.21058988571167
