Id,Coordinates,Order,Distance,Time
9975,"[[0, 0], [75, 80], [28, 9], [63, 147], [98, 134], [39, 55], [117, 33], [23, 117], [130, 125], [138, 83], [7, 108], [141, 70], [11, 63], [10, 67], [18, 18], [145, 88], [63, 124], [101, 6], [21, 131], [108, 97], [116, 107], [0, 0]]","[0, 14, 12, 13, 10, 7, 18, 16, 3, 4, 8, 20, 9, 15, 11, 6, 17, 19, 1, 5, 2, 21]",690.7033466797566,13.322265625
