Id,Coordinates,Order,Distance,Time
5108,"[[0, 0], [74, 98], [18, 99], [90, 45], [8, 13], [69, 11], [56, 56], [90, 92], [65, 24], [25, 28], [52, 87], [49, 53], [64, 96], [49, 9], [39, 71], [76, 90], [72, 65], [55, 78], [4, 23], [16, 45], [51, 92], [0, 0]]","[0, 4, 9, 11, 6, 17, 10, 20, 12, 1, 15, 7, 16, 3, 8, 5, 13, 14, 2, 19, 18, 21]",487.9550982866301,22.901999473571777
