Id,Coordinates,Order,Distance,Time
7917,"[[0, 0], [84, 29], [76, 4], [84, 2], [28, 51], [50, 8], [93, 8], [60, 35], [45, 8], [35, 11], [69, 16], [63, 13], [82, 38], [79, 18], [23, 14], [115, 41], [60, 6], [29, 6], [101, 29], [104, 2], [6, 45], [0, 0]]","[0, 14, 17, 9, 8, 5, 16, 11, 13, 1, 12, 15, 18, 19, 6, 3, 2, 10, 7, 4, 20, 21]",364.2850679673181,15.684947729110718
