Id,Coordinates,Order,Distance,Time
5872,"[[0, 0], [9, 30], [8, 101], [1, 46], [2, 52], [5, 8], [14, 17], [12, 99], [4, 77], [6, 80], [3, 1], [4, 78], [8, 70], [14, 16], [7, 50], [15, 20], [14, 44], [12, 49], [5, 39], [3, 50], [1, 40], [0, 0]]","[0, 10, 5, 13, 6, 15, 1, 18, 20, 3, 19, 4, 8, 11, 9, 7, 2, 12, 14, 17, 16, 21]",224.97637950858814,16.207627296447754
