Id,Coordinates,Order,Distance,Time
8861,"[[0, 0], [5, 76], [83, 16], [99, 77], [55, 24], [89, 17], [56, 96], [48, 22], [23, 87], [57, 8], [95, 112], [83, 83], [66, 128], [8, 15], [37, 121], [98, 2], [8, 67], [13, 12], [18, 5], [57, 80], [54, 125], [0, 0]]","[0, 13, 17, 18, 7, 4, 9, 2, 5, 15, 3, 11, 10, 6, 20, 12, 14, 19, 8, 16, 1, 21]",566.9854886796762,15.211274147033691
