Id,Coordinates,Order,Distance,Time
4890,"[[0, 0], [17, 70], [11, 57], [7, 8], [10, 29], [11, 90], [1, 2], [17, 71], [3, 50], [10, 4], [11, 21], [7, 33], [16, 3], [6, 38], [11, 15], [11, 103], [10, 65], [6, 101], [17, 72], [5, 23], [12, 39], [0, 0]]","[0, 6, 3, 9, 12, 14, 10, 4, 20, 2, 16, 1, 7, 18, 5, 17, 15, 8, 13, 11, 19, 21]",236.00257793446175,14.593356132507324
