Id,Coordinates,Order,Distance,Time
2105,"[[0, 0], [25, 8], [90, 8], [25, 2], [63, 6], [54, 1], [34, 2], [27, 9], [63, 6], [158, 9], [59, 6], [35, 1], [92, 3], [30, 7], [7, 1], [123, 7], [147, 3], [11, 9], [129, 4], [92, 8], [59, 4], [0, 0]]","[0, 17, 1, 7, 13, 6, 11, 5, 20, 4, 8, 2, 19, 15, 18, 16, 9, 12, 10, 3, 14, 21]",326.3079650107673,14.639983892440796
