Id,Coordinates,Order,Distance,Time
5578,"[[0, 0], [18, 5], [66, 90], [147, 65], [15, 13], [64, 75], [6, 83], [39, 88], [61, 12], [96, 42], [17, 19], [83, 51], [66, 58], [28, 71], [20, 54], [30, 94], [48, 66], [21, 91], [32, 39], [130, 66], [50, 83], [0, 0]]","[0, 4, 10, 18, 14, 13, 6, 17, 15, 7, 20, 2, 5, 16, 12, 11, 9, 19, 3, 8, 1, 21]",489.38062558025774,13.686162948608398
