Id,Coordinates,Order,Distance,Time
8730,"[[0, 0], [20, 8], [38, 6], [142, 1], [91, 11], [2, 9], [41, 12], [13, 10], [74, 9], [70, 4], [143, 7], [90, 8], [96, 8], [142, 15], [81, 6], [60, 14], [13, 15], [21, 3], [102, 9], [39, 8], [128, 11], [0, 0]]","[0, 5, 16, 7, 1, 2, 19, 6, 15, 8, 14, 11, 4, 12, 18, 20, 13, 10, 3, 9, 17, 21]",320.7988732415414,18.31656837463379
