Id,Coordinates,Order,Distance,Time
7959,"[[0, 0], [17, 49], [37, 31], [13, 52], [54, 67], [4, 53], [25, 37], [15, 67], [45, 90], [29, 89], [19, 41], [25, 71], [50, 65], [1, 43], [52, 2], [14, 79], [56, 90], [38, 63], [3, 49], [4, 95], [18, 47], [0, 0]]","[0, 13, 18, 5, 3, 1, 20, 10, 6, 17, 12, 4, 16, 8, 9, 19, 15, 11, 7, 2, 14, 21]",373.6969941348363,17.315261602401733
