Id,Coordinates,Order,Distance,Time
1344,"[[0, 0], [29, 22], [65, 23], [16, 35], [6, 12], [97, 38], [25, 9], [30, 14], [112, 20], [4, 18], [47, 8], [120, 7], [68, 27], [58, 7], [12, 15], [108, 25], [133, 8], [96, 3], [38, 32], [131, 25], [31, 17], [0, 0]]","[0, 4, 9, 14, 6, 7, 20, 1, 3, 18, 10, 2, 12, 5, 15, 8, 19, 16, 11, 17, 13, 21]",377.08548703030607,14.239563465118408
