Id,Coordinates,Order,Distance,Time
8444,"[[0, 0], [75, 58], [78, 150], [49, 103], [28, 1], [42, 104], [59, 30], [51, 15], [98, 14], [37, 14], [102, 125], [1, 139], [96, 57], [21, 3], [102, 99], [100, 109], [57, 93], [32, 74], [37, 35], [25, 93], [93, 29], [0, 0]]","[0, 13, 4, 9, 7, 6, 5, 3, 16, 1, 20, 8, 12, 14, 15, 10, 2, 11, 19, 17, 18, 21]",646.0622231510386,19.822997570037842
