Id,Coordinates,Order,Distance,Time
7181,"[[0, 0], [44, 69], [3, 69], [5, 36], [42, 104], [64, 107], [84, 5], [19, 89], [177, 8], [114, 54], [109, 62], [34, 105], [50, 49], [179, 56], [127, 18], [175, 34], [23, 106], [72, 15], [41, 63], [171, 27], [113, 52], [0, 0]]","[0, 3, 2, 7, 16, 11, 4, 5, 1, 18, 12, 10, 9, 20, 13, 15, 19, 8, 14, 6, 17, 21]",592.720354216355,18.321802854537964
