Id,Coordinates,Order,Distance,Time
7822,"[[0, 0], [3, 31], [6, 60], [11, 57], [37, 9], [18, 14], [53, 52], [35, 60], [39, 49], [57, 63], [9, 44], [33, 27], [52, 23], [44, 1], [9, 27], [7, 23], [16, 56], [52, 2], [52, 57], [8, 34], [33, 26], [0, 0]]","[0, 15, 14, 1, 19, 10, 3, 2, 16, 7, 8, 18, 9, 6, 12, 20, 11, 4, 13, 17, 5, 21]",291.50353343909063,15.59259581565857
