Id,Coordinates,Order,Distance,Time
4780,"[[0, 0], [116, 13], [43, 175], [63, 138], [27, 59], [107, 84], [118, 128], [59, 43], [97, 49], [28, 36], [63, 79], [48, 36], [93, 22], [51, 134], [35, 101], [18, 31], [20, 48], [4, 67], [29, 59], [36, 54], [52, 139], [0, 0]]","[0, 15, 16, 17, 4, 18, 19, 7, 10, 14, 13, 20, 3, 2, 6, 5, 8, 1, 12, 11, 9, 21]",652.364814728233,16.4421546459198
