Id,Coordinates,Order,Distance,Time
3702,"[[0, 0], [68, 2], [19, 38], [159, 7], [76, 29], [75, 51], [67, 49], [81, 47], [101, 13], [58, 46], [130, 36], [20, 26], [18, 46], [97, 19], [21, 23], [34, 29], [6, 14], [58, 39], [109, 50], [53, 13], [122, 48], [0, 0]]","[0, 16, 14, 11, 2, 12, 15, 17, 7, 5, 6, 9, 4, 13, 3, 10, 20, 18, 8, 1, 19, 21]",479.19987757901083,17.73223328590393
