Id,Coordinates,Order,Distance,Time
9305,"[[0, 0], [16, 61], [44, 28], [13, 29], [32, 85], [44, 70], [26, 61], [6, 82], [7, 50], [31, 9], [6, 60], [30, 34], [6, 90], [20, 40], [8, 105], [33, 64], [44, 70], [4, 35], [9, 99], [4, 2], [23, 61], [0, 0]]","[0, 19, 9, 2, 11, 13, 8, 1, 20, 6, 15, 5, 16, 4, 14, 18, 12, 7, 10, 17, 3, 21]",305.7365835724684,13.722886800765991
