Id,Coordinates,Order,Distance,Time
4933,"[[0, 0], [13, 16], [17, 17], [8, 16], [4, 15], [16, 9], [15, 19], [12, 21], [2, 6], [3, 21], [19, 10], [11, 17], [11, 6], [16, 21], [13, 3], [19, 19], [4, 16], [20, 5], [3, 1], [3, 9], [14, 4], [0, 0]]","[0, 8, 19, 4, 16, 9, 11, 1, 6, 2, 15, 13, 7, 3, 12, 14, 20, 17, 10, 5, 18, 21]",103.35078218319747,17.885074615478516
