Id,Coordinates,Order,Distance,Time
7816,"[[0, 0], [3, 100], [21, 33], [16, 158], [119, 68], [114, 10], [22, 131], [106, 4], [100, 104], [161, 65], [147, 104], [94, 21], [92, 140], [4, 44], [161, 79], [29, 56], [84, 114], [27, 113], [63, 55], [126, 31], [157, 16], [0, 0]]","[0, 2, 15, 18, 11, 7, 5, 19, 20, 9, 14, 10, 4, 8, 16, 12, 3, 6, 17, 1, 13, 21]",708.0541615629113,17.96819496154785
