Id,Coordinates,Order,Distance,Time
920,"[[0, 0], [15, 17], [11, 119], [1, 53], [10, 53], [12, 71], [2, 166], [4, 173], [2, 169], [14, 166], [3, 62], [6, 75], [3, 117], [13, 13], [4, 142], [7, 24], [8, 78], [10, 169], [1, 80], [4, 68], [11, 137], [0, 0]]","[0, 13, 1, 15, 3, 10, 19, 11, 16, 18, 12, 14, 6, 8, 7, 17, 9, 20, 2, 5, 4, 21]",368.62084773510566,16.755600452423096
