Id,Coordinates,Order,Distance,Time
8161,"[[0, 0], [155, 11], [38, 73], [10, 123], [72, 13], [87, 98], [116, 101], [138, 15], [20, 12], [11, 42], [135, 50], [110, 67], [75, 67], [83, 109], [130, 113], [1, 84], [79, 74], [74, 129], [95, 122], [21, 13], [33, 124], [0, 0]]","[0, 8, 19, 9, 12, 16, 5, 13, 18, 17, 20, 3, 15, 2, 7, 1, 10, 14, 6, 11, 4, 21]",783.2204680665322,14.492957592010498
