Id,Coordinates,Order,Distance,Time
1024,"[[0, 0], [58, 45], [125, 110], [119, 152], [124, 148], [132, 90], [48, 3], [110, 79], [55, 85], [41, 78], [89, 7], [6, 24], [71, 53], [50, 40], [54, 19], [61, 143], [41, 74], [5, 72], [12, 37], [108, 149], [90, 16], [0, 0]]","[0, 11, 18, 16, 9, 8, 12, 1, 13, 14, 6, 10, 20, 7, 5, 2, 4, 3, 19, 15, 17, 21]",631.5949975029746,17.190595626831055
