Id,Coordinates,Order,Distance,Time
649,"[[0, 0], [36, 55], [77, 30], [148, 2], [100, 39], [160, 10], [15, 30], [46, 15], [125, 13], [37, 5], [184, 7], [19, 35], [130, 11], [8, 47], [124, 5], [72, 46], [19, 2], [152, 37], [19, 16], [184, 19], [19, 22], [0, 0]]","[0, 18, 20, 6, 11, 13, 1, 15, 8, 14, 12, 3, 5, 10, 19, 17, 4, 2, 7, 9, 16, 21]",476.1061664347156,16.066601037979126
