Id,Coordinates,Order,Distance,Time
8462,"[[0, 0], [9, 95], [15, 28], [22, 98], [20, 51], [25, 97], [32, 79], [2, 38], [15, 18], [6, 105], [30, 57], [19, 5], [17, 11], [27, 14], [7, 45], [27, 42], [29, 23], [23, 98], [14, 61], [1, 29], [26, 10], [0, 0]]","[0, 12, 8, 2, 19, 7, 14, 4, 10, 6, 5, 17, 3, 9, 1, 18, 15, 16, 13, 20, 11, 21]",284.8304650097544,18.047998666763306
