Id,Coordinates,Order,Distance,Time
9517,"[[0, 0], [72, 6], [39, 23], [78, 7], [40, 34], [46, 18], [78, 23], [90, 17], [49, 31], [10, 30], [1, 20], [6, 15], [73, 27], [61, 22], [33, 31], [29, 12], [66, 34], [53, 3], [76, 2], [46, 23], [69, 18], [0, 0]]","[0, 11, 10, 9, 14, 4, 8, 19, 5, 17, 1, 18, 3, 20, 12, 6, 7, 16, 13, 2, 15, 21]",290.7443100473163,16.705825567245483
