Id,Coordinates,Order,Distance,Time
7541,"[[0, 0], [164, 46], [179, 57], [128, 8], [126, 48], [80, 87], [39, 55], [137, 12], [104, 30], [65, 91], [134, 6], [9, 64], [123, 31], [41, 2], [51, 62], [93, 29], [139, 73], [24, 103], [171, 58], [132, 70], [127, 10], [0, 0]]","[0, 13, 6, 14, 5, 4, 12, 8, 15, 20, 3, 10, 7, 1, 18, 2, 16, 19, 9, 17, 11, 21]",642.5439258224172,13.606715202331543
