Id,Coordinates,Order,Distance,Time
2536,"[[0, 0], [71, 17], [64, 45], [86, 13], [64, 7], [75, 36], [86, 10], [70, 34], [42, 44], [71, 2], [85, 25], [51, 33], [77, 5], [19, 36], [64, 10], [13, 26], [61, 4], [63, 7], [76, 44], [2, 25], [58, 28], [0, 0]]","[0, 19, 15, 13, 8, 11, 7, 5, 18, 2, 20, 14, 4, 9, 12, 6, 3, 10, 1, 17, 16, 21]",304.1832120337263,14.404457807540894
