Id,Coordinates,Order,Distance,Time
9198,"[[0, 0], [15, 8], [108, 26], [25, 100], [59, 100], [8, 82], [154, 18], [106, 101], [55, 20], [69, 117], [9, 51], [48, 86], [128, 35], [116, 70], [99, 64], [89, 6], [24, 33], [65, 11], [4, 91], [27, 117], [147, 26], [0, 0]]","[0, 16, 10, 5, 18, 3, 19, 11, 4, 9, 7, 13, 14, 12, 20, 6, 2, 15, 17, 8, 1, 21]",553.6205976990198,13.578808546066284
