Id,Coordinates,Order,Distance,Time
8318,"[[0, 0], [22, 6], [108, 17], [25, 3], [68, 13], [32, 7], [110, 11], [87, 15], [106, 7], [82, 15], [58, 18], [49, 17], [57, 14], [2, 15], [89, 5], [56, 14], [92, 8], [71, 17], [6, 14], [19, 15], [25, 10], [0, 0]]","[0, 13, 18, 19, 20, 11, 15, 12, 10, 17, 9, 7, 2, 6, 8, 16, 14, 4, 5, 3, 1, 21]",251.49405887946673,12.26867413520813
