Id,Coordinates,Order,Distance,Time
3271,"[[0, 0], [39, 84], [20, 13], [56, 102], [19, 54], [23, 50], [54, 69], [7, 65], [56, 9], [5, 73], [11, 115], [39, 7], [16, 89], [39, 40], [1, 25], [14, 101], [48, 64], [25, 112], [53, 20], [14, 108], [44, 74], [0, 0]]","[0, 2, 11, 8, 18, 13, 5, 4, 7, 9, 12, 15, 19, 10, 17, 3, 1, 20, 6, 16, 14, 21]",378.87262256142446,13.768505573272705
