Id,Coordinates,Order,Distance,Time
8491,"[[0, 0], [9, 15], [5, 156], [2, 126], [11, 140], [14, 1], [15, 99], [13, 169], [13, 105], [9, 33], [1, 126], [9, 157], [21, 155], [7, 13], [2, 166], [22, 113], [11, 1], [19, 102], [18, 132], [23, 105], [8, 28], [0, 0]]","[0, 16, 5, 13, 1, 20, 9, 17, 19, 15, 3, 10, 4, 11, 2, 14, 7, 12, 18, 8, 6, 21]",389.060440701459,12.529476642608643
