Id,Coordinates,Order,Distance,Time
2712,"[[0, 0], [111, 44], [2, 51], [105, 40], [124, 22], [64, 29], [14, 1], [8, 9], [114, 8], [6, 3], [10, 32], [35, 17], [48, 34], [18, 29], [4, 39], [134, 21], [51, 12], [32, 4], [83, 11], [50, 36], [82, 35], [0, 0]]","[0, 9, 7, 6, 17, 11, 13, 10, 14, 2, 12, 19, 5, 20, 3, 1, 4, 15, 8, 18, 16, 21]",396.6147645946817,16.02328872680664
