Id,Coordinates,Order,Distance,Time
5790,"[[0, 0], [4, 3], [13, 18], [17, 28], [23, 25], [30, 14], [13, 8], [23, 42], [35, 33], [1, 43], [4, 19], [11, 49], [13, 34], [17, 37], [5, 25], [28, 25], [21, 53], [11, 38], [3, 44], [31, 22], [15, 18], [0, 0]]","[0, 1, 6, 2, 20, 3, 4, 15, 5, 19, 8, 13, 17, 9, 18, 11, 16, 7, 12, 14, 10, 21]",198.81917401380016,17.474132299423218
