Id,Coordinates,Order,Distance,Time
5583,"[[0, 0], [33, 27], [148, 12], [18, 33], [53, 34], [78, 6], [27, 27], [121, 23], [108, 26], [113, 33], [24, 17], [107, 1], [53, 2], [17, 32], [148, 3], [97, 25], [108, 1], [50, 33], [85, 25], [23, 21], [13, 33], [0, 0]]","[0, 10, 19, 20, 3, 13, 6, 1, 17, 4, 18, 15, 8, 9, 7, 16, 11, 14, 2, 5, 12, 21]",395.8495385307406,13.289147138595581
