Id,Coordinates,Order,Distance,Time
6620,"[[0, 0], [137, 3], [114, 11], [43, 55], [141, 19], [12, 72], [15, 39], [93, 57], [2, 68], [85, 30], [7, 64], [31, 16], [42, 7], [81, 19], [118, 42], [50, 32], [129, 13], [109, 9], [82, 58], [6, 6], [142, 16], [0, 0]]","[0, 19, 6, 10, 8, 5, 3, 18, 7, 9, 13, 17, 2, 16, 1, 20, 4, 14, 15, 12, 11, 21]",467.24592026897636,16.276248693466187
