Id,Coordinates,Order,Distance,Time
5398,"[[0, 0], [57, 42], [39, 82], [34, 28], [21, 103], [35, 102], [35, 78], [14, 55], [41, 12], [28, 5], [54, 71], [46, 32], [29, 109], [28, 92], [21, 98], [45, 56], [15, 112], [3, 31], [10, 131], [41, 9], [45, 60], [0, 0]]","[0, 9, 19, 8, 3, 11, 1, 15, 20, 10, 2, 13, 14, 4, 16, 18, 12, 5, 6, 7, 17, 21]",354.80464043049216,14.254435300827026
