Id,Coordinates,Order,Distance,Time
6951,"[[0, 0], [41, 46], [6, 111], [63, 47], [58, 48], [22, 108], [37, 72], [25, 109], [53, 109], [51, 112], [49, 30], [34, 101], [7, 8], [19, 26], [46, 118], [6, 15], [21, 15], [58, 34], [18, 13], [56, 55], [3, 8], [0, 0]]","[0, 12, 18, 16, 1, 4, 3, 17, 10, 19, 11, 7, 5, 2, 14, 9, 8, 6, 13, 15, 20, 21]",391.5588729162449,17.929771184921265
