Id,Coordinates,Order,Distance,Time
4602,"[[0, 0], [12, 39], [19, 42], [49, 32], [50, 51], [44, 24], [49, 43], [5, 59], [52, 10], [47, 62], [52, 58], [18, 46], [8, 55], [45, 43], [2, 12], [9, 41], [51, 2], [33, 32], [16, 51], [32, 8], [10, 39], [0, 0]]","[0, 14, 20, 1, 15, 11, 18, 12, 7, 2, 17, 13, 4, 10, 9, 6, 3, 5, 8, 16, 19, 21]",269.8152322109463,16.155741453170776
