Id,Coordinates,Order,Distance,Time
1889,"[[0, 0], [1, 76], [1, 133], [6, 24], [9, 38], [1, 124], [7, 103], [5, 56], [7, 100], [8, 93], [5, 21], [3, 34], [6, 81], [7, 118], [3, 81], [3, 85], [3, 109], [3, 121], [2, 131], [8, 39], [1, 10], [0, 0]]","[0, 20, 10, 3, 4, 19, 7, 1, 14, 15, 9, 8, 6, 13, 17, 18, 2, 5, 16, 12, 11, 21]",272.00454504343634,17.835996627807617
