Id,Coordinates,Order,Distance,Time
7571,"[[0, 0], [16, 17], [29, 29], [70, 123], [26, 104], [4, 134], [31, 107], [49, 125], [17, 91], [49, 185], [90, 110], [85, 156], [23, 168], [54, 112], [55, 180], [51, 42], [24, 44], [78, 92], [46, 131], [93, 174], [26, 90], [0, 0]]","[0, 1, 2, 15, 20, 4, 6, 18, 7, 13, 3, 17, 10, 11, 19, 14, 9, 12, 5, 8, 16, 21]",586.3692830889702,16.3691189289093
