Id,Coordinates,Order,Distance,Time
6628,"[[0, 0], [49, 12], [47, 3], [29, 8], [58, 6], [34, 8], [37, 9], [25, 13], [65, 1], [53, 9], [40, 7], [72, 18], [45, 14], [63, 17], [66, 21], [15, 14], [8, 17], [46, 5], [53, 15], [15, 19], [32, 6], [0, 0]]","[0, 16, 19, 15, 7, 3, 5, 10, 17, 2, 18, 13, 14, 11, 8, 4, 9, 1, 12, 6, 20, 21]",191.6002042755477,17.762479782104492
