Id,Coordinates,Order,Distance,Time
3083,"[[0, 0], [14, 87], [8, 65], [33, 71], [20, 62], [35, 59], [30, 56], [32, 29], [32, 79], [16, 42], [15, 86], [7, 50], [12, 33], [16, 24], [39, 35], [34, 86], [2, 62], [17, 43], [2, 62], [44, 22], [23, 31], [0, 0]]","[0, 13, 12, 11, 16, 18, 2, 4, 6, 5, 3, 8, 15, 1, 10, 17, 9, 20, 7, 14, 19, 21]",292.9908578707205,17.020221948623657
