Id,Coordinates,Order,Distance,Time
1131,"[[0, 0], [67, 78], [99, 77], [9, 76], [141, 26], [110, 30], [113, 62], [11, 66], [30, 65], [122, 6], [67, 3], [110, 63], [72, 9], [123, 77], [26, 44], [49, 6], [113, 37], [4, 47], [147, 57], [14, 68], [147, 57], [0, 0]]","[0, 17, 7, 3, 19, 8, 15, 10, 12, 5, 16, 6, 13, 18, 20, 4, 9, 11, 2, 1, 14, 21]",587.2750632357838,18.26601004600525
