Id,Coordinates,Order,Distance,Time
1415,"[[0, 0], [5, 34], [11, 73], [2, 104], [18, 8], [17, 42], [5, 24], [9, 17], [12, 10], [4, 124], [16, 163], [6, 81], [2, 92], [11, 114], [19, 74], [16, 129], [14, 12], [18, 81], [15, 36], [3, 55], [13, 120], [0, 0]]","[0, 8, 16, 4, 7, 6, 1, 18, 5, 14, 17, 11, 12, 3, 13, 20, 15, 10, 9, 2, 19, 21]",375.58380928790933,14.495295286178589
