Id,Coordinates,Order,Distance,Time
3277,"[[0, 0], [12, 93], [5, 183], [3, 140], [18, 42], [20, 175], [14, 84], [5, 30], [12, 144], [5, 109], [4, 1], [16, 154], [7, 92], [8, 41], [17, 26], [18, 63], [14, 170], [4, 102], [18, 186], [8, 29], [12, 146], [0, 0]]","[0, 10, 19, 7, 13, 6, 12, 17, 9, 8, 20, 11, 16, 5, 18, 2, 3, 1, 15, 4, 14, 21]",402.21390995275203,12.009267091751099
