Id,Coordinates,Order,Distance,Time
7645,"[[0, 0], [31, 133], [37, 106], [68, 88], [60, 16], [13, 103], [34, 32], [16, 29], [7, 139], [51, 16], [59, 57], [53, 81], [58, 14], [25, 14], [48, 53], [64, 51], [45, 32], [36, 139], [32, 35], [61, 88], [54, 97], [0, 0]]","[0, 13, 18, 6, 16, 9, 12, 4, 15, 10, 14, 11, 19, 3, 20, 2, 1, 17, 8, 5, 7, 21]",436.4329230155667,19.465495824813843
