Id,Coordinates,Order,Distance,Time
5335,"[[0, 0], [7, 35], [1, 22], [76, 24], [27, 9], [44, 4], [14, 19], [16, 1], [4, 11], [12, 3], [54, 40], [33, 30], [10, 18], [24, 41], [3, 23], [3, 50], [6, 36], [70, 17], [69, 15], [46, 42], [70, 20], [0, 0]]","[0, 8, 12, 6, 2, 14, 1, 16, 15, 13, 11, 19, 10, 3, 20, 17, 18, 5, 4, 7, 9, 21]",246.13031488756369,13.587652683258057
