Id,Coordinates,Order,Distance,Time
7392,"[[0, 0], [26, 27], [42, 28], [56, 8], [60, 26], [117, 25], [97, 18], [25, 26], [26, 36], [94, 1], [92, 10], [56, 37], [89, 15], [40, 33], [62, 20], [66, 16], [20, 32], [65, 6], [117, 24], [37, 1], [4, 17], [0, 0]]","[0, 20, 16, 7, 1, 8, 13, 2, 11, 4, 14, 15, 12, 10, 6, 18, 5, 9, 17, 3, 19, 21]",305.9710423250992,17.192230463027954
