Id,Coordinates,Order,Distance,Time
5142,"[[0, 0], [2, 52], [3, 40], [6, 8], [1, 48], [14, 67], [9, 12], [4, 66], [40, 35], [11, 68], [40, 53], [41, 8], [13, 3], [28, 21], [27, 46], [14, 71], [15, 33], [21, 26], [8, 53], [35, 56], [9, 22], [0, 0]]","[0, 3, 6, 20, 17, 13, 11, 8, 14, 10, 19, 5, 9, 15, 7, 18, 1, 4, 2, 16, 12, 21]",259.9259338550387,17.818031549453735
