Id,Coordinates,Order,Distance,Time
8345,"[[0, 0], [37, 23], [12, 17], [23, 100], [27, 58], [18, 10], [4, 78], [18, 8], [1, 18], [16, 22], [26, 86], [40, 97], [36, 56], [19, 11], [22, 4], [44, 47], [20, 95], [30, 2], [30, 78], [46, 100], [23, 59], [0, 0]]","[0, 2, 9, 13, 5, 7, 14, 17, 1, 15, 12, 4, 20, 18, 10, 16, 3, 19, 11, 6, 8, 21]",321.80851061106125,16.975003004074097
