Id,Coordinates,Order,Distance,Time
6520,"[[0, 0], [9, 22], [22, 19], [26, 17], [23, 16], [69, 24], [30, 7], [54, 13], [3, 15], [44, 24], [36, 11], [4, 16], [75, 1], [25, 6], [9, 4], [64, 24], [6, 20], [28, 4], [36, 5], [62, 18], [41, 7], [0, 0]]","[0, 8, 11, 16, 1, 2, 4, 3, 6, 18, 10, 9, 7, 19, 15, 5, 12, 20, 17, 13, 14, 21]",218.6546766641266,17.81904673576355
