Id,Coordinates,Order,Distance,Time
3169,"[[0, 0], [100, 47], [92, 46], [17, 36], [112, 50], [140, 49], [22, 5], [32, 27], [159, 8], [117, 30], [146, 22], [120, 7], [8, 26], [31, 53], [161, 31], [62, 30], [125, 51], [164, 40], [50, 28], [88, 52], [83, 19], [0, 0]]","[0, 12, 3, 13, 7, 18, 15, 2, 19, 1, 4, 16, 5, 17, 14, 10, 8, 11, 9, 20, 6, 21]",467.44978041945825,18.248732089996338
