Id,Coordinates,Order,Distance,Time
2724,"[[0, 0], [32, 12], [132, 7], [33, 43], [19, 25], [139, 41], [65, 18], [123, 56], [152, 14], [18, 44], [152, 63], [154, 17], [114, 67], [126, 13], [46, 27], [115, 53], [149, 57], [30, 1], [42, 42], [69, 63], [4, 23], [0, 0]]","[0, 20, 4, 1, 14, 18, 3, 9, 19, 12, 15, 7, 10, 16, 5, 11, 8, 2, 13, 6, 17, 21]",485.2980780165225,15.745998859405518
