Id,Coordinates,Order,Distance,Time
7130,"[[0, 0], [58, 93], [52, 14], [27, 169], [16, 115], [24, 14], [142, 114], [115, 49], [78, 115], [60, 68], [112, 13], [77, 34], [157, 124], [39, 145], [66, 161], [104, 65], [96, 125], [4, 112], [38, 161], [161, 10], [20, 45], [0, 0]]","[0, 5, 2, 11, 8, 16, 14, 18, 3, 13, 4, 17, 1, 15, 7, 10, 19, 12, 6, 9, 20, 21]",891.0994785805773,13.989704847335815
