Id,Coordinates,Order,Distance,Time
3827,"[[0, 0], [67, 60], [141, 69], [182, 171], [14, 60], [23, 10], [30, 88], [147, 139], [8, 151], [190, 136], [182, 80], [62, 7], [27, 106], [162, 70], [137, 50], [193, 110], [23, 33], [193, 112], [38, 153], [5, 155], [83, 80], [0, 0]]","[0, 5, 16, 4, 6, 12, 8, 19, 18, 20, 14, 2, 13, 10, 15, 17, 9, 3, 7, 1, 11, 21]",792.802721388795,13.972290277481079
