Id,Coordinates,Order,Distance,Time
3260,"[[0, 0], [47, 74], [47, 87], [15, 142], [21, 153], [119, 118], [41, 131], [89, 117], [53, 168], [58, 134], [102, 80], [51, 75], [45, 82], [50, 16], [81, 119], [95, 109], [81, 134], [20, 79], [95, 58], [93, 111], [48, 130], [0, 0]]","[0, 13, 1, 11, 12, 2, 6, 20, 9, 16, 14, 7, 19, 15, 18, 10, 5, 8, 4, 3, 17, 21]",637.9159791192601,14.187007904052734
