Id,Coordinates,Order,Distance,Time
5012,"[[0, 0], [112, 27], [153, 117], [40, 15], [53, 106], [17, 108], [36, 89], [112, 76], [183, 37], [103, 44], [53, 55], [29, 35], [66, 48], [141, 23], [149, 17], [158, 84], [27, 50], [9, 111], [4, 81], [44, 5], [146, 117], [0, 0]]","[0, 19, 3, 10, 12, 9, 1, 13, 14, 8, 15, 2, 20, 7, 4, 6, 5, 17, 18, 16, 11, 21]",648.1701398944365,18.00998830795288
