Id,Coordinates,Order,Distance,Time
996,"[[0, 0], [40, 110], [21, 100], [10, 52], [9, 2], [35, 22], [7, 11], [28, 78], [19, 25], [35, 20], [30, 78], [20, 93], [16, 106], [24, 33], [29, 42], [9, 81], [17, 39], [39, 5], [19, 44], [18, 1], [6, 1], [0, 0]]","[0, 20, 4, 19, 17, 8, 16, 14, 5, 9, 13, 3, 15, 11, 2, 12, 1, 10, 7, 18, 6, 21]",360.34260325258225,16.827396631240845
