Id,Coordinates,Order,Distance,Time
2459,"[[0, 0], [45, 101], [24, 119], [91, 56], [57, 5], [23, 56], [70, 138], [80, 28], [11, 154], [49, 85], [13, 37], [76, 137], [66, 35], [20, 140], [45, 135], [21, 144], [17, 48], [11, 160], [3, 58], [5, 117], [23, 153], [0, 0]]","[0, 10, 16, 18, 5, 9, 1, 2, 19, 13, 15, 8, 17, 20, 14, 6, 11, 3, 7, 12, 4, 21]",531.3880362545841,15.802676439285278
