Id,Coordinates,Order,Distance,Time
8101,"[[0, 0], [40, 10], [4, 129], [55, 140], [100, 113], [111, 130], [118, 152], [105, 74], [131, 75], [128, 155], [23, 134], [123, 19], [135, 171], [138, 19], [76, 141], [104, 94], [68, 141], [38, 173], [136, 34], [113, 145], [142, 108], [0, 0]]","[0, 1, 11, 13, 18, 8, 7, 15, 4, 5, 20, 12, 9, 6, 19, 14, 16, 3, 17, 10, 2, 21]",704.640429575062,16.459535598754883
