Id,Coordinates,Order,Distance,Time
356,"[[0, 0], [23, 67], [20, 35], [13, 51], [4, 64], [1, 84], [4, 81], [19, 44], [21, 64], [4, 81], [21, 30], [18, 74], [22, 23], [18, 33], [9, 53], [7, 2], [3, 20], [22, 30], [12, 23], [9, 70], [7, 28], [0, 0]]","[0, 15, 18, 12, 17, 10, 13, 2, 7, 3, 14, 19, 8, 1, 11, 6, 9, 5, 4, 20, 16, 21]",223.72122981231138,19.94132924079895
