Id,Coordinates,Order,Distance,Time
8809,"[[0, 0], [11, 56], [129, 7], [89, 9], [96, 66], [59, 126], [107, 139], [25, 63], [52, 90], [127, 95], [63, 79], [32, 67], [113, 34], [33, 17], [53, 1], [106, 42], [63, 92], [14, 102], [122, 61], [20, 6], [44, 110], [0, 0]]","[0, 19, 13, 14, 3, 2, 12, 4, 10, 16, 8, 20, 5, 6, 9, 18, 15, 11, 7, 17, 1, 21]",697.3189275163629,17.448047876358032
