Id,Coordinates,Order,Distance,Time
8456,"[[0, 0], [71, 95], [33, 133], [33, 109], [145, 154], [170, 174], [77, 57], [41, 58], [61, 130], [4, 12], [171, 84], [108, 37], [73, 10], [35, 129], [59, 92], [69, 18], [124, 52], [81, 69], [51, 120], [155, 103], [34, 40], [0, 0]]","[0, 9, 6, 17, 14, 18, 8, 2, 13, 3, 15, 12, 11, 16, 10, 19, 5, 4, 1, 7, 20, 21]",811.1863397655198,16.935094118118286
