Id,Coordinates,Order,Distance,Time
118,"[[0, 0], [150, 19], [105, 9], [134, 18], [114, 8], [53, 17], [28, 7], [44, 24], [79, 5], [67, 11], [133, 6], [133, 1], [174, 1], [164, 22], [170, 10], [23, 16], [134, 20], [84, 21], [48, 17], [27, 18], [145, 20], [0, 0]]","[0, 15, 19, 7, 5, 9, 8, 2, 4, 3, 16, 20, 1, 13, 14, 12, 11, 10, 17, 18, 6, 21]",387.6599877531594,23.975998401641846
