Id,Coordinates,Order,Distance,Time
7946,"[[0, 0], [45, 39], [2, 57], [62, 71], [35, 74], [17, 74], [56, 80], [101, 57], [27, 65], [75, 8], [102, 40], [50, 62], [2, 44], [41, 47], [88, 32], [50, 40], [81, 54], [24, 43], [55, 9], [95, 17], [31, 43], [0, 0]]","[0, 12, 2, 5, 8, 4, 11, 6, 3, 16, 7, 10, 14, 19, 9, 18, 15, 1, 13, 20, 17, 21]",403.0528470950762,19.805798053741455
