Id,Coordinates,Order,Distance,Time
626,"[[0, 0], [7, 19], [26, 52], [15, 129], [37, 70], [109, 46], [24, 48], [53, 68], [127, 115], [22, 163], [143, 108], [140, 20], [100, 134], [104, 56], [133, 30], [62, 95], [105, 46], [22, 101], [7, 140], [89, 171], [75, 53], [0, 0]]","[0, 1, 20, 13, 16, 5, 14, 11, 10, 8, 12, 19, 9, 18, 3, 17, 15, 7, 4, 2, 6, 21]",658.3248995121211,19.49291205406189
