Id,Coordinates,Order,Distance,Time
2873,"[[0, 0], [106, 73], [57, 12], [53, 74], [103, 96], [120, 146], [50, 145], [79, 74], [74, 1], [141, 66], [136, 109], [142, 13], [166, 61], [49, 119], [177, 18], [151, 143], [34, 100], [116, 8], [64, 95], [30, 146], [153, 24], [0, 0]]","[0, 2, 8, 17, 11, 20, 14, 12, 9, 1, 18, 16, 13, 19, 6, 5, 15, 10, 4, 7, 3, 21]",770.8577081304237,14.816195726394653
