Id,Coordinates,Order,Distance,Time
6492,"[[0, 0], [134, 1], [137, 18], [108, 126], [13, 84], [76, 65], [82, 6], [63, 11], [42, 168], [101, 46], [57, 132], [15, 33], [37, 154], [16, 90], [98, 120], [35, 20], [54, 79], [42, 6], [1, 150], [107, 72], [81, 76], [0, 0]]","[0, 11, 15, 17, 7, 9, 20, 5, 16, 13, 4, 18, 12, 8, 10, 14, 3, 19, 2, 1, 6, 21]",747.5447240406367,15.213984251022339
