Id,Coordinates,Order,Distance,Time
7671,"[[0, 0], [30, 17], [63, 15], [56, 6], [3, 7], [27, 9], [44, 16], [50, 19], [57, 2], [11, 19], [16, 1], [31, 6], [15, 4], [66, 13], [34, 4], [64, 12], [49, 9], [41, 4], [66, 11], [20, 2], [28, 3], [0, 0]]","[0, 12, 10, 19, 20, 11, 14, 17, 16, 3, 8, 15, 18, 13, 2, 7, 6, 1, 5, 9, 4, 21]",169.73632993116718,16.529723644256592
