Id,Coordinates,Order,Distance,Time
4351,"[[0, 0], [82, 40], [99, 63], [58, 14], [15, 148], [101, 99], [85, 109], [79, 171], [69, 149], [2, 132], [58, 122], [106, 97], [3, 75], [139, 75], [106, 112], [34, 62], [107, 96], [134, 19], [49, 49], [54, 135], [91, 46], [0, 0]]","[0, 1, 20, 16, 11, 5, 14, 6, 10, 19, 8, 7, 4, 9, 12, 15, 18, 2, 13, 17, 3, 21]",768.5773024581963,16.80573344230652
