Id,Coordinates,Order,Distance,Time
9536,"[[0, 0], [77, 2], [15, 112], [106, 35], [94, 94], [139, 77], [77, 76], [93, 114], [120, 64], [22, 28], [70, 55], [6, 6], [146, 3], [25, 19], [54, 75], [127, 3], [103, 49], [139, 13], [5, 44], [23, 54], [127, 116], [0, 0]]","[0, 11, 13, 9, 18, 19, 2, 14, 10, 16, 3, 8, 5, 20, 7, 4, 6, 15, 17, 12, 1, 21]",706.9226469594873,13.636215925216675
