Id,Coordinates,Order,Distance,Time
354,"[[0, 0], [23, 165], [86, 82], [78, 68], [93, 7], [54, 195], [173, 174], [90, 55], [164, 52], [111, 195], [56, 16], [82, 101], [91, 10], [31, 2], [105, 112], [112, 58], [163, 193], [21, 42], [168, 120], [94, 130], [126, 189], [0, 0]]","[0, 13, 10, 4, 12, 7, 3, 2, 11, 19, 9, 20, 16, 6, 18, 8, 15, 14, 5, 1, 17, 21]",911.7338761279209,16.658599615097046
