Id,Coordinates,Order,Distance,Time
2649,"[[0, 0], [37, 10], [19, 50], [32, 51], [25, 17], [71, 40], [59, 46], [5, 24], [47, 44], [67, 36], [2, 10], [84, 32], [11, 15], [83, 48], [58, 27], [4, 20], [65, 43], [36, 35], [25, 50], [37, 10], [45, 19], [0, 0]]","[0, 10, 15, 7, 12, 4, 1, 19, 20, 14, 9, 6, 8, 17, 2, 18, 3, 16, 5, 13, 11, 21]",338.33765361648716,15.450786828994751
