Id,Coordinates,Order,Distance,Time
8963,"[[0, 0], [37, 68], [25, 52], [83, 140], [118, 88], [136, 26], [74, 154], [123, 132], [35, 31], [68, 67], [44, 130], [160, 120], [143, 15], [172, 58], [11, 136], [147, 73], [130, 56], [163, 96], [104, 113], [59, 58], [74, 112], [0, 0]]","[0, 2, 1, 19, 9, 20, 3, 6, 10, 14, 18, 7, 11, 17, 15, 13, 12, 5, 16, 4, 8, 21]",797.0483861288698,14.521252393722534
