Id,Coordinates,Order,Distance,Time
6306,"[[0, 0], [10, 21], [31, 18], [9, 32], [20, 3], [8, 11], [20, 26], [10, 33], [7, 25], [24, 17], [11, 29], [18, 4], [12, 46], [19, 17], [15, 33], [12, 45], [27, 12], [23, 35], [10, 7], [28, 8], [31, 24], [0, 0]]","[0, 18, 5, 1, 10, 14, 6, 13, 9, 16, 19, 4, 11, 2, 20, 17, 15, 12, 7, 3, 8, 21]",186.2589519226198,20.557997226715088
