Id,Coordinates,Order,Distance,Time
9391,"[[0, 0], [2, 24], [110, 87], [21, 41], [92, 175], [112, 87], [19, 67], [68, 39], [59, 25], [98, 12], [41, 119], [99, 96], [113, 129], [106, 129], [54, 12], [5, 64], [109, 46], [113, 56], [79, 173], [77, 19], [96, 56], [0, 0]]","[0, 1, 3, 2, 5, 17, 20, 7, 8, 14, 19, 9, 16, 11, 13, 12, 4, 18, 10, 6, 15, 21]",700.470029726253,19.63254165649414
