Id,Coordinates,Order,Distance,Time
6325,"[[0, 0], [1, 13], [8, 69], [4, 159], [10, 38], [9, 93], [3, 57], [5, 120], [3, 26], [3, 92], [1, 10], [3, 67], [1, 81], [2, 97], [9, 31], [4, 8], [2, 86], [1, 112], [5, 102], [5, 26], [9, 89], [0, 0]]","[0, 10, 1, 8, 19, 14, 4, 6, 11, 12, 16, 20, 5, 18, 7, 3, 17, 13, 9, 2, 15, 21]",329.48452190437047,14.701671361923218
