Id,Coordinates,Order,Distance,Time
5636,"[[0, 0], [44, 5], [49, 6], [109, 4], [57, 9], [30, 5], [97, 14], [25, 5], [65, 2], [115, 3], [6, 10], [49, 14], [19, 10], [16, 10], [140, 2], [60, 10], [96, 4], [56, 1], [117, 9], [84, 9], [77, 3], [0, 0]]","[0, 10, 13, 12, 7, 5, 1, 2, 11, 4, 15, 8, 20, 19, 16, 3, 9, 14, 18, 6, 17, 21]",307.6430193596545,14.169180154800415
