Id,Coordinates,Order,Distance,Time
2594,"[[0, 0], [3, 130], [19, 104], [16, 80], [23, 48], [7, 58], [16, 131], [5, 64], [2, 109], [8, 138], [3, 50], [4, 56], [6, 1], [2, 30], [25, 146], [4, 59], [24, 73], [15, 81], [20, 118], [13, 87], [11, 88], [0, 0]]","[0, 12, 13, 10, 11, 15, 5, 7, 3, 17, 19, 20, 2, 18, 6, 9, 1, 14, 8, 16, 4, 21]",359.1379941861032,17.191333055496216
