Id,Coordinates,Order,Distance,Time
7356,"[[0, 0], [15, 21], [28, 26], [2, 14], [8, 16], [12, 17], [17, 15], [21, 15], [6, 18], [22, 17], [25, 6], [11, 16], [18, 1], [3, 14], [24, 18], [30, 14], [20, 7], [31, 27], [3, 11], [21, 8], [7, 23], [0, 0]]","[0, 18, 13, 3, 8, 4, 11, 5, 6, 7, 9, 14, 15, 10, 12, 16, 19, 17, 2, 1, 20, 21]",144.99414608498853,13.58238959312439
