Id,Coordinates,Order,Distance,Time
9343,"[[0, 0], [52, 38], [64, 63], [144, 66], [78, 14], [134, 19], [155, 44], [151, 52], [40, 34], [140, 25], [156, 22], [144, 14], [51, 66], [12, 27], [130, 5], [101, 26], [60, 16], [2, 69], [90, 23], [139, 7], [29, 31], [0, 0]]","[0, 20, 8, 1, 16, 4, 18, 15, 14, 19, 11, 5, 9, 10, 6, 7, 3, 2, 12, 17, 13, 21]",484.82384708650113,14.536046266555786
