Id,Coordinates,Order,Distance,Time
6581,"[[0, 0], [61, 15], [33, 8], [61, 18], [37, 21], [57, 14], [34, 11], [21, 9], [53, 19], [62, 13], [42, 1], [36, 20], [31, 8], [42, 13], [5, 7], [10, 1], [62, 20], [21, 12], [3, 14], [38, 5], [71, 3], [0, 0]]","[0, 14, 18, 7, 17, 12, 2, 6, 13, 11, 4, 8, 5, 1, 9, 3, 16, 20, 10, 19, 15, 21]",199.89372310941496,15.025776624679565
