Id,Coordinates,Order,Distance,Time
4772,"[[0, 0], [9, 93], [125, 48], [6, 24], [32, 13], [118, 36], [59, 19], [22, 5], [44, 30], [53, 89], [120, 4], [81, 61], [28, 11], [104, 69], [106, 81], [84, 41], [35, 50], [123, 53], [91, 39], [19, 53], [23, 65], [0, 0]]","[0, 7, 12, 4, 8, 6, 15, 13, 14, 17, 2, 5, 10, 18, 11, 9, 1, 20, 16, 19, 3, 21]",514.6124416702256,13.992172956466675
