Id,Coordinates,Order,Distance,Time
8195,"[[0, 0], [38, 21], [55, 4], [170, 24], [63, 29], [32, 25], [114, 7], [101, 26], [170, 12], [127, 29], [127, 12], [31, 4], [113, 17], [168, 17], [99, 23], [164, 14], [45, 6], [45, 13], [158, 6], [18, 18], [35, 14], [0, 0]]","[0, 19, 5, 1, 17, 16, 2, 14, 7, 12, 6, 10, 18, 15, 13, 8, 3, 9, 4, 20, 11, 21]",410.7007328327554,20.229968786239624
