Id,Coordinates,Order,Distance,Time
1737,"[[0, 0], [37, 86], [32, 65], [3, 2], [117, 1], [21, 45], [123, 49], [81, 1], [86, 25], [122, 15], [60, 66], [50, 81], [87, 8], [7, 11], [123, 28], [29, 59], [121, 82], [9, 34], [52, 27], [17, 39], [30, 40], [0, 0]]","[0, 13, 17, 19, 5, 20, 15, 2, 1, 11, 10, 8, 12, 7, 4, 9, 14, 6, 16, 18, 3, 21]",480.9594450914911,19.319999933242798
