Id,Coordinates,Order,Distance,Time
735,"[[0, 0], [27, 27], [100, 9], [159, 41], [131, 36], [69, 74], [77, 6], [122, 41], [162, 17], [49, 50], [118, 41], [77, 71], [9, 4], [142, 53], [149, 60], [23, 61], [93, 45], [140, 59], [4, 17], [123, 54], [120, 18], [0, 0]]","[0, 18, 1, 15, 9, 5, 11, 16, 10, 7, 19, 17, 13, 14, 3, 8, 4, 20, 2, 6, 12, 21]",476.7407783301623,19.521893739700317
