Id,Coordinates,Order,Distance,Time
7066,"[[0, 0], [29, 43], [96, 23], [25, 35], [17, 39], [19, 22], [51, 2], [57, 39], [129, 39], [47, 9], [83, 47], [88, 9], [106, 7], [93, 21], [95, 26], [74, 29], [122, 36], [48, 35], [115, 8], [6, 5], [129, 16], [0, 0]]","[0, 19, 5, 3, 4, 1, 17, 7, 15, 10, 14, 2, 12, 18, 20, 8, 16, 13, 11, 6, 9, 21]",375.6693538158372,17.989667177200317
