Id,Coordinates,Order,Distance,Time
9128,"[[0, 0], [63, 13], [3, 24], [31, 33], [5, 34], [26, 35], [69, 36], [28, 16], [8, 22], [27, 37], [67, 5], [39, 23], [72, 4], [37, 12], [16, 28], [2, 9], [65, 27], [44, 5], [51, 20], [15, 28], [53, 46], [0, 0]]","[0, 15, 8, 2, 4, 19, 14, 5, 9, 3, 13, 17, 10, 12, 1, 16, 6, 20, 18, 11, 7, 21]",270.04123515761296,14.409374475479126
