Id,Coordinates,Order,Distance,Time
8775,"[[0, 0], [70, 91], [79, 78], [130, 17], [180, 41], [71, 54], [120, 66], [137, 79], [97, 105], [31, 33], [25, 66], [170, 2], [117, 3], [139, 33], [74, 63], [85, 13], [119, 23], [138, 52], [103, 4], [69, 14], [117, 56], [0, 0]]","[0, 9, 10, 5, 14, 2, 1, 8, 6, 20, 17, 13, 3, 16, 12, 18, 11, 4, 7, 15, 19, 21]",693.1620035941339,16.85535454750061
