Id,Coordinates,Order,Distance,Time
8471,"[[0, 0], [37, 67], [26, 54], [70, 82], [43, 15], [49, 34], [19, 83], [24, 10], [45, 92], [70, 82], [10, 50], [56, 35], [1, 82], [25, 5], [49, 28], [49, 71], [74, 31], [41, 10], [41, 4], [23, 25], [30, 85], [0, 0]]","[0, 13, 7, 18, 17, 4, 14, 5, 11, 16, 2, 10, 12, 6, 20, 8, 3, 9, 15, 1, 19, 21]",395.07989059003836,16.649001121520996
