Id,Coordinates,Order,Distance,Time
7012,"[[0, 0], [27, 19], [8, 12], [62, 4], [6, 32], [9, 10], [23, 1], [28, 30], [39, 33], [31, 34], [42, 18], [58, 14], [9, 15], [30, 5], [24, 27], [21, 33], [61, 25], [5, 7], [41, 32], [39, 38], [12, 37], [0, 0]]","[0, 17, 5, 2, 12, 4, 20, 15, 14, 7, 9, 19, 18, 8, 1, 10, 16, 11, 3, 13, 6, 21]",226.12808771582183,15.202211380004883
