Id,Coordinates,Order,Distance,Time
2352,"[[0, 0], [22, 13], [140, 16], [115, 21], [164, 32], [13, 17], [58, 2], [160, 31], [23, 3], [15, 37], [58, 18], [106, 37], [46, 45], [23, 22], [66, 41], [124, 28], [77, 24], [104, 22], [140, 28], [93, 22], [164, 1], [0, 0]]","[0, 5, 1, 13, 9, 12, 14, 19, 17, 3, 18, 7, 4, 20, 2, 15, 11, 16, 10, 6, 8, 21]",439.4267708218861,17.27123498916626
