Id,Coordinates,Order,Distance,Time
7087,"[[0, 0], [8, 119], [6, 108], [14, 54], [22, 32], [6, 54], [13, 36], [13, 77], [17, 34], [5, 96], [12, 85], [21, 28], [21, 102], [14, 106], [8, 13], [19, 86], [10, 120], [20, 61], [13, 74], [19, 82], [9, 120], [0, 0]]","[0, 14, 11, 4, 8, 6, 3, 17, 18, 7, 10, 9, 2, 1, 20, 16, 13, 12, 15, 19, 5, 21]",267.7931135668666,14.404378652572632
