Id,Coordinates,Order,Distance,Time
2545,"[[0, 0], [4, 90], [5, 155], [8, 134], [2, 122], [9, 43], [7, 172], [8, 67], [9, 189], [6, 152], [6, 118], [1, 62], [4, 21], [4, 3], [1, 53], [9, 115], [9, 53], [6, 107], [2, 70], [2, 67], [3, 173], [0, 0]]","[0, 12, 14, 11, 19, 18, 1, 17, 15, 10, 3, 9, 2, 20, 8, 6, 4, 7, 16, 5, 13, 21]",384.25675808108485,14.59276556968689
