Id,Coordinates,Order,Distance,Time
4625,"[[0, 0], [15, 63], [93, 82], [41, 108], [187, 108], [14, 57], [141, 29], [39, 54], [174, 52], [74, 130], [13, 145], [36, 14], [87, 11], [28, 82], [21, 34], [177, 39], [4, 109], [193, 89], [189, 77], [115, 133], [78, 98], [0, 0]]","[0, 14, 5, 1, 13, 16, 10, 3, 9, 20, 2, 19, 4, 17, 18, 8, 15, 6, 12, 7, 11, 21]",749.8801556483543,17.14031672477722
