Id,Coordinates,Order,Distance,Time
518,"[[0, 0], [31, 5], [22, 17], [54, 27], [90, 30], [56, 1], [28, 27], [38, 13], [75, 13], [46, 7], [25, 23], [22, 18], [18, 14], [90, 4], [57, 25], [18, 30], [92, 22], [53, 24], [32, 9], [42, 30], [7, 26], [0, 0]]","[0, 12, 2, 11, 10, 18, 1, 7, 9, 5, 8, 13, 16, 4, 14, 3, 17, 19, 6, 15, 20, 21]",268.0872168105701,16.746434211730957
