Id,Coordinates,Order,Distance,Time
6271,"[[0, 0], [48, 105], [73, 104], [139, 11], [170, 7], [136, 16], [149, 123], [174, 55], [93, 57], [32, 97], [65, 14], [26, 58], [155, 40], [141, 129], [50, 93], [93, 104], [150, 90], [158, 18], [26, 85], [89, 44], [116, 24], [0, 0]]","[0, 11, 18, 9, 1, 14, 2, 15, 20, 5, 3, 4, 17, 12, 7, 16, 6, 13, 8, 19, 10, 21]",673.5830406193905,13.498359680175781
