Id,Coordinates,Order,Distance,Time
3780,"[[0, 0], [41, 164], [76, 25], [55, 126], [83, 61], [23, 1], [109, 148], [111, 168], [19, 132], [83, 131], [60, 142], [92, 56], [88, 157], [141, 127], [116, 18], [148, 14], [130, 91], [69, 158], [98, 161], [99, 116], [108, 12], [0, 0]]","[0, 5, 2, 20, 14, 15, 11, 4, 16, 13, 7, 18, 12, 10, 3, 9, 19, 6, 17, 1, 8, 21]",781.5157883299587,14.294135570526123
