Id,Coordinates,Order,Distance,Time
9393,"[[0, 0], [96, 57], [84, 12], [90, 168], [90, 138], [64, 34], [12, 118], [79, 84], [60, 92], [61, 172], [13, 170], [88, 118], [55, 12], [44, 134], [28, 30], [55, 113], [50, 133], [107, 68], [106, 124], [22, 74], [29, 2], [0, 0]]","[0, 20, 12, 5, 2, 1, 17, 7, 8, 15, 13, 16, 11, 18, 4, 3, 9, 10, 6, 19, 14, 21]",646.7763054769484,18.09920072555542
