Id,Coordinates,Order,Distance,Time
6372,"[[0, 0], [83, 80], [63, 62], [72, 138], [174, 132], [189, 47], [196, 156], [59, 64], [107, 5], [104, 81], [189, 133], [38, 56], [83, 178], [19, 129], [132, 29], [80, 37], [49, 120], [98, 4], [124, 60], [178, 173], [113, 145], [0, 0]]","[0, 11, 7, 2, 1, 9, 18, 15, 13, 16, 3, 12, 20, 19, 6, 10, 4, 5, 14, 8, 17, 21]",899.6842053900627,16.27277398109436
