Id,Coordinates,Order,Distance,Time
476,"[[0, 0], [43, 5], [46, 163], [78, 158], [21, 86], [23, 102], [70, 24], [46, 26], [9, 50], [61, 126], [78, 140], [54, 31], [29, 57], [80, 162], [26, 3], [33, 36], [67, 159], [49, 36], [77, 55], [28, 155], [46, 87], [0, 0]]","[0, 7, 11, 17, 15, 8, 12, 4, 5, 9, 10, 3, 13, 16, 2, 19, 20, 18, 6, 1, 14, 21]",546.3636223184691,12.497077703475952
