Id,Coordinates,Order,Distance,Time
3561,"[[0, 0], [128, 35], [23, 25], [118, 26], [57, 35], [20, 1], [55, 13], [102, 23], [82, 27], [136, 25], [48, 15], [50, 28], [15, 36], [56, 33], [67, 30], [100, 19], [92, 8], [136, 15], [47, 30], [62, 29], [95, 29], [0, 0]]","[0, 12, 2, 18, 11, 13, 4, 19, 14, 8, 20, 7, 3, 1, 9, 17, 15, 16, 6, 10, 5, 21]",338.6555189606965,15.82847547531128
