Id,Coordinates,Order,Distance,Time
7805,"[[0, 0], [36, 33], [194, 172], [115, 12], [179, 175], [175, 71], [98, 131], [147, 181], [68, 162], [1, 89], [41, 138], [11, 35], [132, 29], [124, 57], [39, 136], [155, 70], [9, 54], [148, 10], [130, 166], [193, 115], [43, 149], [0, 0]]","[0, 11, 16, 9, 14, 10, 20, 8, 6, 18, 7, 4, 2, 19, 5, 15, 13, 12, 17, 3, 1, 21]",730.2006407889819,18.695438623428345
