Id,Coordinates,Order,Distance,Time
5785,"[[0, 0], [29, 101], [51, 85], [23, 74], [78, 132], [89, 51], [53, 97], [54, 168], [93, 82], [92, 154], [19, 196], [117, 10], [112, 126], [126, 19], [19, 160], [39, 41], [109, 188], [88, 51], [1, 75], [42, 66], [44, 63], [0, 0]]","[0, 15, 20, 19, 3, 1, 6, 2, 5, 17, 13, 11, 8, 12, 9, 16, 7, 14, 10, 4, 18, 21]",865.4454245226851,14.646144390106201
