Id,Coordinates,Order,Distance,Time
2348,"[[0, 0], [86, 9], [14, 2], [59, 6], [33, 9], [15, 1], [28, 7], [43, 1], [82, 5], [42, 8], [64, 3], [23, 11], [64, 3], [13, 7], [54, 2], [24, 4], [80, 6], [47, 5], [75, 10], [87, 9], [23, 6], [0, 0]]","[0, 2, 5, 20, 15, 6, 4, 9, 17, 14, 10, 12, 16, 8, 1, 19, 18, 3, 7, 11, 13, 21]",187.52819583085778,15.537820100784302
