Id,Coordinates,Order,Distance,Time
8087,"[[0, 0], [84, 81], [119, 19], [63, 42], [4, 65], [4, 126], [70, 4], [147, 10], [61, 30], [124, 41], [101, 6], [35, 113], [157, 90], [59, 30], [145, 6], [135, 51], [79, 64], [104, 127], [59, 116], [77, 127], [68, 30], [0, 0]]","[0, 5, 11, 18, 19, 17, 1, 16, 3, 8, 13, 20, 6, 10, 2, 14, 7, 9, 15, 12, 4, 21]",780.4906862196215,14.403598308563232
