Id,Coordinates,Order,Distance,Time
5351,"[[0, 0], [36, 115], [177, 4], [35, 53], [33, 30], [142, 69], [81, 92], [70, 74], [152, 93], [42, 98], [121, 112], [140, 29], [121, 103], [83, 90], [84, 34], [151, 38], [34, 15], [129, 67], [173, 65], [170, 103], [174, 42], [0, 0]]","[0, 4, 3, 7, 13, 6, 9, 1, 10, 12, 8, 19, 18, 20, 2, 11, 15, 5, 17, 14, 16, 21]",685.660815514212,13.18077540397644
