Id,Coordinates,Order,Distance,Time
5634,"[[0, 0], [6, 35], [8, 72], [58, 32], [51, 69], [60, 45], [39, 88], [41, 67], [18, 71], [5, 28], [18, 33], [44, 57], [32, 77], [22, 28], [37, 89], [31, 39], [7, 56], [39, 34], [17, 76], [30, 26], [55, 22], [0, 0]]","[0, 9, 1, 10, 11, 7, 4, 6, 14, 12, 8, 18, 2, 16, 15, 17, 5, 3, 20, 19, 13, 21]",341.93822412587156,14.065006971359253
