Id,Coordinates,Order,Distance,Time
5695,"[[0, 0], [17, 29], [34, 24], [18, 1], [21, 19], [35, 23], [12, 19], [51, 4], [41, 31], [36, 33], [20, 23], [25, 14], [31, 2], [28, 20], [46, 23], [51, 32], [42, 2], [6, 14], [28, 13], [13, 10], [38, 8], [0, 0]]","[0, 6, 1, 10, 4, 11, 18, 13, 2, 5, 8, 9, 14, 15, 7, 16, 20, 12, 3, 19, 17, 21]",208.77553345954743,14.985756874084473
