Id,Coordinates,Order,Distance,Time
2848,"[[0, 0], [39, 16], [21, 15], [56, 11], [2, 71], [40, 41], [48, 38], [55, 68], [44, 45], [46, 80], [40, 90], [15, 52], [58, 11], [27, 56], [13, 46], [54, 41], [8, 83], [43, 88], [46, 60], [15, 4], [51, 44], [0, 0]]","[0, 19, 1, 3, 12, 6, 15, 20, 8, 13, 11, 14, 4, 16, 10, 17, 9, 7, 18, 5, 2, 21]",337.72498655740844,18.106020212173462
