Id,Coordinates,Order,Distance,Time
3604,"[[0, 0], [152, 93], [128, 28], [42, 36], [100, 83], [38, 57], [127, 26], [63, 112], [11, 61], [166, 29], [125, 70], [60, 37], [31, 70], [109, 109], [146, 69], [5, 1], [46, 34], [106, 63], [69, 113], [127, 89], [6, 73], [0, 0]]","[0, 15, 3, 5, 12, 8, 20, 7, 18, 13, 4, 17, 10, 19, 1, 14, 9, 2, 6, 11, 16, 21]",603.6429620705832,17.10565733909607
