Id,Coordinates,Order,Distance,Time
7827,"[[0, 0], [3, 24], [42, 143], [44, 124], [30, 155], [44, 127], [26, 115], [19, 37], [7, 74], [30, 96], [15, 56], [17, 44], [15, 115], [12, 72], [22, 26], [16, 17], [10, 32], [12, 137], [52, 1], [42, 84], [13, 158], [0, 0]]","[0, 18, 14, 7, 10, 13, 8, 9, 6, 12, 17, 20, 4, 2, 5, 3, 19, 11, 16, 1, 15, 21]",451.224915604186,14.858994007110596
