Id,Coordinates,Order,Distance,Time
750,"[[0, 0], [86, 33], [93, 30], [119, 21], [63, 6], [136, 33], [136, 47], [66, 3], [21, 9], [19, 18], [58, 19], [35, 52], [8, 16], [78, 45], [110, 52], [97, 49], [96, 44], [13, 24], [49, 55], [44, 36], [132, 27], [0, 0]]","[0, 12, 17, 9, 19, 11, 18, 13, 16, 15, 14, 6, 5, 20, 3, 2, 1, 7, 4, 10, 8, 21]",377.96932512136885,19.49402117729187
