Id,Coordinates,Order,Distance,Time
5985,"[[0, 0], [103, 111], [96, 9], [72, 54], [147, 54], [80, 24], [106, 17], [36, 87], [44, 118], [32, 7], [132, 78], [113, 30], [106, 12], [11, 124], [163, 32], [41, 130], [113, 11], [178, 131], [15, 60], [6, 47], [148, 58], [0, 0]]","[0, 19, 18, 13, 15, 8, 7, 3, 5, 12, 6, 11, 4, 20, 10, 1, 17, 14, 16, 2, 9, 21]",790.7536412792389,15.045965433120728
