Id,Coordinates,Order,Distance,Time
6803,"[[0, 0], [90, 11], [22, 27], [18, 2], [62, 23], [92, 17], [19, 18], [35, 34], [41, 32], [67, 15], [25, 12], [36, 26], [47, 17], [110, 9], [63, 20], [29, 8], [20, 16], [58, 25], [112, 25], [34, 28], [124, 15], [0, 0]]","[0, 16, 6, 2, 19, 11, 7, 8, 17, 4, 14, 1, 13, 20, 18, 5, 9, 12, 15, 10, 3, 21]",293.8427931709743,20.67396855354309
