Id,Coordinates,Order,Distance,Time
8518,"[[0, 0], [32, 10], [32, 14], [46, 8], [34, 5], [50, 12], [63, 6], [49, 6], [31, 14], [30, 16], [26, 18], [27, 6], [1, 15], [24, 9], [17, 4], [60, 7], [17, 8], [16, 10], [59, 1], [31, 15], [56, 19], [0, 0]]","[0, 12, 17, 16, 13, 10, 2, 8, 19, 9, 1, 5, 20, 15, 6, 18, 7, 3, 4, 11, 14, 21]",176.75462770679317,14.157455682754517
