Id,Coordinates,Order,Distance,Time
5310,"[[0, 0], [53, 38], [33, 169], [65, 98], [70, 174], [38, 1], [39, 149], [43, 49], [56, 83], [12, 136], [62, 46], [43, 125], [40, 2], [79, 124], [16, 99], [71, 94], [71, 137], [66, 40], [74, 107], [55, 110], [32, 168], [0, 0]]","[0, 5, 12, 1, 10, 17, 7, 8, 3, 15, 18, 13, 19, 11, 16, 4, 2, 20, 6, 9, 14, 21]",554.5783092537702,16.170442581176758
