Id,Coordinates,Order,Distance,Time
6081,"[[0, 0], [160, 14], [74, 68], [26, 33], [101, 16], [90, 32], [73, 31], [48, 51], [61, 72], [157, 3], [58, 3], [111, 15], [46, 9], [92, 11], [5, 89], [83, 13], [30, 93], [20, 65], [28, 75], [156, 65], [101, 94], [0, 0]]","[0, 3, 7, 8, 2, 6, 5, 15, 10, 12, 17, 18, 14, 16, 20, 19, 1, 9, 11, 4, 13, 21]",705.4447477498361,16.03746223449707
