Id,Coordinates,Order,Distance,Time
1313,"[[0, 0], [16, 3], [12, 15], [10, 21], [16, 12], [9, 9], [5, 12], [13, 3], [11, 28], [7, 1], [14, 26], [3, 22], [8, 1], [16, 7], [12, 3], [17, 13], [11, 14], [1, 1], [4, 13], [14, 22], [15, 9], [0, 0]]","[0, 17, 9, 12, 14, 7, 1, 13, 20, 4, 15, 2, 16, 3, 19, 10, 8, 11, 18, 6, 5, 21]",90.49553256173704,17.498398065567017
