Id,Coordinates,Order,Distance,Time
1867,"[[0, 0], [89, 17], [106, 40], [10, 86], [46, 94], [42, 68], [6, 46], [28, 51], [24, 16], [2, 63], [47, 86], [88, 15], [6, 51], [2, 75], [74, 67], [58, 37], [5, 54], [97, 37], [11, 48], [5, 19], [38, 7], [0, 0]]","[0, 19, 7, 18, 6, 12, 16, 9, 13, 3, 4, 10, 5, 14, 17, 2, 1, 11, 15, 20, 8, 21]",416.4621316138922,16.1362407207489
