Id,Coordinates,Order,Distance,Time
4900,"[[0, 0], [11, 22], [8, 36], [9, 44], [7, 34], [17, 16], [18, 8], [23, 12], [17, 6], [1, 42], [7, 43], [2, 38], [15, 29], [12, 46], [21, 31], [20, 5], [8, 8], [21, 36], [4, 37], [5, 21], [2, 27], [0, 0]]","[0, 8, 15, 6, 7, 5, 19, 20, 4, 2, 18, 11, 9, 10, 3, 13, 17, 14, 12, 1, 16, 21]",148.83503696832216,14.795363426208496
