Id,Coordinates,Order,Distance,Time
4522,"[[0, 0], [9, 12], [13, 6], [21, 6], [20, 2], [20, 4], [20, 11], [18, 10], [17, 14], [21, 8], [12, 5], [17, 12], [7, 5], [18, 7], [18, 5], [21, 3], [5, 2], [15, 15], [19, 6], [17, 14], [9, 16], [0, 0]]","[0, 16, 10, 2, 13, 18, 14, 5, 4, 15, 3, 9, 6, 7, 11, 8, 19, 17, 20, 1, 12, 21]",69.82855893287248,17.214418411254883
