Id,Coordinates,Order,Distance,Time
3911,"[[0, 0], [1, 28], [31, 32], [23, 14], [28, 32], [15, 27], [25, 35], [11, 36], [17, 60], [17, 5], [23, 18], [9, 8], [12, 33], [31, 35], [7, 43], [12, 55], [7, 6], [11, 55], [28, 35], [11, 49], [1, 40], [0, 0]]","[0, 16, 11, 9, 3, 10, 5, 12, 7, 20, 14, 19, 17, 15, 8, 6, 18, 13, 2, 4, 1, 21]",188.64275831174,14.668612718582153
