Id,Coordinates,Order,Distance,Time
4902,"[[0, 0], [108, 79], [137, 105], [88, 97], [68, 135], [70, 46], [106, 102], [47, 138], [102, 7], [148, 42], [139, 71], [134, 35], [90, 94], [107, 12], [49, 30], [16, 4], [49, 12], [89, 49], [28, 127], [27, 51], [69, 72], [0, 0]]","[0, 15, 16, 14, 5, 20, 12, 6, 2, 10, 9, 11, 13, 8, 17, 1, 3, 4, 7, 18, 19, 21]",648.1364614561446,14.49345350265503
