Id,Coordinates,Order,Distance,Time
8971,"[[0, 0], [6, 12], [8, 3], [14, 18], [17, 23], [8, 13], [20, 29], [8, 2], [2, 2], [24, 20], [11, 4], [15, 1], [6, 2], [1, 22], [13, 3], [22, 30], [16, 12], [6, 16], [5, 15], [1, 18], [4, 25], [0, 0]]","[0, 8, 12, 7, 2, 10, 14, 11, 16, 9, 15, 6, 4, 3, 5, 1, 18, 17, 20, 13, 19, 21]",114.50028263304264,20.693714380264282
