Id,Coordinates,Order,Distance,Time
9182,"[[0, 0], [7, 79], [90, 26], [8, 37], [68, 58], [93, 16], [58, 71], [26, 71], [79, 71], [80, 60], [35, 30], [90, 8], [92, 28], [84, 52], [13, 77], [70, 104], [92, 73], [33, 34], [43, 15], [8, 51], [35, 88], [0, 0]]","[0, 3, 19, 1, 14, 7, 20, 6, 4, 8, 15, 16, 9, 13, 12, 2, 5, 11, 18, 10, 17, 21]",443.1193428366971,14.205973148345947
