Id,Coordinates,Order,Distance,Time
7773,"[[0, 0], [165, 54], [154, 92], [173, 93], [57, 32], [83, 92], [185, 75], [164, 85], [89, 119], [148, 92], [67, 37], [61, 111], [43, 39], [70, 6], [187, 121], [84, 82], [82, 94], [105, 64], [107, 80], [160, 108], [118, 102], [0, 0]]","[0, 12, 4, 10, 17, 18, 15, 5, 16, 11, 8, 20, 9, 2, 19, 14, 3, 7, 6, 1, 13, 21]",628.7294738348327,15.062854051589966
