Id,Coordinates,Order,Distance,Time
4091,"[[0, 0], [23, 4], [93, 4], [74, 19], [95, 19], [131, 7], [60, 18], [86, 20], [22, 2], [37, 10], [151, 20], [127, 5], [68, 7], [135, 10], [105, 5], [28, 13], [104, 5], [114, 14], [103, 2], [161, 18], [44, 8], [0, 0]]","[0, 8, 1, 9, 6, 3, 7, 4, 16, 14, 11, 5, 13, 10, 19, 17, 18, 2, 12, 20, 15, 21]",346.7047292369451,16.54263687133789
