Id,Coordinates,Order,Distance,Time
374,"[[0, 0], [14, 8], [23, 12], [41, 1], [39, 11], [10, 10], [35, 8], [40, 4], [36, 7], [42, 10], [11, 7], [34, 9], [3, 5], [9, 4], [60, 10], [41, 7], [29, 8], [12, 2], [41, 4], [25, 14], [63, 5], [0, 0]]","[0, 12, 13, 10, 5, 1, 2, 19, 16, 11, 6, 8, 4, 9, 15, 7, 18, 14, 20, 3, 17, 21]",154.7555982447946,22.04268193244934
