Id,Coordinates,Order,Distance,Time
3715,"[[0, 0], [79, 61], [109, 65], [155, 46], [147, 22], [68, 23], [42, 63], [27, 8], [169, 37], [119, 62], [169, 3], [47, 14], [69, 58], [163, 9], [86, 65], [157, 59], [154, 10], [50, 17], [55, 50], [168, 17], [15, 24], [0, 0]]","[0, 7, 11, 17, 18, 6, 12, 1, 14, 2, 9, 15, 3, 8, 19, 10, 13, 16, 4, 5, 20, 21]",477.1728250780915,14.179299592971802
