Id,Coordinates,Order,Distance,Time
1726,"[[0, 0], [86, 9], [48, 40], [25, 4], [63, 10], [148, 14], [129, 24], [23, 1], [56, 11], [22, 36], [16, 44], [26, 23], [5, 7], [139, 19], [132, 13], [59, 19], [55, 44], [78, 22], [136, 4], [50, 43], [119, 30], [0, 0]]","[0, 12, 11, 9, 10, 2, 19, 16, 15, 17, 20, 6, 13, 5, 18, 14, 1, 4, 8, 3, 7, 21]",378.1661046139467,24.267486333847046
