Id,Coordinates,Order,Distance,Time
7292,"[[0, 0], [72, 77], [93, 88], [59, 49], [80, 67], [53, 83], [48, 73], [47, 74], [104, 51], [76, 70], [50, 7], [23, 20], [11, 21], [18, 94], [55, 63], [99, 67], [2, 1], [97, 77], [98, 39], [51, 89], [8, 22], [0, 0]]","[0, 16, 20, 12, 11, 3, 14, 6, 7, 13, 19, 5, 1, 9, 4, 2, 17, 15, 8, 18, 10, 21]",405.56191866473796,17.570410013198853
