Id,Coordinates,Order,Distance,Time
4354,"[[0, 0], [37, 73], [41, 156], [57, 116], [4, 95], [51, 64], [46, 53], [77, 17], [37, 19], [74, 49], [37, 90], [4, 68], [64, 173], [58, 134], [16, 54], [30, 162], [14, 66], [35, 47], [43, 173], [34, 173], [58, 59], [0, 0]]","[0, 8, 17, 6, 7, 9, 20, 5, 1, 10, 3, 13, 12, 18, 19, 15, 2, 4, 11, 16, 14, 21]",543.5083964144903,14.053499221801758
