Id,Coordinates,Order,Distance,Time
892,"[[0, 0], [60, 6], [12, 109], [20, 101], [58, 182], [10, 28], [19, 163], [56, 28], [24, 174], [47, 149], [38, 3], [45, 104], [66, 138], [39, 75], [50, 93], [31, 81], [27, 25], [5, 23], [38, 151], [23, 12], [52, 5], [0, 0]]","[0, 17, 5, 16, 19, 10, 20, 1, 7, 13, 14, 11, 12, 9, 18, 4, 8, 6, 2, 3, 15, 21]",536.0486273567473,15.625963926315308
