Id,Coordinates,Order,Distance,Time
582,"[[0, 0], [36, 63], [185, 89], [113, 111], [88, 29], [54, 19], [20, 50], [47, 130], [108, 82], [17, 88], [123, 144], [48, 84], [93, 134], [63, 12], [29, 17], [189, 148], [117, 21], [3, 17], [85, 72], [140, 107], [141, 73], [0, 0]]","[0, 14, 5, 13, 4, 16, 20, 19, 3, 18, 11, 9, 7, 12, 10, 15, 2, 8, 1, 6, 17, 21]",847.6069040449709,17.434643745422363
