Id,Coordinates,Order,Distance,Time
1900,"[[0, 0], [73, 42], [183, 45], [49, 15], [116, 45], [186, 15], [37, 16], [35, 28], [135, 45], [175, 6], [190, 35], [3, 28], [190, 34], [69, 29], [32, 13], [96, 26], [38, 16], [51, 34], [77, 25], [141, 23], [61, 33], [0, 0]]","[0, 11, 7, 6, 16, 3, 17, 20, 13, 18, 15, 19, 9, 5, 12, 10, 2, 8, 4, 1, 14, 21]",474.25346489619653,16.33855962753296
