Id,Coordinates,Order,Distance,Time
5210,"[[0, 0], [15, 1], [127, 15], [48, 27], [13, 4], [5, 12], [137, 33], [96, 26], [112, 25], [138, 19], [128, 10], [67, 24], [108, 29], [84, 9], [47, 3], [45, 28], [135, 1], [22, 14], [80, 14], [101, 5], [26, 19], [0, 0]]","[0, 5, 17, 20, 15, 3, 11, 7, 12, 8, 2, 10, 16, 9, 6, 19, 13, 18, 14, 1, 4, 21]",346.3782717515702,14.901442527770996
