Id,Coordinates,Order,Distance,Time
469,"[[0, 0], [94, 3], [18, 32], [107, 7], [111, 48], [91, 19], [67, 80], [42, 77], [84, 20], [69, 59], [41, 67], [39, 21], [84, 56], [2, 56], [39, 38], [36, 56], [2, 53], [87, 5], [108, 28], [26, 68], [15, 80], [0, 0]]","[0, 2, 14, 15, 10, 19, 20, 13, 16, 7, 6, 9, 12, 4, 18, 5, 8, 3, 1, 17, 11, 21]",474.59527900839254,17.36519765853882
