Id,Coordinates,Order,Distance,Time
6781,"[[0, 0], [157, 10], [142, 3], [28, 7], [56, 6], [86, 6], [51, 1], [21, 6], [7, 9], [137, 9], [73, 5], [92, 2], [167, 2], [179, 8], [115, 7], [70, 1], [146, 8], [115, 6], [118, 1], [45, 1], [146, 8], [0, 0]]","[0, 8, 7, 3, 19, 6, 4, 10, 5, 17, 14, 9, 16, 20, 1, 13, 12, 2, 18, 11, 15, 21]",367.9430983158219,20.961971521377563
