Id,Coordinates,Order,Distance,Time
7089,"[[0, 0], [15, 33], [9, 86], [12, 77], [1, 1], [20, 36], [38, 12], [6, 75], [11, 74], [21, 66], [17, 53], [7, 89], [15, 95], [28, 75], [26, 15], [49, 12], [51, 88], [48, 15], [33, 92], [16, 90], [25, 30], [0, 0]]","[0, 4, 14, 6, 15, 17, 20, 5, 10, 3, 8, 7, 2, 11, 19, 12, 18, 16, 13, 9, 1, 21]",314.3681789394214,16.843011617660522
