Id,Coordinates,Order,Distance,Time
3190,"[[0, 0], [34, 92], [2, 36], [14, 14], [21, 37], [56, 25], [50, 64], [2, 72], [6, 38], [21, 102], [55, 32], [16, 1], [31, 26], [6, 16], [16, 28], [6, 48], [24, 82], [11, 42], [6, 69], [3, 105], [35, 95], [0, 0]]","[0, 13, 14, 4, 17, 8, 2, 15, 18, 7, 19, 9, 20, 1, 16, 6, 10, 5, 12, 3, 11, 21]",333.0240963876494,20.08740997314453
