Id,Coordinates,Order,Distance,Time
7077,"[[0, 0], [44, 73], [40, 64], [64, 8], [36, 115], [42, 10], [67, 50], [38, 68], [20, 101], [4, 130], [14, 107], [54, 87], [53, 51], [8, 142], [53, 30], [31, 30], [68, 29], [19, 165], [65, 122], [32, 87], [28, 56], [0, 0]]","[0, 15, 14, 16, 6, 12, 2, 7, 1, 19, 8, 10, 9, 13, 17, 4, 18, 11, 20, 5, 3, 21]",547.950398181459,14.803899049758911
