Id,Coordinates,Order,Distance,Time
913,"[[0, 0], [61, 115], [4, 74], [87, 21], [39, 122], [33, 17], [73, 86], [95, 95], [54, 16], [66, 55], [66, 13], [100, 34], [81, 68], [71, 84], [17, 122], [96, 144], [48, 45], [105, 81], [80, 97], [110, 35], [77, 105], [0, 0]]","[0, 5, 8, 10, 3, 11, 19, 12, 13, 6, 18, 20, 1, 4, 14, 15, 7, 17, 9, 16, 2, 21]",614.0763660445048,16.720995664596558
