Id,Coordinates,Order,Distance,Time
6676,"[[0, 0], [48, 4], [94, 21], [99, 36], [59, 41], [64, 39], [105, 18], [92, 27], [91, 3], [91, 35], [39, 36], [64, 40], [77, 38], [29, 42], [29, 36], [38, 8], [105, 14], [64, 30], [87, 38], [98, 30], [27, 28], [0, 0]]","[0, 15, 1, 4, 11, 5, 12, 18, 9, 3, 19, 7, 2, 6, 16, 8, 17, 10, 13, 14, 20, 21]",310.42437751150686,18.875585556030273
