Id,Coordinates,Order,Distance,Time
6511,"[[0, 0], [119, 60], [65, 31], [103, 64], [7, 80], [45, 46], [116, 46], [34, 42], [44, 3], [18, 78], [1, 74], [71, 39], [54, 49], [120, 70], [25, 61], [52, 65], [33, 11], [84, 48], [106, 40], [118, 33], [40, 83], [0, 0]]","[0, 16, 8, 2, 11, 17, 18, 19, 6, 1, 13, 3, 12, 5, 15, 20, 9, 4, 10, 14, 7, 21]",448.24342376894384,15.076243877410889
