Id,Coordinates,Order,Distance,Time
2099,"[[0, 0], [132, 128], [140, 127], [171, 172], [151, 128], [4, 75], [80, 161], [36, 16], [20, 142], [7, 130], [117, 168], [103, 2], [99, 79], [141, 163], [108, 74], [43, 22], [124, 6], [115, 68], [89, 178], [102, 91], [56, 78], [0, 0]]","[0, 7, 15, 20, 12, 14, 17, 1, 2, 4, 3, 13, 10, 18, 6, 8, 9, 5, 19, 16, 11, 21]",849.4417555695821,15.607544898986816
