Id,Coordinates,Order,Distance,Time
5141,"[[0, 0], [12, 116], [4, 92], [22, 162], [7, 28], [27, 127], [20, 166], [31, 65], [9, 35], [20, 95], [13, 123], [19, 161], [21, 84], [5, 79], [8, 171], [26, 132], [29, 166], [16, 84], [34, 129], [3, 93], [22, 164], [0, 0]]","[0, 4, 8, 7, 12, 17, 2, 19, 1, 10, 5, 15, 14, 3, 20, 6, 11, 16, 18, 9, 13, 21]",421.98002476413404,19.18853521347046
