Id,Coordinates,Order,Distance,Time
9526,"[[0, 0], [73, 53], [15, 25], [54, 19], [37, 5], [48, 29], [34, 40], [37, 6], [83, 42], [18, 66], [35, 56], [7, 54], [82, 38], [23, 40], [61, 3], [21, 13], [15, 29], [43, 47], [32, 23], [7, 55], [82, 54], [0, 0]]","[0, 2, 16, 13, 6, 17, 10, 9, 19, 11, 5, 3, 7, 4, 14, 12, 8, 20, 1, 18, 15, 21]",379.0504058504075,17.979045152664185
