Id,Coordinates,Order,Distance,Time
6818,"[[0, 0], [7, 3], [6, 153], [7, 107], [6, 29], [1, 97], [6, 134], [5, 44], [4, 91], [6, 109], [1, 144], [10, 94], [5, 57], [10, 146], [6, 36], [3, 62], [6, 47], [3, 38], [4, 158], [10, 78], [5, 42], [0, 0]]","[0, 1, 4, 14, 20, 7, 16, 12, 15, 8, 5, 6, 10, 18, 2, 13, 9, 3, 11, 19, 17, 21]",325.84184877516043,18.05199956893921
