Id,Coordinates,Order,Distance,Time
222,"[[0, 0], [24, 13], [15, 14], [5, 12], [12, 16], [22, 45], [7, 21], [6, 62], [14, 15], [21, 47], [15, 53], [9, 15], [18, 29], [11, 41], [27, 49], [24, 12], [14, 50], [21, 58], [9, 27], [16, 21], [27, 32], [0, 0]]","[0, 3, 11, 4, 8, 2, 19, 12, 1, 15, 20, 5, 9, 14, 17, 10, 16, 7, 13, 18, 6, 21]",200.33165971944675,12.936550378799438
