Id,Coordinates,Order,Distance,Time
6015,"[[0, 0], [26, 15], [7, 42], [18, 34], [29, 34], [11, 42], [6, 104], [9, 92], [5, 6], [30, 54], [1, 30], [24, 36], [26, 62], [28, 19], [20, 66], [15, 95], [23, 55], [5, 114], [12, 2], [29, 51], [9, 2], [0, 0]]","[0, 8, 20, 18, 1, 13, 4, 11, 3, 16, 9, 19, 12, 14, 15, 6, 17, 7, 5, 2, 10, 21]",288.2598742936559,17.84346628189087
