Id,Coordinates,Order,Distance,Time
1962,"[[0, 0], [109, 10], [82, 21], [173, 32], [77, 9], [175, 72], [135, 16], [1, 1], [107, 58], [8, 16], [81, 15], [146, 27], [10, 67], [54, 65], [14, 37], [137, 63], [66, 25], [14, 32], [74, 29], [21, 54], [175, 80], [0, 0]]","[0, 7, 9, 17, 14, 19, 12, 13, 2, 10, 4, 1, 6, 11, 3, 5, 20, 15, 8, 18, 16, 21]",529.2219386088246,14.330498695373535
