Id,Coordinates,Order,Distance,Time
2499,"[[0, 0], [39, 53], [109, 84], [16, 2], [66, 68], [38, 90], [26, 87], [37, 45], [28, 55], [27, 28], [119, 100], [75, 65], [11, 46], [42, 63], [87, 94], [15, 16], [89, 1], [31, 105], [39, 93], [10, 34], [99, 96], [0, 0]]","[0, 15, 9, 19, 12, 8, 13, 4, 11, 14, 20, 10, 2, 18, 5, 17, 6, 1, 7, 16, 3, 21]",531.0165701348947,13.935070037841797
