Id,Coordinates,Order,Distance,Time
9181,"[[0, 0], [5, 27], [43, 177], [54, 69], [52, 74], [27, 71], [93, 71], [3, 16], [28, 84], [54, 124], [4, 39], [110, 148], [101, 116], [74, 37], [49, 11], [108, 107], [44, 52], [106, 74], [84, 145], [94, 184], [46, 114], [0, 0]]","[0, 7, 1, 10, 5, 8, 4, 3, 13, 6, 17, 15, 12, 11, 18, 19, 2, 9, 20, 16, 14, 21]",628.4661066657408,17.872011423110962
