Id,Coordinates,Order,Distance,Time
1717,"[[0, 0], [104, 78], [61, 38], [2, 78], [52, 105], [55, 194], [116, 56], [99, 21], [82, 147], [55, 38], [5, 189], [33, 159], [82, 196], [36, 167], [105, 56], [50, 95], [23, 80], [73, 57], [119, 54], [78, 78], [107, 163], [0, 0]]","[0, 9, 2, 17, 7, 14, 6, 18, 1, 19, 15, 4, 11, 13, 10, 5, 12, 20, 8, 16, 3, 21]",726.7060065347174,21.08497452735901
