Id,Coordinates,Order,Distance,Time
741,"[[0, 0], [28, 41], [54, 37], [21, 40], [55, 25], [25, 12], [11, 36], [1, 33], [54, 39], [12, 48], [19, 41], [53, 43], [18, 42], [8, 43], [46, 1], [28, 22], [16, 26], [42, 26], [24, 4], [12, 41], [35, 40], [0, 0]]","[0, 5, 15, 16, 7, 6, 19, 13, 9, 12, 10, 3, 1, 20, 17, 11, 8, 2, 4, 14, 18, 21]",245.29779395387826,15.275866031646729
