Id,Coordinates,Order,Distance,Time
3017,"[[0, 0], [13, 20], [48, 7], [49, 7], [51, 19], [17, 17], [4, 19], [26, 14], [14, 2], [2, 12], [33, 6], [16, 18], [45, 11], [20, 5], [32, 6], [3, 19], [38, 1], [55, 10], [26, 11], [11, 15], [55, 13], [0, 0]]","[0, 9, 15, 6, 19, 1, 11, 5, 7, 18, 14, 10, 16, 2, 3, 17, 20, 4, 12, 13, 8, 21]",152.21340082772247,19.997475624084473
