Id,Coordinates,Order,Distance,Time
6461,"[[0, 0], [5, 29], [15, 9], [5, 20], [3, 35], [2, 31], [15, 45], [4, 69], [2, 43], [2, 53], [1, 9], [20, 9], [15, 40], [16, 5], [1, 11], [16, 30], [17, 53], [14, 8], [5, 36], [10, 71], [18, 11], [0, 0]]","[0, 10, 14, 3, 1, 5, 4, 18, 12, 15, 20, 11, 2, 17, 13, 8, 9, 7, 19, 16, 6, 21]",239.58190654018694,13.14053225517273
