Id,Coordinates,Order,Distance,Time
3492,"[[0, 0], [57, 7], [43, 12], [87, 13], [101, 20], [40, 13], [83, 7], [32, 5], [62, 14], [118, 26], [86, 22], [40, 5], [58, 4], [62, 8], [12, 8], [45, 18], [63, 24], [5, 4], [54, 26], [30, 25], [108, 22], [0, 0]]","[0, 17, 7, 11, 2, 5, 15, 8, 1, 12, 13, 6, 3, 4, 20, 9, 10, 16, 18, 19, 14, 21]",282.8515097182062,18.180968761444092
