Id,Coordinates,Order,Distance,Time
6838,"[[0, 0], [58, 93], [49, 139], [38, 106], [35, 151], [56, 136], [56, 58], [25, 77], [20, 1], [44, 67], [15, 22], [36, 47], [39, 115], [44, 31], [7, 156], [15, 4], [37, 142], [52, 75], [37, 18], [44, 7], [15, 45], [0, 0]]","[0, 15, 8, 18, 19, 13, 11, 9, 6, 17, 1, 3, 12, 2, 5, 16, 4, 14, 7, 20, 10, 21]",460.59233864053505,18.255905389785767
