Id,Coordinates,Order,Distance,Time
2489,"[[0, 0], [148, 54], [61, 69], [56, 29], [78, 32], [4, 96], [108, 98], [95, 96], [35, 9], [77, 68], [60, 28], [66, 44], [60, 15], [10, 102], [81, 62], [126, 13], [100, 71], [59, 60], [81, 24], [18, 38], [26, 22], [0, 0]]","[0, 20, 8, 12, 10, 3, 11, 4, 18, 14, 9, 16, 7, 6, 1, 15, 17, 2, 13, 5, 19, 21]",610.2981523778218,15.725492000579834
