Id,Coordinates,Order,Distance,Time
2146,"[[0, 0], [68, 111], [45, 20], [9, 64], [145, 20], [125, 49], [30, 83], [14, 3], [100, 19], [63, 125], [46, 58], [11, 108], [62, 57], [135, 37], [62, 50], [128, 1], [109, 62], [10, 3], [64, 83], [64, 2], [53, 4], [0, 0]]","[0, 17, 7, 2, 20, 19, 8, 15, 4, 13, 5, 16, 14, 12, 10, 18, 9, 1, 11, 6, 3, 21]",573.0690447371054,16.54976511001587
