Id,Coordinates,Order,Distance,Time
863,"[[0, 0], [34, 57], [54, 76], [75, 6], [62, 100], [51, 93], [9, 56], [55, 83], [47, 99], [25, 73], [1, 39], [65, 100], [64, 58], [3, 90], [35, 114], [50, 76], [55, 25], [33, 6], [22, 117], [5, 103], [25, 80], [0, 0]]","[0, 17, 3, 16, 12, 2, 15, 7, 11, 4, 5, 8, 14, 18, 19, 13, 20, 9, 1, 6, 10, 21]",412.5701417959272,16.41120481491089
