Id,Coordinates,Order,Distance,Time
5392,"[[0, 0], [104, 4], [11, 53], [38, 14], [108, 35], [36, 15], [3, 2], [84, 37], [45, 1], [91, 47], [51, 28], [13, 2], [20, 16], [1, 20], [91, 22], [87, 41], [1, 34], [50, 25], [73, 60], [100, 42], [39, 1], [0, 0]]","[0, 6, 11, 12, 5, 3, 20, 8, 17, 10, 15, 9, 19, 4, 1, 14, 7, 18, 2, 16, 13, 21]",373.05194573471033,20.98287296295166
