Id,Coordinates,Order,Distance,Time
6304,"[[0, 0], [46, 8], [29, 68], [33, 10], [79, 18], [30, 59], [66, 30], [62, 67], [61, 73], [2, 35], [73, 10], [45, 124], [49, 32], [70, 28], [43, 71], [70, 20], [38, 37], [14, 5], [35, 2], [60, 92], [46, 53], [0, 0]]","[0, 17, 3, 18, 1, 20, 5, 2, 14, 11, 19, 8, 7, 6, 13, 4, 10, 15, 12, 16, 9, 21]",436.2024000226075,13.329752683639526
