Id,Coordinates,Order,Distance,Time
9077,"[[0, 0], [12, 46], [50, 10], [28, 38], [46, 31], [1, 31], [20, 43], [41, 1], [16, 34], [44, 37], [45, 4], [13, 42], [42, 43], [57, 5], [10, 7], [19, 12], [28, 43], [22, 33], [55, 37], [3, 3], [36, 16], [0, 0]]","[0, 19, 14, 15, 20, 7, 10, 2, 13, 4, 9, 18, 12, 3, 17, 8, 11, 1, 6, 16, 5, 21]",254.69519814107434,18.928866624832153
