Id,Coordinates,Order,Distance,Time
9070,"[[0, 0], [6, 5], [10, 29], [18, 40], [6, 7], [1, 7], [15, 24], [15, 37], [12, 20], [10, 27], [17, 4], [12, 20], [6, 6], [10, 2], [10, 30], [20, 7], [8, 15], [12, 33], [1, 25], [11, 42], [8, 7], [0, 0]]","[0, 1, 12, 4, 20, 13, 10, 15, 8, 11, 6, 9, 2, 14, 17, 7, 3, 19, 18, 16, 5, 21]",126.57260849227367,14.422363996505737
