Id,Coordinates,Order,Distance,Time
1479,"[[0, 0], [57, 42], [9, 129], [21, 87], [44, 151], [80, 27], [80, 47], [75, 77], [58, 84], [71, 5], [23, 139], [56, 41], [51, 129], [75, 32], [34, 70], [31, 68], [67, 144], [83, 7], [53, 68], [52, 6], [64, 12], [0, 0]]","[0, 19, 20, 9, 17, 5, 13, 11, 1, 6, 7, 8, 18, 3, 2, 10, 4, 16, 12, 14, 15, 21]",533.6578597558588,14.993124723434448
