Id,Coordinates,Order,Distance,Time
5609,"[[0, 0], [19, 36], [8, 27], [17, 5], [28, 59], [10, 31], [6, 23], [43, 53], [39, 14], [24, 29], [50, 45], [46, 34], [49, 3], [20, 60], [16, 25], [31, 58], [51, 20], [35, 20], [13, 41], [56, 18], [50, 69], [0, 0]]","[0, 3, 14, 2, 5, 1, 9, 17, 8, 12, 19, 16, 11, 10, 7, 20, 15, 4, 13, 18, 6, 21]",277.7648747926812,16.935603618621826
