Id,Coordinates,Order,Distance,Time
6903,"[[0, 0], [52, 29], [33, 110], [131, 66], [11, 58], [143, 83], [96, 126], [12, 133], [117, 162], [88, 6], [10, 118], [141, 34], [141, 111], [93, 83], [129, 115], [101, 101], [55, 14], [48, 48], [153, 167], [149, 82], [67, 164], [0, 0]]","[0, 1, 17, 4, 2, 10, 7, 20, 6, 15, 13, 5, 19, 12, 18, 8, 14, 3, 11, 9, 16, 21]",829.8687183691554,13.551363706588745
