Id,Coordinates,Order,Distance,Time
5208,"[[0, 0], [64, 6], [34, 4], [26, 8], [106, 6], [60, 2], [9, 9], [38, 8], [57, 1], [30, 10], [98, 1], [56, 4], [77, 6], [99, 6], [62, 6], [101, 3], [85, 2], [62, 1], [38, 2], [102, 2], [42, 8], [0, 0]]","[0, 6, 3, 9, 7, 20, 11, 5, 14, 1, 12, 16, 10, 15, 19, 4, 13, 17, 8, 18, 2, 21]",223.70867161768962,18.246651649475098
