Id,Coordinates,Order,Distance,Time
3369,"[[0, 0], [14, 10], [87, 74], [112, 26], [36, 65], [71, 18], [87, 74], [38, 46], [32, 12], [66, 68], [49, 29], [64, 41], [37, 2], [96, 36], [45, 69], [98, 46], [62, 25], [72, 50], [23, 23], [88, 57], [114, 31], [0, 0]]","[0, 8, 12, 10, 16, 5, 11, 17, 13, 3, 20, 15, 19, 2, 6, 9, 14, 4, 7, 18, 1, 21]",373.14761649210084,24.59399652481079
