Id,Coordinates,Order,Distance,Time
7215,"[[0, 0], [20, 11], [74, 55], [106, 9], [125, 41], [103, 10], [13, 100], [138, 11], [68, 21], [86, 92], [52, 21], [52, 22], [72, 23], [85, 16], [100, 14], [7, 95], [93, 42], [130, 16], [57, 78], [18, 53], [132, 16], [0, 0]]","[0, 1, 10, 11, 8, 12, 13, 14, 5, 3, 7, 20, 17, 4, 16, 2, 9, 18, 6, 15, 19, 21]",464.81319700192734,13.644648551940918
