Id,Coordinates,Order,Distance,Time
4124,"[[0, 0], [14, 3], [15, 9], [7, 2], [7, 9], [14, 8], [6, 3], [4, 2], [7, 2], [23, 8], [24, 6], [8, 4], [22, 6], [8, 7], [32, 5], [21, 4], [23, 5], [17, 10], [28, 10], [32, 6], [1, 8], [0, 0]]","[0, 7, 6, 3, 8, 11, 13, 5, 2, 17, 9, 10, 16, 12, 18, 19, 14, 15, 1, 4, 20, 21]",88.82953033048885,14.73054814338684
