Id,Coordinates,Order,Distance,Time
436,"[[0, 0], [17, 10], [28, 10], [26, 1], [27, 3], [12, 5], [29, 10], [2, 4], [18, 1], [15, 7], [14, 2], [8, 9], [5, 5], [10, 4], [20, 4], [14, 8], [13, 10], [33, 3], [28, 9], [10, 8], [30, 8], [0, 0]]","[0, 7, 12, 11, 19, 5, 10, 9, 15, 16, 1, 2, 6, 18, 20, 17, 3, 4, 14, 8, 13, 21]",94.81924894547589,14.145351886749268
