Id,Coordinates,Order,Distance,Time
5811,"[[0, 0], [67, 50], [50, 66], [33, 66], [95, 102], [100, 87], [15, 61], [67, 88], [52, 3], [2, 107], [115, 107], [1, 91], [49, 52], [6, 106], [113, 71], [26, 94], [43, 23], [97, 77], [104, 9], [9, 18], [73, 55], [0, 0]]","[0, 19, 16, 12, 2, 3, 6, 11, 9, 13, 15, 7, 4, 10, 5, 14, 17, 20, 1, 18, 8, 21]",565.4925981252443,16.69230842590332
