Id,Coordinates,Order,Distance,Time
8364,"[[0, 0], [7, 82], [7, 27], [11, 97], [2, 69], [12, 80], [2, 62], [15, 82], [2, 2], [7, 34], [15, 7], [1, 65], [11, 87], [10, 41], [9, 21], [11, 85], [12, 99], [4, 62], [8, 89], [12, 81], [5, 56], [0, 0]]","[0, 2, 9, 20, 17, 6, 11, 4, 1, 15, 12, 18, 3, 16, 7, 19, 5, 13, 14, 10, 8, 21]",219.15507903737952,16.947000741958618
