Id,Coordinates,Order,Distance,Time
7203,"[[0, 0], [55, 49], [58, 98], [66, 101], [58, 61], [8, 1], [41, 7], [31, 76], [60, 67], [65, 27], [36, 78], [41, 63], [9, 35], [41, 103], [30, 79], [18, 77], [57, 43], [4, 83], [50, 55], [21, 37], [51, 67], [0, 0]]","[0, 5, 6, 9, 16, 1, 18, 4, 8, 20, 10, 7, 14, 15, 17, 13, 2, 3, 11, 19, 12, 21]",378.65414746565085,16.755783557891846
