Id,Coordinates,Order,Distance,Time
7366,"[[0, 0], [142, 16], [7, 31], [35, 48], [148, 38], [104, 49], [17, 34], [55, 34], [78, 37], [8, 43], [144, 53], [68, 30], [36, 52], [49, 18], [84, 11], [115, 23], [30, 18], [6, 43], [120, 54], [16, 26], [57, 6], [0, 0]]","[0, 19, 6, 2, 9, 17, 3, 12, 7, 13, 20, 11, 8, 5, 18, 10, 4, 1, 15, 14, 16, 21]",450.2327686818447,15.673702955245972
