Id,Coordinates,Order,Distance,Time
8155,"[[0, 0], [83, 73], [80, 28], [23, 82], [64, 63], [69, 52], [47, 100], [58, 125], [78, 122], [54, 92], [31, 119], [4, 113], [42, 119], [43, 118], [12, 105], [11, 27], [32, 63], [46, 89], [24, 102], [70, 20], [73, 29], [0, 0]]","[0, 15, 16, 3, 18, 14, 11, 10, 12, 13, 7, 8, 6, 9, 17, 1, 4, 5, 2, 20, 19, 21]",458.2257456564822,15.454408407211304
