Id,Coordinates,Order,Distance,Time
2523,"[[0, 0], [12, 24], [30, 12], [53, 80], [10, 38], [22, 23], [15, 58], [38, 39], [56, 29], [10, 24], [26, 88], [53, 41], [1, 94], [43, 22], [29, 56], [10, 82], [31, 69], [63, 24], [13, 6], [8, 68], [56, 69], [0, 0]]","[0, 18, 5, 2, 13, 8, 17, 11, 7, 14, 6, 19, 15, 12, 10, 3, 20, 16, 4, 1, 9, 21]",365.3624394998632,14.27491044998169
