Id,Coordinates,Order,Distance,Time
4118,"[[0, 0], [23, 6], [32, 5], [19, 7], [13, 6], [43, 10], [57, 9], [16, 8], [49, 8], [68, 5], [27, 5], [60, 10], [67, 5], [2, 6], [76, 3], [7, 3], [41, 10], [35, 7], [56, 2], [67, 6], [44, 6], [0, 0]]","[0, 13, 4, 7, 3, 1, 17, 16, 5, 8, 6, 11, 19, 12, 9, 14, 18, 20, 2, 10, 15, 21]",161.25406208328832,16.009519577026367
