Id,Coordinates,Order,Distance,Time
5068,"[[0, 0], [77, 96], [55, 65], [76, 6], [60, 87], [47, 45], [31, 41], [67, 58], [63, 104], [55, 7], [19, 9], [15, 94], [57, 15], [28, 38], [54, 10], [28, 126], [64, 60], [59, 3], [79, 80], [17, 54], [65, 47], [0, 0]]","[0, 13, 5, 20, 7, 16, 2, 4, 18, 1, 8, 15, 11, 19, 6, 12, 3, 17, 9, 14, 10, 21]",459.649022441581,21.17099928855896
