Id,Coordinates,Order,Distance,Time
4827,"[[0, 0], [32, 41], [33, 16], [51, 26], [53, 6], [32, 12], [4, 27], [44, 16], [49, 38], [23, 46], [49, 38], [11, 21], [35, 30], [47, 37], [11, 14], [7, 26], [46, 25], [27, 18], [28, 22], [50, 12], [18, 45], [0, 0]]","[0, 14, 11, 15, 6, 20, 9, 1, 12, 18, 17, 2, 7, 19, 4, 3, 10, 8, 13, 16, 5, 21]",228.79084837697968,15.941820859909058
