Id,Coordinates,Order,Distance,Time
1914,"[[0, 0], [27, 9], [24, 4], [28, 7], [33, 2], [24, 7], [17, 4], [26, 12], [16, 4], [8, 12], [32, 9], [31, 1], [24, 11], [25, 12], [12, 12], [34, 4], [22, 11], [6, 10], [7, 6], [1, 9], [11, 8], [0, 0]]","[0, 19, 17, 9, 14, 8, 6, 2, 5, 10, 15, 4, 11, 3, 1, 7, 13, 12, 16, 20, 18, 21]",99.64481349566942,15.357001304626465
