Id,Coordinates,Order,Distance,Time
6012,"[[0, 0], [86, 53], [158, 62], [67, 124], [106, 25], [31, 49], [136, 11], [61, 1], [50, 74], [134, 26], [52, 53], [45, 130], [21, 134], [156, 37], [38, 27], [108, 104], [11, 155], [33, 141], [52, 12], [80, 134], [89, 5], [0, 0]]","[0, 14, 18, 7, 20, 4, 6, 9, 13, 2, 15, 19, 3, 11, 17, 16, 12, 8, 1, 10, 5, 21]",665.628860074982,17.738955974578857
