Id,Coordinates,Order,Distance,Time
8322,"[[0, 0], [108, 43], [94, 12], [107, 65], [102, 5], [73, 27], [111, 70], [148, 28], [106, 44], [138, 51], [66, 67], [9, 77], [83, 53], [20, 65], [180, 81], [131, 38], [17, 12], [105, 70], [65, 80], [22, 33], [96, 13], [0, 0]]","[0, 19, 13, 11, 18, 10, 12, 8, 1, 3, 17, 6, 9, 14, 7, 15, 4, 2, 20, 5, 16, 21]",567.2558666785721,13.702468156814575
