Id,Coordinates,Order,Distance,Time
7389,"[[0, 0], [100, 19], [179, 100], [118, 56], [33, 70], [135, 95], [142, 96], [118, 80], [93, 68], [187, 76], [128, 48], [150, 46], [162, 4], [81, 6], [79, 68], [53, 33], [177, 96], [107, 80], [171, 13], [111, 54], [39, 97], [0, 0]]","[0, 15, 13, 1, 19, 3, 10, 11, 12, 18, 9, 16, 2, 6, 5, 7, 17, 8, 14, 20, 4, 21]",615.3103981320174,13.69380521774292
