Id,Coordinates,Order,Distance,Time
9544,"[[0, 0], [3, 9], [2, 39], [17, 11], [8, 25], [10, 46], [2, 45], [1, 35], [2, 40], [12, 5], [15, 24], [11, 10], [3, 29], [15, 21], [6, 2], [17, 21], [4, 35], [5, 17], [6, 31], [11, 44], [4, 8], [0, 0]]","[0, 14, 9, 11, 3, 15, 13, 10, 4, 18, 16, 7, 2, 8, 6, 5, 19, 12, 17, 1, 20, 21]",127.27395351954897,15.313749551773071
