Id,Coordinates,Order,Distance,Time
887,"[[0, 0], [114, 109], [60, 15], [80, 72], [15, 52], [34, 14], [127, 101], [123, 33], [32, 70], [54, 52], [11, 191], [17, 133], [25, 134], [18, 141], [53, 71], [51, 50], [57, 39], [22, 133], [2, 39], [83, 88], [49, 75], [0, 0]]","[0, 5, 2, 16, 15, 9, 14, 20, 3, 19, 7, 6, 1, 12, 17, 11, 13, 10, 8, 4, 18, 21]",689.7674874767055,14.875712633132935
