Id,Coordinates,Order,Distance,Time
562,"[[0, 0], [5, 27], [9, 150], [2, 63], [8, 11], [7, 48], [5, 81], [4, 78], [9, 141], [10, 31], [2, 150], [6, 17], [3, 2], [11, 81], [2, 80], [6, 136], [1, 113], [4, 94], [9, 5], [3, 83], [9, 63], [0, 0]]","[0, 12, 18, 4, 11, 9, 5, 3, 7, 14, 6, 19, 17, 16, 15, 10, 2, 8, 13, 20, 1, 21]",319.5101002925459,15.82109022140503
