Id,Coordinates,Order,Distance,Time
3452,"[[0, 0], [37, 8], [3, 22], [21, 34], [26, 46], [43, 50], [45, 28], [40, 12], [8, 9], [13, 46], [37, 11], [4, 50], [35, 3], [45, 41], [11, 38], [42, 12], [29, 48], [26, 34], [10, 12], [31, 19], [2, 1], [0, 0]]","[0, 2, 14, 11, 9, 4, 16, 5, 13, 6, 15, 7, 10, 1, 12, 19, 17, 3, 18, 8, 20, 21]",223.36912115108316,22.009111642837524
