Id,Coordinates,Order,Distance,Time
5305,"[[0, 0], [37, 163], [2, 3], [5, 155], [9, 86], [8, 34], [32, 6], [10, 51], [22, 60], [23, 166], [10, 138], [11, 71], [40, 74], [30, 10], [12, 64], [1, 35], [30, 31], [37, 171], [7, 40], [16, 22], [13, 171], [0, 0]]","[0, 2, 19, 5, 18, 7, 14, 8, 16, 13, 6, 12, 10, 3, 20, 9, 1, 17, 4, 11, 15, 21]",522.8529883237707,13.430930852890015
