Id,Coordinates,Order,Distance,Time
7246,"[[0, 0], [79, 98], [4, 24], [54, 160], [57, 7], [45, 86], [84, 159], [44, 63], [7, 30], [71, 131], [6, 38], [27, 145], [60, 130], [89, 5], [90, 134], [17, 11], [34, 53], [74, 44], [16, 50], [76, 147], [75, 62], [0, 0]]","[0, 15, 2, 8, 10, 18, 16, 7, 5, 1, 9, 14, 6, 19, 3, 11, 12, 20, 17, 13, 4, 21]",564.4434528414785,15.587652444839478
