Id,Coordinates,Order,Distance,Time
7399,"[[0, 0], [71, 50], [7, 103], [49, 71], [67, 49], [20, 99], [25, 109], [66, 25], [38, 4], [27, 95], [61, 30], [26, 107], [27, 97], [42, 8], [43, 95], [17, 63], [6, 29], [18, 21], [66, 89], [54, 65], [37, 64], [0, 0]]","[0, 17, 20, 19, 4, 1, 10, 7, 13, 8, 3, 18, 14, 9, 12, 5, 11, 6, 2, 15, 16, 21]",459.4325436474062,14.635863065719604
