Id,Coordinates,Order,Distance,Time
7261,"[[0, 0], [68, 61], [81, 123], [77, 14], [3, 38], [20, 91], [16, 52], [39, 119], [44, 27], [10, 64], [32, 59], [29, 78], [36, 26], [1, 29], [13, 10], [9, 14], [82, 122], [73, 126], [35, 4], [1, 77], [49, 77], [0, 0]]","[0, 15, 13, 4, 6, 9, 19, 5, 11, 10, 8, 12, 18, 3, 1, 16, 2, 17, 7, 20, 14, 21]",547.0239909729898,18.183876991271973
