Id,Coordinates,Order,Distance,Time
1130,"[[0, 0], [65, 36], [26, 15], [82, 34], [68, 22], [72, 21], [84, 29], [84, 7], [108, 36], [121, 16], [108, 35], [61, 3], [7, 35], [75, 27], [122, 10], [80, 29], [102, 16], [23, 6], [10, 14], [44, 23], [99, 7], [0, 0]]","[0, 17, 2, 19, 4, 5, 13, 15, 6, 11, 7, 20, 16, 14, 9, 10, 8, 3, 1, 12, 18, 21]",369.3423846748398,16.15119457244873
