Id,Coordinates,Order,Distance,Time
9194,"[[0, 0], [25, 10], [64, 27], [65, 1], [22, 15], [5, 7], [42, 23], [71, 3], [65, 17], [107, 24], [107, 2], [8, 32], [48, 13], [42, 2], [50, 35], [56, 27], [89, 7], [91, 2], [54, 12], [52, 21], [81, 23], [0, 0]]","[0, 5, 4, 1, 13, 12, 18, 8, 3, 7, 16, 17, 10, 9, 20, 2, 15, 14, 19, 6, 11, 21]",319.8339505551754,13.801459789276123
