Id,Coordinates,Order,Distance,Time
9691,"[[0, 0], [10, 17], [8, 7], [36, 17], [19, 86], [22, 98], [23, 17], [41, 35], [25, 47], [16, 77], [11, 40], [29, 74], [23, 76], [32, 64], [48, 3], [58, 71], [25, 60], [31, 58], [14, 65], [51, 67], [15, 93], [0, 0]]","[0, 2, 6, 3, 14, 7, 17, 13, 16, 18, 9, 4, 20, 5, 12, 11, 19, 15, 8, 10, 1, 21]",340.1765700634363,15.157816410064697
