Id,Coordinates,Order,Distance,Time
7626,"[[0, 0], [24, 34], [34, 30], [67, 7], [5, 35], [95, 13], [76, 40], [107, 3], [46, 23], [38, 31], [5, 8], [38, 2], [2, 2], [77, 34], [2, 32], [100, 34], [67, 25], [96, 20], [35, 7], [95, 30], [101, 22], [0, 0]]","[0, 12, 10, 14, 4, 1, 2, 9, 8, 16, 13, 6, 19, 15, 20, 17, 5, 7, 3, 11, 18, 21]",301.97472625989826,18.354710817337036
