Id,Coordinates,Order,Distance,Time
6226,"[[0, 0], [14, 87], [61, 69], [2, 24], [12, 58], [68, 32], [77, 125], [47, 114], [56, 6], [61, 18], [77, 13], [5, 97], [3, 70], [3, 2], [38, 78], [55, 24], [3, 141], [80, 67], [70, 18], [65, 30], [59, 19], [0, 0]]","[0, 13, 3, 4, 12, 1, 14, 2, 5, 19, 15, 20, 9, 18, 10, 8, 17, 6, 7, 16, 11, 21]",595.3282411348213,14.361860990524292
