Id,Coordinates,Order,Distance,Time
121,"[[0, 0], [9, 14], [12, 22], [23, 78], [30, 52], [71, 96], [66, 56], [21, 92], [67, 11], [47, 82], [59, 86], [29, 92], [35, 94], [9, 82], [52, 55], [35, 35], [1, 9], [9, 1], [16, 19], [16, 35], [57, 22], [0, 0]]","[0, 16, 1, 18, 2, 19, 15, 14, 6, 5, 10, 9, 12, 11, 7, 13, 3, 4, 20, 8, 17, 21]",384.0982822641697,20.58499813079834
