Id,Coordinates,Order,Distance,Time
2744,"[[0, 0], [7, 79], [2, 150], [14, 18], [4, 50], [20, 39], [8, 173], [8, 62], [11, 77], [2, 45], [2, 97], [4, 10], [5, 74], [18, 156], [13, 172], [10, 95], [14, 29], [10, 18], [20, 156], [13, 76], [11, 38], [0, 0]]","[0, 11, 17, 3, 16, 20, 9, 4, 7, 12, 8, 19, 15, 13, 18, 14, 6, 2, 10, 1, 5, 21]",381.66775354487817,15.767744302749634
