Id,Coordinates,Order,Distance,Time
173,"[[0, 0], [2, 144], [2, 111], [54, 105], [71, 144], [55, 75], [58, 36], [46, 104], [6, 67], [50, 125], [25, 156], [13, 16], [68, 32], [18, 95], [50, 110], [49, 89], [14, 122], [58, 125], [31, 114], [73, 37], [1, 160], [0, 0]]","[0, 11, 6, 12, 19, 5, 15, 7, 3, 14, 9, 17, 4, 10, 20, 1, 2, 16, 18, 13, 8, 21]",496.4863055596565,20.281970262527466
