Id,Coordinates,Order,Distance,Time
471,"[[0, 0], [23, 15], [124, 67], [23, 82], [22, 64], [84, 84], [61, 46], [100, 25], [81, 57], [36, 49], [71, 91], [79, 42], [106, 97], [9, 107], [100, 86], [128, 66], [13, 106], [93, 24], [91, 52], [54, 1], [24, 72], [0, 0]]","[0, 19, 17, 7, 11, 6, 9, 4, 20, 3, 16, 13, 10, 5, 14, 12, 2, 15, 18, 8, 1, 21]",541.3005850901582,15.216476917266846
