Id,Coordinates,Order,Distance,Time
9332,"[[0, 0], [11, 53], [45, 103], [14, 72], [25, 84], [47, 96], [67, 26], [36, 142], [55, 143], [2, 61], [32, 115], [48, 45], [1, 92], [64, 118], [53, 60], [9, 31], [43, 116], [36, 124], [30, 81], [23, 117], [1, 139], [0, 0]]","[0, 15, 1, 3, 4, 18, 5, 2, 16, 17, 7, 8, 13, 14, 11, 6, 10, 19, 20, 12, 9, 21]",588.7788337424979,15.783547163009644
