Id,Coordinates,Order,Distance,Time
3465,"[[0, 0], [41, 59], [38, 72], [82, 85], [12, 35], [42, 13], [62, 60], [29, 103], [72, 9], [87, 60], [38, 54], [46, 85], [6, 70], [70, 109], [4, 73], [70, 29], [69, 18], [92, 24], [42, 26], [23, 18], [62, 19], [0, 0]]","[0, 19, 5, 18, 20, 8, 16, 15, 17, 9, 6, 1, 10, 12, 14, 7, 13, 3, 11, 2, 4, 21]",507.6677516078993,21.453999280929565
