Id,Coordinates,Order,Distance,Time
7120,"[[0, 0], [23, 6], [20, 5], [1, 10], [80, 10], [70, 7], [86, 2], [123, 10], [9, 7], [69, 6], [39, 9], [41, 2], [29, 8], [48, 3], [112, 7], [70, 1], [55, 2], [37, 2], [32, 6], [50, 10], [119, 1], [0, 0]]","[0, 3, 8, 2, 1, 12, 18, 17, 11, 13, 16, 9, 5, 15, 6, 20, 7, 14, 4, 19, 10, 21]",271.8939469146543,16.013503551483154
