Id,Coordinates,Order,Distance,Time
4737,"[[0, 0], [108, 2], [82, 5], [79, 4], [138, 4], [5, 7], [17, 7], [102, 9], [78, 20], [27, 24], [12, 3], [85, 16], [118, 14], [9, 19], [34, 6], [92, 5], [155, 8], [17, 4], [134, 19], [19, 17], [8, 22], [0, 0]]","[0, 5, 10, 17, 6, 19, 13, 20, 9, 3, 2, 15, 7, 12, 18, 16, 4, 1, 11, 8, 14, 21]",366.5236024749447,14.65393590927124
