Id,Coordinates,Order,Distance,Time
6292,"[[0, 0], [72, 110], [53, 65], [40, 59], [72, 104], [32, 134], [37, 105], [25, 151], [8, 107], [13, 87], [30, 21], [37, 147], [42, 89], [62, 136], [46, 34], [3, 95], [17, 80], [45, 35], [11, 126], [12, 11], [22, 16], [0, 0]]","[0, 19, 20, 10, 17, 14, 3, 12, 6, 16, 9, 15, 8, 18, 5, 7, 11, 13, 1, 4, 2, 21]",457.4115572537087,14.891200065612793
