Id,Coordinates,Order,Distance,Time
2248,"[[0, 0], [72, 33], [104, 14], [125, 65], [59, 74], [122, 8], [90, 13], [28, 58], [86, 45], [115, 61], [117, 7], [42, 28], [141, 42], [122, 78], [159, 12], [141, 38], [113, 17], [27, 80], [36, 58], [104, 27], [39, 80], [0, 0]]","[0, 11, 1, 6, 2, 16, 10, 5, 14, 12, 3, 13, 9, 15, 19, 8, 4, 20, 17, 7, 18, 21]",547.6964397948295,18.412332773208618
