Id,Coordinates,Order,Distance,Time
5453,"[[0, 0], [96, 10], [99, 24], [3, 12], [57, 27], [102, 13], [10, 95], [74, 83], [35, 4], [86, 68], [76, 103], [44, 16], [79, 62], [44, 55], [5, 75], [93, 100], [61, 11], [6, 2], [21, 100], [89, 4], [57, 3], [0, 0]]","[0, 17, 8, 11, 4, 16, 20, 19, 1, 5, 2, 12, 9, 15, 10, 7, 13, 18, 6, 14, 3, 21]",473.1584287979841,17.54110622406006
