Id,Coordinates,Order,Distance,Time
3247,"[[0, 0], [6, 77], [46, 49], [33, 141], [35, 87], [31, 99], [39, 50], [26, 120], [44, 76], [2, 15], [27, 95], [32, 137], [39, 139], [43, 134], [40, 39], [11, 7], [14, 33], [11, 108], [45, 118], [19, 47], [5, 78], [0, 0]]","[0, 15, 14, 2, 6, 8, 4, 10, 5, 7, 11, 3, 12, 13, 18, 17, 20, 1, 19, 16, 9, 21]",355.9828588556796,17.263421773910522
