Id,Coordinates,Order,Distance,Time
79,"[[0, 0], [171, 20], [105, 17], [107, 41], [149, 41], [12, 22], [28, 12], [153, 47], [100, 2], [84, 31], [163, 5], [171, 29], [118, 42], [44, 5], [176, 11], [167, 45], [76, 30], [13, 4], [64, 19], [5, 16], [119, 12], [0, 0]]","[0, 19, 5, 6, 18, 16, 9, 3, 12, 2, 4, 7, 15, 11, 1, 14, 10, 20, 8, 13, 17, 21]",457.4702328721473,20.320768117904663
