Id,Coordinates,Order,Distance,Time
7935,"[[0, 0], [8, 14], [20, 33], [32, 14], [36, 29], [38, 37], [21, 1], [48, 35], [51, 37], [15, 28], [58, 17], [52, 4], [48, 20], [61, 18], [40, 21], [37, 37], [22, 41], [10, 13], [1, 10], [60, 6], [31, 18], [0, 0]]","[0, 18, 1, 17, 9, 2, 16, 15, 5, 12, 10, 13, 19, 11, 14, 4, 7, 8, 20, 3, 6, 21]",237.15191590813134,14.963448762893677
