Id,Coordinates,Order,Distance,Time
9618,"[[0, 0], [23, 77], [16, 89], [14, 90], [20, 39], [100, 76], [23, 7], [49, 52], [101, 51], [91, 44], [82, 28], [75, 46], [57, 6], [100, 6], [85, 71], [74, 47], [16, 87], [63, 26], [65, 27], [52, 34], [108, 70], [0, 0]]","[0, 6, 12, 17, 13, 10, 9, 8, 20, 5, 14, 15, 11, 18, 19, 7, 1, 16, 2, 3, 4, 21]",455.0376650033045,16.672155618667603
