Id,Coordinates,Order,Distance,Time
8479,"[[0, 0], [100, 57], [7, 28], [132, 10], [102, 74], [60, 58], [13, 52], [44, 56], [84, 48], [22, 5], [96, 70], [153, 73], [137, 25], [110, 52], [29, 9], [71, 54], [12, 22], [131, 25], [141, 56], [33, 4], [4, 71], [0, 0]]","[0, 16, 2, 6, 20, 7, 5, 15, 8, 1, 13, 10, 4, 11, 18, 12, 17, 3, 19, 14, 9, 21]",482.3689860124491,15.734620809555054
