Id,Coordinates,Order,Distance,Time
8336,"[[0, 0], [45, 22], [40, 23], [36, 26], [51, 25], [21, 35], [11, 14], [37, 27], [57, 17], [8, 4], [39, 32], [42, 46], [13, 41], [26, 37], [37, 49], [25, 49], [34, 33], [51, 36], [4, 24], [21, 39], [31, 43], [0, 0]]","[0, 9, 6, 18, 12, 19, 5, 13, 15, 14, 11, 17, 4, 8, 1, 2, 7, 10, 16, 20, 3, 21]",237.9348267876449,19.628997802734375
