Id,Coordinates,Order,Distance,Time
6287,"[[0, 0], [25, 74], [92, 30], [83, 42], [25, 28], [5, 22], [84, 55], [39, 50], [116, 71], [41, 61], [5, 6], [63, 96], [97, 20], [51, 41], [34, 3], [123, 58], [2, 31], [68, 1], [89, 70], [12, 1], [119, 57], [0, 0]]","[0, 10, 5, 16, 7, 9, 1, 11, 3, 6, 18, 8, 20, 15, 2, 12, 17, 13, 4, 14, 19, 21]",502.34706546494346,17.805870532989502
