Id,Coordinates,Order,Distance,Time
4347,"[[0, 0], [136, 10], [15, 18], [154, 1], [51, 19], [131, 71], [49, 93], [81, 59], [122, 37], [104, 55], [130, 69], [184, 34], [51, 27], [187, 60], [9, 88], [129, 29], [119, 22], [134, 70], [161, 69], [164, 39], [136, 79], [0, 0]]","[0, 2, 4, 12, 7, 9, 8, 15, 16, 1, 3, 19, 11, 13, 18, 20, 17, 5, 10, 6, 14, 21]",591.26933524934,18.713239669799805
