Id,Coordinates,Order,Distance,Time
4038,"[[0, 0], [90, 91], [98, 61], [31, 14], [9, 12], [89, 23], [18, 45], [92, 48], [52, 80], [60, 33], [27, 70], [64, 24], [26, 87], [29, 94], [17, 23], [1, 56], [8, 87], [82, 81], [15, 88], [7, 29], [37, 28], [0, 0]]","[0, 4, 14, 19, 6, 15, 16, 18, 13, 12, 10, 8, 17, 1, 2, 7, 5, 11, 9, 20, 3, 21]",405.6031544733726,15.89232087135315
