Id,Coordinates,Order,Distance,Time
3039,"[[0, 0], [53, 7], [29, 46], [51, 7], [13, 29], [32, 5], [11, 37], [7, 39], [39, 8], [49, 42], [29, 8], [27, 1], [35, 44], [4, 2], [36, 13], [46, 15], [40, 28], [52, 12], [24, 34], [8, 6], [1, 15], [0, 0]]","[0, 20, 4, 7, 6, 18, 2, 12, 9, 16, 15, 17, 1, 3, 8, 14, 10, 5, 11, 19, 13, 21]",207.07965110641746,14.132671594619751
