Id,Coordinates,Order,Distance,Time
9298,"[[0, 0], [84, 94], [79, 93], [91, 70], [16, 72], [71, 74], [87, 38], [6, 21], [31, 87], [73, 54], [12, 22], [29, 64], [76, 49], [77, 70], [89, 59], [1, 38], [81, 94], [5, 30], [71, 3], [29, 81], [89, 101], [0, 0]]","[0, 7, 10, 17, 15, 4, 11, 19, 8, 5, 13, 12, 9, 2, 16, 1, 20, 3, 14, 6, 18, 21]",424.5577028100697,20.014835596084595
