Id,Coordinates,Order,Distance,Time
8470,"[[0, 0], [9, 4], [187, 9], [28, 30], [135, 9], [106, 27], [99, 32], [163, 24], [7, 31], [19, 39], [101, 11], [79, 35], [77, 31], [187, 22], [155, 23], [62, 30], [185, 14], [139, 23], [173, 33], [92, 38], [168, 33], [0, 0]]","[0, 8, 9, 3, 15, 12, 11, 19, 6, 5, 17, 14, 7, 20, 18, 13, 16, 2, 4, 10, 1, 21]",434.80843905796274,18.47203040122986
