Id,Coordinates,Order,Distance,Time
1448,"[[0, 0], [94, 58], [142, 46], [126, 48], [146, 9], [65, 58], [78, 3], [129, 30], [82, 49], [60, 13], [59, 69], [95, 5], [150, 4], [4, 70], [90, 22], [59, 74], [56, 8], [132, 52], [46, 62], [84, 27], [86, 59], [0, 0]]","[0, 16, 9, 14, 19, 8, 5, 10, 15, 18, 13, 20, 1, 3, 17, 2, 7, 4, 12, 11, 6, 21]",567.8228857196941,18.582897663116455
