Id,Coordinates,Order,Distance,Time
5117,"[[0, 0], [9, 41], [7, 8], [67, 14], [48, 24], [68, 26], [57, 33], [37, 19], [24, 10], [62, 7], [11, 14], [66, 44], [32, 1], [9, 33], [54, 30], [12, 21], [7, 2], [30, 43], [2, 17], [26, 40], [7, 10], [0, 0]]","[0, 16, 2, 20, 10, 15, 18, 13, 1, 19, 17, 4, 14, 6, 11, 5, 3, 9, 7, 12, 8, 21]",261.5937698898168,18.061476230621338
