Id,Coordinates,Order,Distance,Time
4483,"[[0, 0], [22, 18], [6, 18], [14, 6], [6, 23], [4, 18], [22, 2], [16, 5], [19, 24], [13, 17], [7, 9], [21, 4], [22, 9], [14, 10], [20, 21], [7, 3], [2, 10], [4, 4], [10, 10], [6, 9], [16, 22], [0, 0]]","[0, 17, 15, 19, 10, 18, 13, 3, 7, 11, 6, 12, 1, 14, 8, 20, 9, 4, 2, 5, 16, 21]",102.50345441037516,15.003477096557617
