Id,Coordinates,Order,Distance,Time
6169,"[[0, 0], [64, 34], [65, 22], [60, 117], [85, 93], [5, 94], [72, 73], [8, 26], [22, 48], [41, 78], [26, 131], [69, 45], [57, 100], [40, 40], [14, 116], [82, 70], [32, 29], [70, 122], [49, 75], [12, 35], [52, 86], [0, 0]]","[0, 7, 19, 8, 13, 2, 1, 11, 6, 15, 4, 20, 9, 5, 14, 10, 3, 17, 12, 18, 16, 21]",510.5658776944592,19.82618284225464
