Id,Coordinates,Order,Distance,Time
7067,"[[0, 0], [98, 49], [37, 27], [27, 22], [168, 22], [19, 15], [2, 49], [35, 51], [56, 26], [165, 89], [149, 50], [101, 68], [125, 42], [125, 94], [68, 41], [167, 96], [135, 68], [84, 35], [129, 57], [151, 81], [58, 26], [0, 0]]","[0, 5, 3, 2, 8, 20, 17, 1, 11, 18, 16, 13, 15, 9, 19, 10, 4, 12, 14, 7, 6, 21]",554.4323240820048,17.744800329208374
