Id,Coordinates,Order,Distance,Time
7063,"[[0, 0], [27, 80], [74, 49], [181, 85], [1, 70], [68, 60], [111, 32], [80, 87], [164, 60], [34, 89], [107, 21], [144, 67], [111, 3], [141, 65], [68, 82], [175, 52], [6, 36], [15, 44], [133, 42], [146, 15], [4, 59], [0, 0]]","[0, 16, 17, 20, 4, 1, 9, 14, 7, 5, 2, 10, 12, 19, 13, 11, 3, 15, 8, 18, 6, 21]",622.9834867136791,16.985368251800537
