Id,Coordinates,Order,Distance,Time
3441,"[[0, 0], [5, 29], [1, 21], [11, 12], [3, 11], [4, 5], [5, 9], [11, 30], [5, 22], [7, 18], [11, 18], [1, 14], [7, 14], [2, 20], [12, 17], [1, 1], [1, 15], [9, 2], [12, 32], [5, 6], [11, 11], [0, 0]]","[0, 15, 5, 19, 6, 4, 11, 16, 13, 2, 9, 10, 14, 12, 8, 1, 7, 18, 3, 20, 17, 21]",104.75812305875989,18.60799765586853
