Id,Coordinates,Order,Distance,Time
1003,"[[0, 0], [3, 72], [2, 79], [15, 5], [3, 99], [19, 13], [8, 69], [1, 17], [11, 4], [4, 6], [7, 19], [20, 118], [17, 46], [4, 4], [6, 89], [3, 63], [1, 80], [16, 61], [19, 85], [2, 56], [19, 130], [0, 0]]","[0, 13, 9, 8, 3, 5, 10, 7, 12, 17, 6, 1, 2, 16, 14, 18, 11, 20, 4, 15, 19, 21]",323.47567439785615,15.676095962524414
