Id,Coordinates,Order,Distance,Time
9278,"[[0, 0], [184, 31], [39, 22], [154, 44], [178, 26], [37, 38], [143, 41], [158, 40], [110, 21], [143, 15], [106, 34], [112, 4], [144, 41], [36, 23], [84, 43], [20, 9], [154, 40], [165, 39], [162, 13], [96, 34], [109, 26], [0, 0]]","[0, 15, 13, 2, 5, 14, 19, 10, 20, 8, 9, 18, 4, 1, 17, 7, 16, 3, 12, 6, 11, 21]",435.9271818764551,15.227052211761475
