Id,Coordinates,Order,Distance,Time
9772,"[[0, 0], [31, 33], [28, 81], [27, 89], [16, 14], [3, 58], [33, 97], [9, 87], [21, 6], [15, 35], [5, 39], [24, 33], [25, 80], [21, 14], [24, 82], [28, 108], [16, 75], [19, 58], [27, 108], [32, 42], [33, 92], [0, 0]]","[0, 8, 13, 4, 11, 1, 19, 17, 16, 12, 14, 2, 3, 20, 6, 15, 18, 7, 5, 10, 9, 21]",283.1247464422163,16.359454870224
