Id,Coordinates,Order,Distance,Time
8068,"[[0, 0], [69, 24], [130, 27], [51, 19], [100, 27], [147, 33], [102, 79], [15, 63], [87, 87], [25, 64], [94, 14], [19, 20], [94, 28], [8, 58], [106, 71], [54, 34], [98, 66], [51, 95], [26, 20], [57, 16], [123, 91], [0, 0]]","[0, 11, 18, 3, 19, 15, 1, 12, 4, 10, 2, 5, 20, 6, 16, 14, 8, 17, 9, 7, 13, 21]",492.98259347380076,15.106818437576294
