Id,Coordinates,Order,Distance,Time
5180,"[[0, 0], [4, 98], [21, 126], [39, 2], [32, 77], [39, 181], [3, 164], [2, 79], [17, 60], [16, 70], [49, 5], [31, 143], [9, 8], [1, 93], [13, 123], [42, 94], [23, 125], [5, 170], [20, 57], [44, 26], [6, 80], [0, 0]]","[0, 3, 10, 19, 18, 8, 9, 20, 7, 13, 1, 14, 16, 2, 6, 17, 5, 11, 15, 4, 12, 21]",478.369167072943,16.21844506263733
