Id,Coordinates,Order,Distance,Time
3724,"[[0, 0], [32, 25], [35, 62], [55, 7], [88, 36], [48, 2], [48, 54], [49, 23], [66, 11], [74, 77], [26, 53], [66, 57], [48, 25], [89, 61], [92, 5], [38, 62], [46, 3], [50, 2], [15, 45], [44, 67], [67, 7], [0, 0]]","[0, 1, 12, 7, 16, 5, 17, 3, 8, 20, 14, 4, 13, 9, 11, 6, 19, 15, 2, 10, 18, 21]",346.45543903454603,15.353676319122314
