Id,Coordinates,Order,Distance,Time
6572,"[[0, 0], [96, 72], [50, 56], [70, 52], [39, 18], [100, 31], [78, 45], [39, 22], [30, 26], [23, 97], [58, 118], [9, 17], [6, 99], [84, 12], [43, 121], [6, 120], [107, 72], [65, 105], [91, 116], [13, 28], [87, 21], [0, 0]]","[0, 8, 7, 4, 2, 3, 6, 20, 13, 5, 16, 1, 18, 17, 10, 14, 15, 12, 9, 19, 11, 21]",514.0535861613808,14.322178602218628
