Id,Coordinates,Order,Distance,Time
1196,"[[0, 0], [72, 105], [40, 43], [66, 100], [136, 74], [66, 60], [92, 63], [20, 49], [14, 140], [82, 35], [151, 104], [174, 36], [140, 5], [45, 49], [3, 70], [96, 100], [75, 6], [46, 87], [158, 90], [163, 32], [6, 77], [0, 0]]","[0, 2, 13, 5, 6, 9, 16, 12, 19, 11, 4, 18, 10, 15, 1, 3, 17, 8, 20, 14, 7, 21]",708.0591323185785,17.890862226486206
