Id,Coordinates,Order,Distance,Time
7026,"[[0, 0], [59, 79], [52, 66], [57, 100], [37, 9], [33, 54], [10, 109], [32, 79], [23, 25], [63, 67], [58, 37], [38, 82], [53, 19], [66, 69], [50, 28], [17, 93], [26, 108], [10, 54], [66, 25], [2, 84], [37, 50], [0, 0]]","[0, 4, 12, 14, 18, 10, 20, 5, 2, 9, 13, 1, 3, 11, 7, 15, 16, 6, 19, 17, 8, 21]",406.8857147648066,14.844832420349121
