Id,Coordinates,Order,Distance,Time
6802,"[[0, 0], [61, 101], [3, 95], [72, 69], [53, 13], [56, 111], [27, 66], [5, 41], [63, 55], [9, 22], [56, 109], [25, 80], [57, 3], [25, 102], [27, 15], [58, 95], [3, 53], [73, 25], [27, 32], [23, 19], [69, 120], [0, 0]]","[0, 9, 18, 7, 16, 6, 11, 2, 13, 10, 5, 20, 1, 15, 3, 8, 17, 12, 4, 14, 19, 21]",424.698072570062,19.968031883239746
