Id,Coordinates,Order,Distance,Time
1464,"[[0, 0], [77, 112], [95, 57], [66, 8], [70, 92], [103, 29], [51, 73], [58, 6], [65, 72], [52, 15], [59, 55], [44, 83], [15, 106], [35, 18], [36, 89], [87, 33], [67, 15], [71, 96], [62, 22], [30, 40], [59, 41], [0, 0]]","[0, 13, 9, 7, 3, 16, 18, 20, 10, 6, 11, 14, 12, 1, 17, 4, 8, 2, 5, 15, 19, 21]",483.21282445715144,20.155903100967407
