Id,Coordinates,Order,Distance,Time
5983,"[[0, 0], [45, 72], [8, 11], [154, 41], [40, 11], [14, 42], [112, 106], [90, 59], [127, 60], [125, 16], [49, 100], [103, 5], [141, 88], [21, 54], [45, 31], [63, 37], [97, 16], [74, 55], [11, 53], [10, 58], [132, 52], [0, 0]]","[0, 2, 5, 18, 19, 13, 1, 10, 17, 7, 16, 11, 9, 20, 3, 12, 6, 8, 15, 14, 4, 21]",620.9630414655751,15.215978145599365
