Id,Coordinates,Order,Distance,Time
3351,"[[0, 0], [121, 45], [160, 58], [104, 11], [110, 53], [119, 3], [140, 87], [127, 99], [182, 101], [133, 40], [101, 36], [101, 66], [86, 29], [129, 88], [30, 102], [141, 78], [34, 5], [12, 100], [151, 91], [128, 8], [11, 48], [0, 0]]","[0, 20, 17, 14, 11, 4, 10, 3, 5, 19, 9, 2, 15, 6, 13, 7, 18, 8, 1, 12, 16, 21]",679.9962029508476,18.479001760482788
