Id,Coordinates,Order,Distance,Time
1559,"[[0, 0], [80, 25], [77, 69], [92, 42], [83, 7], [65, 93], [54, 59], [95, 28], [100, 55], [24, 96], [89, 2], [32, 2], [77, 6], [31, 71], [48, 72], [27, 14], [66, 42], [20, 46], [58, 29], [19, 79], [71, 102], [0, 0]]","[0, 17, 18, 16, 6, 14, 13, 19, 9, 5, 20, 2, 8, 3, 7, 1, 4, 10, 12, 11, 15, 21]",474.9227214403726,13.677628517150879
