Id,Coordinates,Order,Distance,Time
8637,"[[0, 0], [1, 53], [11, 55], [1, 9], [9, 21], [5, 7], [8, 37], [12, 1], [12, 33], [10, 63], [10, 53], [7, 53], [10, 50], [9, 15], [11, 32], [3, 39], [9, 35], [12, 37], [9, 20], [8, 44], [10, 15], [0, 0]]","[0, 7, 5, 13, 20, 18, 4, 14, 8, 16, 6, 17, 19, 12, 10, 2, 9, 11, 1, 15, 3, 21]",156.13016198447133,13.50029468536377
