Id,Coordinates,Order,Distance,Time
3848,"[[0, 0], [101, 14], [67, 5], [59, 9], [74, 3], [111, 14], [93, 8], [65, 5], [74, 13], [112, 13], [38, 6], [30, 14], [46, 13], [53, 1], [41, 7], [71, 2], [96, 12], [54, 3], [59, 5], [31, 12], [72, 9], [0, 0]]","[0, 19, 10, 14, 13, 17, 18, 7, 2, 15, 4, 6, 16, 1, 5, 9, 8, 20, 3, 12, 11, 21]",241.48025849845823,13.596296072006226
