Id,Coordinates,Order,Distance,Time
6535,"[[0, 0], [100, 9], [72, 31], [13, 28], [81, 13], [2, 12], [9, 23], [41, 6], [31, 10], [56, 7], [39, 3], [42, 24], [47, 23], [17, 2], [92, 14], [79, 30], [23, 33], [51, 16], [10, 24], [53, 29], [89, 30], [0, 0]]","[0, 5, 6, 18, 3, 16, 11, 12, 17, 7, 10, 19, 2, 15, 20, 14, 1, 4, 9, 8, 13, 21]",288.6972553511817,15.24806523323059
