Id,Coordinates,Order,Distance,Time
8138,"[[0, 0], [12, 20], [18, 2], [20, 4], [1, 18], [10, 41], [11, 17], [11, 40], [16, 1], [4, 32], [11, 61], [20, 23], [13, 66], [4, 1], [20, 11], [9, 5], [16, 27], [2, 32], [12, 16], [14, 1], [13, 58], [0, 0]]","[0, 13, 15, 19, 8, 2, 3, 14, 18, 6, 1, 11, 16, 7, 5, 20, 10, 12, 9, 17, 4, 21]",169.03560999100122,18.574426651000977
