Id,Coordinates,Order,Distance,Time
294,"[[0, 0], [59, 47], [54, 119], [123, 22], [86, 12], [46, 21], [112, 108], [86, 31], [28, 51], [103, 119], [94, 104], [95, 3], [119, 119], [46, 16], [67, 127], [23, 89], [76, 47], [69, 54], [134, 120], [62, 25], [5, 118], [0, 0]]","[0, 13, 5, 19, 1, 17, 16, 7, 4, 11, 3, 18, 12, 6, 9, 10, 14, 2, 20, 15, 8, 21]",586.7148550639912,15.014853715896606
