Id,Coordinates,Order,Distance,Time
389,"[[0, 0], [64, 65], [90, 153], [30, 64], [54, 180], [52, 16], [49, 46], [7, 110], [41, 34], [74, 83], [42, 49], [89, 136], [52, 170], [47, 147], [58, 62], [24, 58], [88, 63], [11, 39], [2, 175], [73, 72], [83, 117], [0, 0]]","[0, 17, 15, 3, 10, 8, 5, 6, 14, 1, 19, 16, 9, 20, 11, 2, 4, 12, 13, 18, 7, 21]",614.1644392454489,14.184703350067139
