Id,Coordinates,Order,Distance,Time
823,"[[0, 0], [21, 41], [36, 105], [55, 2], [120, 20], [11, 133], [4, 63], [21, 49], [81, 172], [111, 136], [57, 34], [33, 27], [97, 49], [89, 51], [46, 53], [36, 93], [106, 157], [130, 75], [92, 168], [131, 128], [111, 126], [0, 0]]","[0, 11, 1, 7, 14, 10, 3, 4, 12, 13, 17, 19, 20, 9, 16, 18, 8, 5, 2, 15, 6, 21]",678.4893900170972,16.680954694747925
