Id,Coordinates,Order,Distance,Time
1902,"[[0, 0], [11, 24], [33, 17], [8, 14], [8, 7], [11, 1], [24, 26], [11, 25], [21, 27], [14, 5], [10, 17], [10, 16], [9, 7], [25, 15], [22, 26], [28, 19], [12, 10], [1, 19], [13, 10], [3, 25], [3, 10], [0, 0]]","[0, 20, 4, 12, 16, 18, 3, 11, 10, 1, 17, 19, 7, 8, 14, 6, 15, 2, 13, 9, 5, 21]",130.53872963348817,15.74275803565979
