Id,Coordinates,Order,Distance,Time
2754,"[[0, 0], [80, 9], [141, 31], [132, 1], [153, 34], [182, 34], [122, 28], [188, 6], [126, 5], [77, 16], [115, 31], [15, 41], [122, 34], [46, 17], [88, 33], [167, 11], [9, 26], [137, 1], [145, 18], [60, 6], [58, 1], [0, 0]]","[0, 16, 11, 13, 19, 9, 14, 10, 6, 12, 2, 18, 17, 3, 8, 15, 7, 5, 4, 1, 20, 21]",523.4153103872884,14.897321224212646
