Id,Coordinates,Order,Distance,Time
5000,"[[0, 0], [3, 27], [22, 40], [18, 3], [5, 37], [8, 4], [1, 15], [9, 42], [24, 41], [25, 1], [2, 12], [25, 14], [9, 43], [5, 28], [19, 4], [14, 38], [3, 7], [7, 20], [2, 32], [22, 35], [10, 38], [0, 0]]","[0, 16, 10, 6, 17, 1, 13, 18, 4, 12, 7, 20, 15, 2, 8, 19, 11, 9, 14, 3, 5, 21]",138.2874087633818,26.392191171646118
