Id,Coordinates,Order,Distance,Time
5152,"[[0, 0], [64, 12], [46, 7], [61, 4], [21, 13], [47, 9], [36, 2], [30, 1], [67, 5], [7, 2], [86, 9], [23, 10], [58, 9], [62, 2], [87, 7], [49, 8], [4, 12], [70, 2], [50, 9], [17, 12], [7, 13], [0, 0]]","[0, 16, 20, 19, 4, 11, 6, 2, 5, 15, 18, 3, 13, 8, 17, 14, 10, 1, 12, 7, 9, 21]",197.60385296413705,18.354539155960083
