Id,Coordinates,Order,Distance,Time
7622,"[[0, 0], [31, 42], [46, 17], [42, 13], [51, 30], [80, 64], [12, 4], [21, 52], [71, 58], [65, 72], [12, 1], [81, 50], [68, 22], [1, 53], [56, 57], [72, 79], [44, 11], [48, 59], [90, 86], [68, 9], [69, 15], [0, 0]]","[0, 10, 6, 3, 16, 2, 4, 19, 20, 12, 11, 8, 5, 18, 15, 9, 14, 17, 1, 7, 13, 21]",353.44587316105986,15.002484560012817
