Id,Coordinates,Order,Distance,Time
2229,"[[0, 0], [49, 171], [40, 95], [10, 13], [50, 141], [31, 29], [26, 107], [18, 184], [56, 10], [40, 41], [42, 66], [59, 92], [34, 109], [3, 78], [24, 73], [17, 61], [36, 17], [6, 198], [32, 60], [23, 32], [31, 190], [0, 0]]","[0, 3, 19, 5, 16, 8, 9, 18, 10, 14, 6, 12, 2, 11, 4, 1, 20, 17, 7, 13, 15, 21]",587.5047297122728,16.7197847366333
