Id,Coordinates,Order,Distance,Time
6624,"[[0, 0], [8, 75], [1, 22], [9, 137], [8, 117], [4, 86], [4, 89], [9, 54], [7, 78], [2, 33], [5, 16], [4, 12], [6, 145], [9, 52], [2, 66], [5, 146], [2, 108], [5, 92], [9, 81], [3, 5], [2, 141], [0, 0]]","[0, 19, 11, 10, 13, 7, 1, 8, 18, 5, 6, 17, 4, 3, 12, 15, 20, 16, 14, 9, 2, 21]",297.33322311797053,19.76523733139038
