Id,Coordinates,Order,Distance,Time
3463,"[[0, 0], [9, 97], [4, 19], [9, 20], [5, 60], [4, 96], [7, 64], [4, 99], [5, 6], [8, 87], [5, 61], [6, 47], [5, 55], [7, 64], [7, 10], [8, 55], [6, 50], [2, 33], [3, 74], [8, 27], [4, 76], [0, 0]]","[0, 8, 14, 3, 19, 16, 12, 4, 10, 6, 13, 18, 20, 5, 7, 1, 9, 15, 11, 17, 2, 21]",206.14934853274352,23.583182334899902
