Id,Coordinates,Order,Distance,Time
4514,"[[0, 0], [31, 23], [15, 29], [46, 80], [87, 37], [90, 75], [113, 93], [167, 111], [152, 99], [158, 50], [122, 63], [21, 65], [86, 68], [117, 45], [31, 69], [58, 49], [2, 9], [123, 15], [19, 16], [167, 14], [161, 69], [0, 0]]","[0, 18, 1, 15, 4, 10, 13, 17, 19, 9, 20, 7, 8, 6, 5, 12, 3, 14, 11, 2, 16, 21]",578.8962941048948,16.322179317474365
