Id,Coordinates,Order,Distance,Time
4295,"[[0, 0], [22, 25], [10, 17], [17, 14], [19, 2], [50, 8], [35, 20], [31, 13], [2, 20], [52, 13], [26, 16], [47, 16], [8, 28], [7, 13], [31, 25], [42, 7], [7, 4], [38, 26], [41, 19], [23, 1], [40, 11], [0, 0]]","[0, 16, 3, 10, 7, 18, 11, 9, 5, 15, 20, 6, 17, 14, 1, 12, 8, 2, 13, 19, 4, 21]",192.5403133457418,14.934384107589722
