Id,Coordinates,Order,Distance,Time
3949,"[[0, 0], [54, 36], [149, 71], [19, 15], [99, 64], [44, 46], [33, 17], [10, 18], [121, 8], [18, 2], [16, 70], [152, 55], [30, 45], [35, 73], [136, 56], [133, 34], [36, 59], [96, 30], [56, 28], [93, 15], [5, 24], [0, 0]]","[0, 9, 3, 6, 18, 1, 5, 10, 13, 16, 17, 19, 8, 15, 14, 11, 2, 4, 12, 20, 7, 21]",539.3798346920958,17.05081820487976
