Id,Coordinates,Order,Distance,Time
732,"[[0, 0], [19, 167], [33, 12], [34, 77], [26, 65], [12, 171], [26, 159], [34, 12], [14, 120], [11, 165], [2, 31], [11, 169], [23, 33], [21, 17], [20, 11], [1, 5], [29, 169], [34, 37], [9, 93], [1, 170], [28, 140], [0, 0]]","[0, 14, 13, 2, 7, 12, 17, 4, 3, 20, 6, 16, 1, 5, 11, 19, 9, 8, 18, 10, 15, 21]",421.4901026834708,14.06278371810913
