Id,Coordinates,Order,Distance,Time
9628,"[[0, 0], [5, 10], [18, 3], [41, 110], [2, 118], [41, 47], [27, 131], [31, 111], [42, 7], [64, 105], [69, 135], [12, 141], [68, 141], [55, 83], [41, 129], [70, 2], [21, 51], [80, 101], [43, 61], [74, 60], [81, 31], [0, 0]]","[0, 2, 8, 15, 20, 19, 17, 9, 10, 12, 14, 6, 11, 4, 7, 3, 13, 18, 5, 16, 1, 21]",497.17968980668655,16.203542470932007
