Id,Coordinates,Order,Distance,Time
3331,"[[0, 0], [9, 106], [62, 45], [8, 117], [8, 84], [59, 66], [7, 19], [43, 87], [27, 53], [36, 20], [63, 33], [63, 123], [9, 74], [60, 156], [2, 68], [43, 26], [14, 113], [33, 79], [14, 92], [19, 80], [15, 131], [0, 0]]","[0, 9, 15, 10, 2, 5, 17, 19, 12, 14, 4, 18, 1, 16, 3, 20, 13, 11, 7, 8, 6, 21]",464.3204291910737,10.80252456665039
