Id,Coordinates,Order,Distance,Time
1657,"[[0, 0], [164, 29], [71, 78], [43, 36], [175, 44], [148, 25], [74, 50], [86, 23], [88, 81], [83, 9], [129, 9], [166, 44], [57, 56], [132, 9], [146, 24], [66, 35], [1, 60], [121, 41], [81, 72], [68, 62], [89, 46], [0, 0]]","[0, 16, 12, 19, 2, 8, 18, 7, 9, 10, 13, 14, 5, 1, 4, 11, 17, 20, 6, 15, 3, 21]",541.1586980642793,11.194922924041748
