Id,Coordinates,Order,Distance,Time
7513,"[[0, 0], [28, 46], [33, 34], [13, 46], [22, 16], [36, 34], [25, 42], [5, 16], [17, 20], [10, 46], [1, 44], [24, 9], [30, 39], [3, 41], [30, 23], [38, 1], [40, 43], [27, 18], [26, 9], [10, 38], [17, 14], [0, 0]]","[0, 7, 20, 4, 17, 14, 2, 5, 16, 12, 1, 6, 3, 9, 10, 13, 19, 8, 11, 18, 15, 21]",214.7078656651679,16.891167640686035
