Id,Coordinates,Order,Distance,Time
3315,"[[0, 0], [95, 35], [64, 161], [99, 71], [80, 110], [35, 43], [71, 175], [1, 66], [93, 105], [24, 124], [92, 40], [72, 136], [16, 130], [97, 54], [85, 64], [102, 62], [91, 123], [36, 149], [17, 65], [20, 129], [27, 65], [0, 0]]","[0, 5, 20, 18, 7, 9, 19, 12, 17, 2, 6, 11, 16, 4, 8, 14, 3, 15, 13, 10, 1, 21]",541.7843343203687,10.969526767730713
