Id,Coordinates,Order,Distance,Time
2756,"[[0, 0], [22, 2], [5, 7], [10, 38], [32, 65], [1, 92], [29, 36], [32, 59], [10, 25], [29, 62], [23, 6], [2, 45], [15, 3], [16, 76], [2, 71], [29, 128], [17, 115], [28, 46], [19, 71], [7, 54], [15, 41], [0, 0]]","[0, 2, 12, 1, 10, 8, 3, 20, 11, 19, 14, 13, 18, 9, 4, 5, 16, 15, 7, 17, 6, 21]",377.1934373547073,14.218140602111816
