Id,Coordinates,Order,Distance,Time
9098,"[[0, 0], [26, 15], [17, 3], [29, 6], [35, 13], [9, 2], [6, 4], [8, 16], [33, 17], [32, 1], [17, 10], [33, 1], [4, 18], [35, 2], [22, 19], [11, 3], [28, 2], [22, 14], [13, 3], [31, 17], [22, 13], [0, 0]]","[0, 6, 5, 15, 18, 2, 10, 20, 17, 19, 8, 4, 13, 11, 9, 16, 3, 1, 14, 7, 12, 21]",122.6976550258361,16.582727909088135
