Id,Coordinates,Order,Distance,Time
6423,"[[0, 0], [16, 69], [57, 111], [27, 4], [40, 77], [7, 123], [6, 152], [51, 16], [48, 112], [42, 138], [81, 147], [64, 69], [18, 171], [14, 160], [31, 97], [38, 77], [35, 65], [71, 45], [72, 64], [30, 87], [41, 155], [0, 0]]","[0, 3, 7, 17, 18, 11, 4, 15, 16, 19, 14, 8, 2, 10, 20, 9, 6, 12, 13, 5, 1, 21]",557.9444742332735,15.521525621414185
