Id,Coordinates,Order,Distance,Time
7499,"[[0, 0], [96, 175], [11, 91], [47, 112], [42, 42], [18, 155], [24, 100], [34, 124], [62, 45], [7, 115], [12, 98], [33, 172], [38, 89], [21, 14], [86, 176], [83, 142], [20, 107], [52, 51], [91, 160], [74, 76], [79, 166], [0, 0]]","[0, 13, 4, 17, 8, 19, 12, 6, 16, 7, 3, 15, 18, 1, 14, 20, 11, 5, 9, 10, 2, 21]",553.0792480231502,15.858315229415894
