Id,Coordinates,Order,Distance,Time
7467,"[[0, 0], [59, 42], [18, 72], [62, 47], [2, 89], [48, 46], [49, 32], [36, 47], [98, 73], [70, 16], [28, 23], [53, 54], [14, 92], [66, 47], [40, 68], [47, 45], [97, 74], [65, 10], [88, 41], [97, 77], [39, 46], [0, 0]]","[0, 10, 6, 5, 15, 20, 7, 11, 3, 13, 1, 17, 9, 18, 8, 16, 19, 14, 2, 12, 4, 21]",438.1146880544396,17.18434739112854
