Id,Coordinates,Order,Distance,Time
6591,"[[0, 0], [107, 57], [119, 19], [5, 33], [131, 37], [124, 100], [46, 21], [127, 109], [71, 99], [14, 86], [47, 38], [115, 69], [79, 47], [117, 47], [80, 35], [85, 57], [99, 36], [103, 15], [5, 45], [139, 11], [137, 111], [0, 0]]","[0, 3, 18, 6, 10, 14, 12, 15, 1, 13, 4, 2, 17, 19, 16, 11, 5, 7, 20, 8, 9, 21]",641.9343882590592,13.89375352859497
