Id,Coordinates,Order,Distance,Time
3239,"[[0, 0], [133, 3], [116, 72], [182, 70], [162, 44], [105, 136], [85, 184], [39, 116], [142, 8], [167, 3], [36, 96], [107, 128], [66, 38], [173, 23], [146, 45], [32, 117], [164, 146], [112, 73], [102, 122], [118, 106], [190, 173], [0, 0]]","[0, 12, 17, 2, 19, 18, 11, 5, 7, 14, 4, 13, 9, 8, 1, 3, 16, 20, 6, 15, 10, 21]",1017.1115286303377,18.380791902542114
