Id,Coordinates,Order,Distance,Time
5718,"[[0, 0], [17, 52], [24, 40], [12, 55], [27, 16], [57, 45], [59, 6], [48, 48], [35, 5], [11, 44], [22, 27], [29, 22], [28, 25], [47, 50], [29, 55], [27, 20], [51, 41], [13, 16], [44, 44], [4, 1], [8, 44], [0, 0]]","[0, 17, 4, 15, 11, 12, 10, 2, 9, 20, 3, 1, 14, 13, 7, 18, 16, 5, 6, 8, 19, 21]",249.44369095876746,18.09631085395813
