Id,Coordinates,Order,Distance,Time
4596,"[[0, 0], [71, 40], [14, 70], [3, 40], [45, 58], [34, 67], [22, 40], [28, 48], [28, 57], [66, 27], [30, 64], [33, 26], [23, 59], [32, 43], [61, 59], [51, 42], [66, 70], [21, 60], [70, 3], [30, 33], [40, 68], [0, 0]]","[0, 3, 6, 7, 13, 19, 11, 15, 4, 8, 12, 17, 2, 10, 5, 20, 16, 14, 1, 9, 18, 21]",366.4828808149723,16.564255714416504
