Id,Coordinates,Order,Distance,Time
49,"[[0, 0], [79, 63], [34, 157], [78, 104], [69, 35], [32, 58], [38, 109], [52, 109], [78, 101], [34, 173], [30, 65], [13, 40], [68, 90], [73, 142], [74, 111], [80, 35], [72, 163], [49, 86], [33, 65], [42, 134], [74, 94], [0, 0]]","[0, 11, 5, 10, 18, 17, 12, 7, 6, 19, 2, 9, 16, 13, 14, 3, 8, 20, 1, 15, 4, 21]",486.084330171754,20.931968927383423
