Id,Coordinates,Order,Distance,Time
5423,"[[0, 0], [23, 11], [20, 8], [126, 44], [96, 1], [97, 43], [123, 15], [139, 5], [88, 31], [97, 23], [17, 45], [117, 39], [102, 45], [126, 1], [131, 24], [33, 21], [6, 1], [99, 31], [57, 9], [88, 8], [54, 29], [0, 0]]","[0, 16, 2, 1, 15, 18, 19, 4, 9, 17, 5, 12, 11, 3, 14, 7, 13, 6, 8, 20, 10, 21]",411.9780682863672,17.45312762260437
