Id,Coordinates,Order,Distance,Time
908,"[[0, 0], [10, 14], [12, 95], [8, 146], [2, 68], [5, 39], [12, 55], [7, 95], [14, 53], [9, 62], [12, 100], [18, 93], [17, 114], [13, 144], [18, 71], [16, 44], [12, 62], [15, 125], [9, 36], [17, 60], [5, 46], [0, 0]]","[0, 1, 18, 5, 15, 8, 6, 16, 9, 19, 14, 11, 2, 10, 12, 17, 13, 3, 7, 4, 20, 21]",327.4544657716492,21.380926370620728
