Id,Coordinates,Order,Distance,Time
1193,"[[0, 0], [16, 70], [20, 102], [23, 7], [6, 69], [22, 57], [12, 78], [5, 49], [33, 27], [38, 94], [38, 90], [9, 98], [10, 102], [23, 67], [2, 36], [31, 62], [1, 49], [3, 75], [35, 76], [34, 52], [11, 30], [0, 0]]","[0, 3, 8, 20, 14, 16, 7, 5, 13, 1, 15, 19, 18, 10, 9, 2, 12, 11, 6, 17, 4, 21]",341.1938519515308,17.59309196472168
