Id,Coordinates,Order,Distance,Time
382,"[[0, 0], [22, 44], [34, 53], [21, 63], [11, 3], [28, 3], [51, 109], [39, 59], [20, 53], [5, 17], [33, 33], [26, 7], [22, 50], [52, 68], [30, 118], [21, 15], [26, 72], [44, 31], [46, 54], [30, 18], [38, 109], [0, 0]]","[0, 4, 15, 11, 5, 19, 10, 17, 18, 7, 2, 12, 8, 13, 6, 20, 14, 16, 3, 1, 9, 21]",363.5294035744582,16.313765048980713
