Id,Coordinates,Order,Distance,Time
1930,"[[0, 0], [51, 45], [13, 14], [53, 43], [63, 48], [12, 21], [52, 3], [14, 1], [43, 16], [64, 44], [39, 23], [25, 6], [38, 3], [30, 34], [10, 8], [13, 29], [30, 37], [40, 16], [22, 20], [22, 37], [34, 44], [0, 0]]","[0, 14, 2, 5, 15, 19, 13, 16, 20, 1, 3, 9, 4, 10, 17, 8, 6, 12, 18, 11, 7, 21]",238.6415881327959,15.737940549850464
