Id,Coordinates,Order,Distance,Time
8350,"[[0, 0], [56, 68], [16, 1], [91, 41], [53, 9], [108, 102], [40, 64], [43, 68], [123, 22], [139, 45], [142, 18], [68, 86], [28, 97], [11, 22], [60, 3], [157, 18], [108, 24], [141, 57], [33, 30], [148, 3], [44, 95], [0, 0]]","[0, 2, 4, 14, 3, 16, 8, 10, 19, 15, 9, 17, 5, 11, 1, 7, 6, 20, 12, 18, 13, 21]",549.0930730357978,15.39600157737732
