Id,Coordinates,Order,Distance,Time
2235,"[[0, 0], [34, 46], [5, 43], [37, 83], [34, 13], [32, 84], [9, 14], [28, 9], [18, 26], [33, 99], [11, 55], [18, 79], [35, 78], [16, 18], [37, 44], [4, 16], [32, 64], [6, 59], [21, 34], [39, 17], [35, 8], [0, 0]]","[0, 15, 6, 13, 8, 18, 1, 16, 12, 3, 5, 9, 11, 17, 10, 2, 14, 20, 4, 19, 7, 21]",312.09690832914555,18.44204545021057
