Id,Coordinates,Order,Distance,Time
8657,"[[0, 0], [25, 63], [20, 66], [18, 46], [7, 40], [1, 22], [27, 36], [13, 31], [44, 40], [23, 9], [5, 4], [28, 43], [26, 4], [18, 60], [8, 65], [39, 45], [45, 49], [28, 70], [30, 6], [9, 9], [13, 54], [0, 0]]","[0, 10, 19, 9, 12, 18, 6, 11, 3, 20, 13, 2, 1, 17, 14, 16, 15, 8, 4, 7, 5, 21]",280.8342052421702,15.776347398757935
