Id,Coordinates,Order,Distance,Time
5846,"[[0, 0], [18, 55], [12, 3], [21, 75], [9, 35], [15, 50], [22, 82], [1, 72], [9, 10], [21, 42], [21, 3], [3, 110], [4, 24], [16, 11], [8, 107], [22, 87], [23, 74], [7, 98], [21, 54], [15, 11], [5, 77], [0, 0]]","[0, 2, 10, 13, 19, 8, 4, 9, 5, 1, 18, 16, 3, 6, 15, 14, 11, 17, 20, 7, 12, 21]",271.9946509762635,14.568041324615479
