Id,Coordinates,Order,Distance,Time
1817,"[[0, 0], [68, 15], [52, 5], [59, 1], [24, 5], [66, 2], [74, 3], [107, 3], [72, 11], [87, 11], [57, 7], [98, 12], [36, 6], [54, 10], [35, 12], [62, 13], [92, 13], [15, 3], [98, 4], [44, 12], [15, 4], [0, 0]]","[0, 17, 20, 4, 12, 14, 19, 13, 10, 3, 5, 6, 9, 16, 11, 18, 7, 8, 1, 15, 2, 21]",244.09314711401908,20.080070972442627
