Id,Coordinates,Order,Distance,Time
63,"[[0, 0], [59, 70], [106, 49], [130, 86], [92, 3], [93, 44], [106, 18], [28, 14], [126, 123], [46, 32], [38, 65], [98, 77], [84, 92], [47, 76], [39, 69], [125, 81], [26, 64], [134, 38], [55, 132], [98, 38], [50, 35], [0, 0]]","[0, 7, 9, 20, 10, 16, 14, 13, 1, 11, 15, 3, 8, 18, 12, 5, 19, 2, 17, 6, 4, 21]",622.5754029471801,21.626487255096436
