Id,Coordinates,Order,Distance,Time
953,"[[0, 0], [12, 70], [38, 8], [55, 14], [6, 102], [81, 107], [44, 150], [51, 4], [56, 110], [33, 77], [21, 92], [2, 70], [55, 128], [81, 16], [76, 14], [80, 143], [77, 49], [41, 16], [67, 74], [43, 147], [27, 62], [0, 0]]","[0, 2, 17, 7, 3, 14, 13, 16, 9, 20, 1, 11, 4, 10, 8, 12, 19, 6, 15, 5, 18, 21]",569.3598620240354,13.965421676635742
