Id,Coordinates,Order,Distance,Time
4171,"[[0, 0], [13, 24], [13, 10], [5, 7], [6, 28], [16, 14], [2, 10], [2, 27], [3, 28], [13, 22], [16, 12], [18, 35], [12, 38], [2, 24], [19, 37], [13, 26], [4, 14], [9, 32], [15, 20], [15, 39], [17, 7], [0, 0]]","[0, 3, 6, 20, 2, 10, 5, 18, 9, 1, 15, 13, 7, 8, 4, 17, 12, 19, 14, 11, 16, 21]",130.6310831072968,12.765580415725708
