Id,Coordinates,Order,Distance,Time
1170,"[[0, 0], [127, 17], [41, 61], [88, 39], [18, 9], [65, 13], [102, 75], [53, 104], [90, 91], [56, 95], [46, 3], [54, 112], [95, 60], [43, 73], [15, 34], [50, 3], [18, 59], [84, 90], [51, 25], [118, 83], [33, 23], [0, 0]]","[0, 4, 20, 18, 15, 10, 14, 16, 2, 13, 9, 7, 11, 17, 8, 19, 6, 12, 1, 3, 5, 21]",537.3764372543611,15.515522718429565
