Id,Coordinates,Order,Distance,Time
465,"[[0, 0], [20, 61], [21, 104], [22, 75], [26, 92], [5, 92], [22, 94], [8, 108], [23, 85], [10, 39], [12, 53], [18, 110], [17, 62], [15, 13], [9, 42], [20, 3], [5, 14], [5, 5], [17, 46], [17, 86], [23, 114], [0, 0]]","[0, 17, 15, 13, 9, 14, 10, 12, 1, 3, 8, 19, 6, 4, 2, 20, 11, 7, 5, 18, 16, 21]",283.72295272656595,15.76340103149414
