Id,Coordinates,Order,Distance,Time
8820,"[[0, 0], [61, 69], [133, 130], [142, 134], [69, 49], [64, 139], [67, 169], [147, 101], [100, 106], [120, 95], [156, 109], [131, 80], [42, 71], [43, 160], [15, 166], [139, 108], [150, 97], [98, 84], [64, 80], [116, 67], [120, 53], [0, 0]]","[0, 12, 18, 1, 4, 17, 8, 9, 19, 20, 11, 16, 7, 15, 10, 3, 2, 5, 6, 13, 14, 21]",717.9079151067583,15.460381031036377
