Id,Coordinates,Order,Distance,Time
4136,"[[0, 0], [16, 116], [64, 5], [76, 68], [108, 56], [119, 13], [105, 94], [118, 19], [144, 98], [133, 10], [22, 82], [47, 97], [85, 111], [99, 78], [64, 81], [139, 20], [132, 75], [82, 80], [81, 65], [68, 66], [147, 1], [0, 0]]","[0, 2, 5, 7, 9, 20, 15, 4, 13, 17, 3, 19, 14, 11, 10, 1, 12, 6, 8, 16, 18, 21]",708.6186402295261,17.674726486206055
