Id,Coordinates,Order,Distance,Time
5420,"[[0, 0], [72, 77], [117, 9], [118, 121], [34, 82], [118, 125], [95, 101], [15, 29], [42, 93], [22, 38], [94, 4], [106, 165], [134, 99], [24, 18], [23, 141], [65, 5], [56, 157], [114, 131], [90, 116], [29, 150], [13, 116], [0, 0]]","[0, 7, 9, 4, 8, 18, 6, 12, 3, 5, 17, 11, 16, 19, 14, 20, 1, 2, 10, 15, 13, 21]",677.7943807497613,20.478389739990234
