Id,Coordinates,Order,Distance,Time
2307,"[[0, 0], [32, 28], [98, 100], [48, 103], [19, 18], [86, 94], [6, 106], [83, 96], [91, 36], [158, 30], [11, 57], [97, 108], [144, 4], [41, 90], [24, 76], [33, 86], [110, 62], [93, 21], [51, 79], [134, 20], [66, 30], [0, 0]]","[0, 4, 1, 20, 8, 17, 19, 12, 9, 16, 2, 11, 5, 7, 3, 18, 13, 15, 6, 14, 10, 21]",566.2457927602944,18.39590358734131
