Id,Coordinates,Order,Distance,Time
4898,"[[0, 0], [89, 26], [21, 60], [51, 18], [109, 6], [77, 13], [74, 14], [63, 21], [13, 1], [62, 13], [107, 13], [132, 40], [86, 17], [114, 4], [22, 34], [116, 25], [18, 8], [101, 18], [94, 19], [29, 60], [45, 20], [0, 0]]","[0, 14, 2, 19, 20, 3, 9, 6, 5, 12, 18, 17, 10, 4, 13, 15, 11, 1, 7, 16, 8, 21]",379.05629026162234,14.234749794006348
