Id,Coordinates,Order,Distance,Time
3113,"[[0, 0], [160, 68], [92, 21], [152, 18], [66, 2], [85, 52], [23, 22], [6, 72], [160, 87], [126, 85], [48, 80], [93, 55], [181, 83], [150, 19], [139, 55], [176, 20], [129, 51], [65, 19], [160, 77], [89, 17], [78, 86], [0, 0]]","[0, 6, 17, 19, 2, 11, 5, 7, 10, 20, 9, 16, 14, 1, 18, 8, 12, 15, 3, 13, 4, 21]",698.657335509829,15.01788592338562
