Id,Coordinates,Order,Distance,Time
290,"[[0, 0], [61, 29], [72, 102], [54, 127], [60, 133], [26, 70], [46, 71], [8, 78], [49, 23], [42, 10], [70, 26], [41, 69], [64, 50], [41, 133], [24, 150], [57, 94], [16, 121], [42, 122], [8, 44], [5, 105], [4, 60], [0, 0]]","[0, 9, 8, 1, 10, 12, 6, 11, 5, 7, 19, 16, 14, 13, 17, 4, 3, 2, 15, 20, 18, 21]",485.67660295779706,15.227274179458618
