Id,Coordinates,Order,Distance,Time
267,"[[0, 0], [6, 62], [6, 95], [77, 33], [39, 129], [24, 144], [30, 120], [6, 44], [47, 123], [101, 25], [16, 70], [88, 121], [47, 106], [31, 38], [57, 71], [38, 19], [31, 117], [16, 96], [23, 31], [44, 115], [13, 103], [0, 0]]","[0, 15, 13, 18, 1, 10, 17, 20, 16, 6, 4, 8, 19, 12, 14, 3, 9, 11, 5, 2, 7, 21]",637.998692921299,17.884387731552124
