Id,Coordinates,Order,Distance,Time
9412,"[[0, 0], [172, 13], [5, 33], [136, 20], [175, 12], [105, 23], [46, 4], [108, 20], [116, 22], [66, 13], [19, 34], [106, 20], [102, 34], [34, 1], [178, 12], [120, 28], [102, 33], [86, 10], [160, 24], [147, 31], [39, 1], [0, 0]]","[0, 2, 10, 13, 20, 6, 9, 17, 5, 16, 12, 15, 19, 18, 1, 4, 14, 3, 8, 7, 11, 21]",436.21182872135364,14.224998235702515
