Id,Coordinates,Order,Distance,Time
5343,"[[0, 0], [158, 88], [184, 15], [147, 30], [53, 37], [90, 74], [36, 3], [53, 21], [17, 21], [27, 7], [6, 32], [56, 66], [67, 135], [154, 6], [62, 101], [109, 14], [22, 2], [46, 19], [37, 83], [12, 47], [57, 131], [0, 0]]","[0, 16, 9, 6, 17, 4, 11, 18, 14, 20, 12, 5, 1, 2, 13, 3, 15, 7, 19, 10, 8, 21]",676.2089198610014,15.1575345993042
