Id,Coordinates,Order,Distance,Time
5857,"[[0, 0], [122, 11], [29, 24], [72, 15], [84, 37], [88, 17], [5, 19], [53, 40], [107, 3], [139, 24], [42, 11], [127, 13], [119, 36], [18, 20], [102, 23], [101, 40], [64, 5], [58, 2], [1, 14], [22, 36], [109, 12], [0, 0]]","[0, 13, 2, 10, 17, 16, 3, 5, 14, 20, 8, 1, 11, 9, 12, 15, 4, 7, 19, 6, 18, 21]",352.05455171498863,16.489947080612183
