Id,Coordinates,Order,Distance,Time
9417,"[[0, 0], [71, 43], [106, 11], [154, 10], [192, 18], [85, 39], [199, 41], [198, 32], [161, 38], [75, 25], [125, 20], [10, 7], [178, 41], [1, 41], [60, 34], [11, 20], [60, 20], [91, 7], [162, 44], [49, 2], [184, 2], [0, 0]]","[0, 11, 15, 13, 14, 16, 9, 1, 5, 2, 10, 8, 18, 12, 6, 7, 4, 20, 3, 17, 19, 21]",536.996053985768,14.138520240783691
