Id,Coordinates,Order,Distance,Time
2802,"[[0, 0], [38, 69], [11, 65], [1, 20], [67, 74], [43, 7], [22, 12], [154, 37], [83, 47], [82, 76], [55, 76], [163, 33], [109, 47], [96, 19], [66, 63], [31, 49], [114, 33], [12, 64], [101, 52], [181, 11], [87, 68], [0, 0]]","[0, 6, 5, 15, 1, 10, 4, 14, 9, 20, 18, 12, 16, 7, 11, 19, 13, 8, 17, 2, 3, 21]",562.9865628722596,15.186212301254272
