Id,Coordinates,Order,Distance,Time
5538,"[[0, 0], [43, 5], [115, 72], [10, 45], [71, 97], [28, 95], [85, 47], [80, 4], [36, 78], [47, 13], [85, 17], [64, 90], [100, 56], [65, 45], [24, 66], [44, 84], [76, 77], [71, 66], [112, 37], [9, 32], [100, 71], [0, 0]]","[0, 19, 3, 14, 8, 5, 15, 11, 4, 16, 17, 13, 6, 12, 20, 2, 18, 10, 7, 9, 1, 21]",447.7356398177387,12.993234157562256
