Id,Coordinates,Order,Distance,Time
8398,"[[0, 0], [5, 14], [5, 43], [20, 63], [20, 92], [22, 43], [2, 27], [21, 44], [10, 69], [14, 67], [7, 45], [10, 36], [9, 38], [13, 88], [25, 63], [10, 76], [23, 33], [1, 38], [4, 100], [23, 62], [22, 19], [0, 0]]","[0, 1, 6, 17, 2, 10, 12, 11, 19, 3, 9, 8, 15, 13, 18, 4, 14, 7, 5, 16, 20, 21]",256.58609114471733,21.30600070953369
