Id,Coordinates,Order,Distance,Time
8527,"[[0, 0], [120, 138], [147, 111], [37, 90], [87, 163], [137, 26], [98, 102], [83, 74], [30, 14], [49, 68], [66, 93], [106, 28], [143, 27], [79, 40], [32, 70], [64, 83], [72, 21], [14, 110], [127, 27], [150, 141], [64, 113], [0, 0]]","[0, 8, 16, 13, 11, 18, 5, 12, 7, 15, 3, 17, 20, 4, 1, 19, 2, 6, 10, 9, 14, 21]",731.4538615111566,17.477701902389526
