Id,Coordinates,Order,Distance,Time
5763,"[[0, 0], [140, 43], [99, 101], [64, 132], [73, 107], [1, 122], [142, 91], [109, 129], [137, 120], [91, 86], [85, 90], [136, 88], [5, 126], [96, 45], [42, 128], [124, 91], [11, 101], [65, 90], [2, 50], [134, 63], [131, 45], [0, 0]]","[0, 18, 16, 5, 12, 14, 3, 4, 17, 10, 9, 15, 19, 20, 1, 11, 6, 8, 7, 2, 13, 21]",654.8660457901819,15.72458267211914
