Id,Coordinates,Order,Distance,Time
6120,"[[0, 0], [144, 72], [72, 43], [109, 54], [34, 14], [43, 25], [84, 19], [64, 20], [44, 19], [129, 54], [168, 53], [174, 33], [92, 18], [62, 25], [119, 53], [39, 65], [26, 10], [120, 44], [131, 7], [76, 48], [79, 26], [0, 0]]","[0, 16, 4, 8, 5, 7, 13, 2, 19, 3, 14, 17, 9, 1, 10, 11, 18, 12, 6, 20, 15, 21]",487.1563014245245,15.930256366729736
