Id,Coordinates,Order,Distance,Time
7209,"[[0, 0], [33, 69], [45, 52], [59, 74], [88, 24], [35, 110], [45, 20], [69, 42], [107, 40], [46, 37], [105, 13], [76, 75], [96, 121], [22, 100], [14, 119], [69, 2], [75, 87], [11, 36], [48, 63], [23, 74], [88, 95], [0, 0]]","[0, 17, 18, 3, 11, 16, 20, 12, 5, 14, 13, 19, 1, 2, 9, 7, 8, 10, 4, 15, 6, 21]",565.2552293345157,21.96911311149597
