Id,Coordinates,Order,Distance,Time
6714,"[[0, 0], [55, 4], [64, 21], [18, 13], [18, 21], [22, 16], [58, 2], [62, 11], [62, 3], [68, 12], [10, 28], [30, 23], [46, 26], [60, 17], [40, 3], [55, 17], [29, 25], [36, 3], [39, 28], [51, 3], [12, 22], [0, 0]]","[0, 3, 5, 4, 20, 10, 16, 11, 18, 12, 15, 13, 2, 9, 7, 8, 6, 1, 19, 14, 17, 21]",194.35418037470177,21.489026308059692
