Id,Coordinates,Order,Distance,Time
3070,"[[0, 0], [8, 45], [9, 74], [12, 98], [2, 15], [9, 102], [17, 14], [14, 56], [7, 36], [14, 43], [3, 38], [21, 80], [2, 87], [4, 37], [18, 45], [20, 25], [6, 44], [17, 25], [17, 101], [18, 92], [16, 68], [0, 0]]","[0, 6, 17, 15, 8, 13, 10, 16, 1, 9, 14, 7, 20, 11, 19, 18, 5, 3, 12, 2, 4, 21]",251.90418192197885,12.996836185455322
