Id,Coordinates,Order,Distance,Time
3471,"[[0, 0], [4, 43], [33, 42], [74, 15], [108, 3], [46, 11], [182, 30], [116, 56], [185, 21], [25, 19], [148, 42], [181, 11], [24, 21], [21, 26], [5, 56], [69, 1], [83, 44], [34, 36], [8, 25], [35, 9], [138, 28], [0, 0]]","[0, 18, 13, 12, 9, 19, 5, 15, 3, 16, 7, 10, 6, 8, 11, 20, 4, 17, 2, 14, 1, 21]",528.2685900733962,17.37899875640869
