Id,Coordinates,Order,Distance,Time
2901,"[[0, 0], [15, 21], [7, 13], [25, 3], [9, 8], [6, 20], [13, 12], [1, 20], [15, 18], [17, 20], [2, 9], [17, 5], [2, 1], [21, 2], [21, 2], [19, 6], [27, 1], [24, 10], [1, 11], [16, 10], [7, 4], [0, 0]]","[0, 12, 20, 4, 2, 6, 19, 11, 15, 13, 14, 16, 3, 17, 8, 9, 1, 5, 7, 18, 10, 21]",106.01920260721178,13.706928968429565
