Id,Coordinates,Order,Distance,Time
3053,"[[0, 0], [19, 80], [138, 20], [141, 34], [105, 86], [66, 14], [112, 25], [158, 57], [63, 28], [66, 68], [161, 3], [71, 12], [139, 46], [26, 9], [1, 74], [19, 73], [116, 27], [110, 85], [51, 65], [131, 42], [104, 35], [0, 0]]","[0, 13, 5, 11, 8, 18, 9, 4, 17, 7, 12, 3, 2, 10, 6, 16, 19, 20, 15, 1, 14, 21]",625.3318660105973,14.960163593292236
