Id,Coordinates,Order,Distance,Time
3511,"[[0, 0], [2, 144], [24, 187], [32, 105], [8, 176], [12, 134], [19, 10], [10, 19], [35, 34], [21, 162], [17, 157], [34, 89], [13, 24], [15, 57], [26, 121], [25, 39], [21, 165], [6, 165], [29, 118], [22, 85], [10, 13], [0, 0]]","[0, 20, 7, 12, 15, 13, 11, 3, 18, 14, 10, 9, 16, 2, 4, 17, 1, 5, 19, 8, 6, 21]",425.7445218167087,15.727685928344727
