Id,Coordinates,Order,Distance,Time
8573,"[[0, 0], [10, 96], [3, 14], [2, 45], [1, 100], [6, 99], [9, 77], [1, 79], [3, 120], [2, 118], [2, 80], [8, 40], [3, 70], [5, 4], [11, 94], [10, 38], [1, 15], [9, 63], [1, 105], [5, 100], [6, 60], [0, 0]]","[0, 13, 2, 16, 15, 11, 20, 12, 7, 10, 14, 1, 5, 19, 4, 18, 9, 8, 6, 17, 3, 21]",257.8799406392445,15.593845844268799
