Id,Coordinates,Order,Distance,Time
4843,"[[0, 0], [1, 33], [4, 132], [4, 163], [11, 74], [6, 48], [8, 173], [6, 148], [6, 110], [4, 174], [4, 44], [1, 185], [11, 183], [4, 35], [1, 83], [10, 164], [9, 144], [9, 26], [10, 111], [10, 78], [6, 172], [0, 0]]","[0, 17, 13, 10, 5, 4, 19, 18, 2, 16, 7, 3, 20, 9, 11, 12, 6, 15, 8, 14, 1, 21]",386.7837546970833,16.011826276779175
