Id,Coordinates,Order,Distance,Time
2184,"[[0, 0], [82, 25], [31, 61], [75, 29], [36, 45], [1, 75], [75, 1], [37, 115], [89, 61], [76, 66], [77, 49], [91, 29], [15, 4], [70, 107], [75, 97], [76, 90], [47, 70], [14, 56], [58, 75], [83, 38], [44, 36], [0, 0]]","[0, 12, 20, 4, 2, 16, 18, 9, 8, 10, 19, 3, 1, 6, 11, 15, 14, 13, 7, 5, 17, 21]",507.4456459101435,14.195173025131226
