Id,Coordinates,Order,Distance,Time
3610,"[[0, 0], [106, 12], [56, 42], [53, 51], [115, 20], [67, 47], [71, 5], [60, 54], [5, 11], [67, 48], [120, 61], [108, 36], [6, 11], [100, 40], [58, 59], [59, 62], [99, 40], [32, 50], [89, 41], [60, 47], [5, 23], [0, 0]]","[0, 8, 12, 20, 17, 3, 7, 14, 15, 19, 2, 5, 9, 18, 16, 13, 10, 11, 4, 1, 6, 21]",361.25722153834334,17.085627555847168
