Id,Coordinates,Order,Distance,Time
9165,"[[0, 0], [17, 13], [7, 9], [11, 8], [7, 12], [13, 5], [13, 5], [12, 14], [5, 12], [16, 12], [8, 5], [16, 3], [19, 11], [10, 4], [14, 3], [10, 14], [3, 1], [14, 14], [1, 12], [4, 7], [4, 8], [0, 0]]","[0, 19, 20, 2, 18, 8, 4, 15, 7, 17, 9, 1, 12, 5, 6, 14, 11, 13, 3, 10, 16, 21]",75.34461852067052,16.53529977798462
