Id,Coordinates,Order,Distance,Time
4387,"[[0, 0], [59, 28], [58, 35], [53, 66], [3, 155], [44, 138], [82, 109], [63, 185], [20, 163], [56, 55], [87, 165], [86, 84], [65, 116], [38, 194], [80, 177], [30, 175], [67, 84], [53, 136], [1, 82], [89, 89], [58, 126], [0, 0]]","[0, 1, 2, 9, 3, 16, 11, 19, 6, 12, 20, 17, 5, 10, 14, 7, 13, 15, 8, 4, 18, 21]",542.7780565338455,17.031822443008423
