Id,Coordinates,Order,Distance,Time
7103,"[[0, 0], [16, 25], [7, 24], [68, 35], [44, 16], [78, 22], [35, 14], [26, 25], [89, 10], [16, 18], [41, 6], [58, 5], [29, 3], [81, 7], [8, 24], [12, 8], [6, 6], [83, 35], [75, 33], [58, 23], [7, 14], [0, 0]]","[0, 16, 20, 9, 2, 14, 1, 7, 6, 4, 19, 3, 18, 17, 5, 8, 13, 11, 10, 12, 15, 21]",248.88577856583262,13.802764177322388
