Id,Coordinates,Order,Distance,Time
6949,"[[0, 0], [132, 61], [135, 57], [176, 1], [5, 69], [113, 36], [46, 36], [124, 54], [36, 10], [120, 68], [75, 62], [170, 58], [95, 12], [52, 32], [8, 60], [115, 26], [110, 67], [87, 44], [99, 5], [89, 38], [98, 36], [0, 0]]","[0, 8, 13, 6, 17, 19, 20, 15, 12, 18, 5, 7, 1, 2, 3, 11, 9, 16, 10, 14, 4, 21]",619.8452868514535,17.79802370071411
