Id,Coordinates,Order,Distance,Time
5771,"[[0, 0], [15, 22], [19, 14], [16, 18], [22, 4], [4, 4], [21, 1], [18, 23], [14, 23], [10, 16], [7, 16], [12, 10], [2, 22], [24, 5], [22, 4], [20, 12], [6, 12], [11, 6], [14, 14], [22, 4], [14, 8], [0, 0]]","[0, 5, 17, 11, 18, 3, 1, 8, 7, 2, 15, 13, 4, 14, 19, 6, 20, 9, 10, 12, 16, 21]",113.13447136576963,18.074223279953003
