Id,Coordinates,Order,Distance,Time
9144,"[[0, 0], [84, 127], [63, 2], [107, 18], [82, 37], [136, 45], [13, 49], [78, 123], [2, 92], [21, 142], [114, 18], [29, 40], [53, 87], [78, 138], [127, 117], [103, 56], [90, 1], [63, 130], [83, 127], [91, 43], [137, 115], [0, 0]]","[0, 11, 6, 8, 12, 7, 18, 1, 13, 17, 9, 14, 20, 15, 5, 3, 10, 16, 19, 4, 2, 21]",740.5420436307011,15.5105140209198
