Id,Coordinates,Order,Distance,Time
7340,"[[0, 0], [25, 46], [29, 65], [65, 106], [24, 99], [22, 96], [41, 194], [10, 157], [60, 49], [70, 2], [71, 117], [43, 176], [25, 135], [27, 70], [8, 185], [29, 195], [34, 13], [69, 196], [27, 162], [47, 27], [50, 64], [0, 0]]","[0, 9, 19, 8, 20, 2, 13, 5, 4, 12, 18, 7, 14, 15, 6, 17, 11, 10, 3, 1, 16, 21]",628.6794678374231,15.520167350769043
