Id,Coordinates,Order,Distance,Time
9129,"[[0, 0], [20, 128], [63, 131], [141, 78], [29, 22], [167, 123], [34, 127], [17, 32], [117, 138], [159, 3], [70, 17], [17, 137], [44, 133], [106, 1], [160, 136], [118, 65], [64, 6], [66, 125], [105, 26], [15, 67], [185, 82], [0, 0]]","[0, 4, 16, 10, 18, 13, 9, 15, 3, 20, 5, 14, 8, 17, 2, 12, 6, 11, 1, 19, 7, 21]",699.9434255305916,14.612591743469238
