Id,Coordinates,Order,Distance,Time
4348,"[[0, 0], [34, 77], [38, 18], [38, 103], [12, 32], [11, 104], [16, 114], [17, 5], [36, 45], [28, 13], [38, 2], [28, 55], [32, 85], [20, 27], [19, 52], [9, 105], [3, 90], [7, 52], [34, 97], [10, 13], [27, 14], [0, 0]]","[0, 7, 20, 9, 10, 2, 13, 8, 11, 14, 1, 12, 18, 3, 6, 5, 15, 16, 17, 4, 19, 21]",334.23274940834784,16.961658477783203
