Id,Coordinates,Order,Distance,Time
2495,"[[0, 0], [40, 54], [8, 62], [40, 6], [57, 20], [35, 15], [16, 59], [15, 62], [63, 36], [72, 56], [57, 11], [76, 42], [50, 63], [41, 9], [30, 42], [10, 33], [9, 6], [48, 10], [50, 33], [35, 52], [19, 61], [0, 0]]","[0, 16, 14, 19, 1, 12, 9, 11, 8, 18, 4, 10, 17, 13, 3, 5, 20, 6, 7, 2, 15, 21]",326.1905706048409,12.014474868774414
