Id,Coordinates,Order,Distance,Time
300,"[[0, 0], [81, 84], [75, 23], [74, 89], [98, 92], [148, 64], [74, 103], [118, 37], [134, 104], [63, 61], [53, 80], [3, 48], [113, 101], [33, 48], [124, 61], [84, 41], [92, 98], [145, 91], [92, 27], [126, 105], [93, 14], [0, 0]]","[0, 11, 13, 10, 6, 3, 1, 16, 4, 12, 19, 8, 17, 5, 14, 7, 18, 20, 2, 15, 9, 21]",524.9810893685666,12.747212886810303
