Id,Coordinates,Order,Distance,Time
6344,"[[0, 0], [17, 25], [3, 14], [26, 8], [2, 36], [17, 35], [32, 22], [10, 27], [43, 23], [5, 40], [45, 40], [15, 37], [32, 30], [21, 37], [5, 25], [11, 12], [1, 22], [28, 4], [28, 39], [38, 27], [41, 19], [0, 0]]","[0, 2, 16, 14, 7, 1, 5, 13, 18, 10, 19, 8, 20, 17, 3, 6, 12, 11, 9, 4, 15, 21]",226.9400525336187,14.22740912437439
