Id,Coordinates,Order,Distance,Time
4227,"[[0, 0], [59, 106], [134, 140], [18, 104], [56, 99], [85, 32], [42, 30], [141, 23], [110, 91], [119, 75], [16, 76], [63, 85], [37, 92], [118, 105], [56, 33], [73, 123], [17, 95], [49, 129], [16, 27], [115, 56], [42, 103], [0, 0]]","[0, 18, 6, 5, 7, 19, 9, 8, 13, 2, 15, 1, 17, 20, 12, 16, 3, 10, 4, 11, 14, 21]",676.7656257511617,18.118353366851807
