Id,Coordinates,Order,Distance,Time
7112,"[[0, 0], [77, 79], [9, 50], [62, 17], [34, 24], [61, 48], [11, 37], [12, 58], [37, 49], [12, 94], [9, 11], [27, 31], [10, 55], [21, 58], [43, 15], [42, 23], [64, 70], [56, 159], [29, 14], [50, 21], [38, 29], [0, 0]]","[0, 10, 18, 4, 20, 15, 14, 19, 3, 5, 16, 1, 17, 9, 7, 12, 2, 13, 8, 11, 6, 21]",472.159512077607,17.376758813858032
