Id,Coordinates,Order,Distance,Time
5096,"[[0, 0], [10, 15], [42, 12], [19, 11], [73, 3], [10, 17], [68, 13], [38, 11], [12, 17], [118, 18], [62, 19], [35, 10], [81, 19], [104, 3], [53, 3], [83, 3], [99, 4], [118, 8], [19, 8], [116, 17], [70, 12], [0, 0]]","[0, 1, 5, 8, 3, 11, 14, 6, 20, 4, 15, 16, 13, 17, 9, 19, 12, 10, 2, 7, 18, 21]",272.7954956096502,18.900437593460083
