Id,Coordinates,Order,Distance,Time
2458,"[[0, 0], [17, 28], [5, 45], [15, 13], [46, 50], [5, 140], [39, 137], [28, 142], [2, 24], [37, 131], [26, 73], [4, 20], [30, 75], [2, 125], [18, 31], [25, 71], [31, 63], [41, 20], [11, 129], [9, 138], [10, 144], [0, 0]]","[0, 11, 8, 1, 14, 2, 16, 15, 10, 12, 9, 6, 7, 20, 19, 5, 18, 13, 4, 17, 3, 21]",400.02159701781295,14.94526219367981
