Id,Coordinates,Order,Distance,Time
1660,"[[0, 0], [17, 7], [36, 27], [32, 49], [13, 147], [9, 121], [14, 24], [35, 52], [8, 53], [20, 69], [26, 105], [42, 35], [17, 103], [14, 139], [31, 30], [3, 116], [7, 137], [6, 91], [8, 31], [40, 1], [23, 58], [0, 0]]","[0, 6, 18, 8, 3, 11, 20, 9, 17, 12, 15, 5, 16, 13, 4, 10, 7, 14, 2, 19, 1, 21]",435.8891369258089,10.953397512435913
