Id,Coordinates,Order,Distance,Time
1796,"[[0, 0], [89, 46], [23, 163], [70, 12], [8, 125], [89, 113], [78, 18], [31, 28], [65, 29], [18, 19], [32, 23], [6, 82], [8, 15], [60, 148], [101, 91], [42, 39], [64, 94], [93, 26], [83, 70], [52, 98], [56, 9], [0, 0]]","[0, 12, 9, 10, 7, 15, 8, 20, 3, 6, 17, 1, 18, 14, 5, 16, 19, 13, 2, 4, 11, 21]",548.8983319484747,21.669666290283203
