Id,Coordinates,Order,Distance,Time
4685,"[[0, 0], [25, 22], [31, 15], [41, 21], [17, 30], [31, 25], [25, 3], [25, 4], [2, 25], [29, 27], [2, 31], [14, 10], [50, 14], [27, 27], [30, 31], [9, 24], [48, 22], [35, 31], [13, 30], [43, 2], [47, 12], [0, 0]]","[0, 11, 6, 7, 1, 13, 9, 14, 17, 3, 16, 12, 20, 19, 2, 5, 4, 18, 15, 10, 8, 21]",200.85473417554832,17.504289627075195
