Id,Coordinates,Order,Distance,Time
3218,"[[0, 0], [19, 19], [89, 37], [60, 116], [22, 10], [14, 115], [80, 165], [43, 17], [62, 37], [37, 14], [56, 20], [108, 146], [91, 104], [105, 166], [68, 33], [113, 60], [120, 118], [90, 4], [11, 179], [29, 121], [65, 23], [0, 0]]","[0, 4, 9, 7, 10, 20, 14, 8, 17, 2, 15, 12, 16, 11, 13, 6, 18, 5, 19, 3, 1, 21]",666.7275452928284,17.1694552898407
