Id,Coordinates,Order,Distance,Time
8606,"[[0, 0], [104, 47], [14, 84], [88, 78], [30, 1], [18, 26], [80, 58], [89, 18], [68, 54], [48, 82], [101, 37], [46, 58], [37, 23], [26, 56], [67, 66], [46, 29], [36, 13], [23, 82], [64, 17], [95, 57], [77, 21], [0, 0]]","[0, 4, 16, 12, 15, 18, 20, 7, 10, 1, 19, 6, 8, 14, 3, 9, 17, 2, 11, 13, 5, 21]",419.6015852778527,15.205543279647827
