Id,Coordinates,Order,Distance,Time
9243,"[[0, 0], [54, 48], [113, 47], [9, 49], [25, 108], [25, 63], [119, 10], [115, 32], [71, 57], [155, 61], [42, 51], [74, 167], [146, 163], [53, 65], [131, 17], [35, 53], [83, 22], [61, 15], [138, 77], [50, 134], [71, 59], [0, 0]]","[0, 3, 15, 10, 1, 13, 20, 8, 17, 16, 6, 14, 7, 2, 9, 18, 12, 11, 19, 4, 5, 21]",703.6954211792786,18.463669776916504
