Id,Coordinates,Order,Distance,Time
6269,"[[0, 0], [11, 57], [12, 85], [14, 16], [17, 4], [14, 58], [6, 85], [13, 71], [12, 93], [6, 31], [12, 93], [8, 47], [4, 23], [12, 29], [4, 7], [11, 35], [16, 105], [17, 56], [18, 15], [6, 46], [3, 96], [0, 0]]","[0, 14, 4, 18, 3, 13, 15, 19, 11, 1, 5, 17, 7, 2, 10, 8, 16, 20, 6, 9, 12, 21]",249.34888986660906,23.767417192459106
