Id,Coordinates,Order,Distance,Time
2404,"[[0, 0], [112, 41], [130, 54], [100, 22], [52, 7], [76, 5], [30, 34], [93, 4], [97, 6], [113, 19], [8, 50], [5, 43], [49, 60], [34, 65], [123, 22], [47, 55], [77, 19], [31, 26], [29, 3], [1, 37], [21, 67], [0, 0]]","[0, 17, 6, 11, 19, 10, 20, 13, 12, 15, 16, 7, 8, 9, 14, 2, 1, 3, 5, 4, 18, 21]",439.5668685759064,17.44680380821228
