Id,Coordinates,Order,Distance,Time
9953,"[[0, 0], [68, 106], [62, 123], [11, 97], [23, 90], [13, 128], [78, 82], [39, 140], [49, 13], [36, 59], [35, 100], [69, 100], [25, 82], [41, 81], [21, 93], [16, 105], [28, 122], [52, 83], [16, 33], [75, 19], [3, 123], [0, 0]]","[0, 18, 9, 13, 10, 12, 4, 14, 3, 15, 20, 5, 16, 7, 2, 1, 11, 6, 17, 19, 8, 21]",478.4852638050892,16.24652910232544
