Id,Coordinates,Order,Distance,Time
1758,"[[0, 0], [53, 17], [24, 48], [41, 50], [13, 6], [39, 52], [13, 28], [13, 71], [35, 4], [47, 23], [52, 56], [41, 68], [1, 18], [1, 66], [30, 72], [51, 29], [48, 21], [17, 19], [2, 37], [47, 37], [13, 72], [0, 0]]","[0, 4, 17, 6, 8, 1, 16, 9, 15, 19, 3, 5, 10, 11, 14, 20, 7, 13, 2, 18, 12, 21]",296.91216520989747,16.189305543899536
