Id,Coordinates,Order,Distance,Time
8700,"[[0, 0], [136, 45], [147, 104], [19, 76], [32, 53], [129, 54], [44, 49], [147, 36], [87, 76], [100, 97], [32, 37], [49, 11], [93, 79], [52, 55], [110, 92], [120, 46], [48, 31], [119, 100], [107, 104], [52, 89], [58, 89], [0, 0]]","[0, 10, 6, 13, 4, 3, 19, 20, 8, 12, 9, 18, 14, 17, 2, 5, 1, 7, 15, 16, 11, 21]",534.6116975265409,15.918055295944214
