Id,Coordinates,Order,Distance,Time
6008,"[[0, 0], [2, 90], [1, 147], [1, 163], [2, 151], [14, 22], [13, 162], [1, 175], [13, 105], [5, 72], [9, 176], [10, 9], [14, 172], [15, 123], [3, 133], [8, 117], [6, 121], [14, 172], [11, 85], [8, 38], [8, 124], [0, 0]]","[0, 11, 5, 18, 8, 15, 16, 20, 14, 2, 4, 3, 7, 10, 12, 17, 6, 13, 1, 9, 19, 21]",373.15454841139217,13.721143007278442
