Id,Coordinates,Order,Distance,Time
5333,"[[0, 0], [60, 168], [57, 90], [69, 139], [41, 89], [28, 108], [3, 9], [16, 127], [60, 97], [29, 35], [28, 59], [50, 89], [5, 116], [82, 33], [93, 115], [59, 23], [36, 142], [95, 38], [20, 122], [19, 116], [81, 85], [0, 0]]","[0, 6, 9, 10, 4, 11, 2, 14, 3, 1, 16, 7, 18, 12, 19, 5, 8, 20, 17, 13, 15, 21]",544.5607035233678,12.41443133354187
