Id,Coordinates,Order,Distance,Time
2866,"[[0, 0], [16, 129], [134, 39], [136, 98], [121, 77], [51, 97], [106, 26], [9, 26], [9, 64], [71, 74], [105, 8], [111, 86], [119, 120], [69, 91], [133, 146], [47, 130], [106, 59], [126, 9], [65, 134], [110, 55], [63, 58], [0, 0]]","[0, 7, 8, 20, 16, 19, 4, 11, 3, 12, 14, 18, 15, 1, 5, 13, 9, 6, 2, 17, 10, 21]",740.3011717845441,12.45812177658081
