Id,Coordinates,Order,Distance,Time
7753,"[[0, 0], [12, 73], [31, 18], [54, 2], [2, 76], [68, 62], [140, 75], [17, 6], [119, 85], [101, 41], [115, 48], [76, 9], [111, 62], [139, 53], [39, 48], [16, 7], [20, 7], [156, 80], [133, 39], [88, 27], [66, 4], [0, 0]]","[0, 15, 7, 16, 2, 3, 20, 11, 19, 9, 12, 8, 6, 17, 13, 18, 10, 5, 14, 1, 4, 21]",488.10145689267983,17.484742164611816
