Id,Coordinates,Order,Distance,Time
4866,"[[0, 0], [83, 17], [9, 36], [72, 75], [40, 41], [51, 15], [8, 49], [131, 72], [88, 15], [46, 19], [16, 56], [131, 17], [50, 72], [67, 75], [65, 75], [10, 26], [31, 102], [53, 33], [16, 81], [35, 29], [101, 68], [0, 0]]","[0, 15, 2, 6, 10, 18, 16, 12, 14, 13, 3, 20, 7, 11, 8, 1, 5, 9, 17, 4, 19, 21]",460.5554593336786,13.012343645095825
