Id,Coordinates,Order,Distance,Time
3186,"[[0, 0], [2, 12], [16, 33], [12, 129], [12, 40], [7, 116], [11, 137], [15, 9], [3, 35], [11, 126], [12, 116], [8, 98], [14, 101], [12, 67], [15, 130], [7, 93], [11, 70], [14, 37], [8, 62], [12, 45], [10, 116], [0, 0]]","[0, 7, 2, 17, 4, 19, 13, 16, 15, 11, 12, 10, 20, 9, 3, 14, 6, 5, 18, 8, 1, 21]",293.50866917475,17.422924757003784
