Id,Coordinates,Order,Distance,Time
873,"[[0, 0], [61, 76], [88, 40], [92, 76], [83, 27], [76, 78], [98, 12], [64, 33], [102, 90], [33, 63], [5, 117], [88, 24], [7, 78], [72, 62], [74, 15], [21, 47], [72, 90], [8, 91], [31, 13], [83, 28], [9, 104], [0, 0]]","[0, 15, 9, 12, 17, 20, 10, 1, 16, 8, 3, 5, 13, 2, 19, 4, 11, 6, 14, 7, 18, 21]",486.83924720194057,19.03324294090271
