Id,Coordinates,Order,Distance,Time
5947,"[[0, 0], [22, 13], [21, 10], [11, 13], [15, 44], [13, 104], [11, 68], [23, 21], [4, 74], [3, 39], [13, 86], [3, 94], [8, 63], [20, 90], [2, 50], [22, 99], [19, 2], [3, 73], [17, 28], [5, 98], [2, 33], [0, 0]]","[0, 16, 2, 1, 7, 18, 20, 9, 14, 12, 17, 8, 10, 13, 15, 5, 19, 11, 6, 4, 3, 21]",263.51709567535744,18.166871786117554
