Id,Coordinates,Order,Distance,Time
8993,"[[0, 0], [9, 51], [71, 79], [27, 60], [35, 6], [60, 77], [26, 56], [101, 34], [76, 84], [46, 111], [64, 72], [30, 14], [80, 11], [78, 28], [86, 36], [54, 119], [49, 123], [73, 123], [79, 56], [79, 20], [78, 95], [0, 0]]","[0, 11, 4, 12, 19, 13, 14, 7, 18, 10, 5, 2, 8, 20, 17, 15, 16, 9, 3, 6, 1, 21]",413.9474711028688,18.217787742614746
