Id,Coordinates,Order,Distance,Time
1847,"[[0, 0], [129, 19], [149, 2], [67, 24], [131, 8], [131, 13], [19, 5], [55, 13], [5, 12], [130, 7], [137, 16], [66, 16], [152, 22], [15, 22], [135, 2], [138, 28], [120, 5], [70, 3], [24, 5], [72, 13], [43, 27], [0, 0]]","[0, 6, 18, 7, 11, 19, 17, 16, 9, 4, 5, 1, 10, 15, 12, 2, 14, 3, 20, 13, 8, 21]",378.230293693011,17.87658429145813
