Id,Coordinates,Order,Distance,Time
1356,"[[0, 0], [2, 72], [34, 48], [90, 77], [111, 35], [84, 56], [20, 73], [5, 39], [99, 80], [125, 21], [58, 41], [84, 54], [107, 65], [51, 44], [10, 17], [43, 55], [116, 25], [61, 27], [7, 69], [26, 61], [103, 68], [0, 0]]","[0, 14, 7, 1, 18, 6, 19, 2, 15, 13, 10, 11, 5, 3, 8, 20, 12, 4, 9, 16, 17, 21]",416.85552849315843,16.555079460144043
