Id,Coordinates,Order,Distance,Time
9936,"[[0, 0], [52, 72], [87, 11], [43, 74], [68, 71], [115, 98], [54, 31], [28, 68], [89, 90], [135, 54], [42, 64], [15, 126], [9, 39], [113, 101], [115, 50], [12, 86], [66, 41], [89, 67], [111, 5], [32, 5], [73, 15], [0, 0]]","[0, 19, 6, 16, 20, 2, 18, 9, 14, 17, 4, 1, 3, 7, 15, 11, 13, 5, 8, 10, 12, 21]",647.3786683852059,16.23721694946289
