Id,Coordinates,Order,Distance,Time
4188,"[[0, 0], [24, 5], [57, 18], [62, 16], [12, 50], [42, 48], [3, 4], [30, 42], [63, 27], [61, 6], [36, 22], [55, 43], [52, 18], [7, 11], [20, 47], [45, 6], [45, 17], [51, 27], [41, 17], [50, 12], [36, 26], [0, 0]]","[0, 1, 10, 20, 18, 16, 12, 2, 3, 9, 15, 19, 17, 8, 11, 5, 7, 14, 4, 13, 6, 21]",258.308385672306,14.594802379608154
