Id,Coordinates,Order,Distance,Time
6514,"[[0, 0], [36, 29], [111, 154], [152, 51], [63, 68], [112, 53], [163, 90], [108, 76], [122, 75], [60, 65], [73, 56], [1, 149], [72, 6], [12, 36], [63, 80], [91, 15], [12, 125], [34, 41], [114, 36], [148, 67], [23, 117], [0, 0]]","[0, 17, 1, 12, 15, 18, 5, 7, 8, 3, 19, 6, 2, 10, 9, 4, 14, 20, 16, 11, 13, 21]",761.7838687975166,18.621934413909912
