Id,Coordinates,Order,Distance,Time
7019,"[[0, 0], [38, 66], [65, 96], [115, 101], [136, 47], [154, 63], [89, 99], [73, 85], [149, 16], [64, 128], [19, 83], [88, 39], [81, 31], [76, 105], [114, 5], [136, 76], [6, 129], [35, 22], [130, 66], [88, 54], [130, 107], [0, 0]]","[0, 17, 1, 2, 6, 3, 20, 15, 18, 5, 4, 8, 14, 12, 11, 19, 7, 13, 9, 16, 10, 21]",692.2362921226911,14.68651270866394
