Id,Coordinates,Order,Distance,Time
1312,"[[0, 0], [24, 40], [61, 24], [32, 19], [10, 36], [26, 24], [28, 21], [6, 7], [17, 35], [44, 11], [29, 32], [55, 26], [4, 18], [57, 40], [48, 22], [29, 34], [32, 37], [36, 2], [26, 17], [8, 12], [7, 28], [0, 0]]","[0, 7, 19, 12, 20, 4, 8, 1, 10, 3, 17, 9, 14, 11, 2, 13, 16, 15, 5, 6, 18, 21]",229.34337978640525,13.915924072265625
