Id,Coordinates,Order,Distance,Time
2480,"[[0, 0], [124, 64], [143, 42], [66, 56], [51, 32], [89, 62], [41, 36], [67, 59], [61, 42], [76, 12], [2, 50], [111, 70], [42, 64], [93, 64], [125, 20], [52, 41], [26, 56], [9, 74], [81, 43], [20, 12], [141, 61], [0, 0]]","[0, 19, 6, 4, 15, 8, 5, 13, 11, 1, 20, 2, 14, 9, 18, 3, 7, 12, 16, 17, 10, 21]",467.3048358327821,17.347367763519287
