Id,Coordinates,Order,Distance,Time
6752,"[[0, 0], [80, 79], [69, 15], [55, 49], [78, 21], [10, 73], [66, 90], [49, 72], [56, 25], [16, 22], [69, 92], [44, 20], [7, 2], [31, 45], [17, 73], [81, 25], [58, 5], [46, 15], [78, 9], [45, 12], [57, 19], [0, 0]]","[0, 12, 9, 3, 7, 6, 10, 1, 15, 4, 18, 2, 8, 20, 16, 19, 17, 11, 13, 14, 5, 21]",426.6320241225742,20.698030471801758
