Id,Coordinates,Order,Distance,Time
5505,"[[0, 0], [22, 8], [21, 30], [2, 42], [9, 95], [50, 45], [2, 37], [30, 81], [34, 4], [26, 48], [47, 5], [35, 73], [19, 49], [50, 16], [44, 36], [11, 31], [34, 114], [47, 127], [36, 28], [2, 78], [39, 86], [0, 0]]","[0, 1, 8, 10, 13, 18, 14, 5, 2, 15, 12, 9, 11, 7, 20, 17, 16, 4, 19, 3, 6, 21]",403.8341083525202,17.245173454284668
