Id,Coordinates,Order,Distance,Time
6456,"[[0, 0], [103, 8], [94, 7], [52, 4], [46, 9], [35, 11], [18, 4], [18, 4], [32, 1], [28, 12], [71, 7], [54, 10], [3, 5], [10, 3], [24, 2], [87, 7], [63, 2], [92, 8], [2, 2], [11, 1], [87, 10], [0, 0]]","[0, 18, 12, 13, 19, 6, 7, 14, 8, 3, 16, 10, 15, 20, 17, 2, 1, 11, 4, 5, 9, 21]",218.84171339675353,12.973712682723999
