Id,Coordinates,Order,Distance,Time
3229,"[[0, 0], [102, 90], [8, 89], [57, 24], [32, 41], [9, 14], [36, 94], [32, 93], [12, 126], [64, 64], [131, 81], [71, 34], [27, 1], [130, 85], [50, 58], [41, 41], [95, 78], [37, 87], [95, 11], [85, 87], [99, 22], [0, 0]]","[0, 12, 3, 18, 20, 11, 15, 4, 17, 6, 7, 2, 8, 19, 1, 13, 10, 16, 9, 14, 5, 21]",599.7174722661217,16.923304319381714
