Id,Coordinates,Order,Distance,Time
2386,"[[0, 0], [21, 19], [56, 8], [22, 32], [75, 27], [84, 26], [58, 19], [6, 21], [33, 1], [61, 14], [83, 28], [69, 7], [19, 10], [28, 19], [41, 17], [19, 25], [55, 19], [12, 2], [28, 21], [73, 7], [56, 20], [0, 0]]","[0, 7, 1, 15, 3, 18, 13, 14, 16, 20, 6, 9, 11, 19, 4, 10, 5, 2, 8, 12, 17, 21]",243.01515877274866,17.399879932403564
