Id,Coordinates,Order,Distance,Time
7395,"[[0, 0], [112, 11], [131, 8], [195, 16], [69, 30], [26, 2], [21, 2], [197, 29], [168, 16], [3, 8], [90, 12], [22, 23], [33, 30], [185, 36], [58, 28], [167, 36], [65, 27], [18, 37], [64, 20], [113, 18], [5, 27], [0, 0]]","[0, 9, 6, 5, 11, 20, 17, 12, 14, 16, 4, 10, 1, 19, 15, 13, 7, 3, 8, 2, 18, 21]",499.1567365324295,19.256911277770996
