Id,Coordinates,Order,Distance,Time
8108,"[[0, 0], [45, 22], [20, 36], [15, 7], [15, 14], [44, 34], [46, 17], [34, 28], [7, 68], [26, 101], [50, 36], [3, 58], [9, 98], [26, 70], [19, 89], [34, 64], [53, 56], [46, 23], [21, 56], [59, 103], [32, 69], [0, 0]]","[0, 3, 4, 7, 6, 17, 1, 5, 10, 16, 15, 20, 13, 18, 11, 8, 14, 12, 9, 19, 2, 21]",390.9376840172404,13.821147203445435
