Id,Coordinates,Order,Distance,Time
6606,"[[0, 0], [1, 61], [1, 64], [5, 57], [14, 66], [12, 39], [8, 4], [1, 5], [2, 80], [6, 47], [14, 7], [12, 75], [10, 40], [11, 16], [1, 59], [7, 24], [3, 57], [8, 74], [3, 32], [7, 78], [2, 88], [0, 0]]","[0, 6, 10, 13, 15, 18, 9, 3, 16, 14, 1, 2, 17, 19, 8, 20, 11, 4, 12, 5, 7, 21]",201.9149210397186,16.21512746810913
