Id,Coordinates,Order,Distance,Time
8183,"[[0, 0], [20, 7], [24, 67], [37, 4], [67, 13], [66, 43], [61, 48], [69, 43], [18, 54], [65, 17], [38, 41], [3, 58], [68, 48], [19, 51], [9, 13], [41, 43], [57, 71], [64, 49], [67, 69], [41, 47], [41, 57], [0, 0]]","[0, 1, 3, 9, 4, 5, 7, 12, 17, 6, 19, 15, 10, 8, 13, 11, 2, 16, 18, 20, 14, 21]",355.4467899716633,13.593657732009888
