Id,Coordinates,Order,Distance,Time
7379,"[[0, 0], [2, 8], [2, 47], [4, 99], [1, 73], [5, 101], [5, 68], [5, 68], [2, 89], [1, 31], [8, 73], [3, 13], [1, 22], [4, 65], [4, 47], [9, 18], [3, 79], [4, 54], [4, 13], [2, 23], [9, 29], [0, 0]]","[0, 1, 11, 18, 12, 19, 9, 14, 2, 17, 13, 6, 7, 4, 16, 8, 3, 5, 10, 20, 15, 21]",210.5376350326157,15.920395612716675
