Id,Coordinates,Order,Distance,Time
2205,"[[0, 0], [43, 153], [51, 8], [54, 82], [19, 133], [20, 146], [45, 153], [33, 16], [18, 80], [46, 105], [53, 3], [24, 81], [10, 163], [3, 142], [26, 121], [32, 162], [57, 163], [9, 56], [33, 64], [6, 121], [29, 80], [0, 0]]","[0, 7, 2, 10, 18, 20, 11, 3, 9, 14, 4, 13, 12, 15, 1, 6, 16, 5, 19, 8, 17, 21]",529.2084397460087,17.11343789100647
