Id,Coordinates,Order,Distance,Time
6962,"[[0, 0], [29, 89], [22, 94], [9, 42], [33, 114], [13, 8], [18, 72], [19, 16], [14, 2], [19, 108], [3, 37], [26, 31], [17, 55], [3, 110], [14, 99], [31, 43], [22, 54], [16, 112], [33, 41], [32, 31], [15, 59], [0, 0]]","[0, 8, 5, 7, 11, 19, 18, 15, 16, 6, 1, 4, 9, 17, 13, 14, 2, 20, 12, 3, 10, 21]",301.6104452118667,15.805487155914307
