Id,Coordinates,Order,Distance,Time
3894,"[[0, 0], [14, 12], [9, 4], [3, 9], [6, 12], [7, 10], [2, 3], [7, 7], [1, 11], [10, 6], [10, 8], [7, 5], [11, 10], [4, 9], [9, 8], [13, 11], [6, 12], [8, 11], [11, 9], [11, 8], [7, 12], [0, 0]]","[0, 2, 9, 14, 10, 19, 18, 12, 15, 1, 17, 5, 20, 4, 16, 8, 3, 13, 7, 11, 6, 21]",54.99196538574134,18.75908613204956
