Id,Coordinates,Order,Distance,Time
4070,"[[0, 0], [123, 14], [104, 9], [13, 20], [147, 10], [130, 28], [145, 46], [2, 25], [14, 42], [138, 53], [145, 38], [76, 21], [68, 46], [58, 4], [130, 53], [97, 13], [133, 39], [40, 6], [115, 40], [33, 20], [106, 47], [0, 0]]","[0, 7, 3, 19, 17, 13, 11, 15, 2, 1, 5, 4, 10, 6, 9, 14, 16, 18, 20, 12, 8, 21]",439.4288121283394,18.34216332435608
