Id,Coordinates,Order,Distance,Time
8564,"[[0, 0], [21, 71], [78, 48], [89, 46], [21, 6], [67, 47], [18, 43], [73, 1], [76, 25], [49, 87], [83, 32], [17, 3], [127, 64], [8, 65], [43, 77], [90, 84], [49, 41], [93, 80], [13, 42], [49, 63], [122, 12], [0, 0]]","[0, 6, 18, 13, 1, 14, 9, 19, 2, 3, 10, 8, 7, 20, 12, 17, 15, 5, 16, 4, 11, 21]",514.8429073257748,15.03198504447937
