Id,Coordinates,Order,Distance,Time
429,"[[0, 0], [36, 69], [48, 46], [59, 40], [14, 114], [90, 101], [80, 1], [23, 72], [17, 63], [8, 37], [4, 99], [52, 40], [77, 41], [92, 102], [32, 31], [19, 63], [1, 40], [48, 109], [64, 13], [2, 18], [61, 89], [0, 0]]","[0, 19, 9, 16, 8, 15, 7, 1, 2, 11, 3, 18, 6, 12, 10, 4, 17, 5, 13, 20, 14, 21]",559.2201877134079,18.881307125091553
