Id,Coordinates,Order,Distance,Time
9035,"[[0, 0], [41, 6], [32, 26], [46, 22], [41, 17], [14, 23], [44, 9], [2, 12], [20, 25], [42, 7], [28, 9], [31, 7], [41, 26], [47, 3], [7, 8], [22, 19], [45, 13], [28, 21], [4, 17], [42, 14], [20, 17], [0, 0]]","[0, 7, 18, 5, 8, 20, 15, 17, 2, 12, 3, 4, 19, 16, 6, 13, 9, 1, 11, 10, 14, 21]",150.8500191387803,13.210517406463623
