Id,Coordinates,Order,Distance,Time
5077,"[[0, 0], [12, 16], [11, 3], [3, 1], [3, 16], [10, 19], [1, 1], [12, 1], [11, 6], [10, 11], [11, 14], [9, 8], [3, 8], [6, 12], [2, 1], [7, 17], [7, 14], [9, 1], [2, 19], [6, 5], [9, 17], [0, 0]]","[0, 6, 14, 3, 19, 17, 2, 7, 8, 11, 13, 16, 15, 20, 5, 1, 10, 9, 4, 18, 12, 21]",80.23615586080558,18.055710077285767
