Id,Coordinates,Order,Distance,Time
8945,"[[0, 0], [23, 30], [36, 12], [2, 8], [15, 28], [59, 48], [38, 45], [29, 42], [36, 1], [65, 49], [59, 58], [4, 75], [53, 8], [11, 17], [42, 10], [16, 74], [71, 17], [21, 59], [41, 68], [26, 31], [12, 60], [0, 0]]","[0, 3, 13, 4, 1, 19, 6, 5, 9, 10, 18, 15, 11, 20, 17, 7, 2, 14, 16, 12, 8, 21]",344.3120263541881,14.672398805618286
