Id,Coordinates,Order,Distance,Time
3133,"[[0, 0], [11, 110], [26, 106], [5, 113], [4, 21], [22, 143], [38, 29], [39, 79], [10, 113], [3, 80], [5, 14], [31, 120], [23, 103], [17, 69], [36, 80], [37, 50], [34, 153], [53, 101], [15, 41], [4, 103], [21, 140], [0, 0]]","[0, 10, 4, 18, 13, 9, 19, 3, 8, 1, 12, 2, 11, 20, 5, 16, 17, 14, 7, 15, 6, 21]",388.45447018385204,14.92280101776123
