Id,Coordinates,Order,Distance,Time
4669,"[[0, 0], [145, 10], [19, 50], [58, 55], [173, 5], [181, 36], [1, 55], [50, 42], [27, 57], [82, 56], [142, 56], [141, 30], [34, 63], [145, 12], [168, 27], [180, 69], [44, 62], [175, 41], [161, 9], [128, 14], [142, 4], [0, 0]]","[0, 2, 8, 12, 16, 3, 9, 11, 19, 20, 1, 13, 18, 4, 14, 5, 17, 15, 10, 7, 6, 21]",575.5434390828556,17.342065811157227
