Id,Coordinates,Order,Distance,Time
3322,"[[0, 0], [32, 23], [57, 26], [7, 61], [35, 20], [18, 63], [5, 17], [2, 56], [60, 1], [48, 29], [28, 13], [27, 13], [53, 10], [37, 22], [62, 13], [56, 45], [1, 7], [48, 14], [21, 33], [29, 56], [61, 58], [0, 0]]","[0, 11, 10, 4, 13, 1, 19, 5, 3, 7, 9, 17, 12, 8, 14, 2, 15, 20, 18, 6, 16, 21]",345.0502244544203,11.206969022750854
