Id,Coordinates,Order,Distance,Time
636,"[[0, 0], [101, 123], [4, 96], [18, 55], [117, 123], [97, 63], [51, 121], [13, 120], [26, 80], [80, 58], [181, 7], [180, 85], [66, 64], [34, 138], [60, 103], [22, 76], [146, 103], [157, 102], [177, 130], [178, 25], [58, 118], [0, 0]]","[0, 3, 15, 8, 2, 7, 13, 6, 20, 14, 12, 9, 5, 1, 4, 16, 17, 18, 11, 19, 10, 21]",744.9316105270934,13.714685678482056
