Id,Coordinates,Order,Distance,Time
8453,"[[0, 0], [116, 34], [130, 1], [8, 15], [102, 22], [33, 17], [12, 4], [81, 1], [54, 30], [135, 6], [99, 35], [81, 22], [75, 34], [10, 30], [2, 4], [82, 30], [100, 39], [98, 15], [57, 34], [115, 13], [123, 15], [0, 0]]","[0, 14, 3, 13, 5, 8, 18, 12, 15, 11, 10, 16, 1, 20, 9, 2, 19, 4, 17, 7, 6, 21]",353.6065488270629,17.347002267837524
