Id,Coordinates,Order,Distance,Time
5791,"[[0, 0], [40, 123], [78, 127], [59, 33], [29, 44], [18, 15], [120, 7], [115, 43], [98, 51], [26, 129], [1, 39], [119, 121], [120, 85], [120, 143], [106, 9], [73, 5], [81, 97], [88, 110], [64, 128], [67, 94], [4, 132], [0, 0]]","[0, 5, 3, 15, 14, 6, 7, 8, 12, 11, 13, 2, 18, 9, 20, 1, 17, 16, 19, 4, 10, 21]",664.9376933666787,15.844218730926514
