Id,Coordinates,Order,Distance,Time
3566,"[[0, 0], [126, 32], [26, 42], [103, 34], [42, 5], [27, 35], [6, 6], [159, 44], [107, 3], [151, 29], [4, 1], [111, 5], [51, 29], [189, 42], [69, 41], [118, 11], [165, 17], [93, 39], [69, 9], [46, 15], [101, 36], [0, 0]]","[0, 10, 6, 5, 2, 12, 14, 17, 20, 3, 1, 15, 11, 8, 9, 7, 13, 16, 18, 19, 4, 21]",501.9011332134893,15.676045417785645
