Id,Coordinates,Order,Distance,Time
5206,"[[0, 0], [18, 57], [45, 47], [60, 126], [47, 91], [67, 115], [34, 99], [10, 31], [67, 43], [71, 136], [53, 62], [30, 23], [58, 20], [24, 66], [35, 123], [53, 153], [61, 125], [62, 153], [20, 22], [34, 100], [33, 152], [0, 0]]","[0, 18, 11, 12, 8, 2, 10, 4, 6, 19, 3, 16, 5, 9, 17, 15, 20, 14, 13, 1, 7, 21]",454.0764213065986,14.181393384933472
