Id,Coordinates,Order,Distance,Time
3185,"[[0, 0], [1, 20], [9, 22], [5, 65], [8, 92], [2, 49], [10, 38], [5, 8], [6, 98], [5, 7], [7, 87], [2, 21], [7, 99], [2, 39], [1, 8], [4, 48], [1, 40], [7, 36], [4, 42], [7, 78], [6, 50], [0, 0]]","[0, 14, 7, 9, 1, 11, 17, 13, 16, 18, 15, 5, 3, 19, 10, 4, 8, 12, 20, 6, 2, 21]",214.70593211073512,14.072681665420532
