Id,Coordinates,Order,Distance,Time
9309,"[[0, 0], [9, 30], [19, 66], [4, 77], [1, 140], [22, 137], [26, 172], [1, 48], [25, 45], [25, 2], [21, 126], [20, 85], [19, 76], [12, 63], [18, 105], [9, 127], [4, 81], [11, 122], [24, 100], [3, 163], [12, 102], [0, 0]]","[0, 1, 7, 2, 12, 11, 18, 14, 10, 5, 6, 19, 4, 15, 17, 20, 16, 3, 13, 8, 9, 21]",406.69033694952554,13.720313310623169
