Id,Coordinates,Order,Distance,Time
7752,"[[0, 0], [14, 48], [4, 10], [11, 159], [8, 35], [15, 65], [2, 119], [17, 77], [4, 41], [12, 57], [18, 23], [4, 150], [12, 148], [10, 153], [2, 75], [3, 104], [15, 36], [17, 41], [9, 44], [10, 77], [5, 98], [0, 0]]","[0, 2, 10, 16, 17, 1, 18, 9, 5, 7, 19, 20, 15, 6, 12, 13, 3, 11, 14, 8, 4, 21]",351.3616949582464,17.0743350982666
