Id,Coordinates,Order,Distance,Time
5966,"[[0, 0], [38, 6], [4, 131], [76, 39], [69, 91], [25, 143], [82, 28], [46, 116], [66, 21], [59, 92], [7, 31], [43, 151], [8, 59], [72, 127], [36, 65], [74, 28], [86, 42], [72, 28], [12, 57], [61, 139], [3, 129], [0, 0]]","[0, 10, 12, 18, 14, 9, 13, 19, 11, 5, 2, 20, 7, 4, 16, 3, 6, 15, 17, 8, 1, 21]",488.5892798718716,14.058601140975952
