Id,Coordinates,Order,Distance,Time
6123,"[[0, 0], [70, 178], [83, 52], [90, 64], [29, 55], [5, 62], [26, 20], [69, 143], [25, 76], [66, 68], [13, 126], [41, 46], [51, 125], [36, 108], [67, 134], [10, 68], [67, 176], [65, 107], [34, 52], [11, 16], [34, 95], [0, 0]]","[0, 19, 6, 11, 18, 4, 8, 20, 13, 10, 12, 14, 7, 16, 1, 17, 3, 2, 9, 15, 5, 21]",550.1890210210028,15.160023927688599
