Id,Coordinates,Order,Distance,Time
939,"[[0, 0], [93, 13], [72, 28], [65, 41], [54, 15], [65, 9], [86, 29], [81, 1], [11, 40], [79, 31], [39, 20], [78, 1], [29, 44], [62, 5], [36, 40], [68, 45], [30, 16], [87, 40], [54, 42], [99, 42], [33, 38], [0, 0]]","[0, 16, 10, 4, 5, 13, 11, 7, 1, 6, 9, 2, 20, 14, 18, 3, 17, 19, 15, 12, 8, 21]",382.3065624359335,15.829085350036621
