Id,Coordinates,Order,Distance,Time
4636,"[[0, 0], [8, 12], [12, 95], [2, 112], [1, 129], [9, 79], [1, 19], [6, 96], [1, 1], [12, 86], [7, 89], [9, 41], [1, 46], [4, 71], [4, 51], [1, 2], [1, 2], [10, 76], [10, 89], [2, 112], [6, 36], [0, 0]]","[0, 8, 15, 16, 6, 20, 12, 14, 13, 5, 10, 7, 3, 19, 4, 2, 18, 9, 17, 11, 1, 21]",267.687453883262,15.18372654914856
