Id,Coordinates,Order,Distance,Time
409,"[[0, 0], [18, 81], [103, 96], [159, 80], [86, 80], [141, 118], [149, 97], [147, 119], [147, 57], [45, 52], [47, 61], [91, 73], [116, 9], [60, 44], [21, 102], [83, 114], [77, 85], [159, 119], [155, 65], [106, 69], [67, 59], [0, 0]]","[0, 9, 10, 20, 11, 4, 16, 15, 2, 19, 8, 18, 3, 17, 7, 5, 6, 12, 13, 1, 14, 21]",717.9179730605072,15.115192890167236
