Id,Coordinates,Order,Distance,Time
6327,"[[0, 0], [4, 33], [7, 90], [3, 23], [9, 82], [28, 51], [8, 24], [14, 101], [20, 121], [6, 101], [7, 112], [14, 11], [21, 13], [8, 68], [8, 112], [3, 30], [19, 43], [21, 65], [23, 63], [8, 50], [11, 11], [0, 0]]","[0, 20, 11, 12, 6, 16, 5, 18, 17, 4, 2, 9, 14, 10, 8, 7, 13, 19, 1, 15, 3, 21]",283.0253045949435,16.176921606063843
