Id,Coordinates,Order,Distance,Time
8924,"[[0, 0], [99, 113], [64, 1], [22, 87], [100, 158], [70, 35], [85, 152], [35, 125], [59, 28], [115, 8], [16, 49], [31, 141], [70, 56], [94, 58], [36, 95], [94, 100], [118, 5], [58, 160], [66, 57], [1, 154], [97, 108], [0, 0]]","[0, 10, 3, 14, 7, 11, 19, 17, 6, 4, 1, 20, 15, 13, 12, 18, 5, 8, 9, 16, 2, 21]",632.3850299547931,15.759658813476562
