Id,Coordinates,Order,Distance,Time
4785,"[[0, 0], [41, 92], [16, 123], [4, 44], [20, 65], [5, 3], [52, 113], [28, 61], [26, 84], [33, 110], [26, 85], [48, 36], [47, 45], [9, 73], [41, 91], [43, 12], [31, 46], [53, 60], [17, 15], [10, 82], [28, 39], [0, 0]]","[0, 5, 18, 15, 11, 12, 7, 4, 13, 19, 8, 10, 14, 1, 9, 2, 6, 17, 16, 20, 3, 21]",406.12582276359234,15.379191637039185
