Id,Coordinates,Order,Distance,Time
28,"[[0, 0], [155, 5], [82, 13], [54, 8], [99, 15], [10, 24], [21, 24], [132, 3], [50, 16], [175, 3], [162, 25], [3, 15], [6, 27], [78, 2], [24, 27], [178, 20], [109, 18], [92, 22], [17, 4], [9, 19], [152, 11], [0, 0]]","[0, 11, 19, 5, 12, 6, 14, 8, 2, 17, 4, 7, 20, 1, 9, 15, 10, 16, 13, 3, 18, 21]",420.12421364081024,18.35200071334839
