Id,Coordinates,Order,Distance,Time
115,"[[0, 0], [121, 6], [15, 37], [67, 81], [58, 96], [113, 122], [102, 42], [8, 131], [148, 112], [30, 22], [127, 61], [98, 127], [22, 28], [9, 49], [136, 110], [131, 66], [57, 118], [14, 120], [4, 89], [49, 100], [86, 60], [0, 0]]","[0, 12, 2, 13, 18, 17, 7, 16, 19, 4, 3, 20, 10, 15, 8, 14, 5, 11, 6, 1, 9, 21]",676.6692406451889,21.665027618408203
