Id,Coordinates,Order,Distance,Time
2561,"[[0, 0], [115, 33], [6, 2], [56, 25], [7, 24], [65, 14], [52, 20], [91, 4], [14, 19], [38, 14], [48, 29], [39, 5], [32, 27], [54, 4], [38, 30], [82, 9], [105, 16], [2, 21], [5, 13], [83, 18], [45, 3], [0, 0]]","[0, 2, 18, 17, 4, 8, 12, 14, 10, 3, 6, 13, 20, 11, 15, 7, 16, 1, 19, 5, 9, 21]",335.5754887180759,16.313820362091064
