Id,Coordinates,Order,Distance,Time
7875,"[[0, 0], [5, 4], [3, 2], [1, 16], [1, 15], [9, 21], [2, 2], [2, 13], [7, 6], [6, 14], [8, 10], [2, 11], [6, 13], [7, 1], [8, 14], [1, 8], [5, 17], [2, 20], [6, 5], [6, 10], [1, 3], [0, 0]]","[0, 6, 2, 13, 1, 18, 8, 10, 19, 12, 9, 16, 3, 4, 7, 17, 5, 14, 11, 15, 20, 21]",73.20496291604462,15.082870721817017
