Id,Coordinates,Order,Distance,Time
3084,"[[0, 0], [53, 21], [52, 1], [46, 9], [74, 9], [73, 4], [60, 7], [26, 10], [81, 2], [61, 2], [79, 1], [22, 5], [84, 19], [64, 1], [16, 6], [54, 9], [20, 18], [62, 18], [2, 17], [49, 17], [40, 21], [0, 0]]","[0, 14, 11, 7, 20, 19, 1, 17, 6, 9, 13, 5, 10, 8, 12, 4, 15, 2, 3, 16, 18, 21]",241.55333056362622,15.737776041030884
