Id,Coordinates,Order,Distance,Time
4632,"[[0, 0], [82, 94], [38, 44], [145, 66], [57, 160], [37, 74], [43, 28], [131, 129], [150, 10], [63, 65], [136, 44], [98, 89], [2, 39], [21, 130], [83, 80], [147, 20], [140, 107], [17, 64], [135, 117], [40, 68], [84, 131], [0, 0]]","[0, 12, 17, 5, 19, 9, 14, 1, 20, 4, 13, 2, 6, 11, 7, 18, 16, 3, 10, 15, 8, 21]",796.5378773366472,15.993366718292236
