Id,Coordinates,Order,Distance,Time
157,"[[0, 0], [11, 148], [112, 179], [113, 79], [130, 60], [31, 59], [93, 12], [30, 61], [16, 17], [97, 112], [64, 34], [157, 118], [153, 158], [47, 150], [103, 11], [65, 128], [143, 66], [50, 14], [178, 113], [40, 175], [161, 161], [0, 0]]","[0, 17, 6, 14, 4, 16, 3, 15, 13, 19, 1, 7, 5, 11, 18, 20, 12, 2, 9, 10, 8, 21]",954.7349023901281,16.869547128677368
