Id,Coordinates,Order,Distance,Time
6829,"[[0, 0], [43, 121], [97, 57], [60, 101], [62, 54], [86, 77], [3, 55], [91, 51], [6, 33], [18, 3], [26, 50], [37, 76], [40, 9], [12, 14], [36, 70], [51, 105], [98, 36], [11, 11], [99, 64], [83, 60], [110, 7], [0, 0]]","[0, 17, 13, 8, 6, 10, 14, 11, 1, 15, 3, 5, 18, 2, 7, 16, 20, 19, 4, 12, 9, 21]",474.89794432137194,15.174031019210815
