Id,Coordinates,Order,Distance,Time
7830,"[[0, 0], [34, 88], [61, 117], [37, 107], [25, 97], [23, 59], [8, 130], [53, 125], [6, 100], [32, 147], [51, 93], [19, 96], [11, 28], [26, 33], [21, 40], [55, 28], [51, 75], [12, 64], [31, 54], [11, 104], [50, 16], [0, 0]]","[0, 12, 13, 14, 18, 5, 17, 1, 4, 11, 8, 19, 6, 9, 7, 2, 3, 10, 16, 15, 20, 21]",437.3689523245466,16.498934507369995
