Id,Coordinates,Order,Distance,Time
8796,"[[0, 0], [27, 53], [53, 179], [49, 44], [62, 1], [77, 5], [17, 71], [56, 81], [77, 178], [18, 155], [59, 137], [12, 158], [57, 89], [21, 175], [10, 152], [69, 67], [20, 26], [63, 185], [79, 115], [60, 74], [8, 21], [0, 0]]","[0, 20, 16, 1, 3, 4, 5, 15, 19, 7, 12, 18, 10, 8, 17, 2, 13, 11, 14, 9, 6, 21]",595.8694743283688,15.372022151947021
