Id,Coordinates,Order,Distance,Time
622,"[[0, 0], [84, 116], [53, 63], [75, 57], [13, 66], [86, 115], [8, 28], [8, 114], [33, 50], [19, 30], [76, 18], [53, 30], [1, 61], [41, 109], [43, 91], [75, 67], [87, 27], [46, 37], [56, 85], [40, 76], [43, 23], [0, 0]]","[0, 6, 9, 20, 17, 11, 10, 16, 3, 15, 2, 19, 14, 13, 7, 12, 4, 1, 5, 18, 8, 21]",578.2646398868618,13.793382406234741
