Id,Coordinates,Order,Distance,Time
6612,"[[0, 0], [110, 26], [99, 55], [100, 39], [122, 57], [149, 84], [6, 46], [183, 30], [98, 70], [128, 87], [150, 64], [74, 80], [78, 72], [12, 94], [105, 29], [37, 35], [91, 13], [117, 90], [61, 121], [157, 50], [81, 27], [0, 0]]","[0, 15, 20, 16, 14, 1, 3, 2, 12, 11, 17, 9, 5, 10, 19, 7, 4, 8, 18, 13, 6, 21]",660.3066878631207,16.794026613235474
