Id,Coordinates,Order,Distance,Time
4031,"[[0, 0], [36, 130], [1, 34], [22, 151], [9, 48], [42, 118], [59, 94], [13, 149], [15, 60], [9, 107], [57, 13], [10, 133], [72, 120], [42, 73], [86, 128], [19, 141], [79, 117], [36, 120], [16, 141], [49, 96], [74, 153], [0, 0]]","[0, 2, 4, 8, 19, 6, 12, 16, 14, 20, 5, 17, 1, 3, 7, 15, 18, 11, 9, 13, 10, 21]",514.6427340252994,19.35875415802002
