Id,Coordinates,Order,Distance,Time
447,"[[0, 0], [30, 27], [14, 12], [15, 26], [35, 9], [34, 26], [35, 10], [16, 8], [19, 24], [21, 20], [25, 26], [18, 8], [20, 5], [28, 4], [23, 12], [30, 3], [13, 10], [26, 23], [27, 3], [36, 15], [20, 27], [0, 0]]","[0, 7, 11, 12, 18, 13, 15, 4, 6, 19, 5, 1, 10, 17, 20, 3, 8, 9, 14, 2, 16, 21]",128.03639107110467,19.315088033676147
