Id,Coordinates,Order,Distance,Time
8442,"[[0, 0], [40, 158], [54, 175], [26, 103], [48, 171], [8, 172], [19, 129], [2, 23], [24, 25], [19, 149], [46, 153], [11, 66], [30, 149], [42, 28], [21, 15], [8, 118], [31, 100], [22, 176], [28, 108], [29, 159], [5, 161], [0, 0]]","[0, 14, 8, 13, 16, 3, 18, 12, 19, 1, 10, 2, 4, 17, 5, 20, 9, 6, 15, 11, 7, 21]",463.66069905818244,20.25204873085022
