Id,Coordinates,Order,Distance,Time
5127,"[[0, 0], [4, 95], [30, 116], [85, 95], [22, 48], [48, 160], [99, 123], [63, 73], [100, 4], [35, 108], [92, 102], [81, 34], [67, 137], [29, 48], [51, 51], [74, 75], [2, 110], [17, 138], [33, 68], [17, 134], [8, 103], [0, 0]]","[0, 4, 13, 7, 15, 3, 10, 6, 12, 5, 17, 19, 2, 9, 16, 20, 1, 18, 14, 11, 8, 21]",591.1355582516967,19.89226746559143
