Id,Coordinates,Order,Distance,Time
9050,"[[0, 0], [21, 18], [14, 7], [16, 5], [10, 19], [19, 1], [21, 1], [3, 7], [21, 17], [14, 18], [29, 15], [8, 8], [6, 13], [27, 17], [11, 13], [6, 7], [7, 6], [5, 16], [24, 12], [23, 12], [4, 16], [0, 0]]","[0, 7, 12, 17, 20, 4, 9, 14, 2, 3, 5, 6, 19, 8, 1, 13, 10, 18, 11, 15, 16, 21]",112.35504195289911,16.826791048049927
