Id,Coordinates,Order,Distance,Time
6477,"[[0, 0], [76, 5], [2, 9], [59, 4], [48, 20], [91, 1], [39, 7], [92, 13], [11, 13], [7, 18], [4, 19], [58, 2], [67, 15], [13, 18], [8, 9], [39, 10], [21, 7], [87, 6], [50, 15], [18, 19], [40, 4], [0, 0]]","[0, 2, 14, 8, 10, 9, 13, 19, 16, 6, 15, 18, 4, 3, 11, 1, 17, 5, 7, 12, 20, 21]",257.3629713533624,15.289728879928589
