Id,Coordinates,Order,Distance,Time
2023,"[[0, 0], [40, 17], [68, 18], [55, 17], [88, 17], [66, 11], [20, 14], [93, 1], [79, 11], [55, 18], [10, 10], [13, 19], [23, 4], [10, 14], [6, 7], [1, 12], [28, 12], [6, 6], [44, 8], [87, 11], [60, 1], [0, 0]]","[0, 17, 14, 10, 13, 11, 6, 16, 1, 3, 9, 2, 5, 8, 19, 4, 7, 20, 18, 12, 15, 21]",240.58349874441723,18.988598346710205
