Id,Coordinates,Order,Distance,Time
346,"[[0, 0], [56, 62], [74, 54], [11, 22], [68, 23], [74, 16], [56, 49], [29, 3], [44, 18], [66, 48], [17, 6], [45, 42], [77, 15], [52, 69], [28, 21], [50, 3], [47, 49], [59, 17], [60, 42], [58, 54], [5, 14], [0, 0]]","[0, 20, 3, 14, 8, 17, 4, 5, 12, 11, 16, 6, 19, 1, 13, 9, 2, 18, 15, 7, 10, 21]",320.58529993383775,15.386764526367188
