Id,Coordinates,Order,Distance,Time
4174,"[[0, 0], [103, 17], [74, 7], [64, 5], [42, 20], [121, 15], [6, 17], [28, 17], [92, 22], [14, 6], [26, 22], [51, 3], [124, 11], [62, 2], [122, 23], [93, 25], [114, 18], [69, 15], [124, 3], [54, 21], [53, 7], [0, 0]]","[0, 6, 10, 7, 20, 11, 13, 3, 2, 8, 15, 1, 16, 5, 12, 18, 14, 17, 19, 4, 9, 21]",318.76948118104895,16.915531873703003
