Id,Coordinates,Order,Distance,Time
8103,"[[0, 0], [20, 53], [17, 27], [14, 42], [20, 44], [8, 10], [13, 22], [7, 27], [21, 22], [13, 32], [1, 32], [19, 16], [23, 40], [8, 53], [15, 17], [18, 51], [18, 15], [8, 28], [11, 32], [21, 24], [4, 7], [0, 0]]","[0, 20, 5, 14, 16, 11, 8, 19, 2, 6, 7, 17, 18, 9, 3, 12, 4, 1, 15, 13, 10, 21]",163.38111135748508,17.760104656219482
