Id,Coordinates,Order,Distance,Time
6948,"[[0, 0], [18, 25], [62, 23], [14, 24], [52, 8], [37, 24], [41, 5], [85, 28], [55, 19], [122, 34], [38, 14], [101, 31], [106, 15], [42, 6], [72, 1], [64, 20], [31, 15], [97, 12], [109, 19], [64, 25], [18, 3], [0, 0]]","[0, 20, 16, 10, 13, 6, 4, 8, 15, 14, 17, 12, 18, 9, 11, 7, 19, 2, 5, 1, 3, 21]",303.9812732389647,17.755455017089844
