Id,Coordinates,Order,Distance,Time
4586,"[[0, 0], [39, 46], [35, 43], [4, 87], [9, 156], [15, 40], [29, 63], [21, 35], [25, 125], [11, 109], [38, 27], [16, 134], [30, 87], [21, 100], [31, 139], [1, 113], [17, 3], [23, 128], [1, 29], [3, 40], [29, 152], [0, 0]]","[0, 16, 18, 5, 7, 10, 1, 2, 6, 12, 13, 9, 17, 8, 14, 20, 4, 11, 15, 3, 19, 21]",426.43471610758473,16.94166922569275
