Id,Coordinates,Order,Distance,Time
8542,"[[0, 0], [10, 90], [4, 99], [25, 106], [12, 91], [39, 82], [1, 51], [27, 126], [43, 144], [43, 11], [27, 124], [29, 124], [3, 33], [5, 139], [35, 127], [32, 102], [38, 21], [10, 60], [26, 94], [33, 72], [44, 32], [0, 0]]","[0, 12, 6, 17, 19, 5, 18, 15, 3, 10, 7, 11, 14, 8, 13, 2, 1, 4, 20, 16, 9, 21]",411.3757204828945,16.425639867782593
