Id,Coordinates,Order,Distance,Time
5933,"[[0, 0], [34, 64], [175, 13], [95, 21], [51, 91], [18, 76], [165, 8], [7, 8], [55, 20], [77, 69], [9, 27], [62, 73], [4, 41], [58, 8], [72, 21], [85, 62], [89, 36], [8, 36], [38, 36], [65, 72], [175, 42], [0, 0]]","[0, 7, 10, 17, 12, 18, 8, 14, 16, 15, 9, 19, 11, 1, 5, 4, 20, 2, 6, 3, 13, 21]",622.2072862702443,15.80655026435852
