Id,Coordinates,Order,Distance,Time
1767,"[[0, 0], [2, 2], [1, 13], [12, 9], [27, 8], [26, 9], [4, 2], [12, 1], [12, 21], [15, 20], [10, 26], [36, 22], [18, 21], [7, 17], [28, 11], [9, 25], [5, 24], [26, 25], [28, 21], [33, 21], [30, 9], [0, 0]]","[0, 1, 6, 7, 3, 12, 17, 18, 19, 11, 14, 20, 4, 5, 9, 8, 10, 15, 16, 13, 2, 21]",133.06289521124518,17.44983720779419
