Id,Coordinates,Order,Distance,Time
6891,"[[0, 0], [97, 13], [50, 2], [117, 19], [34, 11], [144, 3], [72, 7], [154, 7], [84, 7], [160, 19], [43, 7], [16, 14], [75, 5], [81, 17], [41, 15], [124, 4], [145, 9], [10, 9], [120, 18], [103, 7], [155, 14], [0, 0]]","[0, 17, 11, 4, 10, 2, 6, 12, 8, 19, 3, 18, 5, 16, 7, 20, 9, 15, 1, 13, 14, 21]",358.3578711819474,15.119585275650024
