Id,Coordinates,Order,Distance,Time
553,"[[0, 0], [22, 47], [9, 66], [11, 40], [20, 40], [16, 16], [9, 8], [6, 27], [16, 78], [7, 11], [14, 29], [7, 54], [27, 62], [33, 80], [1, 24], [21, 25], [18, 80], [13, 80], [12, 10], [15, 81], [16, 81], [0, 0]]","[0, 6, 9, 18, 5, 15, 10, 4, 1, 12, 13, 16, 20, 19, 17, 8, 2, 11, 3, 7, 14, 21]",208.3863245753659,17.35528588294983
