Id,Coordinates,Order,Distance,Time
7075,"[[0, 0], [31, 5], [43, 10], [36, 6], [3, 9], [53, 11], [31, 5], [43, 8], [19, 6], [39, 12], [49, 4], [14, 3], [26, 8], [35, 3], [29, 4], [31, 4], [37, 9], [3, 12], [12, 5], [16, 4], [30, 5], [0, 0]]","[0, 4, 17, 18, 19, 14, 20, 1, 6, 15, 13, 3, 16, 9, 2, 5, 10, 7, 12, 8, 11, 21]",131.70337336365483,15.350322246551514
