Id,Coordinates,Order,Distance,Time
919,"[[0, 0], [143, 34], [147, 167], [123, 25], [157, 91], [143, 83], [32, 11], [74, 9], [3, 31], [76, 167], [7, 50], [28, 122], [101, 22], [7, 26], [64, 131], [177, 80], [67, 61], [179, 64], [52, 16], [93, 131], [128, 102], [0, 0]]","[0, 6, 18, 7, 12, 3, 1, 17, 15, 4, 5, 20, 19, 14, 2, 9, 11, 16, 10, 8, 13, 21]",764.6520161873075,19.65057134628296
