Id,Coordinates,Order,Distance,Time
7470,"[[0, 0], [28, 23], [126, 55], [137, 102], [69, 14], [180, 55], [146, 100], [22, 61], [101, 26], [107, 72], [62, 87], [9, 7], [33, 100], [76, 83], [92, 65], [22, 75], [160, 71], [75, 109], [108, 92], [45, 36], [145, 94], [0, 0]]","[0, 11, 1, 19, 4, 8, 14, 18, 3, 6, 20, 16, 5, 2, 9, 13, 10, 17, 12, 15, 7, 21]",595.4505047352434,16.38977885246277
