Id,Coordinates,Order,Distance,Time
8262,"[[0, 0], [30, 8], [93, 12], [162, 45], [143, 2], [149, 70], [81, 8], [19, 1], [123, 62], [53, 20], [134, 66], [140, 20], [110, 24], [53, 18], [177, 39], [186, 70], [43, 7], [3, 26], [101, 44], [117, 72], [34, 27], [0, 0]]","[0, 7, 1, 16, 13, 9, 6, 2, 18, 8, 19, 10, 5, 15, 14, 3, 11, 4, 12, 20, 17, 21]",520.5997391086198,17.41429114341736
