Id,Coordinates,Order,Distance,Time
6164,"[[0, 0], [9, 104], [3, 136], [1, 155], [8, 113], [6, 117], [9, 77], [8, 81], [8, 76], [3, 133], [7, 49], [5, 68], [8, 130], [4, 103], [7, 40], [7, 112], [1, 120], [6, 90], [2, 95], [4, 159], [2, 103], [0, 0]]","[0, 14, 10, 11, 8, 6, 7, 17, 1, 15, 4, 5, 12, 19, 3, 2, 9, 16, 13, 20, 18, 21]",324.433258593632,17.061357498168945
