Id,Coordinates,Order,Distance,Time
2529,"[[0, 0], [40, 78], [6, 22], [30, 14], [27, 5], [5, 70], [54, 36], [35, 77], [2, 47], [24, 48], [11, 37], [10, 16], [28, 48], [14, 49], [21, 66], [48, 5], [52, 23], [48, 47], [40, 79], [37, 75], [12, 72], [0, 0]]","[0, 2, 10, 13, 14, 20, 5, 8, 3, 4, 15, 16, 6, 17, 1, 18, 7, 19, 12, 9, 11, 21]",355.03375586946964,15.620921611785889
