Id,Coordinates,Order,Distance,Time
3387,"[[0, 0], [30, 3], [51, 26], [135, 18], [172, 8], [80, 12], [154, 2], [154, 13], [156, 22], [57, 12], [20, 6], [62, 25], [56, 24], [163, 16], [153, 21], [11, 15], [117, 13], [90, 8], [23, 5], [17, 7], [67, 1], [0, 0]]","[0, 19, 10, 18, 1, 2, 12, 11, 5, 17, 16, 3, 14, 8, 7, 13, 4, 6, 20, 9, 15, 21]",390.41954335270964,20.714173316955566
