Id,Coordinates,Order,Distance,Time
7837,"[[0, 0], [4, 4], [1, 22], [30, 16], [2, 4], [1, 20], [13, 17], [20, 5], [2, 25], [16, 13], [5, 17], [2, 20], [33, 8], [33, 8], [13, 23], [27, 17], [19, 15], [1, 23], [31, 9], [10, 6], [30, 15], [0, 0]]","[0, 4, 1, 19, 9, 6, 10, 11, 5, 2, 17, 8, 14, 16, 15, 3, 20, 13, 12, 18, 7, 21]",120.25584231832258,14.521746397018433
