Id,Coordinates,Order,Distance,Time
8727,"[[0, 0], [161, 157], [135, 88], [54, 152], [63, 51], [155, 169], [10, 149], [135, 51], [13, 111], [97, 57], [4, 22], [160, 45], [15, 134], [127, 168], [34, 50], [114, 142], [169, 105], [142, 177], [145, 140], [191, 49], [119, 120], [0, 0]]","[0, 14, 4, 9, 7, 11, 19, 16, 2, 20, 13, 17, 5, 1, 18, 15, 3, 6, 12, 8, 10, 21]",757.2897463109407,16.7336266040802
