Id,Coordinates,Order,Distance,Time
8636,"[[0, 0], [174, 11], [12, 16], [81, 2], [124, 29], [161, 30], [50, 5], [167, 12], [18, 14], [166, 19], [147, 22], [13, 8], [112, 12], [42, 25], [175, 17], [190, 13], [181, 25], [166, 5], [55, 9], [117, 2], [81, 13], [0, 0]]","[0, 11, 8, 2, 13, 18, 20, 12, 4, 10, 5, 9, 7, 1, 14, 16, 15, 17, 19, 3, 6, 21]",447.7245233455395,12.814848899841309
