Id,Coordinates,Order,Distance,Time
2191,"[[0, 0], [5, 129], [15, 102], [22, 90], [10, 38], [20, 133], [28, 116], [10, 15], [37, 38], [24, 4], [22, 116], [27, 74], [42, 19], [6, 136], [4, 37], [29, 78], [23, 42], [31, 103], [55, 27], [48, 58], [23, 104], [0, 0]]","[0, 9, 12, 18, 8, 16, 4, 19, 11, 15, 3, 20, 17, 6, 10, 5, 13, 1, 2, 14, 7, 21]",414.4835548612027,14.024336099624634
