Id,Coordinates,Order,Distance,Time
924,"[[0, 0], [11, 110], [4, 10], [12, 63], [16, 111], [3, 83], [8, 63], [11, 23], [15, 27], [8, 8], [12, 39], [12, 17], [12, 58], [12, 12], [8, 1], [10, 111], [10, 131], [13, 52], [16, 100], [14, 81], [12, 124], [0, 0]]","[0, 14, 9, 13, 11, 7, 8, 10, 17, 12, 3, 19, 18, 1, 15, 20, 16, 4, 5, 6, 2, 21]",279.48046412779206,17.922369956970215
