Id,Coordinates,Order,Distance,Time
4400,"[[0, 0], [4, 50], [4, 51], [23, 79], [34, 21], [5, 97], [32, 89], [23, 5], [14, 40], [12, 57], [35, 18], [21, 19], [39, 1], [31, 20], [40, 57], [7, 80], [19, 10], [5, 10], [29, 14], [2, 4], [4, 107], [0, 0]]","[0, 19, 17, 16, 18, 13, 4, 11, 8, 1, 2, 9, 15, 5, 20, 6, 3, 14, 10, 12, 7, 21]",326.92906949054685,13.373655319213867
