Id,Coordinates,Order,Distance,Time
5320,"[[0, 0], [52, 28], [28, 19], [20, 1], [69, 7], [26, 28], [25, 11], [67, 22], [28, 37], [3, 24], [54, 25], [33, 2], [33, 44], [55, 41], [32, 18], [47, 11], [19, 9], [54, 36], [62, 13], [33, 18], [31, 38], [0, 0]]","[0, 9, 16, 6, 19, 14, 2, 5, 8, 20, 12, 13, 17, 1, 10, 7, 4, 18, 15, 11, 3, 21]",236.8100060538652,16.209271669387817
