Id,Coordinates,Order,Distance,Time
4204,"[[0, 0], [9, 13], [14, 60], [15, 115], [3, 66], [6, 15], [14, 101], [8, 75], [7, 10], [10, 2], [5, 33], [3, 123], [8, 118], [11, 68], [15, 110], [1, 58], [10, 104], [6, 8], [9, 40], [2, 41], [5, 6], [0, 0]]","[0, 20, 17, 8, 1, 5, 10, 19, 15, 4, 7, 6, 14, 3, 12, 11, 16, 13, 2, 18, 9, 21]",269.6950997068825,20.288089513778687
