Id,Coordinates,Order,Distance,Time
3107,"[[0, 0], [119, 75], [89, 7], [54, 56], [114, 38], [82, 63], [134, 4], [68, 15], [81, 34], [111, 79], [25, 4], [102, 49], [52, 23], [117, 62], [83, 23], [121, 35], [2, 38], [10, 21], [131, 34], [117, 46], [123, 16], [0, 0]]","[0, 10, 12, 7, 14, 8, 11, 4, 15, 18, 20, 6, 2, 19, 13, 1, 9, 5, 3, 16, 17, 21]",489.39521049065365,14.883442878723145
