Id,Coordinates,Order,Distance,Time
1060,"[[0, 0], [59, 34], [130, 12], [102, 39], [94, 31], [67, 29], [158, 7], [49, 42], [116, 24], [133, 28], [73, 21], [160, 43], [137, 45], [143, 13], [144, 34], [53, 4], [7, 32], [141, 26], [47, 25], [175, 12], [132, 20], [0, 0]]","[0, 16, 7, 1, 5, 10, 4, 3, 8, 20, 9, 17, 14, 12, 11, 19, 6, 13, 2, 15, 18, 21]",473.5748874613753,15.631143808364868
