Id,Coordinates,Order,Distance,Time
1117,"[[0, 0], [87, 66], [63, 62], [9, 25], [51, 4], [155, 31], [51, 75], [97, 93], [35, 50], [96, 27], [91, 45], [19, 83], [64, 93], [153, 100], [123, 100], [73, 39], [116, 83], [29, 24], [85, 34], [157, 27], [121, 59], [0, 0]]","[0, 3, 17, 8, 11, 2, 1, 10, 18, 15, 20, 16, 7, 12, 6, 14, 13, 5, 19, 9, 4, 21]",724.5477381410354,17.54630756378174
