Id,Coordinates,Order,Distance,Time
8784,"[[0, 0], [30, 6], [3, 81], [38, 58], [20, 73], [71, 51], [23, 68], [61, 59], [22, 59], [51, 85], [69, 59], [38, 46], [39, 6], [28, 38], [43, 35], [33, 10], [70, 45], [53, 54], [11, 55], [38, 43], [14, 45], [0, 0]]","[0, 1, 15, 12, 14, 17, 7, 10, 5, 16, 19, 20, 18, 8, 6, 4, 2, 9, 3, 11, 13, 21]",386.4198831606859,13.79421067237854
