Id,Coordinates,Order,Distance,Time
62,"[[0, 0], [19, 145], [11, 62], [18, 65], [8, 136], [9, 112], [3, 119], [10, 90], [14, 56], [20, 66], [13, 107], [17, 89], [20, 42], [21, 90], [10, 11], [7, 59], [14, 32], [5, 147], [6, 57], [6, 115], [12, 73], [0, 0]]","[0, 14, 16, 12, 8, 15, 2, 3, 9, 11, 13, 10, 5, 19, 6, 4, 17, 1, 7, 20, 18, 21]",336.87228702875854,22.5422420501709
