Id,Coordinates,Order,Distance,Time
7710,"[[0, 0], [158, 55], [106, 133], [87, 80], [72, 117], [177, 60], [96, 70], [69, 9], [160, 77], [70, 45], [85, 118], [20, 141], [107, 102], [40, 86], [153, 88], [65, 136], [175, 28], [182, 138], [154, 126], [62, 141], [87, 23], [0, 0]]","[0, 9, 6, 3, 12, 10, 15, 19, 11, 13, 4, 2, 18, 17, 14, 8, 1, 5, 16, 20, 7, 21]",808.2068688505076,16.86658215522766
