Id,Coordinates,Order,Distance,Time
9714,"[[0, 0], [45, 14], [75, 96], [3, 13], [42, 36], [117, 55], [108, 79], [58, 49], [102, 42], [135, 72], [48, 108], [130, 96], [123, 105], [63, 97], [138, 39], [98, 125], [54, 22], [23, 120], [99, 30], [14, 47], [118, 25], [0, 0]]","[0, 3, 1, 16, 4, 7, 8, 18, 20, 14, 5, 9, 11, 12, 6, 15, 13, 2, 10, 17, 19, 21]",607.3345380118058,13.576073169708252
