Id,Coordinates,Order,Distance,Time
4429,"[[0, 0], [12, 61], [11, 14], [1, 11], [13, 74], [6, 76], [19, 6], [15, 62], [18, 15], [18, 97], [19, 74], [5, 30], [16, 88], [13, 83], [19, 99], [6, 77], [17, 81], [7, 12], [11, 24], [7, 80], [3, 37], [0, 0]]","[0, 17, 2, 6, 8, 18, 11, 1, 7, 4, 10, 16, 12, 9, 14, 13, 19, 15, 5, 20, 3, 21]",240.731673380163,16.219959497451782
