Id,Coordinates,Order,Distance,Time
6846,"[[0, 0], [19, 1], [23, 9], [15, 2], [6, 2], [17, 7], [17, 3], [21, 12], [23, 11], [9, 4], [12, 9], [26, 1], [16, 1], [3, 2], [20, 11], [18, 11], [18, 11], [10, 7], [10, 6], [15, 9], [22, 5], [0, 0]]","[0, 13, 4, 9, 18, 17, 10, 19, 1, 11, 20, 2, 8, 7, 14, 15, 16, 5, 6, 12, 3, 21]",78.55624409406815,16.58968758583069
