Id,Coordinates,Order,Distance,Time
3913,"[[0, 0], [27, 139], [5, 144], [39, 148], [47, 136], [12, 133], [4, 8], [28, 71], [24, 18], [16, 157], [57, 160], [31, 165], [56, 112], [44, 71], [14, 182], [17, 87], [5, 101], [15, 155], [15, 1], [9, 48], [29, 94], [0, 0]]","[0, 6, 18, 8, 19, 7, 20, 15, 16, 5, 2, 17, 9, 14, 11, 10, 3, 1, 4, 12, 13, 21]",506.17786209953164,14.108891487121582
