Id,Coordinates,Order,Distance,Time
2497,"[[0, 0], [34, 18], [42, 14], [7, 10], [3, 5], [104, 25], [29, 33], [93, 31], [39, 26], [115, 46], [25, 42], [163, 31], [72, 39], [121, 20], [13, 40], [129, 22], [157, 8], [118, 38], [85, 36], [95, 29], [159, 43], [0, 0]]","[0, 4, 3, 1, 8, 6, 14, 10, 12, 18, 7, 19, 5, 17, 9, 20, 11, 16, 15, 13, 2, 21]",444.43376129852885,15.404123067855835
