Id,Coordinates,Order,Distance,Time
4826,"[[0, 0], [160, 63], [109, 13], [94, 156], [111, 17], [25, 42], [98, 162], [172, 73], [104, 101], [102, 46], [37, 130], [113, 105], [70, 153], [97, 25], [159, 136], [105, 158], [71, 20], [57, 10], [154, 22], [57, 124], [177, 6], [0, 0]]","[0, 5, 16, 13, 4, 9, 8, 11, 15, 6, 3, 12, 10, 19, 14, 7, 1, 18, 20, 2, 17, 21]",821.30581627582,16.846283674240112
