Id,Coordinates,Order,Distance,Time
3976,"[[0, 0], [98, 42], [109, 8], [5, 10], [52, 30], [18, 27], [67, 62], [66, 41], [65, 55], [32, 9], [59, 26], [72, 27], [63, 46], [50, 20], [117, 29], [103, 11], [21, 52], [58, 51], [58, 23], [52, 15], [114, 60], [0, 0]]","[0, 9, 19, 13, 18, 10, 7, 12, 17, 8, 6, 20, 1, 14, 2, 15, 11, 4, 16, 5, 3, 21]",389.2218553545327,16.35960841178894
