Id,Coordinates,Order,Distance,Time
2026,"[[0, 0], [137, 34], [49, 4], [66, 9], [37, 77], [118, 6], [79, 67], [94, 55], [122, 9], [137, 45], [86, 11], [101, 18], [61, 58], [83, 77], [9, 25], [82, 23], [124, 25], [120, 65], [48, 45], [3, 25], [59, 24], [0, 0]]","[0, 18, 4, 12, 6, 13, 7, 17, 9, 1, 16, 8, 5, 11, 10, 15, 20, 3, 2, 14, 19, 21]",470.4388320039731,22.63367247581482
