Id,Coordinates,Order,Distance,Time
7653,"[[0, 0], [53, 26], [136, 28], [153, 153], [103, 128], [112, 99], [156, 130], [170, 173], [83, 133], [150, 171], [123, 10], [67, 139], [61, 180], [86, 112], [27, 122], [55, 45], [163, 172], [149, 1], [108, 79], [26, 163], [102, 132], [0, 0]]","[0, 1, 15, 18, 5, 13, 11, 8, 20, 4, 6, 3, 7, 16, 9, 12, 19, 14, 2, 17, 10, 21]",879.6118330563656,17.689302682876587
