Id,Coordinates,Order,Distance,Time
4579,"[[0, 0], [44, 13], [29, 16], [29, 6], [21, 14], [42, 8], [50, 37], [12, 28], [35, 38], [21, 7], [53, 23], [36, 26], [50, 21], [13, 35], [5, 17], [45, 22], [18, 31], [19, 48], [33, 48], [53, 31], [12, 2], [0, 0]]","[0, 20, 9, 4, 2, 3, 5, 1, 15, 12, 10, 19, 6, 18, 17, 8, 11, 16, 13, 7, 14, 21]",225.78583483047717,14.419191598892212
