Id,Coordinates,Order,Distance,Time
6326,"[[0, 0], [45, 110], [1, 3], [51, 110], [115, 25], [29, 78], [89, 129], [21, 116], [81, 35], [38, 57], [138, 122], [17, 130], [66, 8], [137, 118], [22, 40], [106, 38], [141, 23], [87, 95], [101, 32], [59, 72], [136, 10], [0, 0]]","[0, 2, 14, 9, 19, 17, 6, 3, 1, 11, 7, 5, 8, 4, 20, 16, 13, 10, 15, 18, 12, 21]",748.9194816463457,15.319459676742554
