Id,Coordinates,Order,Distance,Time
9368,"[[0, 0], [15, 109], [2, 6], [47, 37], [60, 18], [100, 121], [5, 125], [113, 21], [57, 72], [26, 21], [67, 96], [59, 77], [105, 84], [46, 14], [44, 120], [15, 39], [58, 50], [110, 118], [61, 5], [89, 24], [107, 33], [0, 0]]","[0, 2, 15, 3, 16, 8, 11, 1, 6, 14, 10, 5, 17, 12, 20, 7, 19, 4, 18, 13, 9, 21]",552.7326161063306,17.610710859298706
