Id,Coordinates,Order,Distance,Time
6754,"[[0, 0], [16, 135], [9, 90], [11, 32], [14, 106], [8, 44], [4, 159], [6, 83], [8, 168], [11, 126], [8, 169], [13, 24], [18, 30], [23, 56], [25, 84], [12, 64], [11, 59], [7, 112], [15, 77], [25, 121], [13, 94], [0, 0]]","[0, 11, 3, 5, 16, 15, 18, 7, 2, 20, 4, 17, 9, 6, 8, 10, 1, 19, 14, 13, 12, 21]",363.24698078384955,17.66903066635132
