Id,Coordinates,Order,Distance,Time
8898,"[[0, 0], [18, 19], [44, 24], [23, 9], [5, 48], [41, 50], [28, 4], [5, 41], [39, 50], [47, 30], [27, 30], [3, 52], [49, 43], [41, 49], [22, 26], [16, 14], [39, 22], [12, 20], [34, 24], [9, 10], [45, 39], [0, 0]]","[0, 19, 1, 14, 10, 18, 16, 2, 9, 20, 12, 13, 5, 8, 11, 4, 7, 17, 15, 3, 6, 21]",215.0537640131256,15.064809560775757
