Id,Coordinates,Order,Distance,Time
9231,"[[0, 0], [16, 27], [27, 28], [42, 58], [4, 59], [69, 16], [107, 40], [39, 44], [10, 19], [80, 19], [41, 60], [67, 28], [109, 40], [17, 38], [84, 50], [45, 45], [32, 28], [96, 46], [41, 33], [64, 63], [62, 51], [0, 0]]","[0, 8, 1, 2, 16, 7, 15, 3, 10, 19, 20, 14, 17, 6, 12, 9, 5, 11, 18, 13, 4, 21]",364.4007863455929,15.081636190414429
