Id,Coordinates,Order,Distance,Time
9557,"[[0, 0], [23, 51], [65, 32], [54, 51], [57, 27], [81, 29], [18, 28], [66, 58], [11, 2], [82, 62], [42, 73], [6, 32], [46, 28], [64, 4], [40, 65], [81, 37], [51, 55], [7, 46], [72, 50], [81, 18], [28, 89], [0, 0]]","[0, 8, 11, 17, 20, 10, 14, 16, 3, 7, 18, 9, 15, 5, 19, 13, 4, 2, 12, 1, 6, 21]",399.65483837184905,14.1027512550354
