Id,Coordinates,Order,Distance,Time
3288,"[[0, 0], [36, 35], [64, 21], [28, 43], [24, 9], [56, 16], [57, 4], [44, 28], [59, 3], [52, 2], [50, 22], [44, 26], [20, 32], [46, 11], [23, 22], [9, 1], [45, 22], [21, 34], [62, 40], [40, 6], [29, 20], [0, 0]]","[0, 15, 4, 20, 14, 12, 17, 3, 1, 7, 11, 16, 10, 18, 2, 5, 8, 9, 6, 13, 19, 21]",237.87438506794248,12.903489589691162
