Id,Coordinates,Order,Distance,Time
6889,"[[0, 0], [56, 16], [24, 98], [53, 145], [67, 131], [49, 6], [42, 41], [67, 87], [58, 163], [3, 95], [28, 83], [4, 3], [11, 103], [6, 28], [18, 20], [59, 131], [55, 50], [56, 80], [56, 45], [19, 137], [39, 14], [0, 0]]","[0, 11, 14, 20, 5, 1, 6, 18, 16, 10, 2, 12, 9, 19, 3, 8, 4, 15, 7, 17, 13, 21]",502.92262098854604,17.56155300140381
