Id,Coordinates,Order,Distance,Time
182,"[[0, 0], [191, 133], [45, 12], [141, 108], [20, 31], [113, 57], [168, 148], [149, 95], [83, 31], [43, 68], [189, 136], [176, 124], [61, 94], [5, 143], [179, 4], [175, 142], [110, 11], [103, 152], [176, 114], [28, 27], [93, 39], [0, 0]]","[0, 2, 8, 20, 5, 16, 14, 7, 3, 18, 11, 1, 10, 15, 6, 17, 13, 12, 9, 19, 4, 21]",804.4280507564049,17.226080656051636
