Id,Coordinates,Order,Distance,Time
3055,"[[0, 0], [12, 147], [19, 78], [20, 149], [10, 130], [20, 71], [17, 50], [5, 66], [19, 38], [10, 77], [17, 70], [10, 63], [21, 28], [19, 6], [5, 87], [9, 41], [11, 76], [3, 9], [17, 107], [21, 152], [12, 81], [0, 0]]","[0, 13, 12, 8, 6, 11, 7, 16, 9, 20, 2, 5, 10, 18, 4, 1, 3, 19, 14, 15, 17, 21]",364.0979856276211,14.646610260009766
