Id,Coordinates,Order,Distance,Time
4243,"[[0, 0], [163, 28], [79, 32], [68, 14], [172, 54], [156, 54], [135, 59], [133, 2], [18, 47], [17, 38], [160, 31], [23, 59], [138, 33], [21, 55], [104, 34], [111, 32], [117, 6], [38, 29], [148, 41], [81, 3], [99, 52], [0, 0]]","[0, 9, 8, 13, 11, 17, 2, 14, 15, 20, 6, 5, 4, 10, 1, 18, 12, 7, 16, 19, 3, 21]",500.6105506567137,16.353496313095093
