Id,Coordinates,Order,Distance,Time
8078,"[[0, 0], [22, 76], [8, 19], [46, 80], [18, 118], [19, 45], [21, 7], [29, 106], [7, 97], [42, 60], [20, 63], [23, 46], [47, 71], [24, 82], [18, 71], [32, 100], [25, 16], [16, 19], [4, 83], [15, 3], [17, 79], [0, 0]]","[0, 19, 6, 16, 5, 11, 10, 14, 1, 13, 15, 7, 4, 8, 18, 20, 3, 12, 9, 17, 2, 21]",324.9615883788088,14.109094858169556
