Id,Coordinates,Order,Distance,Time
5889,"[[0, 0], [65, 70], [56, 144], [126, 149], [97, 5], [122, 7], [102, 41], [154, 121], [13, 100], [57, 39], [60, 65], [94, 7], [102, 136], [151, 109], [67, 74], [29, 60], [139, 30], [20, 73], [9, 98], [167, 82], [2, 95], [0, 0]]","[0, 15, 17, 20, 18, 8, 1, 14, 6, 11, 4, 5, 16, 19, 13, 7, 3, 12, 2, 10, 9, 21]",717.524950804164,17.57606554031372
