Id,Coordinates,Order,Distance,Time
7978,"[[0, 0], [35, 2], [51, 9], [2, 24], [73, 3], [39, 3], [54, 18], [60, 11], [7, 4], [106, 6], [22, 9], [50, 25], [104, 5], [42, 17], [10, 12], [78, 26], [30, 26], [14, 21], [11, 3], [69, 6], [86, 9], [0, 0]]","[0, 8, 18, 14, 10, 1, 5, 2, 7, 6, 11, 19, 4, 20, 12, 9, 15, 13, 16, 17, 3, 21]",298.01159659049864,18.240809440612793
