Id,Coordinates,Order,Distance,Time
5455,"[[0, 0], [122, 102], [2, 140], [29, 67], [37, 151], [121, 73], [140, 119], [134, 74], [120, 167], [53, 129], [9, 156], [124, 100], [8, 165], [3, 75], [63, 106], [26, 142], [70, 69], [24, 52], [74, 83], [134, 178], [86, 57], [0, 0]]","[0, 13, 2, 10, 12, 15, 4, 9, 14, 18, 16, 20, 5, 7, 11, 1, 6, 19, 8, 3, 17, 21]",713.7091899284507,16.34239387512207
