Id,Coordinates,Order,Distance,Time
7690,"[[0, 0], [5, 1], [12, 158], [1, 23], [25, 33], [8, 58], [17, 150], [5, 112], [1, 6], [24, 137], [1, 22], [17, 51], [10, 25], [21, 117], [13, 20], [17, 21], [21, 13], [16, 40], [19, 96], [19, 157], [7, 61], [0, 0]]","[0, 8, 10, 3, 12, 14, 15, 17, 5, 20, 18, 13, 9, 6, 19, 2, 7, 11, 4, 16, 1, 21]",364.46892548708183,13.85617446899414
