Id,Coordinates,Order,Distance,Time
438,"[[0, 0], [3, 7], [11, 92], [3, 80], [7, 101], [10, 94], [8, 7], [4, 131], [6, 179], [2, 102], [3, 61], [5, 25], [2, 46], [5, 75], [8, 15], [11, 107], [3, 126], [4, 156], [8, 82], [10, 2], [5, 147], [0, 0]]","[0, 19, 6, 14, 11, 12, 10, 13, 18, 2, 5, 4, 15, 16, 7, 20, 17, 8, 9, 3, 1, 21]",372.16142886914145,15.580881357192993
