Id,Coordinates,Order,Distance,Time
1974,"[[0, 0], [181, 59], [133, 56], [7, 18], [66, 37], [57, 58], [134, 30], [44, 10], [115, 45], [5, 35], [67, 1], [98, 5], [184, 52], [153, 36], [162, 4], [158, 25], [65, 18], [42, 38], [11, 4], [2, 2], [13, 54], [0, 0]]","[0, 19, 18, 3, 9, 20, 17, 5, 4, 8, 2, 13, 15, 14, 12, 1, 6, 11, 10, 16, 7, 21]",552.2397479576615,21.26613140106201
