Id,Coordinates,Order,Distance,Time
7420,"[[0, 0], [48, 15], [116, 19], [128, 4], [30, 15], [125, 22], [134, 12], [147, 7], [61, 18], [12, 8], [144, 13], [145, 19], [57, 8], [123, 24], [14, 3], [18, 19], [142, 14], [105, 14], [9, 16], [68, 21], [24, 24], [0, 0]]","[0, 9, 18, 15, 20, 4, 1, 8, 19, 17, 2, 13, 5, 6, 16, 11, 10, 7, 3, 12, 14, 21]",338.4847888478468,15.855030536651611
