Id,Coordinates,Order,Distance,Time
5393,"[[0, 0], [81, 37], [34, 6], [44, 23], [45, 21], [104, 12], [83, 23], [81, 23], [112, 33], [5, 41], [59, 21], [63, 11], [81, 9], [20, 28], [63, 46], [23, 44], [53, 65], [29, 10], [44, 37], [75, 49], [95, 16], [0, 0]]","[0, 17, 2, 4, 3, 16, 14, 19, 1, 7, 6, 8, 5, 20, 12, 11, 10, 18, 15, 9, 13, 21]",387.23112884871455,13.948297262191772
