Id,Coordinates,Order,Distance,Time
3523,"[[0, 0], [82, 51], [2, 84], [1, 173], [41, 162], [20, 181], [73, 35], [29, 95], [1, 130], [43, 16], [66, 110], [29, 61], [88, 131], [79, 112], [34, 82], [46, 121], [86, 180], [10, 7], [6, 121], [73, 35], [20, 139], [0, 0]]","[0, 17, 9, 6, 19, 1, 11, 14, 7, 18, 8, 20, 3, 5, 4, 16, 12, 13, 10, 15, 2, 21]",638.6692455861222,15.081836223602295
