Id,Coordinates,Order,Distance,Time
6970,"[[0, 0], [33, 22], [14, 50], [44, 4], [42, 15], [98, 27], [78, 23], [63, 60], [74, 62], [59, 44], [71, 62], [51, 39], [55, 45], [82, 3], [99, 3], [21, 13], [62, 8], [58, 54], [96, 18], [47, 9], [8, 61], [0, 0]]","[0, 15, 1, 4, 19, 3, 16, 13, 14, 18, 5, 6, 11, 12, 9, 8, 10, 7, 17, 20, 2, 21]",364.8551660462624,18.16442894935608
