Id,Coordinates,Order,Distance,Time
6174,"[[0, 0], [105, 11], [55, 29], [155, 14], [47, 51], [139, 76], [161, 12], [14, 40], [83, 47], [67, 27], [154, 6], [71, 82], [66, 4], [34, 11], [1, 36], [129, 27], [109, 6], [67, 55], [74, 3], [18, 32], [2, 56], [0, 0]]","[0, 19, 7, 14, 20, 4, 17, 8, 9, 12, 18, 1, 16, 10, 6, 3, 15, 5, 11, 2, 13, 21]",583.6060103025197,12.719044923782349
