Id,Coordinates,Order,Distance,Time
455,"[[0, 0], [44, 93], [37, 57], [16, 26], [113, 102], [98, 29], [161, 57], [1, 70], [193, 47], [37, 104], [78, 83], [109, 9], [146, 3], [152, 1], [31, 98], [156, 13], [185, 93], [129, 71], [78, 109], [187, 5], [161, 61], [0, 0]]","[0, 3, 7, 9, 14, 1, 18, 4, 16, 20, 6, 8, 19, 15, 13, 12, 11, 5, 17, 10, 2, 21]",746.1262701305664,14.637478828430176
