Id,Coordinates,Order,Distance,Time
1812,"[[0, 0], [56, 53], [15, 93], [27, 53], [17, 19], [21, 6], [16, 73], [8, 12], [57, 10], [45, 6], [44, 50], [39, 84], [50, 37], [14, 73], [10, 83], [40, 1], [25, 77], [38, 68], [14, 25], [40, 83], [35, 61], [0, 0]]","[0, 5, 15, 9, 8, 12, 10, 1, 20, 17, 19, 11, 16, 6, 13, 14, 2, 3, 18, 4, 7, 21]",316.03820834768163,19.38368320465088
