Id,Coordinates,Order,Distance,Time
3332,"[[0, 0], [34, 62], [142, 54], [34, 118], [24, 41], [105, 121], [92, 96], [103, 114], [83, 35], [144, 57], [68, 83], [24, 18], [88, 113], [73, 57], [111, 8], [38, 97], [87, 29], [27, 39], [112, 19], [59, 5], [38, 74], [0, 0]]","[0, 11, 17, 4, 1, 20, 15, 3, 10, 13, 8, 16, 18, 14, 2, 9, 7, 5, 12, 6, 19, 21]",607.558228117106,16.081000089645386
