Id,Coordinates,Order,Distance,Time
9331,"[[0, 0], [62, 21], [87, 27], [76, 98], [21, 73], [5, 44], [136, 53], [108, 91], [79, 65], [8, 41], [107, 82], [3, 51], [107, 81], [10, 76], [128, 69], [2, 6], [49, 59], [105, 63], [31, 51], [23, 1], [56, 109], [0, 0]]","[0, 15, 9, 5, 11, 13, 4, 18, 16, 10, 12, 17, 6, 14, 7, 3, 20, 8, 2, 1, 19, 21]",531.9080042679695,15.191068649291992
