Id,Coordinates,Order,Distance,Time
2996,"[[0, 0], [48, 42], [41, 21], [29, 2], [59, 36], [32, 49], [59, 47], [43, 27], [28, 43], [37, 13], [20, 2], [51, 47], [17, 36], [44, 41], [24, 10], [50, 18], [7, 11], [35, 28], [2, 33], [9, 36], [42, 41], [0, 0]]","[0, 10, 14, 3, 9, 2, 7, 20, 13, 1, 11, 6, 4, 15, 17, 5, 8, 12, 19, 18, 16, 21]",242.168313624824,18.139700174331665
