Id,Coordinates,Order,Distance,Time
8223,"[[0, 0], [37, 57], [4, 52], [57, 41], [67, 11], [60, 46], [105, 43], [62, 59], [108, 7], [65, 38], [49, 56], [16, 6], [38, 51], [53, 31], [70, 16], [104, 45], [64, 18], [53, 51], [102, 39], [70, 29], [87, 58], [0, 0]]","[0, 11, 13, 3, 5, 17, 10, 9, 19, 16, 14, 4, 8, 18, 6, 15, 20, 7, 12, 1, 2, 21]",395.73379340069357,15.023245811462402
