Id,Coordinates,Order,Distance,Time
2678,"[[0, 0], [16, 15], [51, 142], [46, 95], [21, 46], [33, 53], [17, 51], [5, 76], [17, 61], [31, 28], [37, 105], [20, 44], [45, 97], [11, 63], [53, 47], [54, 69], [32, 31], [57, 46], [45, 12], [34, 95], [59, 20], [0, 0]]","[0, 1, 9, 5, 11, 4, 6, 8, 13, 7, 19, 10, 2, 3, 12, 15, 17, 14, 20, 18, 16, 21]",423.21254249293656,17.90043568611145
