Id,Coordinates,Order,Distance,Time
5028,"[[0, 0], [14, 80], [53, 43], [55, 82], [57, 68], [25, 21], [55, 46], [4, 71], [12, 124], [40, 40], [6, 10], [31, 105], [40, 105], [20, 18], [23, 80], [37, 51], [6, 48], [7, 58], [25, 10], [13, 70], [27, 62], [0, 0]]","[0, 10, 13, 18, 5, 9, 15, 20, 19, 7, 1, 14, 8, 11, 12, 3, 4, 6, 2, 17, 16, 21]",400.65817763275123,19.017003059387207
