Id,Coordinates,Order,Distance,Time
8932,"[[0, 0], [31, 9], [16, 5], [8, 3], [21, 33], [11, 4], [47, 20], [44, 16], [8, 13], [15, 24], [19, 17], [14, 13], [37, 7], [25, 2], [5, 5], [38, 8], [50, 29], [34, 27], [3, 4], [20, 32], [45, 14], [0, 0]]","[0, 18, 14, 3, 5, 2, 11, 10, 19, 4, 17, 16, 6, 7, 20, 15, 12, 1, 13, 9, 8, 21]",175.0116914513813,14.35490345954895
