Id,Coordinates,Order,Distance,Time
2172,"[[0, 0], [9, 74], [142, 159], [135, 65], [67, 166], [134, 140], [37, 41], [112, 104], [102, 93], [112, 73], [80, 58], [4, 154], [146, 74], [99, 89], [146, 141], [77, 67], [82, 19], [13, 53], [56, 16], [63, 145], [153, 3], [0, 0]]","[0, 18, 20, 16, 10, 15, 13, 8, 7, 9, 3, 12, 14, 5, 2, 4, 19, 11, 1, 17, 6, 21]",836.6061477217812,15.27308702468872
