Id,Coordinates,Order,Distance,Time
8496,"[[0, 0], [47, 6], [11, 14], [41, 16], [13, 2], [20, 13], [15, 10], [5, 9], [9, 5], [25, 14], [40, 3], [46, 15], [33, 15], [48, 6], [52, 7], [34, 10], [2, 10], [14, 2], [4, 3], [16, 15], [3, 7], [0, 0]]","[0, 18, 20, 7, 8, 4, 17, 6, 5, 9, 12, 3, 11, 14, 13, 1, 10, 15, 19, 2, 16, 21]",138.61003239040105,17.816369771957397
