Id,Coordinates,Order,Distance,Time
7583,"[[0, 0], [140, 57], [39, 144], [37, 57], [119, 114], [69, 105], [32, 98], [50, 4], [92, 6], [34, 11], [47, 106], [116, 17], [73, 129], [71, 60], [36, 152], [62, 54], [107, 62], [39, 121], [58, 146], [91, 27], [72, 127], [0, 0]]","[0, 9, 7, 8, 19, 11, 1, 16, 4, 12, 20, 10, 6, 17, 2, 14, 18, 5, 13, 15, 3, 21]",645.6925274671027,14.79923152923584
