Id,Coordinates,Order,Distance,Time
2726,"[[0, 0], [18, 5], [1, 44], [41, 50], [4, 61], [38, 36], [21, 29], [54, 17], [24, 15], [54, 56], [56, 22], [32, 43], [41, 57], [32, 51], [21, 32], [19, 51], [5, 31], [19, 5], [49, 37], [45, 64], [44, 65], [0, 0]]","[0, 1, 17, 8, 6, 14, 13, 3, 12, 20, 19, 9, 18, 10, 7, 5, 11, 15, 4, 2, 16, 21]",278.3902979369527,17.341086626052856
