Id,Coordinates,Order,Distance,Time
9423,"[[0, 0], [130, 175], [47, 20], [155, 40], [78, 165], [23, 24], [17, 105], [99, 184], [62, 59], [68, 140], [14, 176], [109, 81], [92, 183], [78, 194], [13, 3], [30, 112], [2, 188], [23, 108], [158, 175], [13, 155], [113, 195], [0, 0]]","[0, 14, 2, 8, 3, 11, 9, 4, 12, 7, 1, 18, 20, 13, 16, 10, 19, 15, 17, 6, 5, 21]",811.5701283234213,18.036651134490967
