Id,Coordinates,Order,Distance,Time
7216,"[[0, 0], [39, 61], [29, 39], [31, 88], [30, 13], [42, 47], [52, 14], [23, 11], [42, 1], [22, 85], [55, 26], [15, 10], [27, 54], [43, 89], [52, 82], [7, 58], [26, 40], [65, 37], [40, 67], [15, 53], [5, 65], [0, 0]]","[0, 11, 7, 4, 8, 6, 10, 17, 5, 12, 19, 15, 20, 9, 3, 13, 14, 18, 1, 2, 16, 21]",322.8727331443123,13.410576581954956
