Id,Coordinates,Order,Distance,Time
8736,"[[0, 0], [6, 9], [23, 6], [11, 10], [2, 1], [25, 12], [13, 2], [6, 2], [16, 12], [12, 4], [22, 3], [6, 2], [6, 1], [5, 11], [20, 1], [19, 3], [14, 7], [5, 14], [24, 4], [15, 9], [15, 11], [0, 0]]","[0, 4, 7, 11, 9, 16, 19, 8, 20, 3, 17, 13, 1, 15, 14, 10, 18, 2, 5, 6, 12, 21]",97.62545268784056,19.211556673049927
