Id,Coordinates,Order,Distance,Time
3253,"[[0, 0], [66, 4], [19, 13], [2, 5], [41, 1], [33, 20], [10, 23], [88, 10], [15, 18], [89, 9], [113, 16], [39, 1], [2, 24], [7, 14], [31, 5], [125, 1], [98, 30], [103, 28], [71, 17], [94, 30], [128, 26], [0, 0]]","[0, 3, 13, 12, 6, 8, 2, 14, 11, 4, 1, 7, 9, 19, 16, 17, 10, 20, 15, 18, 5, 21]",344.9872618682319,16.777666330337524
