Id,Coordinates,Order,Distance,Time
3805,"[[0, 0], [108, 27], [122, 39], [100, 40], [88, 55], [59, 44], [54, 25], [108, 36], [161, 61], [128, 62], [161, 4], [50, 32], [106, 49], [3, 44], [53, 63], [64, 16], [6, 23], [25, 50], [111, 45], [131, 40], [14, 45], [0, 0]]","[0, 16, 13, 20, 17, 11, 5, 14, 4, 12, 18, 7, 3, 2, 19, 9, 8, 10, 1, 15, 6, 21]",531.9389502040656,17.163042545318604
