Id,Coordinates,Order,Distance,Time
4405,"[[0, 0], [158, 78], [168, 7], [19, 8], [152, 77], [146, 9], [130, 35], [97, 101], [170, 103], [107, 94], [131, 60], [9, 77], [1, 40], [166, 4], [29, 101], [172, 15], [23, 75], [151, 98], [82, 103], [107, 64], [36, 6], [0, 0]]","[0, 12, 11, 16, 14, 18, 7, 9, 10, 6, 5, 13, 2, 15, 1, 4, 8, 17, 19, 20, 3, 21]",635.3078408195414,18.016075134277344
