Id,Coordinates,Order,Distance,Time
1166,"[[0, 0], [38, 18], [4, 9], [46, 25], [49, 27], [44, 22], [26, 28], [19, 22], [14, 9], [27, 31], [25, 8], [2, 1], [12, 32], [1, 31], [4, 29], [31, 29], [38, 13], [49, 17], [12, 27], [20, 1], [24, 20], [0, 0]]","[0, 11, 2, 8, 20, 7, 18, 12, 14, 13, 6, 9, 15, 1, 5, 3, 4, 17, 16, 10, 19, 21]",190.02017107191702,14.609849214553833
