Id,Coordinates,Order,Distance,Time
6184,"[[0, 0], [9, 65], [21, 58], [38, 102], [40, 24], [21, 28], [41, 89], [11, 12], [10, 14], [23, 55], [4, 35], [33, 76], [18, 4], [9, 71], [32, 54], [5, 76], [7, 65], [36, 75], [28, 61], [8, 22], [38, 50], [0, 0]]","[0, 7, 8, 19, 10, 5, 14, 18, 2, 9, 1, 16, 13, 15, 3, 6, 11, 17, 20, 4, 12, 21]",310.3025380528588,17.90445590019226
