Id,Coordinates,Order,Distance,Time
1540,"[[0, 0], [13, 28], [15, 43], [131, 26], [138, 38], [17, 39], [16, 12], [43, 37], [63, 15], [5, 35], [124, 17], [13, 26], [12, 23], [138, 9], [92, 45], [126, 3], [54, 47], [95, 1], [116, 24], [43, 43], [142, 20], [0, 0]]","[0, 12, 11, 1, 9, 5, 2, 7, 8, 17, 15, 13, 20, 3, 10, 18, 4, 14, 16, 19, 6, 21]",425.37288747578907,14.727615356445312
