Id,Coordinates,Order,Distance,Time
5016,"[[0, 0], [12, 10], [11, 46], [12, 12], [16, 50], [5, 43], [20, 59], [15, 29], [3, 40], [14, 22], [6, 10], [23, 58], [26, 22], [18, 17], [22, 64], [13, 43], [22, 46], [9, 47], [2, 27], [15, 29], [21, 14], [0, 0]]","[0, 10, 1, 3, 13, 20, 12, 9, 7, 19, 8, 5, 17, 2, 4, 6, 14, 11, 16, 15, 18, 21]",182.73593471146296,24.465030431747437
