Id,Coordinates,Order,Distance,Time
9204,"[[0, 0], [80, 10], [46, 31], [21, 27], [35, 61], [58, 17], [71, 34], [73, 64], [42, 16], [75, 34], [68, 31], [6, 63], [30, 8], [16, 36], [60, 40], [65, 46], [79, 6], [41, 21], [24, 39], [35, 20], [53, 55], [0, 0]]","[0, 12, 19, 17, 8, 2, 14, 15, 6, 9, 10, 5, 1, 16, 7, 20, 18, 13, 11, 4, 3, 21]",414.39688707400495,16.273399114608765
