Id,Coordinates,Order,Distance,Time
8977,"[[0, 0], [17, 94], [60, 69], [33, 47], [12, 80], [80, 84], [23, 97], [24, 6], [69, 108], [58, 68], [21, 39], [102, 91], [80, 15], [104, 74], [53, 6], [94, 5], [93, 15], [45, 67], [84, 91], [89, 94], [43, 31], [0, 0]]","[0, 10, 3, 17, 9, 2, 5, 18, 19, 11, 13, 8, 6, 1, 4, 20, 12, 16, 15, 14, 7, 21]",499.42851724455574,15.42305612564087
