Id,Coordinates,Order,Distance,Time
6731,"[[0, 0], [49, 67], [52, 66], [28, 62], [5, 41], [43, 3], [7, 31], [11, 6], [15, 6], [61, 14], [39, 22], [20, 40], [13, 64], [6, 21], [20, 59], [12, 32], [63, 28], [27, 58], [6, 48], [27, 29], [31, 42], [0, 0]]","[0, 7, 8, 15, 11, 20, 19, 10, 5, 9, 16, 2, 1, 3, 17, 14, 12, 18, 4, 6, 13, 21]",297.0735299237314,22.563999891281128
