Id,Coordinates,Order,Distance,Time
4153,"[[0, 0], [1, 81], [3, 29], [15, 171], [2, 91], [2, 102], [7, 61], [7, 156], [9, 24], [11, 101], [11, 118], [2, 54], [13, 134], [16, 18], [11, 79], [2, 37], [13, 40], [16, 66], [5, 74], [10, 152], [13, 145], [0, 0]]","[0, 8, 2, 15, 11, 6, 18, 1, 4, 5, 10, 12, 20, 19, 7, 3, 9, 14, 17, 16, 13, 21]",361.97165006211304,17.350204706192017
