Id,Coordinates,Order,Distance,Time
2868,"[[0, 0], [92, 9], [5, 7], [30, 24], [133, 23], [28, 10], [49, 1], [53, 24], [124, 23], [53, 5], [90, 15], [80, 16], [71, 21], [39, 1], [74, 14], [134, 23], [80, 9], [117, 10], [43, 23], [85, 10], [42, 17], [0, 0]]","[0, 2, 5, 3, 18, 20, 7, 12, 14, 16, 19, 1, 17, 15, 4, 8, 10, 11, 9, 6, 13, 21]",308.16699045916664,16.955612182617188
