Id,Coordinates,Order,Distance,Time
4953,"[[0, 0], [25, 19], [28, 2], [27, 8], [2, 2], [34, 17], [13, 11], [6, 10], [7, 17], [18, 9], [34, 9], [32, 3], [6, 7], [17, 16], [12, 12], [19, 7], [2, 2], [33, 11], [23, 14], [29, 19], [10, 20], [0, 0]]","[0, 4, 16, 12, 14, 6, 9, 15, 3, 2, 11, 10, 17, 5, 19, 1, 18, 13, 20, 8, 7, 21]",110.12151408902196,17.969746351242065
