Id,Coordinates,Order,Distance,Time
7333,"[[0, 0], [100, 183], [29, 43], [55, 187], [9, 46], [44, 46], [93, 22], [110, 105], [108, 43], [121, 114], [51, 150], [3, 25], [148, 21], [1, 82], [62, 63], [52, 119], [49, 120], [62, 16], [145, 20], [72, 31], [107, 184], [0, 0]]","[0, 2, 5, 14, 19, 17, 6, 8, 18, 12, 9, 7, 15, 10, 3, 1, 20, 16, 13, 4, 11, 21]",769.2743291590873,17.59474802017212
