Id,Coordinates,Order,Distance,Time
2319,"[[0, 0], [7, 70], [4, 125], [11, 82], [25, 69], [12, 52], [26, 73], [15, 74], [13, 94], [25, 7], [12, 122], [3, 76], [10, 44], [24, 67], [15, 30], [26, 14], [15, 87], [7, 32], [21, 61], [8, 100], [1, 93], [0, 0]]","[0, 9, 15, 14, 12, 5, 18, 13, 4, 6, 7, 3, 16, 8, 19, 10, 2, 20, 11, 1, 17, 21]",299.9697868558043,19.39197063446045
