Id,Coordinates,Order,Distance,Time
2393,"[[0, 0], [9, 132], [15, 97], [54, 69], [25, 104], [44, 43], [4, 47], [61, 93], [3, 39], [55, 71], [12, 72], [18, 57], [4, 15], [11, 48], [3, 90], [49, 125], [55, 116], [44, 33], [55, 17], [23, 81], [62, 58], [0, 0]]","[0, 12, 8, 6, 13, 11, 10, 19, 14, 2, 4, 1, 15, 16, 7, 9, 3, 20, 5, 17, 18, 21]",399.9778856254163,15.491921663284302
