Id,Coordinates,Order,Distance,Time
3035,"[[0, 0], [75, 132], [60, 95], [79, 16], [84, 46], [27, 127], [75, 68], [58, 153], [15, 44], [4, 42], [65, 5], [60, 15], [57, 46], [10, 120], [55, 156], [54, 48], [30, 112], [49, 65], [46, 161], [15, 74], [74, 157], [0, 0]]","[0, 9, 8, 19, 17, 15, 12, 16, 13, 5, 18, 14, 7, 20, 1, 2, 6, 4, 3, 10, 11, 21]",560.9277636922607,20.247895002365112
