Id,Coordinates,Order,Distance,Time
7742,"[[0, 0], [97, 15], [122, 19], [101, 9], [87, 11], [144, 18], [127, 13], [30, 20], [111, 9], [23, 22], [141, 6], [114, 4], [112, 13], [45, 1], [3, 5], [64, 18], [109, 18], [60, 22], [48, 18], [142, 10], [88, 2], [0, 0]]","[0, 14, 9, 7, 18, 17, 15, 4, 1, 16, 12, 8, 2, 6, 5, 19, 10, 11, 3, 20, 13, 21]",328.46754161975497,14.789445161819458
