Id,Coordinates,Order,Distance,Time
6024,"[[0, 0], [77, 90], [97, 11], [180, 42], [162, 83], [139, 91], [86, 112], [113, 121], [38, 54], [129, 125], [159, 77], [79, 62], [107, 45], [8, 33], [105, 24], [117, 122], [30, 63], [78, 116], [5, 106], [121, 42], [86, 110], [0, 0]]","[0, 13, 16, 18, 1, 17, 6, 20, 7, 15, 9, 5, 4, 10, 3, 19, 12, 14, 2, 11, 8, 21]",655.1448507037678,16.3341281414032
