Id,Coordinates,Order,Distance,Time
9977,"[[0, 0], [16, 30], [7, 10], [2, 33], [7, 35], [5, 33], [5, 33], [3, 3], [22, 37], [23, 28], [21, 15], [14, 36], [18, 13], [9, 5], [2, 35], [2, 9], [15, 23], [11, 30], [10, 16], [7, 16], [1, 2], [0, 0]]","[0, 20, 15, 2, 19, 18, 16, 1, 17, 5, 6, 3, 14, 4, 11, 8, 9, 10, 12, 13, 7, 21]",123.3437513123452,13.512919664382935
