Id,Coordinates,Order,Distance,Time
1408,"[[0, 0], [53, 37], [31, 76], [4, 65], [47, 10], [11, 60], [21, 56], [3, 27], [26, 1], [59, 11], [24, 28], [80, 15], [7, 54], [71, 57], [65, 52], [42, 23], [60, 16], [48, 60], [81, 6], [73, 65], [64, 43], [0, 0]]","[0, 8, 4, 1, 20, 14, 13, 19, 17, 2, 6, 5, 3, 12, 7, 10, 15, 16, 11, 18, 9, 21]",413.1137040466573,15.068755865097046
