Id,Coordinates,Order,Distance,Time
3880,"[[0, 0], [147, 22], [140, 3], [56, 37], [14, 14], [143, 36], [197, 7], [160, 32], [15, 22], [102, 13], [171, 22], [183, 27], [139, 15], [95, 43], [118, 4], [23, 6], [20, 19], [190, 3], [58, 39], [171, 37], [96, 5], [0, 0]]","[0, 4, 16, 8, 3, 18, 13, 12, 1, 5, 7, 19, 10, 11, 6, 17, 2, 14, 9, 20, 15, 21]",480.6654685273312,15.05791687965393
