Id,Coordinates,Order,Distance,Time
759,"[[0, 0], [80, 8], [170, 7], [52, 1], [88, 13], [134, 6], [52, 5], [21, 10], [39, 15], [128, 13], [96, 7], [27, 15], [27, 11], [137, 7], [102, 3], [138, 10], [76, 2], [2, 11], [66, 4], [64, 13], [64, 7], [0, 0]]","[0, 17, 7, 12, 11, 8, 6, 3, 20, 18, 16, 1, 10, 14, 5, 13, 15, 2, 9, 4, 19, 21]",371.70260666698516,15.296512365341187
