Id,Coordinates,Order,Distance,Time
5931,"[[0, 0], [164, 130], [156, 57], [5, 41], [61, 164], [21, 72], [153, 54], [156, 105], [16, 112], [66, 148], [15, 142], [29, 89], [65, 159], [144, 64], [17, 130], [27, 143], [146, 149], [39, 178], [65, 124], [102, 18], [160, 178], [0, 0]]","[0, 3, 8, 14, 10, 15, 17, 4, 12, 9, 20, 16, 1, 7, 13, 2, 6, 19, 18, 11, 5, 21]",797.7568589111045,16.32085633277893
