Id,Coordinates,Order,Distance,Time
3696,"[[0, 0], [47, 20], [38, 7], [56, 36], [32, 41], [41, 46], [42, 55], [14, 15], [15, 2], [9, 14], [2, 18], [18, 53], [57, 20], [52, 22], [57, 62], [51, 40], [35, 40], [32, 33], [42, 52], [65, 20], [67, 48], [0, 0]]","[0, 10, 9, 7, 11, 17, 16, 4, 5, 18, 6, 14, 20, 3, 15, 19, 12, 13, 1, 2, 8, 21]",277.1558689697809,16.722511291503906
