Id,Coordinates,Order,Distance,Time
2140,"[[0, 0], [5, 118], [4, 62], [26, 72], [30, 108], [16, 111], [37, 41], [3, 33], [37, 89], [40, 136], [24, 118], [33, 130], [43, 58], [12, 109], [18, 85], [16, 5], [10, 72], [42, 95], [22, 7], [27, 52], [42, 47], [0, 0]]","[0, 15, 18, 2, 16, 19, 6, 20, 12, 8, 17, 4, 5, 13, 1, 11, 9, 10, 14, 3, 7, 21]",429.8438135777891,16.499159336090088
