Id,Coordinates,Order,Distance,Time
708,"[[0, 0], [97, 20], [77, 4], [124, 72], [32, 15], [76, 26], [121, 9], [23, 26], [35, 83], [18, 76], [107, 73], [119, 28], [35, 20], [107, 83], [84, 44], [149, 77], [107, 24], [60, 1], [65, 73], [22, 21], [135, 15], [0, 0]]","[0, 19, 7, 12, 4, 17, 2, 5, 14, 1, 16, 11, 6, 20, 15, 3, 10, 13, 18, 8, 9, 21]",516.4684932534395,14.490237474441528
