Id,Coordinates,Order,Distance,Time
8658,"[[0, 0], [63, 63], [35, 65], [48, 28], [8, 1], [88, 36], [9, 50], [22, 55], [39, 39], [17, 25], [27, 46], [72, 85], [25, 29], [59, 34], [13, 65], [90, 8], [57, 54], [3, 33], [80, 49], [20, 1], [78, 70], [0, 0]]","[0, 4, 17, 9, 12, 10, 7, 6, 14, 2, 8, 3, 13, 16, 1, 11, 20, 18, 5, 15, 19, 21]",422.0797180928111,16.2350594997406
