Id,Coordinates,Order,Distance,Time
6537,"[[0, 0], [77, 23], [132, 56], [95, 7], [162, 61], [61, 66], [160, 62], [25, 35], [88, 64], [41, 76], [87, 85], [7, 6], [89, 2], [29, 11], [7, 38], [17, 21], [44, 89], [138, 80], [11, 5], [27, 29], [88, 50], [0, 0]]","[0, 11, 18, 15, 19, 7, 14, 1, 3, 12, 20, 8, 5, 9, 16, 10, 17, 6, 4, 2, 13, 21]",594.0015967765115,13.347764492034912
