Id,Coordinates,Order,Distance,Time
2481,"[[0, 0], [47, 4], [127, 13], [1, 143], [75, 64], [143, 142], [45, 33], [18, 76], [10, 172], [25, 103], [8, 131], [137, 102], [34, 125], [68, 89], [25, 155], [4, 43], [91, 9], [115, 173], [2, 164], [10, 99], [10, 10], [0, 0]]","[0, 15, 19, 10, 3, 18, 8, 14, 12, 13, 4, 6, 1, 16, 2, 11, 5, 17, 9, 7, 20, 21]",853.2992688390163,18.529174327850342
