Id,Coordinates,Order,Distance,Time
9923,"[[0, 0], [84, 7], [135, 28], [132, 47], [53, 60], [104, 5], [95, 16], [15, 137], [135, 114], [102, 63], [14, 110], [116, 54], [45, 72], [26, 43], [78, 29], [15, 151], [49, 41], [58, 102], [118, 162], [41, 137], [110, 72], [0, 0]]","[0, 16, 4, 12, 19, 15, 7, 10, 9, 11, 3, 2, 5, 6, 1, 14, 20, 8, 18, 17, 13, 21]",830.9581517583664,19.937172889709473
