Id,Coordinates,Order,Distance,Time
7387,"[[0, 0], [119, 52], [161, 67], [163, 26], [167, 27], [143, 77], [180, 37], [153, 8], [19, 6], [19, 82], [154, 41], [137, 11], [133, 55], [5, 53], [72, 89], [151, 64], [68, 78], [97, 52], [151, 53], [39, 29], [112, 38], [0, 0]]","[0, 13, 9, 16, 14, 17, 20, 1, 12, 5, 15, 2, 18, 10, 6, 4, 3, 7, 11, 19, 8, 21]",553.6370257209396,14.407963752746582
