Id,Coordinates,Order,Distance,Time
3617,"[[0, 0], [177, 55], [158, 50], [141, 28], [167, 47], [168, 27], [15, 46], [68, 4], [20, 35], [164, 17], [38, 85], [162, 23], [5, 52], [168, 21], [136, 58], [100, 71], [120, 37], [155, 29], [156, 45], [107, 13], [76, 49], [0, 0]]","[0, 8, 6, 12, 10, 20, 15, 14, 18, 2, 4, 1, 5, 13, 9, 11, 17, 3, 16, 19, 7, 21]",513.3672724488013,18.209915161132812
