Id,Coordinates,Order,Distance,Time
2573,"[[0, 0], [2, 6], [98, 75], [25, 58], [90, 32], [59, 77], [35, 63], [109, 96], [52, 40], [92, 108], [35, 79], [76, 15], [45, 22], [6, 71], [84, 132], [60, 47], [53, 80], [122, 50], [79, 130], [61, 87], [89, 62], [0, 0]]","[0, 1, 12, 8, 15, 6, 3, 10, 16, 5, 19, 20, 4, 11, 17, 2, 7, 9, 14, 18, 13, 21]",602.5496831007372,17.246731996536255
