Id,Coordinates,Order,Distance,Time
2190,"[[0, 0], [47, 26], [72, 11], [139, 8], [105, 16], [30, 3], [138, 31], [57, 27], [114, 31], [61, 34], [99, 10], [66, 4], [3, 4], [127, 10], [1, 31], [10, 20], [55, 32], [75, 14], [2, 14], [65, 25], [20, 28], [0, 0]]","[0, 12, 18, 15, 14, 20, 1, 16, 7, 9, 19, 17, 2, 10, 4, 8, 6, 3, 13, 11, 5, 21]",376.61868053438775,15.07056474685669
