Id,Coordinates,Order,Distance,Time
2798,"[[0, 0], [7, 19], [33, 14], [20, 43], [15, 41], [2, 34], [30, 46], [10, 49], [27, 15], [2, 32], [30, 36], [21, 14], [12, 24], [7, 36], [35, 27], [15, 39], [37, 52], [35, 25], [23, 5], [14, 12], [8, 46], [0, 0]]","[0, 18, 11, 8, 2, 17, 14, 10, 6, 16, 3, 4, 15, 13, 5, 9, 20, 7, 12, 1, 19, 21]",208.4941275750293,17.33179020881653
