Id,Coordinates,Order,Distance,Time
6826,"[[0, 0], [94, 5], [43, 2], [58, 12], [127, 10], [21, 6], [112, 8], [123, 7], [73, 6], [35, 11], [145, 7], [21, 12], [44, 2], [166, 1], [146, 4], [131, 10], [76, 1], [137, 6], [54, 11], [139, 11], [39, 6], [0, 0]]","[0, 11, 9, 20, 2, 18, 3, 8, 1, 6, 4, 15, 19, 10, 13, 14, 17, 7, 16, 12, 5, 21]",347.3537891778847,15.565539836883545
