Id,Coordinates,Order,Distance,Time
8258,"[[0, 0], [23, 35], [3, 13], [6, 111], [2, 22], [13, 74], [25, 30], [25, 71], [19, 84], [21, 39], [18, 45], [24, 118], [3, 128], [17, 163], [5, 143], [21, 78], [20, 132], [1, 28], [11, 139], [10, 41], [18, 108], [0, 0]]","[0, 2, 4, 17, 19, 10, 9, 1, 6, 7, 15, 8, 20, 11, 16, 18, 13, 14, 12, 3, 5, 21]",379.07991140255706,17.688720703125
