Id,Coordinates,Order,Distance,Time
7272,"[[0, 0], [77, 84], [35, 44], [18, 4], [56, 94], [120, 48], [18, 22], [107, 56], [75, 92], [111, 55], [115, 33], [70, 12], [135, 79], [72, 75], [88, 68], [15, 71], [12, 83], [117, 39], [80, 90], [134, 38], [80, 68], [0, 0]]","[0, 6, 2, 15, 16, 4, 8, 18, 1, 13, 20, 14, 7, 9, 12, 19, 5, 17, 10, 11, 3, 21]",461.950789274141,13.341191053390503
