Id,Coordinates,Order,Distance,Time
1888,"[[0, 0], [14, 111], [83, 49], [37, 23], [13, 52], [106, 96], [73, 81], [109, 52], [73, 87], [5, 96], [33, 72], [97, 76], [40, 36], [98, 34], [97, 72], [62, 11], [6, 32], [43, 20], [44, 11], [71, 62], [7, 106], [0, 0]]","[0, 12, 3, 17, 18, 15, 13, 7, 14, 11, 5, 8, 6, 19, 2, 10, 1, 20, 9, 4, 16, 21]",505.6797135657645,17.994783401489258
