Id,Coordinates,Order,Distance,Time
337,"[[0, 0], [1, 143], [8, 143], [5, 83], [9, 51], [12, 16], [11, 143], [2, 96], [12, 26], [9, 108], [8, 79], [6, 44], [6, 152], [4, 86], [3, 70], [4, 59], [11, 94], [5, 29], [1, 53], [3, 130], [6, 166], [0, 0]]","[0, 5, 8, 17, 11, 18, 15, 14, 10, 3, 13, 7, 9, 19, 2, 6, 12, 20, 1, 16, 4, 21]",354.65590190989263,16.51398205757141
