Id,Coordinates,Order,Distance,Time
5614,"[[0, 0], [4, 5], [12, 1], [1, 31], [8, 24], [8, 27], [3, 3], [2, 34], [4, 10], [13, 14], [8, 37], [7, 18], [2, 20], [1, 33], [8, 29], [8, 31], [10, 18], [1, 23], [5, 3], [3, 18], [11, 36], [0, 0]]","[0, 6, 1, 8, 4, 5, 14, 15, 20, 10, 7, 13, 3, 17, 12, 19, 11, 16, 9, 2, 18, 21]",102.70238772526554,13.928762435913086
