Id,Coordinates,Order,Distance,Time
8976,"[[0, 0], [39, 21], [42, 14], [3, 18], [49, 31], [34, 37], [49, 12], [23, 27], [19, 53], [5, 38], [36, 6], [21, 48], [3, 40], [41, 11], [36, 21], [7, 53], [39, 3], [16, 54], [15, 20], [11, 17], [11, 33], [0, 0]]","[0, 3, 20, 9, 12, 15, 17, 8, 11, 5, 4, 6, 2, 13, 16, 10, 1, 14, 7, 18, 19, 21]",219.70086492896257,17.620307683944702
