Id,Coordinates,Order,Distance,Time
5698,"[[0, 0], [140, 26], [165, 27], [49, 44], [112, 51], [121, 18], [116, 79], [41, 77], [72, 7], [131, 68], [119, 34], [96, 101], [76, 34], [102, 83], [23, 82], [159, 11], [79, 71], [54, 82], [131, 52], [59, 55], [98, 83], [0, 0]]","[0, 3, 19, 11, 20, 13, 6, 9, 18, 4, 10, 1, 15, 2, 5, 8, 12, 16, 17, 7, 14, 21]",615.8407781658921,14.489819526672363
