Id,Coordinates,Order,Distance,Time
7211,"[[0, 0], [37, 35], [107, 67], [128, 21], [117, 13], [61, 60], [126, 56], [79, 24], [62, 16], [55, 25], [88, 9], [5, 35], [55, 8], [127, 29], [125, 20], [18, 44], [53, 4], [118, 16], [30, 42], [47, 49], [22, 21], [0, 0]]","[0, 20, 1, 18, 9, 8, 12, 16, 7, 10, 4, 17, 14, 3, 13, 6, 2, 5, 19, 15, 11, 21]",412.4886590058641,16.947022676467896
