Id,Coordinates,Order,Distance,Time
7381,"[[0, 0], [11, 69], [28, 19], [68, 69], [92, 107], [89, 25], [68, 47], [50, 90], [83, 62], [52, 116], [99, 56], [29, 23], [88, 52], [63, 60], [51, 54], [80, 151], [98, 44], [71, 5], [74, 63], [19, 95], [18, 49], [0, 0]]","[0, 20, 1, 19, 7, 9, 15, 4, 8, 12, 10, 16, 5, 17, 6, 18, 3, 13, 14, 11, 2, 21]",543.6157243087893,15.959369659423828
