Id,Coordinates,Order,Distance,Time
9061,"[[0, 0], [12, 15], [64, 10], [63, 1], [17, 13], [34, 15], [49, 26], [64, 15], [22, 22], [1, 4], [50, 5], [44, 6], [2, 7], [39, 21], [11, 17], [35, 24], [27, 23], [60, 22], [43, 14], [40, 15], [56, 9], [0, 0]]","[0, 9, 12, 1, 14, 8, 16, 15, 13, 19, 18, 11, 10, 3, 2, 7, 17, 20, 6, 5, 4, 21]",199.78669622285258,19.064942359924316
