Id,Coordinates,Order,Distance,Time
2180,"[[0, 0], [2, 62], [7, 191], [8, 123], [74, 22], [29, 75], [71, 183], [72, 168], [71, 48], [19, 182], [2, 95], [25, 104], [36, 10], [26, 164], [11, 2], [37, 13], [54, 109], [54, 28], [72, 8], [33, 31], [46, 84], [0, 0]]","[0, 14, 12, 15, 19, 17, 18, 4, 8, 20, 11, 10, 3, 13, 9, 2, 6, 7, 16, 5, 1, 21]",627.1359101526531,16.6670560836792
