Id,Coordinates,Order,Distance,Time
5396,"[[0, 0], [60, 74], [42, 60], [38, 5], [41, 9], [41, 43], [16, 20], [17, 72], [13, 72], [37, 9], [75, 51], [45, 18], [30, 54], [38, 31], [47, 12], [56, 77], [28, 31], [28, 44], [29, 32], [45, 20], [20, 17], [0, 0]]","[0, 6, 20, 16, 18, 5, 2, 15, 1, 10, 19, 11, 14, 4, 3, 9, 13, 17, 12, 7, 8, 21]",350.22615929658815,17.460197687149048
