Id,Coordinates,Order,Distance,Time
9353,"[[0, 0], [119, 22], [30, 56], [105, 28], [48, 41], [20, 29], [101, 20], [37, 26], [55, 57], [88, 23], [103, 1], [86, 16], [20, 33], [80, 51], [105, 51], [52, 37], [93, 40], [77, 45], [5, 56], [8, 36], [88, 14], [0, 0]]","[0, 5, 12, 19, 18, 2, 8, 17, 13, 16, 14, 3, 6, 11, 20, 10, 1, 9, 15, 4, 7, 21]",421.58643718681014,15.605931043624878
