Id,Coordinates,Order,Distance,Time
6684,"[[0, 0], [9, 29], [49, 20], [34, 30], [48, 7], [46, 21], [57, 33], [58, 6], [6, 9], [31, 6], [8, 29], [10, 13], [53, 39], [37, 16], [11, 9], [56, 3], [12, 35], [39, 35], [31, 34], [7, 35], [34, 25], [0, 0]]","[0, 8, 14, 11, 1, 10, 19, 16, 18, 3, 5, 2, 4, 15, 7, 6, 12, 17, 20, 13, 9, 21]",227.52476273775673,16.267998695373535
