Id,Coordinates,Order,Distance,Time
3268,"[[0, 0], [34, 25], [63, 67], [30, 20], [80, 5], [22, 101], [16, 72], [11, 15], [38, 87], [22, 80], [29, 3], [8, 90], [51, 41], [76, 42], [24, 102], [15, 81], [98, 8], [54, 21], [95, 77], [5, 101], [51, 56], [0, 0]]","[0, 10, 3, 1, 17, 12, 13, 4, 16, 18, 2, 20, 8, 9, 15, 11, 19, 5, 14, 6, 7, 21]",498.6197494509691,14.860600709915161
