Id,Coordinates,Order,Distance,Time
5284,"[[0, 0], [40, 15], [95, 10], [71, 13], [26, 12], [28, 10], [57, 15], [65, 15], [84, 10], [48, 13], [89, 5], [93, 9], [35, 3], [70, 9], [7, 9], [72, 14], [26, 3], [72, 12], [2, 11], [58, 10], [97, 11], [0, 0]]","[0, 18, 14, 4, 5, 1, 9, 6, 7, 3, 15, 17, 8, 10, 11, 2, 20, 13, 19, 12, 16, 21]",213.52912608634438,17.420000076293945
