Id,Coordinates,Order,Distance,Time
6654,"[[0, 0], [46, 41], [12, 96], [51, 38], [33, 85], [46, 73], [9, 5], [22, 88], [10, 39], [24, 33], [17, 45], [53, 30], [17, 49], [34, 17], [21, 94], [48, 41], [5, 5], [7, 25], [7, 92], [53, 35], [31, 82], [0, 0]]","[0, 16, 6, 9, 13, 11, 19, 3, 15, 1, 5, 20, 4, 7, 14, 2, 18, 12, 10, 8, 17, 21]",282.4256592909089,16.827166080474854
