Id,Coordinates,Order,Distance,Time
8191,"[[0, 0], [8, 94], [67, 12], [13, 120], [24, 122], [2, 101], [31, 31], [8, 72], [70, 37], [45, 64], [64, 115], [31, 98], [39, 32], [38, 47], [60, 111], [11, 5], [65, 30], [63, 36], [34, 67], [43, 13], [23, 30], [0, 0]]","[0, 20, 6, 12, 13, 9, 18, 7, 1, 5, 3, 4, 11, 14, 10, 8, 17, 16, 2, 19, 15, 21]",429.8401350763297,14.567123651504517
