Id,Coordinates,Order,Distance,Time
9068,"[[0, 0], [48, 142], [15, 88], [5, 90], [29, 122], [2, 168], [55, 187], [9, 70], [4, 172], [14, 25], [16, 71], [27, 31], [54, 59], [50, 100], [28, 35], [51, 18], [50, 72], [15, 162], [32, 80], [4, 178], [16, 76], [0, 0]]","[0, 9, 11, 14, 18, 20, 10, 7, 2, 3, 4, 17, 5, 8, 19, 6, 1, 13, 16, 12, 15, 21]",532.3470057246113,15.757109880447388
