Id,Coordinates,Order,Distance,Time
7144,"[[0, 0], [27, 16], [39, 52], [81, 23], [77, 74], [75, 12], [114, 47], [23, 25], [77, 11], [133, 39], [99, 51], [33, 45], [151, 110], [19, 113], [17, 106], [123, 70], [10, 25], [67, 78], [137, 15], [57, 50], [3, 95], [0, 0]]","[0, 1, 7, 11, 2, 19, 17, 4, 6, 9, 18, 8, 5, 3, 10, 15, 12, 13, 14, 20, 16, 21]",663.1937106037333,16.527565956115723
