Id,Coordinates,Order,Distance,Time
199,"[[0, 0], [79, 23], [123, 20], [100, 44], [107, 69], [81, 70], [72, 15], [87, 37], [54, 16], [86, 19], [42, 29], [94, 11], [24, 2], [23, 47], [20, 29], [60, 57], [115, 19], [46, 7], [71, 40], [46, 71], [46, 61], [0, 0]]","[0, 14, 13, 20, 19, 15, 18, 7, 3, 4, 5, 1, 9, 16, 2, 11, 6, 8, 10, 17, 12, 21]",462.0904072156096,13.897486209869385
