Id,Coordinates,Order,Distance,Time
2706,"[[0, 0], [41, 57], [22, 73], [40, 11], [4, 67], [30, 7], [19, 74], [4, 35], [33, 57], [44, 42], [3, 29], [2, 80], [32, 72], [43, 10], [32, 32], [19, 82], [32, 53], [24, 56], [42, 18], [26, 28], [10, 23], [0, 0]]","[0, 20, 10, 7, 19, 14, 9, 1, 8, 12, 2, 6, 15, 11, 4, 17, 16, 18, 13, 3, 5, 21]",295.68395770354323,14.698347091674805
