Id,Coordinates,Order,Distance,Time
6050,"[[0, 0], [18, 47], [6, 45], [24, 100], [6, 69], [19, 62], [9, 112], [19, 90], [13, 108], [18, 76], [12, 110], [8, 43], [9, 24], [22, 49], [9, 60], [18, 4], [9, 97], [11, 56], [14, 72], [5, 92], [25, 69], [0, 0]]","[0, 15, 12, 11, 2, 17, 14, 1, 13, 5, 20, 18, 9, 7, 3, 8, 10, 6, 16, 19, 4, 21]",296.02837891995546,14.960007905960083
