Id,Coordinates,Order,Distance,Time
9304,"[[0, 0], [49, 16], [42, 16], [50, 24], [88, 1], [46, 15], [58, 25], [40, 13], [28, 22], [103, 16], [23, 22], [61, 25], [104, 32], [80, 24], [46, 32], [68, 15], [12, 21], [76, 19], [39, 1], [11, 22], [116, 4], [0, 0]]","[0, 16, 19, 10, 8, 2, 14, 3, 6, 11, 17, 13, 12, 9, 20, 4, 15, 1, 5, 7, 18, 21]",307.0522611429089,13.917294979095459
