Id,Coordinates,Order,Distance,Time
6153,"[[0, 0], [10, 12], [7, 6], [17, 50], [7, 50], [8, 87], [14, 93], [8, 44], [2, 44], [17, 69], [13, 55], [1, 35], [5, 1], [6, 14], [11, 63], [16, 4], [21, 62], [18, 82], [9, 81], [7, 48], [4, 62], [0, 0]]","[0, 2, 1, 13, 11, 8, 7, 19, 4, 10, 14, 20, 18, 5, 6, 17, 9, 16, 3, 15, 12, 21]",227.4739787573931,15.709226846694946
