Id,Coordinates,Order,Distance,Time
1341,"[[0, 0], [44, 86], [83, 7], [93, 80], [27, 3], [35, 69], [19, 35], [73, 159], [76, 31], [55, 157], [11, 164], [19, 98], [44, 60], [87, 189], [79, 187], [76, 173], [18, 109], [33, 163], [40, 135], [85, 131], [69, 144], [0, 0]]","[0, 4, 6, 11, 16, 18, 9, 15, 14, 13, 7, 20, 19, 3, 8, 2, 12, 5, 1, 17, 10, 21]",802.5204109828704,20.52269434928894
