Id,Coordinates,Order,Distance,Time
2187,"[[0, 0], [123, 102], [110, 125], [7, 80], [126, 36], [110, 46], [100, 14], [65, 27], [55, 75], [182, 115], [88, 114], [6, 120], [171, 77], [81, 103], [135, 115], [154, 53], [81, 63], [114, 11], [52, 5], [23, 106], [96, 88], [0, 0]]","[0, 18, 7, 6, 17, 4, 5, 20, 13, 10, 2, 1, 14, 9, 12, 15, 16, 8, 19, 11, 3, 21]",727.4609489858509,16.0679829120636
