Id,Coordinates,Order,Distance,Time
1327,"[[0, 0], [132, 22], [194, 26], [44, 44], [88, 57], [118, 25], [101, 86], [87, 4], [39, 42], [64, 64], [22, 7], [147, 39], [65, 21], [65, 106], [28, 49], [138, 69], [122, 75], [114, 27], [71, 11], [172, 91], [90, 30], [0, 0]]","[0, 10, 8, 3, 9, 4, 17, 5, 1, 11, 15, 16, 20, 12, 18, 7, 2, 19, 6, 13, 14, 21]",774.7607215849066,17.535518407821655
