Id,Coordinates,Order,Distance,Time
5247,"[[0, 0], [36, 20], [29, 57], [21, 47], [38, 48], [16, 119], [29, 75], [54, 50], [46, 106], [45, 29], [10, 29], [52, 1], [16, 90], [11, 111], [5, 96], [41, 134], [44, 13], [34, 33], [31, 36], [35, 128], [28, 39], [0, 0]]","[0, 20, 18, 17, 1, 16, 11, 9, 7, 4, 2, 12, 14, 13, 5, 19, 15, 8, 6, 3, 10, 21]",422.0487536088922,14.54649829864502
