Id,Coordinates,Order,Distance,Time
4417,"[[0, 0], [46, 55], [63, 36], [16, 23], [61, 60], [80, 1], [79, 57], [16, 51], [48, 62], [41, 50], [33, 4], [20, 23], [51, 4], [23, 19], [59, 26], [74, 50], [75, 52], [23, 75], [78, 25], [61, 74], [30, 9], [0, 0]]","[0, 3, 11, 13, 14, 2, 15, 16, 4, 8, 1, 9, 7, 17, 19, 6, 18, 5, 12, 10, 20, 21]",400.32904980699317,14.555660724639893
