Id,Coordinates,Order,Distance,Time
577,"[[0, 0], [183, 116], [38, 151], [98, 46], [7, 158], [154, 110], [31, 110], [163, 70], [5, 54], [95, 136], [181, 119], [119, 7], [101, 161], [61, 143], [108, 69], [33, 144], [114, 104], [96, 29], [85, 95], [100, 92], [181, 108], [0, 0]]","[0, 8, 4, 15, 2, 13, 9, 16, 19, 18, 14, 3, 17, 11, 7, 20, 1, 10, 5, 12, 6, 21]",867.786110061298,17.0740966796875
