Id,Coordinates,Order,Distance,Time
5902,"[[0, 0], [36, 71], [15, 58], [41, 22], [39, 59], [54, 96], [49, 87], [9, 90], [31, 28], [51, 42], [60, 95], [23, 95], [52, 89], [56, 80], [45, 94], [59, 102], [60, 39], [59, 42], [25, 72], [52, 95], [10, 65], [0, 0]]","[0, 8, 3, 16, 17, 9, 4, 1, 18, 7, 11, 14, 19, 5, 10, 15, 12, 6, 13, 20, 2, 21]",361.9130850449002,19.659677267074585
