Id,Coordinates,Order,Distance,Time
1251,"[[0, 0], [97, 49], [163, 1], [141, 4], [82, 24], [14, 7], [73, 30], [141, 8], [168, 37], [93, 27], [121, 47], [66, 21], [104, 54], [32, 4], [101, 35], [47, 10], [60, 49], [11, 16], [61, 36], [92, 7], [128, 25], [0, 0]]","[0, 5, 13, 15, 11, 4, 9, 14, 1, 12, 10, 7, 3, 2, 8, 20, 19, 6, 18, 16, 17, 21]",474.72158183730636,15.420369386672974
