Id,Coordinates,Order,Distance,Time
9832,"[[0, 0], [68, 46], [64, 61], [66, 61], [44, 62], [24, 7], [76, 79], [56, 110], [42, 116], [46, 34], [68, 62], [18, 57], [20, 63], [69, 68], [46, 2], [19, 23], [62, 93], [54, 11], [6, 81], [7, 56], [64, 139], [0, 0]]","[0, 5, 14, 17, 9, 1, 3, 2, 10, 13, 6, 16, 7, 20, 8, 4, 12, 11, 19, 18, 15, 21]",457.84845560063053,17.405447959899902
