Id,Coordinates,Order,Distance,Time
3752,"[[0, 0], [59, 38], [36, 72], [68, 124], [8, 11], [38, 70], [21, 50], [65, 120], [81, 124], [39, 117], [27, 58], [77, 124], [17, 66], [25, 45], [80, 127], [39, 53], [14, 42], [35, 89], [47, 132], [43, 91], [3, 63], [0, 0]]","[0, 4, 16, 6, 13, 10, 12, 20, 17, 9, 18, 7, 3, 11, 8, 14, 19, 2, 5, 15, 1, 21]",417.7062286159371,13.054847478866577
