Id,Coordinates,Order,Distance,Time
6156,"[[0, 0], [49, 114], [14, 25], [1, 76], [49, 14], [13, 121], [40, 48], [19, 110], [37, 97], [9, 116], [10, 53], [58, 51], [45, 74], [7, 122], [37, 41], [16, 93], [30, 57], [29, 29], [6, 54], [22, 38], [48, 50], [0, 0]]","[0, 2, 19, 17, 14, 6, 16, 10, 18, 3, 15, 7, 9, 13, 5, 1, 8, 12, 20, 11, 4, 21]",406.0052384894011,14.186902523040771
