Id,Coordinates,Order,Distance,Time
1708,"[[0, 0], [175, 122], [9, 54], [126, 116], [46, 12], [63, 10], [197, 31], [115, 77], [168, 34], [32, 132], [2, 14], [109, 114], [18, 91], [61, 15], [95, 102], [59, 116], [48, 53], [176, 22], [66, 55], [92, 41], [98, 127], [0, 0]]","[0, 10, 2, 12, 9, 15, 14, 11, 20, 18, 16, 13, 5, 8, 17, 6, 1, 3, 7, 19, 4, 21]",856.2062111674823,19.821006298065186
