Id,Coordinates,Order,Distance,Time
7242,"[[0, 0], [107, 60], [16, 88], [12, 47], [21, 74], [1, 11], [48, 30], [161, 92], [74, 43], [51, 66], [94, 85], [114, 32], [116, 43], [171, 55], [19, 22], [158, 28], [107, 67], [26, 52], [63, 57], [133, 73], [119, 77], [0, 0]]","[0, 5, 3, 17, 4, 2, 9, 18, 8, 10, 1, 16, 20, 19, 7, 13, 15, 12, 11, 6, 14, 21]",569.0966488538148,18.280710458755493
