Id,Coordinates,Order,Distance,Time
388,"[[0, 0], [72, 37], [36, 6], [58, 9], [9, 15], [38, 32], [50, 21], [58, 3], [13, 16], [68, 3], [51, 2], [22, 5], [15, 27], [49, 23], [29, 32], [9, 35], [22, 21], [28, 22], [9, 36], [53, 10], [43, 28], [0, 0]]","[0, 4, 8, 16, 17, 20, 13, 6, 19, 3, 10, 2, 12, 15, 18, 14, 5, 1, 9, 7, 11, 21]",312.4318795100341,16.01336407661438
