Id,Coordinates,Order,Distance,Time
5648,"[[0, 0], [17, 2], [21, 18], [5, 31], [53, 30], [26, 39], [47, 24], [26, 10], [36, 4], [12, 35], [56, 8], [29, 39], [11, 11], [22, 12], [36, 19], [62, 39], [13, 11], [41, 10], [58, 26], [51, 33], [14, 36], [0, 0]]","[0, 12, 16, 13, 7, 17, 8, 2, 3, 9, 20, 5, 11, 19, 4, 18, 15, 10, 6, 14, 1, 21]",270.73748260674745,17.92707061767578
