Id,Coordinates,Order,Distance,Time
6766,"[[0, 0], [4, 5], [82, 24], [48, 169], [55, 38], [50, 167], [68, 16], [110, 59], [61, 144], [50, 69], [114, 13], [50, 37], [109, 32], [119, 44], [69, 73], [116, 93], [88, 84], [118, 68], [52, 3], [36, 115], [25, 153], [0, 0]]","[0, 18, 6, 10, 12, 13, 7, 17, 15, 16, 14, 2, 4, 11, 9, 8, 5, 3, 20, 19, 1, 21]",669.9217858799473,16.027528762817383
