Id,Coordinates,Order,Distance,Time
4735,"[[0, 0], [138, 121], [50, 40], [123, 83], [101, 96], [104, 78], [58, 39], [113, 72], [76, 41], [42, 64], [142, 124], [92, 135], [63, 104], [27, 47], [21, 25], [116, 38], [73, 87], [46, 30], [109, 112], [64, 76], [82, 45], [0, 0]]","[0, 14, 13, 9, 19, 16, 12, 4, 18, 11, 1, 10, 3, 7, 5, 15, 20, 8, 6, 2, 17, 21]",520.9440271403078,11.785495281219482
