Id,Coordinates,Order,Distance,Time
8247,"[[0, 0], [45, 18], [65, 34], [114, 37], [28, 44], [136, 40], [137, 3], [129, 58], [83, 31], [49, 20], [21, 8], [31, 53], [11, 27], [110, 8], [96, 11], [157, 23], [158, 18], [141, 34], [64, 44], [91, 13], [104, 32], [0, 0]]","[0, 12, 4, 11, 18, 2, 8, 19, 14, 20, 3, 7, 5, 17, 15, 16, 6, 13, 9, 1, 10, 21]",428.7475164932786,15.949492692947388
