Id,Coordinates,Order,Distance,Time
485,"[[0, 0], [6, 118], [13, 98], [31, 103], [28, 29], [31, 88], [5, 129], [8, 30], [22, 107], [14, 25], [13, 74], [3, 72], [3, 57], [42, 46], [33, 79], [12, 62], [7, 15], [43, 44], [16, 95], [30, 48], [21, 110], [0, 0]]","[0, 16, 9, 4, 19, 13, 17, 15, 10, 14, 5, 3, 8, 20, 2, 18, 1, 6, 11, 12, 7, 21]",366.89355221672866,17.103516817092896
