Id,Coordinates,Order,Distance,Time
2461,"[[0, 0], [37, 41], [18, 59], [47, 76], [50, 23], [45, 62], [40, 26], [7, 82], [30, 68], [7, 32], [22, 60], [46, 60], [10, 40], [29, 50], [16, 18], [40, 63], [29, 18], [48, 50], [4, 49], [44, 76], [47, 21], [0, 0]]","[0, 14, 16, 20, 4, 6, 1, 13, 2, 10, 8, 15, 17, 11, 5, 3, 19, 7, 18, 12, 9, 21]",304.1231411785401,15.551239013671875
