Id,Coordinates,Order,Distance,Time
1629,"[[0, 0], [9, 52], [5, 40], [3, 115], [6, 114], [8, 71], [3, 4], [6, 17], [8, 84], [11, 97], [12, 101], [10, 80], [10, 101], [1, 76], [3, 96], [8, 107], [12, 46], [1, 31], [12, 6], [3, 99], [2, 46], [0, 0]]","[0, 6, 18, 7, 17, 2, 16, 1, 5, 11, 8, 9, 12, 10, 15, 4, 3, 19, 14, 13, 20, 21]",251.38829228992958,14.15178656578064
