Id,Coordinates,Order,Distance,Time
2158,"[[0, 0], [6, 81], [21, 112], [40, 10], [11, 30], [34, 92], [31, 16], [12, 35], [22, 99], [30, 14], [12, 105], [29, 6], [32, 15], [36, 66], [11, 95], [14, 21], [45, 72], [2, 88], [41, 67], [40, 84], [13, 51], [0, 0]]","[0, 15, 4, 7, 20, 13, 18, 16, 19, 5, 8, 10, 2, 14, 17, 1, 6, 12, 9, 11, 3, 21]",327.25056894447084,16.081721305847168
