Id,Coordinates,Order,Distance,Time
8889,"[[0, 0], [57, 16], [36, 12], [29, 11], [26, 4], [70, 12], [41, 5], [31, 12], [69, 7], [16, 4], [31, 16], [38, 8], [1, 4], [61, 11], [17, 6], [56, 1], [9, 1], [19, 10], [5, 6], [42, 16], [54, 12], [0, 0]]","[0, 12, 18, 16, 9, 14, 17, 3, 7, 10, 2, 19, 20, 1, 13, 5, 8, 15, 6, 11, 4, 21]",169.46879273649242,16.47960901260376
