Id,Coordinates,Order,Distance,Time
7518,"[[0, 0], [124, 70], [58, 21], [121, 43], [117, 57], [124, 52], [47, 57], [136, 96], [102, 73], [83, 57], [31, 28], [19, 61], [11, 13], [99, 16], [112, 77], [121, 74], [30, 14], [94, 3], [2, 93], [10, 53], [23, 3], [0, 0]]","[0, 12, 20, 16, 10, 11, 19, 18, 6, 8, 14, 7, 15, 1, 4, 5, 3, 13, 17, 9, 2, 21]",576.8211792626242,19.46921157836914
