Id,Coordinates,Order,Distance,Time
3551,"[[0, 0], [58, 152], [76, 19], [83, 23], [77, 69], [97, 159], [47, 41], [20, 1], [105, 171], [6, 55], [6, 83], [125, 77], [8, 127], [10, 47], [21, 122], [4, 152], [19, 51], [10, 11], [45, 94], [72, 10], [41, 89], [0, 0]]","[0, 17, 13, 9, 16, 6, 4, 18, 20, 10, 14, 12, 15, 1, 5, 8, 11, 3, 2, 19, 7, 21]",670.0028811706178,14.873073816299438
