Id,Coordinates,Order,Distance,Time
5847,"[[0, 0], [27, 119], [8, 117], [12, 102], [20, 111], [29, 12], [23, 25], [7, 17], [29, 19], [26, 78], [1, 83], [30, 61], [29, 73], [26, 24], [14, 103], [18, 127], [6, 36], [30, 5], [22, 2], [24, 92], [18, 107], [0, 0]]","[0, 18, 13, 8, 5, 17, 6, 11, 12, 9, 19, 20, 4, 1, 15, 2, 14, 3, 10, 16, 7, 21]",334.7718674303186,15.202611446380615
