Id,Coordinates,Order,Distance,Time
4161,"[[0, 0], [38, 116], [63, 51], [57, 105], [85, 123], [130, 24], [151, 26], [141, 61], [65, 13], [55, 101], [65, 72], [71, 131], [163, 11], [13, 97], [34, 75], [89, 106], [86, 106], [97, 97], [119, 18], [17, 128], [1, 97], [0, 0]]","[0, 2, 10, 9, 3, 1, 19, 20, 13, 14, 11, 4, 16, 15, 17, 7, 6, 12, 5, 18, 8, 21]",656.0309281722671,14.64547610282898
