Id,Coordinates,Order,Distance,Time
9120,"[[0, 0], [61, 11], [87, 70], [115, 30], [14, 58], [120, 74], [40, 86], [71, 101], [45, 102], [8, 69], [22, 44], [69, 115], [98, 3], [55, 24], [7, 101], [10, 113], [110, 116], [60, 76], [27, 85], [82, 13], [117, 78], [0, 0]]","[0, 10, 4, 18, 6, 8, 11, 7, 17, 2, 16, 20, 5, 3, 12, 19, 1, 13, 14, 15, 9, 21]",662.6464446146722,15.303221940994263
