Id,Coordinates,Order,Distance,Time
9769,"[[0, 0], [34, 9], [126, 27], [102, 8], [70, 13], [50, 7], [29, 5], [57, 25], [51, 20], [70, 17], [113, 26], [46, 17], [69, 13], [82, 23], [24, 4], [115, 8], [123, 27], [98, 27], [42, 22], [133, 18], [39, 27], [0, 0]]","[0, 14, 6, 1, 8, 7, 9, 13, 17, 10, 16, 2, 19, 15, 3, 4, 12, 5, 11, 18, 20, 21]",304.8929536774915,15.458667755126953
