Id,Coordinates,Order,Distance,Time
2114,"[[0, 0], [16, 4], [127, 11], [14, 29], [146, 1], [169, 22], [107, 30], [112, 26], [81, 22], [179, 11], [25, 14], [135, 1], [44, 15], [133, 12], [14, 18], [132, 4], [181, 10], [151, 25], [164, 1], [49, 25], [141, 6], [0, 0]]","[0, 14, 3, 19, 8, 6, 7, 2, 15, 11, 20, 4, 18, 9, 16, 5, 17, 13, 12, 10, 1, 21]",416.426377490934,15.261560201644897
