Id,Coordinates,Order,Distance,Time
9496,"[[0, 0], [136, 14], [24, 52], [152, 28], [120, 41], [28, 38], [137, 13], [70, 42], [56, 37], [70, 53], [95, 61], [70, 18], [56, 45], [147, 28], [7, 32], [28, 3], [89, 43], [81, 26], [88, 51], [129, 58], [154, 32], [0, 0]]","[0, 14, 2, 5, 8, 12, 7, 9, 18, 16, 10, 4, 19, 13, 3, 20, 1, 6, 17, 11, 15, 21]",445.47604658136,18.356865882873535
