Id,Coordinates,Order,Distance,Time
1145,"[[0, 0], [71, 129], [107, 74], [132, 19], [77, 184], [131, 71], [84, 157], [52, 179], [104, 18], [45, 20], [140, 183], [107, 94], [137, 182], [155, 125], [99, 18], [38, 64], [159, 99], [88, 184], [70, 178], [8, 145], [121, 140], [0, 0]]","[0, 15, 2, 11, 16, 13, 20, 6, 17, 4, 18, 7, 19, 1, 12, 10, 5, 3, 8, 14, 9, 21]",894.2042765438404,16.311793327331543
