Id,Coordinates,Order,Distance,Time
3064,"[[0, 0], [8, 42], [6, 12], [13, 59], [27, 45], [10, 17], [26, 34], [20, 20], [30, 49], [27, 40], [32, 32], [12, 46], [11, 11], [23, 54], [32, 72], [25, 49], [21, 8], [31, 45], [16, 27], [22, 39], [16, 48], [0, 0]]","[0, 2, 12, 5, 7, 18, 6, 9, 4, 17, 8, 15, 20, 11, 1, 3, 14, 13, 19, 10, 16, 21]",234.67675370422694,16.51249861717224
