Id,Coordinates,Order,Distance,Time
8520,"[[0, 0], [131, 135], [45, 116], [102, 2], [20, 41], [112, 95], [24, 142], [76, 99], [12, 68], [143, 9], [58, 125], [123, 42], [134, 3], [69, 24], [15, 84], [85, 115], [52, 157], [40, 130], [12, 112], [28, 126], [37, 12], [0, 0]]","[0, 4, 8, 14, 18, 19, 17, 10, 15, 7, 5, 1, 16, 6, 2, 11, 12, 9, 3, 13, 20, 21]",757.8386443225178,18.422812461853027
