Id,Coordinates,Order,Distance,Time
6518,"[[0, 0], [49, 20], [105, 1], [96, 15], [118, 13], [142, 19], [154, 6], [64, 17], [73, 19], [95, 11], [124, 10], [104, 10], [122, 9], [92, 11], [54, 12], [3, 19], [80, 12], [114, 9], [40, 20], [33, 1], [131, 18], [0, 0]]","[0, 15, 18, 1, 7, 8, 13, 9, 3, 11, 17, 4, 12, 10, 20, 5, 6, 2, 16, 14, 19, 21]",348.1942071449222,15.585194110870361
