Id,Coordinates,Order,Distance,Time
655,"[[0, 0], [58, 5], [80, 90], [39, 72], [40, 101], [41, 40], [37, 108], [60, 82], [59, 32], [85, 4], [18, 97], [85, 19], [77, 30], [69, 55], [7, 71], [127, 19], [72, 45], [90, 90], [30, 62], [30, 48], [114, 66], [0, 0]]","[0, 1, 12, 11, 9, 8, 16, 13, 7, 2, 17, 20, 15, 5, 18, 14, 10, 6, 4, 3, 19, 21]",633.8356320849689,14.279753923416138
