Id,Coordinates,Order,Distance,Time
7350,"[[0, 0], [9, 7], [18, 81], [115, 14], [20, 11], [1, 75], [39, 19], [83, 33], [52, 28], [133, 31], [132, 45], [44, 50], [132, 27], [134, 27], [7, 74], [7, 24], [37, 11], [65, 62], [61, 83], [121, 43], [151, 3], [0, 0]]","[0, 1, 4, 16, 6, 17, 18, 2, 14, 5, 11, 3, 20, 13, 12, 9, 10, 19, 7, 8, 15, 21]",549.7567398417531,13.868407726287842
