Id,Coordinates,Order,Distance,Time
2827,"[[0, 0], [156, 39], [35, 66], [26, 26], [9, 56], [190, 90], [20, 53], [148, 5], [32, 77], [34, 40], [19, 39], [155, 1], [8, 52], [30, 7], [106, 66], [46, 6], [100, 63], [110, 89], [111, 29], [127, 46], [168, 52], [0, 0]]","[0, 13, 15, 10, 12, 4, 6, 2, 8, 16, 14, 19, 18, 7, 11, 1, 20, 5, 17, 9, 3, 21]",655.8656210565895,17.731337070465088
