Id,Coordinates,Order,Distance,Time
6696,"[[0, 0], [19, 11], [16, 10], [16, 16], [18, 1], [18, 5], [6, 6], [10, 4], [19, 3], [17, 10], [2, 12], [9, 7], [2, 2], [19, 14], [17, 2], [13, 7], [4, 9], [2, 10], [2, 1], [16, 5], [8, 12], [0, 0]]","[0, 18, 12, 6, 11, 7, 15, 19, 14, 4, 8, 5, 2, 9, 1, 13, 3, 20, 10, 17, 16, 21]",75.37027843684659,19.173999309539795
