Id,Coordinates,Order,Distance,Time
4662,"[[0, 0], [49, 144], [57, 66], [42, 15], [1, 42], [40, 111], [6, 144], [22, 81], [25, 145], [45, 24], [37, 26], [15, 140], [26, 23], [10, 130], [31, 134], [52, 74], [36, 30], [4, 112], [10, 20], [15, 119], [38, 83], [0, 0]]","[0, 18, 12, 10, 16, 9, 3, 2, 15, 20, 1, 14, 8, 11, 6, 13, 19, 17, 5, 7, 4, 21]",465.8272119286905,16.51031804084778
