Id,Coordinates,Order,Distance,Time
1643,"[[0, 0], [86, 3], [4, 40], [24, 32], [74, 15], [35, 1], [20, 1], [34, 28], [32, 26], [9, 6], [48, 26], [45, 23], [65, 35], [84, 29], [44, 24], [22, 36], [28, 28], [81, 23], [29, 18], [10, 3], [56, 17], [0, 0]]","[0, 9, 18, 3, 15, 2, 16, 8, 7, 14, 11, 20, 4, 1, 17, 13, 12, 10, 5, 6, 19, 21]",295.1473002306932,11.107752799987793
