Id,Coordinates,Order,Distance,Time
7860,"[[0, 0], [85, 37], [126, 18], [23, 4], [123, 36], [100, 37], [52, 2], [75, 36], [70, 17], [157, 34], [55, 26], [132, 7], [127, 11], [101, 11], [106, 27], [51, 23], [44, 13], [74, 29], [26, 4], [113, 27], [116, 1], [0, 0]]","[0, 3, 18, 16, 15, 10, 8, 17, 7, 1, 5, 14, 19, 4, 9, 12, 11, 2, 20, 13, 6, 21]",387.4577789203396,18.169848442077637
