Id,Coordinates,Order,Distance,Time
435,"[[0, 0], [23, 153], [83, 53], [89, 134], [81, 121], [20, 83], [93, 153], [55, 59], [2, 100], [15, 81], [31, 113], [22, 104], [65, 22], [59, 127], [64, 53], [56, 93], [64, 135], [102, 22], [22, 153], [34, 65], [51, 122], [0, 0]]","[0, 19, 5, 9, 8, 11, 10, 20, 13, 16, 4, 3, 6, 1, 18, 15, 7, 14, 2, 17, 12, 21]",599.9695043128386,18.98382806777954
