Id,Coordinates,Order,Distance,Time
7735,"[[0, 0], [39, 43], [138, 49], [94, 53], [140, 45], [21, 40], [89, 45], [32, 36], [51, 3], [23, 42], [167, 48], [65, 34], [9, 2], [57, 57], [15, 30], [83, 7], [16, 38], [151, 54], [140, 7], [48, 2], [88, 16], [0, 0]]","[0, 12, 14, 16, 5, 9, 7, 1, 13, 20, 15, 8, 19, 18, 4, 10, 17, 2, 3, 6, 11, 21]",535.4478244993445,18.87479257583618
