Id,Coordinates,Order,Distance,Time
9567,"[[0, 0], [76, 95], [87, 40], [153, 62], [105, 46], [97, 16], [115, 89], [126, 19], [94, 2], [99, 17], [104, 90], [83, 4], [123, 69], [142, 72], [56, 95], [39, 36], [98, 31], [163, 11], [52, 80], [23, 54], [114, 5], [0, 0]]","[0, 15, 19, 18, 14, 1, 10, 6, 12, 13, 3, 17, 7, 20, 8, 11, 5, 9, 16, 4, 2, 21]",551.4235064570343,18.100538969039917
