Id,Coordinates,Order,Distance,Time
5875,"[[0, 0], [64, 32], [94, 79], [13, 96], [22, 32], [125, 44], [118, 22], [114, 95], [36, 50], [80, 18], [60, 10], [12, 60], [31, 5], [47, 92], [8, 103], [48, 31], [110, 29], [148, 90], [11, 13], [59, 52], [88, 14], [0, 0]]","[0, 18, 12, 10, 15, 19, 1, 9, 20, 16, 6, 5, 17, 7, 2, 13, 3, 14, 11, 8, 4, 21]",559.8867432052529,13.401995658874512
