Id,Coordinates,Order,Distance,Time
1307,"[[0, 0], [66, 27], [53, 68], [10, 2], [39, 44], [34, 80], [39, 89], [117, 9], [80, 54], [84, 59], [75, 37], [2, 74], [13, 69], [99, 23], [45, 58], [84, 88], [53, 30], [146, 75], [155, 59], [27, 99], [94, 65], [0, 0]]","[0, 14, 2, 5, 6, 19, 11, 12, 4, 16, 10, 8, 9, 20, 15, 17, 18, 7, 13, 1, 3, 21]",592.9400401878913,13.50474762916565
