Id,Coordinates,Order,Distance,Time
592,"[[0, 0], [145, 39], [53, 68], [78, 68], [88, 56], [102, 39], [68, 14], [37, 31], [129, 73], [13, 23], [21, 14], [49, 73], [115, 38], [97, 60], [137, 44], [6, 52], [44, 4], [14, 14], [40, 62], [76, 8], [94, 41], [0, 0]]","[0, 17, 10, 7, 16, 6, 19, 20, 5, 12, 1, 14, 8, 13, 4, 3, 2, 11, 18, 15, 9, 21]",438.762877273628,19.95414972305298
