Id,Coordinates,Order,Distance,Time
5043,"[[0, 0], [11, 97], [103, 134], [81, 9], [73, 153], [106, 132], [88, 33], [51, 16], [45, 8], [88, 110], [74, 62], [51, 51], [104, 88], [64, 133], [68, 125], [45, 149], [50, 38], [6, 95], [99, 96], [44, 112], [48, 42], [0, 0]]","[0, 8, 7, 16, 3, 6, 12, 18, 9, 14, 13, 4, 15, 17, 1, 19, 2, 5, 10, 11, 20, 21]",663.4062508445387,20.17399787902832
