Id,Coordinates,Order,Distance,Time
7020,"[[0, 0], [83, 53], [115, 72], [27, 68], [113, 62], [61, 59], [107, 11], [54, 55], [90, 33], [82, 22], [78, 38], [1, 72], [29, 68], [21, 32], [62, 50], [53, 38], [33, 40], [96, 33], [85, 36], [76, 75], [92, 40], [0, 0]]","[0, 13, 16, 15, 14, 5, 7, 12, 3, 11, 19, 1, 10, 18, 8, 17, 20, 2, 4, 6, 9, 21]",514.7011227435555,19.684813976287842
