Id,Coordinates,Order,Distance,Time
3912,"[[0, 0], [72, 55], [29, 25], [21, 16], [72, 17], [44, 33], [60, 22], [71, 26], [67, 25], [21, 39], [26, 31], [48, 26], [3, 10], [72, 1], [77, 52], [32, 15], [50, 49], [18, 26], [34, 16], [24, 31], [73, 40], [0, 0]]","[0, 12, 17, 9, 19, 10, 2, 5, 16, 1, 14, 20, 7, 8, 4, 13, 6, 11, 18, 15, 3, 21]",274.7594123390866,15.377458095550537
