Id,Coordinates,Order,Distance,Time
9751,"[[0, 0], [14, 15], [10, 13], [23, 21], [7, 14], [7, 41], [19, 2], [16, 49], [14, 31], [5, 6], [11, 2], [8, 32], [6, 2], [7, 30], [22, 19], [13, 25], [24, 19], [10, 41], [18, 47], [11, 12], [22, 24], [0, 0]]","[0, 12, 10, 6, 19, 2, 1, 14, 16, 3, 20, 8, 13, 11, 5, 17, 7, 18, 15, 4, 9, 21]",149.32831808386655,17.617403984069824
