Id,Coordinates,Order,Distance,Time
9737,"[[0, 0], [26, 160], [95, 26], [32, 170], [85, 113], [74, 142], [35, 103], [26, 130], [77, 60], [57, 169], [89, 126], [112, 137], [122, 172], [17, 114], [21, 103], [103, 64], [18, 140], [3, 81], [31, 33], [43, 46], [33, 160], [0, 0]]","[0, 18, 19, 8, 2, 15, 4, 5, 9, 3, 20, 1, 16, 7, 13, 14, 12, 11, 10, 6, 17, 21]",760.4423687536793,16.418302536010742
