Id,Coordinates,Order,Distance,Time
6870,"[[0, 0], [61, 4], [62, 12], [88, 22], [46, 26], [26, 1], [76, 31], [96, 27], [79, 17], [111, 12], [72, 23], [122, 27], [82, 14], [90, 18], [72, 2], [66, 3], [11, 31], [26, 4], [47, 26], [134, 31], [138, 20], [0, 0]]","[0, 5, 17, 4, 18, 2, 1, 15, 14, 12, 8, 3, 7, 11, 19, 20, 9, 13, 6, 10, 16, 21]",360.9261998423206,16.509735822677612
