Id,Coordinates,Order,Distance,Time
226,"[[0, 0], [9, 27], [2, 42], [4, 52], [4, 48], [7, 69], [6, 13], [7, 63], [14, 67], [9, 68], [15, 97], [6, 20], [6, 59], [7, 36], [15, 13], [8, 1], [1, 37], [8, 73], [1, 78], [11, 96], [8, 97], [0, 0]]","[0, 6, 11, 1, 16, 2, 4, 3, 12, 7, 9, 5, 17, 18, 20, 19, 10, 8, 13, 14, 15, 21]",223.5505889524998,16.883339643478394
