Id,Coordinates,Order,Distance,Time
5809,"[[0, 0], [83, 80], [20, 145], [78, 43], [79, 125], [20, 136], [45, 88], [67, 40], [26, 123], [62, 123], [66, 18], [49, 100], [74, 27], [33, 108], [42, 99], [33, 70], [6, 89], [84, 126], [77, 130], [62, 108], [23, 119], [0, 0]]","[0, 10, 12, 7, 3, 1, 9, 18, 4, 17, 19, 11, 6, 14, 13, 20, 8, 5, 2, 16, 15, 21]",509.62569248121423,17.63933753967285
