Id,Coordinates,Order,Distance,Time
6886,"[[0, 0], [14, 115], [2, 101], [30, 70], [70, 70], [3, 90], [33, 66], [11, 28], [35, 14], [48, 105], [50, 73], [20, 54], [65, 38], [41, 14], [52, 112], [38, 123], [73, 32], [36, 25], [26, 90], [42, 56], [4, 90], [0, 0]]","[0, 8, 13, 17, 12, 16, 4, 10, 6, 3, 18, 20, 5, 2, 1, 15, 14, 9, 19, 11, 7, 21]",431.3855125708733,13.707854986190796
