Id,Coordinates,Order,Distance,Time
6449,"[[0, 0], [11, 17], [12, 2], [49, 5], [48, 4], [26, 3], [43, 4], [28, 32], [30, 6], [41, 5], [28, 12], [3, 37], [38, 26], [6, 19], [48, 16], [41, 24], [38, 24], [18, 14], [24, 39], [8, 28], [32, 11], [0, 0]]","[0, 17, 1, 13, 19, 11, 18, 7, 12, 16, 15, 14, 3, 4, 6, 9, 20, 10, 8, 5, 2, 21]",182.93010271133505,17.364874839782715
