Id,Coordinates,Order,Distance,Time
9139,"[[0, 0], [57, 47], [42, 120], [19, 94], [26, 110], [16, 121], [47, 1], [24, 39], [57, 14], [30, 80], [39, 104], [13, 43], [34, 62], [35, 68], [26, 48], [22, 123], [20, 20], [51, 57], [4, 83], [53, 73], [22, 71], [0, 0]]","[0, 16, 11, 7, 14, 12, 13, 9, 20, 18, 3, 4, 5, 15, 2, 10, 19, 17, 1, 8, 6, 21]",393.1038224992185,15.18852710723877
