Id,Coordinates,Order,Distance,Time
283,"[[0, 0], [136, 89], [41, 88], [90, 152], [112, 14], [118, 53], [9, 101], [39, 39], [123, 21], [22, 112], [91, 66], [30, 104], [10, 73], [46, 69], [123, 87], [128, 83], [82, 9], [56, 98], [1, 35], [10, 75], [46, 60], [0, 0]]","[0, 18, 20, 13, 2, 11, 9, 6, 19, 12, 17, 3, 1, 15, 14, 5, 8, 4, 16, 10, 7, 21]",682.1528987080928,16.27610206604004
