Id,Coordinates,Order,Distance,Time
7134,"[[0, 0], [27, 3], [14, 20], [23, 5], [33, 20], [35, 6], [28, 20], [15, 15], [33, 13], [28, 4], [30, 5], [35, 7], [15, 8], [13, 13], [33, 18], [12, 3], [26, 6], [30, 11], [21, 18], [2, 16], [23, 13], [0, 0]]","[0, 19, 13, 7, 2, 18, 20, 17, 8, 14, 4, 6, 16, 10, 5, 11, 9, 1, 3, 12, 15, 21]",134.61530815028075,17.445488214492798
