Id,Coordinates,Order,Distance,Time
4208,"[[0, 0], [106, 91], [148, 81], [110, 91], [77, 116], [20, 5], [117, 124], [69, 3], [33, 48], [66, 94], [11, 72], [149, 112], [31, 10], [60, 16], [106, 29], [151, 19], [67, 27], [1, 11], [52, 52], [142, 32], [56, 25], [0, 0]]","[0, 5, 12, 20, 16, 13, 7, 14, 15, 19, 2, 11, 6, 3, 1, 4, 9, 18, 8, 10, 17, 21]",592.2973712992545,13.009993076324463
