Id,Coordinates,Order,Distance,Time
9765,"[[0, 0], [66, 34], [92, 16], [124, 57], [118, 61], [102, 110], [38, 35], [19, 8], [34, 90], [106, 103], [20, 28], [71, 93], [108, 41], [123, 114], [36, 107], [135, 82], [5, 35], [71, 36], [151, 42], [136, 55], [147, 103], [0, 0]]","[0, 7, 10, 6, 1, 17, 2, 12, 4, 3, 19, 18, 15, 20, 13, 9, 5, 11, 14, 8, 16, 21]",522.3059259954427,16.075032234191895
