Id,Coordinates,Order,Distance,Time
2014,"[[0, 0], [21, 44], [7, 59], [21, 59], [21, 31], [11, 61], [7, 43], [17, 46], [5, 23], [13, 27], [7, 36], [5, 17], [20, 22], [4, 29], [23, 10], [21, 28], [21, 29], [21, 46], [23, 18], [11, 27], [18, 2], [0, 0]]","[0, 11, 8, 19, 9, 15, 16, 12, 18, 14, 20, 4, 7, 17, 1, 3, 5, 2, 6, 10, 13, 21]",210.73789898496238,17.136677265167236
