Id,Coordinates,Order,Distance,Time
7976,"[[0, 0], [65, 51], [25, 73], [58, 137], [91, 94], [28, 13], [9, 88], [73, 48], [26, 123], [47, 1], [29, 49], [54, 27], [40, 59], [85, 10], [69, 103], [82, 15], [71, 125], [6, 33], [36, 120], [12, 34], [4, 109], [0, 0]]","[0, 5, 9, 1, 7, 15, 13, 11, 2, 6, 20, 8, 18, 3, 16, 14, 4, 12, 10, 19, 17, 21]",554.205169239961,14.8068368434906
