Id,Coordinates,Order,Distance,Time
8489,"[[0, 0], [67, 105], [69, 105], [73, 54], [24, 27], [68, 35], [39, 114], [69, 56], [66, 58], [72, 103], [65, 68], [19, 29], [21, 57], [6, 6], [86, 33], [83, 57], [34, 131], [62, 52], [3, 25], [3, 84], [33, 12], [0, 0]]","[0, 13, 11, 4, 20, 5, 14, 15, 8, 7, 3, 17, 10, 9, 2, 1, 6, 16, 19, 12, 18, 21]",432.60435827965887,14.137020587921143
