Id,Coordinates,Order,Distance,Time
108,"[[0, 0], [94, 25], [121, 26], [14, 47], [1, 81], [87, 85], [27, 42], [104, 68], [6, 64], [14, 11], [12, 7], [12, 16], [71, 9], [13, 71], [118, 48], [42, 41], [64, 15], [39, 33], [91, 22], [18, 24], [66, 33], [0, 0]]","[0, 10, 9, 19, 3, 8, 4, 13, 6, 15, 20, 16, 12, 18, 1, 2, 14, 7, 5, 17, 11, 21]",454.7509961740515,19.805996656417847
