Id,Coordinates,Order,Distance,Time
1468,"[[0, 0], [5, 98], [2, 83], [22, 80], [33, 78], [36, 101], [8, 96], [34, 143], [36, 26], [11, 67], [30, 46], [8, 150], [20, 54], [48, 28], [25, 102], [29, 159], [15, 91], [36, 68], [35, 175], [46, 21], [16, 137], [0, 0]]","[0, 8, 19, 13, 10, 12, 9, 17, 4, 3, 16, 6, 1, 14, 5, 20, 11, 15, 18, 7, 2, 21]",498.6913950953893,16.662935495376587
