Id,Coordinates,Order,Distance,Time
2578,"[[0, 0], [67, 84], [159, 66], [141, 111], [59, 57], [61, 116], [21, 162], [165, 5], [106, 122], [64, 142], [36, 132], [137, 30], [173, 115], [4, 80], [161, 98], [170, 99], [146, 7], [67, 20], [85, 21], [51, 43], [34, 20], [0, 0]]","[0, 20, 19, 1, 5, 9, 6, 10, 4, 17, 18, 11, 16, 7, 2, 14, 15, 12, 3, 8, 13, 21]",859.6959591392772,17.575658798217773
