Id,Coordinates,Order,Distance,Time
3347,"[[0, 0], [16, 80], [18, 155], [24, 100], [9, 186], [2, 168], [19, 164], [17, 31], [22, 159], [12, 112], [12, 69], [10, 20], [5, 93], [4, 56], [21, 98], [23, 187], [19, 116], [4, 130], [9, 77], [19, 146], [8, 21], [0, 0]]","[0, 11, 20, 7, 10, 1, 14, 3, 16, 19, 2, 8, 6, 15, 4, 5, 17, 9, 12, 18, 13, 21]",405.590956745173,22.26900053024292
