Id,Coordinates,Order,Distance,Time
8177,"[[0, 0], [14, 65], [25, 35], [32, 145], [25, 86], [29, 69], [27, 160], [39, 168], [21, 174], [6, 113], [28, 84], [39, 65], [12, 99], [19, 76], [17, 174], [34, 47], [39, 88], [15, 49], [7, 95], [25, 127], [33, 86], [0, 0]]","[0, 2, 15, 11, 5, 13, 4, 10, 20, 16, 19, 3, 6, 7, 8, 14, 9, 12, 18, 1, 17, 21]",421.30450880291204,16.11099123954773
