Id,Coordinates,Order,Distance,Time
5349,"[[0, 0], [64, 92], [32, 32], [37, 128], [71, 55], [18, 29], [69, 100], [6, 88], [40, 44], [90, 23], [55, 85], [48, 68], [87, 69], [65, 60], [50, 28], [72, 50], [78, 38], [70, 5], [68, 71], [33, 119], [24, 13], [0, 0]]","[0, 5, 2, 8, 14, 15, 4, 13, 18, 10, 11, 7, 19, 3, 6, 1, 12, 16, 9, 17, 20, 21]",507.99411699631423,15.535656213760376
