Id,Coordinates,Order,Distance,Time
9784,"[[0, 0], [13, 22], [60, 1], [45, 8], [72, 19], [124, 7], [47, 10], [75, 17], [18, 22], [132, 13], [49, 6], [105, 20], [30, 20], [15, 17], [45, 18], [126, 21], [10, 9], [43, 17], [76, 2], [19, 4], [119, 9], [0, 0]]","[0, 16, 13, 1, 8, 12, 17, 14, 6, 3, 10, 4, 7, 20, 5, 9, 15, 11, 18, 2, 19, 21]",307.40777601570716,16.232556104660034
