Id,Coordinates,Order,Distance,Time
4305,"[[0, 0], [81, 1], [8, 12], [127, 10], [143, 14], [87, 7], [142, 6], [52, 4], [46, 12], [16, 2], [62, 1], [163, 12], [129, 14], [152, 6], [140, 3], [155, 2], [70, 4], [110, 1], [65, 5], [133, 7], [102, 4], [0, 0]]","[0, 2, 8, 18, 16, 1, 20, 17, 3, 19, 14, 6, 13, 15, 11, 4, 12, 5, 10, 7, 9, 21]",348.3556322503114,14.384915828704834
