Id,Coordinates,Order,Distance,Time
460,"[[0, 0], [15, 117], [15, 152], [13, 34], [15, 143], [5, 123], [1, 105], [3, 115], [10, 100], [2, 161], [3, 175], [11, 105], [5, 111], [2, 55], [16, 99], [15, 104], [14, 50], [13, 48], [7, 69], [13, 123], [13, 162], [0, 0]]","[0, 3, 17, 16, 18, 8, 11, 6, 12, 7, 5, 19, 4, 2, 20, 10, 9, 1, 15, 14, 13, 21]",380.9822806618112,15.658640384674072
