Id,Coordinates,Order,Distance,Time
7525,"[[0, 0], [7, 20], [6, 43], [24, 31], [21, 56], [4, 55], [10, 59], [3, 62], [3, 45], [15, 16], [20, 28], [22, 70], [11, 29], [24, 34], [9, 24], [18, 44], [10, 24], [3, 17], [7, 31], [5, 61], [24, 50], [0, 0]]","[0, 17, 1, 14, 16, 12, 18, 2, 8, 5, 19, 7, 6, 11, 4, 20, 15, 3, 13, 10, 9, 21]",182.9062035783846,14.680489301681519
