Id,Coordinates,Order,Distance,Time
3273,"[[0, 0], [50, 60], [12, 80], [30, 4], [3, 92], [7, 87], [22, 16], [70, 1], [40, 24], [58, 15], [59, 36], [25, 97], [22, 41], [8, 29], [41, 51], [44, 9], [32, 65], [67, 49], [14, 57], [22, 88], [4, 83], [0, 0]]","[0, 6, 3, 15, 7, 9, 10, 17, 1, 14, 8, 12, 18, 2, 20, 5, 4, 11, 19, 16, 13, 21]",413.57513765033195,13.120903491973877
