Id,Coordinates,Order,Distance,Time
7073,"[[0, 0], [14, 11], [24, 105], [50, 172], [89, 43], [52, 8], [154, 108], [116, 53], [46, 101], [174, 39], [85, 98], [77, 109], [23, 113], [92, 95], [33, 103], [5, 32], [30, 40], [140, 34], [24, 54], [57, 33], [70, 52], [0, 0]]","[0, 1, 5, 19, 20, 4, 7, 17, 9, 6, 13, 10, 11, 3, 12, 2, 14, 8, 18, 16, 15, 21]",664.2614050322957,15.91777229309082
