Id,Coordinates,Order,Distance,Time
284,"[[0, 0], [104, 167], [134, 165], [104, 34], [35, 37], [6, 42], [74, 132], [92, 143], [62, 58], [34, 70], [48, 48], [21, 16], [86, 43], [87, 25], [6, 144], [87, 146], [71, 21], [108, 114], [79, 122], [75, 82], [87, 165], [0, 0]]","[0, 11, 4, 10, 19, 18, 6, 7, 15, 20, 1, 2, 17, 3, 13, 16, 12, 8, 9, 14, 5, 21]",737.5867321023826,14.772812366485596
