Id,Coordinates,Order,Distance,Time
6398,"[[0, 0], [21, 4], [38, 9], [62, 8], [82, 20], [93, 9], [69, 4], [1, 2], [84, 17], [81, 6], [24, 10], [96, 28], [87, 12], [15, 17], [10, 1], [50, 6], [13, 17], [14, 27], [66, 14], [50, 11], [11, 28], [0, 0]]","[0, 7, 14, 1, 13, 16, 17, 20, 2, 15, 3, 6, 9, 12, 5, 11, 8, 4, 18, 19, 10, 21]",268.70024748520007,14.701151847839355
