Id,Coordinates,Order,Distance,Time
3528,"[[0, 0], [39, 134], [27, 115], [25, 167], [26, 20], [49, 151], [47, 24], [26, 125], [28, 126], [20, 125], [6, 25], [24, 32], [40, 63], [40, 97], [34, 1], [39, 132], [4, 42], [7, 37], [8, 45], [44, 141], [26, 135], [0, 0]]","[0, 10, 17, 11, 4, 14, 6, 12, 13, 2, 7, 8, 1, 15, 19, 5, 3, 20, 9, 18, 16, 21]",459.4694908297431,16.32806968688965
