Id,Coordinates,Order,Distance,Time
2397,"[[0, 0], [30, 72], [12, 3], [54, 19], [15, 64], [22, 93], [63, 42], [18, 94], [60, 82], [50, 92], [39, 91], [1, 63], [21, 65], [55, 44], [25, 50], [64, 43], [53, 22], [29, 86], [25, 22], [20, 71], [48, 75], [0, 0]]","[0, 18, 14, 11, 4, 12, 19, 1, 17, 5, 7, 10, 9, 8, 20, 13, 6, 15, 16, 3, 2, 21]",337.82228854927234,15.12192177772522
