Id,Coordinates,Order,Distance,Time
2438,"[[0, 0], [10, 8], [28, 19], [2, 26], [40, 12], [29, 13], [32, 37], [14, 22], [9, 37], [25, 25], [49, 47], [37, 12], [47, 26], [34, 28], [9, 47], [37, 16], [8, 4], [47, 22], [34, 46], [36, 10], [38, 8], [0, 0]]","[0, 16, 1, 7, 9, 2, 5, 19, 20, 4, 11, 15, 17, 12, 13, 6, 10, 18, 14, 8, 3, 21]",220.01166496720626,16.846088886260986
