Id,Coordinates,Order,Distance,Time
8616,"[[0, 0], [125, 80], [86, 60], [108, 25], [84, 34], [100, 88], [15, 48], [131, 56], [88, 96], [38, 8], [65, 34], [17, 86], [27, 80], [137, 63], [30, 27], [14, 88], [2, 30], [52, 39], [137, 33], [139, 92], [113, 74], [0, 0]]","[0, 9, 14, 17, 10, 4, 3, 18, 7, 13, 1, 19, 5, 8, 20, 2, 12, 11, 15, 6, 16, 21]",531.579146092075,15.8776113986969
