Id,Coordinates,Order,Distance,Time
9748,"[[0, 0], [117, 5], [120, 1], [133, 28], [40, 27], [88, 18], [132, 8], [17, 4], [56, 23], [124, 7], [109, 12], [61, 20], [126, 16], [11, 27], [118, 15], [102, 2], [15, 3], [27, 20], [31, 23], [139, 21], [18, 20], [0, 0]]","[0, 16, 7, 17, 18, 4, 8, 11, 15, 10, 14, 12, 1, 2, 9, 6, 19, 3, 5, 20, 13, 21]",360.7571341981708,14.861228466033936
