Id,Coordinates,Order,Distance,Time
9127,"[[0, 0], [149, 163], [70, 83], [9, 8], [106, 169], [29, 81], [136, 6], [30, 189], [49, 16], [27, 184], [103, 103], [33, 37], [17, 189], [119, 40], [58, 29], [47, 110], [67, 80], [156, 82], [1, 156], [17, 136], [33, 109], [0, 0]]","[0, 3, 11, 16, 2, 5, 15, 20, 19, 18, 12, 9, 7, 4, 1, 10, 17, 13, 6, 14, 8, 21]",804.9257559962311,16.31044316291809
