Id,Coordinates,Order,Distance,Time
5054,"[[0, 0], [21, 48], [52, 91], [28, 83], [1, 36], [21, 97], [31, 87], [13, 70], [55, 14], [27, 57], [19, 77], [5, 71], [2, 20], [59, 3], [41, 23], [32, 80], [46, 38], [22, 32], [51, 61], [46, 15], [19, 80], [0, 0]]","[0, 12, 4, 17, 1, 9, 7, 11, 10, 20, 3, 15, 6, 5, 2, 18, 16, 14, 19, 8, 13, 21]",354.6660659014033,20.81384038925171
