Id,Coordinates,Order,Distance,Time
4512,"[[0, 0], [99, 18], [68, 10], [76, 10], [17, 12], [5, 24], [88, 27], [56, 8], [49, 9], [46, 22], [90, 21], [85, 33], [45, 16], [7, 34], [23, 7], [93, 35], [45, 4], [13, 15], [28, 33], [46, 22], [85, 23], [0, 0]]","[0, 17, 4, 14, 16, 8, 7, 2, 3, 1, 10, 20, 6, 15, 11, 12, 19, 9, 18, 13, 5, 21]",275.7843345102639,18.281490802764893
