Id,Coordinates,Order,Distance,Time
5779,"[[0, 0], [5, 14], [10, 11], [1, 17], [2, 20], [8, 17], [6, 19], [5, 14], [5, 13], [2, 13], [4, 22], [8, 14], [10, 10], [9, 17], [2, 16], [8, 3], [9, 9], [10, 21], [5, 11], [2, 17], [7, 19], [0, 0]]","[0, 15, 16, 12, 2, 11, 1, 7, 9, 14, 19, 3, 4, 10, 6, 20, 17, 13, 5, 8, 18, 21]",69.216767708676,13.790142297744751
