Id,Coordinates,Order,Distance,Time
2912,"[[0, 0], [38, 52], [44, 11], [133, 52], [85, 35], [8, 40], [20, 3], [2, 17], [108, 53], [125, 45], [109, 14], [72, 34], [3, 54], [119, 41], [27, 40], [74, 58], [96, 13], [54, 14], [9, 21], [47, 45], [133, 52], [0, 0]]","[0, 7, 18, 5, 12, 14, 1, 19, 11, 4, 16, 10, 13, 9, 3, 20, 8, 15, 17, 2, 6, 21]",401.83762874497944,14.230895042419434
