Id,Coordinates,Order,Distance,Time
6234,"[[0, 0], [54, 58], [11, 52], [80, 37], [62, 1], [59, 46], [95, 1], [87, 54], [72, 1], [75, 14], [54, 16], [33, 24], [37, 8], [82, 2], [50, 17], [92, 54], [57, 22], [30, 8], [15, 35], [60, 19], [92, 26], [0, 0]]","[0, 17, 12, 14, 10, 16, 19, 9, 4, 8, 13, 6, 20, 3, 15, 7, 5, 1, 2, 18, 11, 21]",367.3856723304446,16.650495767593384
