Id,Coordinates,Order,Distance,Time
813,"[[0, 0], [124, 10], [180, 13], [174, 23], [181, 13], [12, 21], [133, 8], [17, 39], [112, 15], [98, 4], [181, 28], [180, 39], [73, 10], [93, 5], [138, 16], [186, 10], [137, 35], [110, 46], [132, 32], [131, 19], [36, 29], [0, 0]]","[0, 5, 7, 20, 12, 13, 9, 8, 1, 6, 14, 19, 16, 11, 10, 15, 4, 2, 3, 18, 17, 21]",484.47538727353583,17.810487031936646
