Id,Coordinates,Order,Distance,Time
4721,"[[0, 0], [28, 7], [55, 4], [14, 12], [21, 2], [36, 3], [26, 10], [23, 12], [57, 2], [51, 2], [1, 7], [19, 11], [33, 11], [40, 10], [7, 2], [14, 7], [51, 1], [41, 9], [10, 8], [35, 9], [15, 6], [0, 0]]","[0, 10, 18, 15, 20, 3, 11, 7, 6, 1, 12, 19, 13, 17, 9, 2, 8, 16, 5, 4, 14, 21]",135.96058024042784,18.412893772125244
