Id,Coordinates,Order,Distance,Time
8392,"[[0, 0], [119, 20], [71, 28], [113, 67], [11, 157], [57, 12], [7, 83], [84, 63], [33, 15], [1, 115], [33, 139], [53, 125], [5, 96], [67, 43], [59, 117], [78, 102], [30, 139], [73, 91], [71, 95], [110, 142], [43, 19], [0, 0]]","[0, 8, 20, 13, 7, 17, 18, 14, 11, 10, 16, 4, 9, 12, 6, 15, 19, 3, 1, 2, 5, 21]",680.4903565892394,20.651476860046387
