Id,Coordinates,Order,Distance,Time
7648,"[[0, 0], [52, 8], [22, 139], [8, 16], [4, 135], [27, 108], [48, 61], [32, 17], [12, 61], [6, 94], [16, 45], [25, 67], [6, 19], [13, 12], [26, 100], [11, 120], [18, 157], [30, 68], [37, 117], [51, 105], [39, 154], [0, 0]]","[0, 13, 3, 7, 1, 6, 17, 11, 19, 18, 5, 14, 15, 4, 16, 20, 2, 9, 8, 10, 12, 21]",489.6982715054227,13.188065528869629
