Id,Coordinates,Order,Distance,Time
4087,"[[0, 0], [41, 147], [40, 33], [11, 44], [29, 113], [52, 88], [28, 182], [62, 41], [32, 79], [6, 113], [21, 182], [16, 39], [35, 7], [9, 118], [65, 54], [40, 37], [38, 111], [27, 55], [49, 31], [29, 160], [28, 102], [0, 0]]","[0, 12, 2, 15, 18, 7, 14, 5, 20, 4, 13, 9, 10, 6, 19, 1, 16, 8, 17, 3, 11, 21]",486.57225208220126,17.911844730377197
