Id,Coordinates,Order,Distance,Time
4085,"[[0, 0], [149, 145], [119, 43], [77, 127], [24, 27], [87, 59], [123, 52], [72, 95], [72, 44], [12, 80], [34, 45], [62, 117], [18, 15], [37, 76], [158, 89], [63, 62], [36, 70], [128, 91], [144, 127], [126, 39], [158, 84], [0, 0]]","[0, 12, 4, 10, 15, 8, 5, 2, 19, 6, 17, 20, 14, 18, 1, 3, 11, 7, 13, 16, 9, 21]",592.0883410312601,15.833504676818848
