Id,Coordinates,Order,Distance,Time
2276,"[[0, 0], [49, 9], [35, 88], [12, 58], [5, 46], [96, 153], [18, 27], [39, 117], [23, 132], [20, 155], [13, 106], [30, 129], [90, 144], [35, 187], [44, 2], [4, 187], [89, 134], [50, 171], [30, 65], [79, 155], [15, 156], [0, 0]]","[0, 6, 4, 3, 18, 2, 10, 7, 11, 8, 9, 20, 15, 13, 17, 19, 5, 12, 16, 1, 14, 21]",559.6027426937623,17.444552659988403
