Id,Coordinates,Order,Distance,Time
1757,"[[0, 0], [153, 39], [51, 3], [91, 21], [39, 40], [136, 13], [129, 20], [103, 34], [83, 11], [11, 6], [124, 9], [64, 4], [166, 9], [127, 2], [168, 37], [43, 46], [170, 45], [92, 2], [54, 40], [24, 22], [95, 47], [0, 0]]","[0, 9, 19, 4, 15, 18, 8, 17, 3, 7, 6, 10, 13, 5, 12, 14, 16, 1, 20, 11, 2, 21]",489.5125813849003,18.188050270080566
