Id,Coordinates,Order,Distance,Time
9109,"[[0, 0], [23, 51], [21, 76], [18, 50], [25, 21], [17, 29], [12, 53], [9, 1], [14, 86], [7, 96], [4, 13], [24, 55], [24, 17], [26, 35], [24, 85], [5, 68], [20, 32], [21, 62], [3, 107], [12, 93], [24, 22], [0, 0]]","[0, 7, 12, 4, 20, 5, 16, 13, 1, 11, 17, 2, 14, 8, 19, 9, 18, 15, 6, 3, 10, 21]",258.2188747735924,14.321372270584106
