Id,Coordinates,Order,Distance,Time
9351,"[[0, 0], [86, 14], [162, 18], [30, 13], [55, 128], [141, 96], [51, 93], [120, 162], [106, 20], [118, 39], [126, 7], [143, 164], [146, 22], [74, 74], [162, 111], [114, 110], [169, 108], [160, 74], [139, 145], [62, 57], [86, 85], [0, 0]]","[0, 3, 19, 13, 20, 5, 14, 16, 17, 2, 12, 10, 8, 1, 9, 15, 18, 11, 7, 4, 6, 21]",802.0188753415543,17.230196237564087
