Id,Coordinates,Order,Distance,Time
6580,"[[0, 0], [10, 14], [15, 2], [40, 10], [145, 15], [28, 8], [56, 14], [60, 14], [4, 16], [158, 4], [37, 14], [8, 2], [41, 13], [149, 17], [144, 8], [162, 4], [15, 17], [78, 10], [23, 16], [68, 12], [17, 7], [0, 0]]","[0, 11, 2, 20, 18, 5, 10, 12, 3, 6, 7, 19, 17, 4, 13, 9, 15, 14, 16, 1, 8, 21]",364.791144300445,14.79710054397583
