Id,Coordinates,Order,Distance,Time
3568,"[[0, 0], [60, 71], [3, 28], [51, 82], [49, 172], [50, 61], [100, 121], [49, 127], [42, 105], [26, 39], [36, 117], [49, 25], [69, 113], [33, 147], [67, 136], [59, 18], [40, 128], [6, 27], [6, 100], [87, 101], [82, 2], [0, 0]]","[0, 9, 11, 15, 20, 5, 1, 3, 8, 10, 16, 7, 12, 19, 6, 14, 4, 13, 18, 2, 17, 21]",600.5380217778762,14.993806600570679
