Id,Coordinates,Order,Distance,Time
3967,"[[0, 0], [17, 66], [80, 43], [34, 85], [14, 83], [13, 20], [7, 77], [63, 8], [47, 56], [48, 34], [5, 70], [44, 101], [79, 121], [84, 129], [43, 131], [88, 26], [35, 65], [80, 48], [39, 66], [2, 84], [9, 61], [0, 0]]","[0, 5, 9, 8, 18, 16, 1, 20, 10, 6, 19, 4, 3, 11, 14, 13, 12, 17, 2, 15, 7, 21]",475.31056946813806,14.935185194015503
