Id,Coordinates,Order,Distance,Time
4311,"[[0, 0], [35, 4], [13, 14], [16, 109], [42, 80], [18, 12], [9, 7], [10, 29], [13, 113], [23, 98], [41, 104], [4, 74], [28, 88], [23, 127], [38, 160], [30, 16], [20, 119], [11, 24], [4, 90], [6, 10], [18, 18], [0, 0]]","[0, 6, 19, 2, 5, 20, 17, 7, 15, 1, 4, 12, 9, 3, 8, 16, 13, 14, 10, 18, 11, 21]",446.6901459939872,15.053914308547974
