Id,Coordinates,Order,Distance,Time
1939,"[[0, 0], [14, 33], [122, 56], [59, 80], [102, 40], [38, 70], [72, 20], [69, 40], [14, 21], [124, 30], [6, 80], [95, 88], [16, 24], [60, 89], [59, 33], [69, 69], [113, 85], [18, 57], [22, 70], [10, 49], [109, 87], [0, 0]]","[0, 8, 12, 1, 17, 5, 15, 7, 14, 6, 4, 9, 2, 16, 20, 11, 13, 3, 18, 10, 19, 21]",493.5590186698347,15.101440906524658
