Id,Coordinates,Order,Distance,Time
47,"[[0, 0], [93, 42], [85, 37], [78, 28], [19, 20], [44, 34], [24, 10], [36, 33], [46, 50], [95, 48], [58, 15], [92, 6], [19, 46], [46, 27], [90, 43], [36, 28], [58, 50], [44, 28], [82, 45], [36, 48], [93, 37], [0, 0]]","[0, 6, 15, 7, 5, 17, 13, 10, 11, 3, 2, 20, 1, 9, 14, 18, 16, 8, 19, 12, 4, 21]",309.6104167607761,18.60599637031555
