Id,Coordinates,Order,Distance,Time
1095,"[[0, 0], [167, 30], [126, 27], [65, 7], [131, 10], [15, 34], [58, 24], [89, 38], [152, 26], [128, 15], [32, 14], [111, 5], [152, 35], [26, 40], [68, 19], [2, 13], [104, 11], [82, 44], [82, 54], [76, 33], [101, 19], [0, 0]]","[0, 15, 5, 13, 6, 14, 19, 17, 18, 7, 20, 16, 11, 9, 4, 8, 12, 1, 2, 3, 10, 21]",443.42655778713487,13.485260486602783
