Id,Coordinates,Order,Distance,Time
5806,"[[0, 0], [120, 1], [8, 51], [40, 21], [167, 93], [31, 56], [18, 4], [18, 57], [63, 11], [9, 53], [142, 17], [109, 58], [28, 98], [11, 1], [60, 37], [172, 19], [13, 68], [176, 58], [101, 2], [21, 46], [40, 22], [0, 0]]","[0, 13, 6, 3, 20, 8, 18, 1, 10, 15, 17, 4, 11, 14, 5, 2, 9, 16, 12, 7, 19, 21]",597.3807485468867,16.47330403327942
