Id,Coordinates,Order,Distance,Time
6409,"[[0, 0], [5, 25], [4, 12], [8, 16], [1, 23], [7, 19], [1, 7], [5, 6], [2, 3], [8, 9], [5, 25], [5, 9], [3, 12], [3, 23], [7, 28], [8, 5], [6, 11], [1, 20], [5, 25], [4, 11], [7, 12], [0, 0]]","[0, 8, 6, 7, 11, 16, 2, 12, 19, 3, 5, 17, 4, 13, 1, 10, 18, 14, 20, 9, 15, 21]",80.4165136644066,17.087804794311523
