Id,Coordinates,Order,Distance,Time
6935,"[[0, 0], [68, 69], [174, 55], [150, 44], [95, 5], [125, 39], [126, 2], [110, 52], [138, 43], [94, 14], [107, 11], [79, 6], [81, 40], [76, 66], [124, 82], [56, 34], [66, 79], [90, 87], [161, 70], [12, 13], [162, 80], [0, 0]]","[0, 19, 15, 12, 13, 1, 16, 17, 14, 7, 5, 8, 18, 20, 2, 3, 6, 10, 9, 4, 11, 21]",549.2982667956434,15.893409967422485
