Id,Coordinates,Order,Distance,Time
9185,"[[0, 0], [125, 49], [101, 52], [82, 2], [90, 85], [78, 5], [144, 54], [101, 75], [99, 55], [30, 94], [77, 18], [21, 90], [182, 70], [165, 69], [84, 92], [15, 30], [40, 9], [126, 48], [98, 10], [41, 42], [83, 82], [0, 0]]","[0, 15, 19, 5, 3, 18, 2, 8, 4, 14, 9, 11, 20, 7, 1, 17, 6, 13, 12, 10, 16, 21]",663.2147524382021,15.857824802398682
