Id,Coordinates,Order,Distance,Time
896,"[[0, 0], [22, 12], [11, 10], [19, 15], [33, 1], [52, 30], [42, 16], [10, 16], [55, 15], [4, 32], [8, 15], [1, 13], [11, 22], [27, 6], [3, 30], [30, 28], [5, 1], [15, 27], [29, 31], [5, 2], [8, 6], [0, 0]]","[0, 16, 19, 20, 2, 7, 14, 9, 3, 1, 13, 4, 6, 8, 5, 15, 18, 17, 12, 10, 11, 21]",201.58398455213722,17.900355100631714
