Id,Coordinates,Order,Distance,Time
5967,"[[0, 0], [39, 9], [60, 52], [61, 53], [28, 21], [24, 12], [50, 40], [52, 44], [2, 23], [10, 21], [59, 70], [21, 23], [53, 4], [60, 3], [11, 61], [41, 2], [26, 6], [53, 58], [3, 29], [13, 52], [2, 13], [0, 0]]","[0, 9, 11, 4, 5, 16, 1, 15, 12, 13, 6, 7, 2, 3, 17, 10, 14, 19, 18, 8, 20, 21]",287.5012068527186,13.032691478729248
