Id,Coordinates,Order,Distance,Time
8621,"[[0, 0], [96, 31], [17, 21], [166, 1], [139, 43], [144, 44], [172, 23], [154, 36], [112, 15], [77, 41], [149, 2], [172, 43], [50, 29], [7, 18], [6, 42], [17, 21], [91, 40], [123, 14], [191, 16], [185, 8], [94, 40], [0, 0]]","[0, 2, 15, 12, 9, 1, 8, 17, 10, 3, 19, 18, 6, 11, 7, 5, 4, 20, 16, 14, 13, 21]",474.50249320431476,16.999102115631104
