Id,Coordinates,Order,Distance,Time
2987,"[[0, 0], [36, 168], [25, 79], [33, 30], [8, 74], [31, 180], [33, 181], [41, 106], [31, 137], [30, 162], [27, 100], [1, 66], [27, 27], [16, 57], [11, 99], [3, 59], [31, 78], [41, 134], [40, 102], [19, 118], [38, 38], [0, 0]]","[0, 12, 3, 20, 13, 15, 11, 4, 2, 16, 10, 18, 7, 17, 1, 5, 6, 9, 8, 19, 14, 21]",441.45167091394495,16.176968097686768
