Id,Coordinates,Order,Distance,Time
279,"[[0, 0], [42, 18], [65, 17], [134, 16], [121, 12], [31, 11], [26, 20], [10, 2], [42, 2], [21, 4], [34, 10], [115, 3], [33, 11], [116, 15], [28, 9], [125, 4], [102, 7], [5, 2], [121, 10], [49, 9], [11, 3], [0, 0]]","[0, 17, 7, 20, 9, 14, 5, 12, 10, 8, 19, 2, 16, 11, 18, 4, 15, 3, 13, 1, 6, 21]",303.6814106733766,18.903531551361084
