Id,Coordinates,Order,Distance,Time
937,"[[0, 0], [42, 52], [71, 74], [12, 33], [64, 76], [66, 62], [31, 20], [62, 51], [149, 29], [38, 74], [76, 34], [95, 37], [38, 3], [123, 48], [108, 67], [102, 29], [15, 16], [18, 32], [41, 16], [110, 3], [51, 48], [0, 0]]","[0, 16, 17, 3, 6, 18, 20, 1, 7, 5, 2, 4, 9, 10, 11, 15, 14, 13, 8, 19, 12, 21]",535.4560044825959,15.170952081680298
