Id,Coordinates,Order,Distance,Time
4130,"[[0, 0], [29, 1], [10, 128], [34, 21], [41, 76], [33, 130], [37, 159], [13, 165], [20, 167], [23, 77], [37, 12], [28, 128], [38, 173], [20, 152], [34, 105], [5, 135], [35, 160], [10, 70], [23, 108], [39, 24], [29, 30], [0, 0]]","[0, 1, 10, 3, 19, 20, 17, 9, 14, 18, 11, 2, 15, 13, 7, 8, 12, 6, 16, 5, 4, 21]",467.32101944563084,15.323346614837646
