Id,Coordinates,Order,Distance,Time
8327,"[[0, 0], [66, 9], [21, 51], [55, 3], [106, 39], [49, 34], [11, 50], [35, 38], [111, 104], [22, 82], [11, 96], [76, 59], [49, 65], [117, 89], [23, 5], [65, 34], [90, 2], [116, 10], [94, 9], [132, 36], [89, 44], [0, 0]]","[0, 14, 3, 1, 16, 18, 17, 19, 4, 20, 15, 5, 7, 9, 10, 8, 13, 11, 12, 2, 6, 21]",604.368489344472,12.596240043640137
