Id,Coordinates,Order,Distance,Time
2247,"[[0, 0], [89, 167], [99, 102], [32, 102], [74, 181], [136, 65], [44, 88], [63, 128], [2, 126], [74, 157], [127, 131], [73, 69], [53, 180], [149, 150], [92, 5], [56, 73], [40, 131], [38, 41], [98, 164], [70, 180], [77, 45], [0, 0]]","[0, 17, 15, 11, 20, 14, 5, 2, 10, 13, 18, 1, 4, 19, 12, 9, 7, 16, 8, 3, 6, 21]",755.185542609953,15.169934034347534
