Id,Coordinates,Order,Distance,Time
2485,"[[0, 0], [69, 31], [59, 11], [6, 50], [50, 3], [18, 5], [27, 33], [91, 57], [6, 30], [84, 35], [23, 62], [90, 61], [53, 24], [81, 25], [18, 34], [13, 21], [32, 53], [60, 48], [60, 29], [79, 55], [31, 1], [0, 0]]","[0, 5, 20, 4, 2, 12, 18, 1, 13, 9, 7, 11, 19, 17, 16, 10, 3, 6, 14, 8, 15, 21]",325.2167440073377,14.832956790924072
