Id,Coordinates,Order,Distance,Time
6770,"[[0, 0], [19, 115], [33, 11], [70, 18], [28, 7], [97, 161], [62, 160], [8, 130], [92, 100], [42, 63], [98, 153], [24, 150], [82, 47], [61, 174], [17, 42], [45, 2], [8, 77], [102, 130], [65, 81], [15, 63], [69, 111], [0, 0]]","[0, 4, 2, 15, 3, 12, 19, 16, 1, 7, 11, 6, 13, 5, 10, 17, 8, 20, 18, 9, 14, 21]",596.2027805034074,13.084183692932129
