Id,Coordinates,Order,Distance,Time
3038,"[[0, 0], [88, 36], [73, 39], [67, 17], [10, 48], [5, 32], [44, 15], [86, 12], [51, 11], [77, 50], [18, 10], [35, 23], [82, 19], [29, 46], [6, 5], [57, 21], [75, 49], [61, 11], [64, 25], [69, 47], [71, 38], [0, 0]]","[0, 14, 10, 15, 18, 20, 2, 19, 16, 9, 1, 12, 7, 3, 17, 8, 6, 11, 13, 4, 5, 21]",297.05644311278076,14.146915674209595
