Id,Coordinates,Order,Distance,Time
2128,"[[0, 0], [74, 27], [147, 12], [88, 12], [119, 20], [68, 1], [165, 3], [71, 13], [99, 5], [32, 23], [27, 29], [23, 18], [71, 8], [97, 24], [150, 14], [77, 23], [12, 29], [72, 24], [30, 29], [77, 1], [139, 5], [0, 0]]","[0, 11, 16, 18, 10, 9, 17, 1, 15, 7, 12, 19, 3, 13, 4, 20, 2, 14, 6, 8, 5, 21]",423.1207092887321,15.853092432022095
