Id,Coordinates,Order,Distance,Time
4666,"[[0, 0], [96, 6], [86, 6], [69, 1], [10, 4], [104, 11], [11, 11], [89, 3], [20, 11], [89, 3], [101, 1], [41, 9], [92, 12], [104, 13], [59, 8], [26, 6], [95, 8], [104, 8], [83, 2], [34, 9], [93, 7], [0, 0]]","[0, 6, 8, 19, 11, 3, 18, 7, 9, 20, 16, 1, 10, 17, 5, 13, 12, 2, 14, 15, 4, 21]",231.30943118198664,15.279770851135254
