Id,Coordinates,Order,Distance,Time
8659,"[[0, 0], [73, 26], [91, 21], [117, 14], [21, 37], [12, 15], [84, 8], [18, 68], [43, 70], [48, 38], [104, 55], [107, 37], [64, 36], [25, 30], [93, 22], [28, 61], [104, 20], [44, 52], [115, 42], [42, 23], [14, 53], [0, 0]]","[0, 5, 13, 4, 20, 7, 15, 8, 17, 9, 1, 6, 2, 14, 16, 3, 11, 18, 10, 12, 19, 21]",401.9873632073552,17.350762605667114
