Id,Coordinates,Order,Distance,Time
5826,"[[0, 0], [13, 74], [3, 18], [23, 57], [2, 19], [11, 64], [10, 53], [5, 8], [14, 41], [8, 64], [12, 87], [23, 47], [4, 82], [9, 6], [15, 65], [3, 21], [10, 3], [3, 33], [21, 68], [7, 26], [11, 13], [0, 0]]","[0, 16, 13, 20, 2, 4, 15, 19, 8, 11, 3, 18, 14, 5, 12, 10, 1, 9, 6, 17, 7, 21]",218.60107687070695,17.90741205215454
