Id,Coordinates,Order,Distance,Time
8481,"[[0, 0], [24, 32], [1, 75], [9, 79], [33, 48], [1, 68], [6, 145], [10, 139], [39, 91], [19, 68], [10, 39], [22, 96], [9, 158], [5, 35], [33, 52], [7, 124], [9, 116], [6, 117], [1, 90], [3, 73], [34, 29], [0, 0]]","[0, 13, 10, 4, 14, 9, 5, 19, 2, 3, 18, 16, 17, 15, 7, 6, 12, 11, 8, 20, 1, 21]",406.47226066340244,17.140499114990234
