Id,Coordinates,Order,Distance,Time
9349,"[[0, 0], [57, 94], [30, 88], [5, 19], [2, 66], [5, 104], [66, 102], [37, 37], [55, 38], [72, 72], [19, 39], [40, 66], [32, 13], [71, 104], [66, 56], [70, 1], [42, 42], [21, 17], [77, 68], [15, 13], [45, 32], [0, 0]]","[0, 3, 19, 12, 15, 20, 7, 16, 8, 14, 18, 9, 1, 6, 13, 11, 2, 5, 4, 10, 17, 21]",466.9425394073603,17.69823122024536
