Id,Coordinates,Order,Distance,Time
3090,"[[0, 0], [29, 53], [44, 54], [1, 94], [24, 149], [26, 11], [47, 140], [45, 42], [33, 87], [2, 182], [41, 182], [14, 175], [41, 68], [27, 149], [33, 173], [31, 40], [59, 167], [42, 60], [14, 78], [41, 16], [49, 7], [0, 0]]","[0, 5, 19, 20, 7, 2, 17, 12, 1, 15, 8, 6, 13, 4, 16, 10, 14, 11, 9, 3, 18, 21]",571.5896133177152,16.06646728515625
