Id,Coordinates,Order,Distance,Time
6152,"[[0, 0], [26, 83], [53, 48], [102, 141], [115, 144], [1, 60], [104, 28], [87, 3], [46, 59], [108, 24], [116, 12], [72, 28], [75, 129], [53, 33], [6, 50], [15, 6], [2, 25], [71, 140], [10, 94], [23, 92], [103, 94], [0, 0]]","[0, 16, 14, 5, 18, 19, 1, 8, 2, 13, 11, 7, 10, 6, 9, 20, 12, 17, 3, 4, 15, 21]",640.1325334270321,13.352468490600586
