Id,Coordinates,Order,Distance,Time
4489,"[[0, 0], [59, 140], [18, 100], [36, 145], [11, 25], [51, 27], [31, 106], [22, 94], [61, 2], [41, 47], [79, 62], [12, 135], [27, 163], [49, 124], [13, 54], [25, 28], [17, 49], [76, 57], [20, 75], [55, 79], [63, 28], [0, 0]]","[0, 4, 15, 16, 14, 18, 7, 2, 13, 1, 3, 12, 11, 6, 19, 10, 17, 9, 5, 20, 8, 21]",515.4062019562707,18.868967294692993
