Id,Coordinates,Order,Distance,Time
3774,"[[0, 0], [42, 32], [115, 123], [65, 72], [1, 74], [42, 22], [75, 109], [71, 117], [108, 102], [48, 59], [57, 111], [45, 115], [96, 72], [44, 163], [41, 181], [15, 112], [116, 94], [73, 175], [86, 121], [64, 134], [104, 184], [0, 0]]","[0, 5, 1, 9, 3, 12, 16, 8, 2, 18, 6, 7, 19, 13, 14, 17, 20, 10, 11, 15, 4, 21]",634.769035608102,16.7154483795166
