Id,Coordinates,Order,Distance,Time
3925,"[[0, 0], [23, 167], [17, 141], [11, 54], [25, 25], [11, 145], [2, 102], [13, 92], [17, 68], [7, 72], [4, 175], [27, 194], [19, 176], [11, 153], [9, 159], [7, 122], [2, 45], [5, 1], [6, 140], [5, 194], [4, 185], [0, 0]]","[0, 17, 4, 3, 8, 7, 6, 15, 18, 5, 13, 14, 10, 20, 19, 11, 12, 1, 2, 9, 16, 21]",438.28277160522316,12.988659381866455
