Id,Coordinates,Order,Distance,Time
3573,"[[0, 0], [93, 10], [12, 34], [66, 64], [57, 77], [54, 97], [25, 70], [17, 68], [29, 124], [1, 5], [9, 166], [14, 30], [69, 17], [57, 126], [65, 127], [92, 95], [97, 113], [3, 122], [80, 48], [20, 120], [81, 169], [0, 0]]","[0, 9, 11, 2, 7, 6, 12, 1, 18, 15, 16, 13, 8, 19, 17, 10, 20, 14, 5, 4, 3, 21]",699.030453963686,15.106532335281372
