Id,Coordinates,Order,Distance,Time
2508,"[[0, 0], [128, 35], [8, 58], [58, 105], [33, 30], [38, 12], [49, 3], [83, 90], [68, 76], [2, 32], [117, 75], [91, 126], [56, 1], [33, 95], [99, 29], [1, 17], [98, 130], [73, 35], [22, 134], [122, 47], [39, 68], [0, 0]]","[0, 15, 9, 2, 3, 7, 8, 17, 14, 1, 19, 10, 16, 11, 18, 13, 20, 4, 5, 6, 12, 21]",654.0498829968553,16.571348667144775
