Id,Coordinates,Order,Distance,Time
4369,"[[0, 0], [110, 50], [68, 116], [88, 41], [78, 37], [66, 68], [103, 113], [80, 106], [114, 95], [121, 11], [100, 101], [100, 89], [81, 121], [112, 58], [113, 4], [15, 113], [44, 135], [43, 32], [77, 67], [116, 95], [95, 107], [0, 0]]","[0, 17, 4, 3, 1, 13, 19, 8, 11, 10, 6, 20, 7, 12, 2, 16, 15, 5, 18, 9, 14, 21]",604.5433798146335,16.214344263076782
