Id,Coordinates,Order,Distance,Time
5518,"[[0, 0], [144, 130], [27, 40], [46, 49], [160, 28], [82, 21], [67, 114], [49, 5], [47, 109], [100, 130], [134, 63], [6, 117], [15, 71], [96, 75], [132, 136], [122, 8], [34, 19], [114, 12], [97, 103], [101, 65], [82, 137], [0, 0]]","[0, 16, 7, 5, 17, 15, 4, 10, 19, 13, 18, 6, 8, 11, 12, 20, 9, 14, 1, 3, 2, 21]",793.1023071945077,16.700944185256958
