Id,Coordinates,Order,Distance,Time
9256,"[[0, 0], [18, 33], [41, 27], [63, 5], [74, 13], [5, 31], [30, 28], [26, 21], [43, 18], [45, 15], [27, 34], [11, 22], [13, 6], [50, 17], [53, 10], [27, 35], [29, 13], [61, 9], [60, 31], [73, 29], [58, 11], [0, 0]]","[0, 11, 5, 1, 15, 10, 6, 8, 9, 13, 14, 20, 17, 3, 4, 19, 18, 2, 7, 16, 12, 21]",229.362204560124,17.270731687545776
