Id,Coordinates,Order,Distance,Time
9762,"[[0, 0], [12, 34], [12, 33], [1, 33], [6, 9], [6, 27], [1, 32], [3, 29], [12, 25], [9, 9], [10, 21], [8, 11], [2, 20], [7, 4], [12, 22], [12, 26], [9, 2], [3, 32], [3, 19], [4, 29], [4, 32], [0, 0]]","[0, 16, 13, 9, 11, 18, 12, 5, 19, 7, 6, 3, 17, 20, 1, 2, 15, 8, 14, 10, 4, 21]",95.19774688291217,18.84013319015503
