Id,Coordinates,Order,Distance,Time
2579,"[[0, 0], [55, 40], [125, 15], [64, 9], [61, 17], [75, 102], [81, 105], [127, 20], [101, 17], [40, 34], [54, 1], [13, 94], [116, 12], [117, 95], [156, 100], [142, 23], [9, 80], [111, 69], [103, 70], [7, 59], [47, 43], [0, 0]]","[0, 9, 20, 1, 4, 3, 10, 8, 12, 2, 7, 15, 14, 13, 17, 18, 5, 6, 16, 11, 19, 21]",599.4499083586778,16.48891544342041
