Id,Coordinates,Order,Distance,Time
2068,"[[0, 0], [32, 25], [15, 6], [27, 23], [11, 47], [31, 48], [33, 23], [18, 41], [4, 51], [9, 16], [8, 49], [23, 25], [1, 40], [22, 8], [10, 31], [21, 29], [31, 24], [25, 21], [15, 23], [31, 33], [27, 33], [0, 0]]","[0, 2, 13, 6, 1, 16, 3, 17, 11, 15, 20, 19, 5, 7, 4, 10, 8, 12, 14, 18, 9, 21]",179.99668469996058,18.395256280899048
