Id,Coordinates,Order,Distance,Time
7400,"[[0, 0], [51, 45], [12, 58], [37, 122], [23, 39], [64, 43], [42, 42], [82, 52], [51, 6], [57, 98], [46, 55], [52, 8], [41, 31], [42, 123], [75, 37], [2, 101], [27, 97], [28, 118], [54, 102], [27, 110], [3, 123], [0, 0]]","[0, 4, 6, 1, 10, 5, 14, 7, 11, 8, 12, 16, 19, 17, 3, 13, 18, 9, 20, 15, 2, 21]",534.881988456724,15.865968465805054
