Id,Coordinates,Order,Distance,Time
4013,"[[0, 0], [3, 42], [26, 26], [33, 75], [70, 23], [82, 59], [31, 27], [38, 16], [78, 5], [71, 9], [78, 17], [94, 72], [99, 19], [25, 25], [77, 66], [12, 41], [36, 43], [81, 6], [80, 32], [25, 52], [52, 1], [0, 0]]","[0, 13, 2, 6, 7, 20, 9, 8, 17, 12, 10, 4, 18, 5, 11, 14, 3, 19, 16, 15, 1, 21]",394.53197632222157,18.565158367156982
