Id,Coordinates,Order,Distance,Time
730,"[[0, 0], [21, 109], [15, 122], [14, 4], [2, 191], [14, 32], [5, 103], [22, 22], [9, 24], [2, 23], [10, 39], [6, 156], [5, 25], [15, 138], [21, 175], [10, 75], [7, 132], [19, 61], [5, 184], [20, 151], [21, 124], [0, 0]]","[0, 3, 7, 5, 8, 12, 10, 17, 15, 1, 2, 20, 13, 19, 14, 18, 4, 11, 16, 6, 9, 21]",441.89255069930414,15.413288831710815
