Id,Coordinates,Order,Distance,Time
8710,"[[0, 0], [36, 121], [73, 6], [88, 108], [93, 158], [109, 52], [94, 25], [76, 4], [96, 116], [47, 76], [48, 160], [63, 153], [33, 129], [81, 93], [27, 77], [66, 39], [89, 98], [34, 67], [17, 30], [81, 150], [108, 129], [0, 0]]","[0, 18, 17, 14, 9, 13, 16, 3, 8, 20, 4, 19, 11, 10, 12, 1, 5, 6, 7, 2, 15, 21]",590.7858570034093,16.93858289718628
