Id,Coordinates,Order,Distance,Time
3281,"[[0, 0], [14, 14], [17, 14], [14, 6], [14, 2], [15, 8], [5, 3], [9, 18], [13, 2], [24, 12], [22, 6], [34, 12], [3, 5], [26, 3], [22, 1], [11, 14], [9, 7], [7, 5], [6, 6], [20, 14], [34, 8], [0, 0]]","[0, 12, 18, 17, 16, 3, 5, 2, 10, 4, 8, 15, 7, 1, 19, 9, 11, 20, 13, 14, 6, 21]",129.6409990541717,12.435104846954346
