Id,Coordinates,Order,Distance,Time
6022,"[[0, 0], [91, 25], [123, 30], [31, 17], [42, 33], [115, 4], [94, 7], [27, 24], [17, 31], [35, 26], [40, 32], [95, 9], [99, 35], [17, 33], [33, 28], [24, 16], [57, 1], [8, 9], [75, 17], [100, 32], [100, 5], [0, 0]]","[0, 17, 15, 3, 9, 4, 10, 14, 13, 8, 7, 18, 1, 19, 12, 2, 5, 20, 11, 6, 16, 21]",347.43633919308695,17.738845348358154
