Id,Coordinates,Order,Distance,Time
763,"[[0, 0], [4, 75], [53, 136], [2, 159], [5, 14], [37, 5], [92, 88], [47, 127], [26, 20], [106, 66], [67, 62], [107, 143], [45, 124], [23, 17], [52, 48], [77, 45], [88, 145], [71, 90], [108, 7], [117, 120], [86, 125], [0, 0]]","[0, 4, 5, 18, 15, 10, 9, 6, 17, 20, 19, 11, 16, 2, 7, 12, 3, 1, 14, 8, 13, 21]",703.0946909978816,15.580203294754028
