Id,Coordinates,Order,Distance,Time
6840,"[[0, 0], [6, 105], [49, 64], [24, 63], [40, 111], [137, 71], [16, 117], [93, 90], [31, 109], [35, 72], [72, 63], [122, 62], [10, 13], [87, 72], [78, 59], [62, 16], [67, 87], [80, 19], [136, 78], [132, 15], [20, 9], [0, 0]]","[0, 12, 20, 14, 10, 13, 16, 2, 9, 3, 1, 6, 8, 4, 7, 18, 5, 11, 19, 17, 15, 21]",608.2312259065932,20.070228099822998
