Id,Coordinates,Order,Distance,Time
1296,"[[0, 0], [168, 16], [117, 49], [165, 25], [79, 61], [62, 15], [180, 25], [16, 56], [39, 30], [193, 52], [106, 62], [152, 7], [134, 14], [90, 53], [113, 52], [130, 11], [36, 59], [8, 71], [178, 59], [164, 23], [21, 50], [0, 0]]","[0, 20, 7, 17, 16, 4, 13, 10, 14, 2, 15, 12, 11, 1, 19, 3, 6, 9, 18, 5, 8, 21]",556.0944782497814,18.471407890319824
