Id,Coordinates,Order,Distance,Time
5176,"[[0, 0], [16, 24], [3, 38], [19, 38], [8, 12], [4, 10], [11, 12], [23, 10], [9, 31], [1, 38], [16, 45], [17, 32], [21, 34], [13, 38], [13, 6], [22, 33], [21, 4], [12, 47], [15, 25], [24, 1], [9, 9], [0, 0]]","[0, 4, 6, 20, 14, 16, 19, 7, 1, 18, 11, 15, 12, 3, 13, 10, 17, 2, 9, 8, 5, 21]",157.70750147307749,16.96378254890442
