Id,Coordinates,Order,Distance,Time
6819,"[[0, 0], [51, 81], [169, 102], [112, 149], [34, 84], [155, 20], [98, 121], [61, 19], [58, 42], [160, 29], [65, 165], [148, 176], [1, 80], [195, 163], [27, 38], [169, 175], [19, 97], [153, 106], [188, 89], [117, 137], [171, 181], [0, 0]]","[0, 14, 8, 1, 4, 12, 16, 10, 6, 19, 3, 11, 15, 20, 13, 17, 2, 18, 9, 5, 7, 21]",813.7640211070551,19.128708362579346
