Id,Coordinates,Order,Distance,Time
9862,"[[0, 0], [8, 86], [20, 72], [13, 140], [17, 4], [2, 107], [24, 116], [21, 38], [24, 164], [5, 140], [4, 156], [12, 36], [25, 133], [14, 133], [22, 171], [23, 99], [4, 181], [17, 96], [27, 174], [20, 141], [24, 72], [0, 0]]","[0, 4, 11, 7, 2, 20, 17, 15, 6, 12, 19, 3, 9, 10, 16, 14, 18, 8, 13, 5, 1, 21]",433.6727879455002,14.796127319335938
