Id,Coordinates,Order,Distance,Time
3810,"[[0, 0], [29, 21], [2, 34], [78, 53], [3, 3], [12, 51], [56, 2], [14, 15], [5, 7], [83, 52], [81, 12], [58, 2], [19, 6], [10, 57], [8, 34], [84, 1], [5, 13], [46, 11], [91, 16], [32, 19], [108, 21], [0, 0]]","[0, 4, 8, 7, 12, 1, 19, 17, 6, 11, 15, 10, 18, 20, 9, 3, 13, 5, 14, 2, 16, 21]",327.1463779432665,15.060159921646118
