Id,Coordinates,Order,Distance,Time
2967,"[[0, 0], [21, 155], [3, 79], [5, 29], [17, 160], [17, 83], [8, 173], [21, 75], [12, 140], [1, 50], [24, 111], [12, 128], [6, 69], [22, 85], [3, 99], [12, 5], [25, 50], [15, 141], [9, 125], [1, 103], [18, 20], [0, 0]]","[0, 15, 20, 3, 9, 12, 2, 14, 19, 18, 11, 8, 17, 1, 4, 6, 10, 13, 5, 7, 16, 21]",385.82130908781727,14.60301685333252
