Id,Coordinates,Order,Distance,Time
6643,"[[0, 0], [55, 14], [56, 10], [42, 27], [14, 2], [16, 26], [54, 6], [21, 29], [26, 14], [47, 30], [18, 5], [46, 2], [14, 5], [29, 7], [22, 3], [35, 27], [48, 20], [10, 14], [52, 7], [38, 2], [43, 8], [0, 0]]","[0, 17, 5, 7, 15, 3, 9, 16, 1, 2, 6, 18, 11, 20, 19, 13, 8, 14, 10, 12, 4, 21]",170.08490546965007,14.859333276748657
