Id,Coordinates,Order,Distance,Time
6827,"[[0, 0], [67, 33], [47, 22], [126, 124], [71, 59], [4, 52], [171, 144], [158, 92], [169, 80], [26, 39], [111, 21], [75, 61], [47, 125], [74, 127], [74, 73], [96, 41], [146, 29], [67, 18], [97, 111], [12, 35], [73, 116], [0, 0]]","[0, 19, 9, 2, 17, 1, 4, 11, 14, 15, 10, 16, 8, 7, 6, 3, 18, 20, 13, 12, 5, 21]",661.8917707241781,16.133604288101196
