Id,Coordinates,Order,Distance,Time
8284,"[[0, 0], [122, 15], [119, 15], [76, 4], [161, 5], [158, 20], [93, 6], [32, 6], [146, 11], [43, 12], [72, 19], [2, 15], [95, 14], [144, 2], [112, 14], [1, 13], [77, 6], [95, 12], [22, 7], [24, 1], [131, 11], [0, 0]]","[0, 15, 11, 18, 7, 9, 16, 3, 6, 17, 14, 2, 1, 20, 8, 5, 4, 13, 12, 10, 19, 21]",367.46513860335693,15.084432363510132
