Id,Coordinates,Order,Distance,Time
7202,"[[0, 0], [4, 88], [1, 72], [1, 57], [13, 71], [27, 21], [36, 23], [25, 84], [36, 103], [2, 101], [24, 99], [39, 71], [37, 108], [9, 20], [30, 7], [34, 70], [8, 30], [24, 22], [25, 38], [41, 11], [26, 86], [0, 0]]","[0, 17, 5, 14, 19, 6, 18, 3, 2, 4, 7, 20, 8, 12, 10, 9, 1, 15, 11, 16, 13, 21]",369.2673063802998,15.10461950302124
