Id,Coordinates,Order,Distance,Time
8664,"[[0, 0], [62, 89], [79, 66], [118, 101], [116, 108], [10, 62], [51, 66], [30, 2], [51, 84], [51, 107], [8, 5], [39, 32], [91, 69], [65, 30], [18, 104], [20, 63], [40, 91], [113, 66], [64, 105], [86, 58], [10, 69], [0, 0]]","[0, 10, 7, 11, 13, 19, 2, 12, 17, 3, 4, 18, 9, 1, 6, 8, 16, 14, 20, 5, 15, 21]",498.3465649587868,18.859681606292725
