Id,Coordinates,Order,Distance,Time
2915,"[[0, 0], [115, 52], [78, 15], [65, 51], [84, 40], [40, 26], [98, 1], [16, 13], [48, 19], [54, 49], [62, 19], [17, 37], [53, 7], [95, 47], [73, 28], [99, 51], [40, 38], [47, 10], [45, 43], [77, 26], [54, 20], [0, 0]]","[0, 11, 16, 18, 9, 3, 4, 13, 15, 1, 19, 14, 2, 6, 10, 20, 17, 12, 8, 5, 7, 21]",376.11300969388265,18.49850082397461
