Id,Coordinates,Order,Distance,Time
1329,"[[0, 0], [17, 63], [18, 165], [40, 44], [27, 81], [10, 120], [26, 119], [6, 54], [29, 91], [15, 158], [40, 164], [16, 69], [19, 28], [6, 13], [30, 138], [32, 69], [35, 50], [7, 182], [2, 121], [26, 21], [6, 148], [0, 0]]","[0, 13, 12, 19, 3, 16, 15, 4, 8, 11, 1, 5, 6, 14, 10, 2, 17, 9, 20, 18, 7, 21]",502.37488658712374,17.457727193832397
