Id,Coordinates,Order,Distance,Time
417,"[[0, 0], [19, 46], [67, 38], [17, 112], [12, 27], [59, 108], [83, 58], [45, 26], [90, 28], [86, 43], [15, 73], [47, 94], [52, 107], [62, 77], [8, 19], [48, 62], [14, 46], [68, 10], [19, 92], [72, 40], [81, 37], [0, 0]]","[0, 14, 4, 16, 1, 10, 18, 3, 12, 5, 11, 13, 15, 2, 19, 6, 9, 20, 8, 17, 7, 21]",424.8712608587301,17.891154289245605
