Id,Coordinates,Order,Distance,Time
7895,"[[0, 0], [73, 5], [95, 12], [59, 13], [54, 1], [66, 4], [46, 8], [58, 4], [89, 1], [15, 4], [76, 1], [13, 2], [30, 12], [20, 7], [17, 4], [76, 2], [50, 14], [46, 4], [105, 1], [18, 8], [72, 6], [0, 0]]","[0, 11, 9, 14, 13, 6, 17, 4, 7, 5, 20, 1, 15, 10, 8, 18, 2, 3, 16, 12, 19, 21]",227.15056881019504,14.96449589729309
