Id,Coordinates,Order,Distance,Time
4301,"[[0, 0], [36, 136], [13, 7], [128, 114], [133, 82], [165, 60], [137, 138], [80, 121], [79, 3], [161, 106], [145, 180], [3, 188], [8, 159], [53, 164], [56, 123], [30, 28], [31, 99], [36, 90], [28, 151], [26, 117], [44, 170], [0, 0]]","[0, 2, 15, 8, 4, 5, 9, 3, 6, 10, 7, 1, 18, 12, 11, 20, 13, 19, 16, 17, 14, 21]",893.5831055228881,18.09284543991089
