Id,Coordinates,Order,Distance,Time
5784,"[[0, 0], [153, 18], [47, 7], [8, 4], [124, 15], [60, 21], [60, 5], [132, 18], [172, 22], [134, 11], [159, 4], [145, 9], [101, 8], [9, 23], [82, 14], [50, 14], [8, 9], [15, 14], [61, 13], [159, 12], [144, 21], [0, 0]]","[0, 3, 16, 17, 13, 15, 18, 5, 14, 12, 4, 7, 9, 11, 19, 10, 8, 1, 20, 6, 2, 21]",407.1111316010557,13.974409341812134
