Id,Coordinates,Order,Distance,Time
9533,"[[0, 0], [47, 6], [31, 74], [32, 50], [52, 82], [37, 119], [43, 34], [57, 134], [72, 115], [15, 110], [11, 103], [93, 69], [21, 3], [57, 46], [82, 1], [91, 137], [19, 34], [14, 76], [13, 75], [62, 98], [23, 98], [0, 0]]","[0, 12, 6, 13, 3, 16, 18, 17, 2, 4, 19, 8, 5, 9, 10, 20, 7, 15, 11, 14, 1, 21]",626.9900812544336,14.690426588058472
