Id,Coordinates,Order,Distance,Time
9768,"[[0, 0], [26, 5], [12, 1], [8, 40], [26, 29], [21, 26], [8, 55], [27, 22], [4, 20], [22, 45], [28, 27], [28, 46], [13, 17], [15, 14], [14, 32], [18, 44], [3, 71], [9, 4], [27, 21], [22, 74], [14, 4], [0, 0]]","[0, 17, 2, 20, 13, 12, 1, 5, 4, 10, 7, 18, 14, 15, 9, 11, 19, 16, 6, 3, 8, 21]",244.7003164257479,16.421212911605835
