Id,Coordinates,Order,Distance,Time
3601,"[[0, 0], [47, 92], [25, 65], [14, 118], [50, 97], [27, 66], [56, 170], [3, 172], [21, 20], [55, 158], [44, 147], [52, 31], [7, 160], [7, 120], [37, 15], [38, 150], [21, 74], [57, 113], [10, 5], [6, 45], [10, 134], [0, 0]]","[0, 18, 8, 14, 11, 2, 5, 1, 4, 17, 10, 15, 9, 6, 7, 12, 20, 13, 3, 16, 19, 21]",479.2236195998297,16.67302918434143
