Id,Coordinates,Order,Distance,Time
713,"[[0, 0], [104, 32], [34, 73], [93, 59], [86, 34], [41, 5], [110, 89], [64, 40], [66, 54], [90, 33], [92, 37], [49, 44], [22, 58], [23, 40], [40, 55], [44, 39], [45, 39], [54, 25], [24, 5], [86, 87], [54, 3], [0, 0]]","[0, 18, 5, 20, 17, 16, 15, 11, 8, 7, 4, 9, 10, 1, 3, 6, 19, 2, 14, 12, 13, 21]",421.6088751125858,12.849210500717163
