Id,Coordinates,Order,Distance,Time
8969,"[[0, 0], [12, 76], [18, 45], [15, 111], [11, 130], [18, 55], [5, 44], [12, 39], [3, 131], [13, 4], [14, 142], [3, 10], [6, 82], [1, 62], [6, 126], [13, 28], [3, 44], [1, 125], [15, 27], [16, 46], [3, 23], [0, 0]]","[0, 11, 20, 15, 18, 7, 19, 2, 6, 16, 13, 12, 3, 14, 17, 8, 4, 10, 1, 5, 9, 21]",344.7181263910535,16.16271996498108
