Id,Coordinates,Order,Distance,Time
2262,"[[0, 0], [40, 24], [71, 84], [53, 68], [11, 79], [19, 59], [136, 29], [34, 46], [141, 84], [140, 104], [73, 15], [58, 62], [117, 115], [84, 77], [70, 26], [63, 43], [44, 72], [117, 96], [89, 1], [76, 79], [17, 117], [0, 0]]","[0, 1, 7, 16, 3, 11, 15, 14, 10, 18, 6, 8, 9, 12, 17, 13, 19, 2, 20, 4, 5, 21]",597.7924272420114,18.363708972930908
