Id,Coordinates,Order,Distance,Time
6688,"[[0, 0], [38, 44], [6, 1], [2, 60], [46, 40], [75, 44], [60, 5], [12, 15], [34, 13], [45, 10], [95, 13], [86, 4], [104, 45], [113, 20], [49, 54], [25, 24], [65, 12], [40, 57], [7, 6], [49, 60], [15, 25], [0, 0]]","[0, 2, 18, 7, 20, 15, 8, 9, 6, 16, 11, 10, 13, 12, 5, 14, 19, 17, 4, 1, 3, 21]",370.84135744562536,17.299131631851196
