Id,Coordinates,Order,Distance,Time
4379,"[[0, 0], [128, 21], [163, 23], [133, 26], [97, 38], [173, 2], [104, 27], [19, 49], [26, 76], [45, 58], [150, 63], [176, 61], [75, 16], [162, 37], [12, 61], [153, 99], [51, 71], [62, 92], [13, 83], [125, 35], [102, 53], [0, 0]]","[0, 7, 14, 18, 8, 9, 16, 17, 20, 4, 1, 3, 5, 2, 13, 11, 15, 10, 19, 6, 12, 21]",640.5187709182339,15.305427551269531
