Id,Coordinates,Order,Distance,Time
6956,"[[0, 0], [25, 43], [74, 19], [103, 2], [56, 5], [42, 32], [93, 58], [58, 62], [104, 27], [34, 31], [41, 3], [73, 17], [3, 6], [20, 21], [12, 55], [87, 18], [3, 8], [70, 33], [9, 3], [101, 56], [62, 62], [0, 0]]","[0, 12, 16, 13, 9, 5, 1, 14, 7, 20, 17, 2, 15, 3, 8, 19, 6, 11, 4, 10, 18, 21]",408.6223021359276,13.550174474716187
