Id,Coordinates,Order,Distance,Time
5295,"[[0, 0], [107, 13], [59, 7], [97, 5], [28, 12], [22, 1], [126, 16], [120, 11], [26, 1], [20, 9], [10, 12], [114, 13], [118, 7], [127, 12], [82, 2], [77, 15], [73, 13], [122, 15], [89, 12], [108, 9], [95, 16], [0, 0]]","[0, 10, 9, 5, 8, 2, 16, 15, 18, 20, 1, 11, 7, 17, 6, 13, 12, 19, 3, 14, 4, 21]",281.42099868649905,13.35670280456543
