Id,Coordinates,Order,Distance,Time
7785,"[[0, 0], [2, 15], [18, 3], [40, 2], [1, 11], [13, 12], [35, 32], [35, 34], [9, 25], [26, 18], [4, 26], [28, 13], [18, 15], [36, 21], [11, 20], [9, 14], [3, 27], [39, 15], [9, 15], [30, 22], [6, 36], [0, 0]]","[0, 4, 1, 18, 15, 5, 3, 17, 13, 9, 12, 14, 8, 10, 16, 20, 7, 6, 19, 11, 2, 21]",208.01062909027604,13.199018239974976
