Id,Coordinates,Order,Distance,Time
4358,"[[0, 0], [45, 14], [40, 43], [49, 21], [10, 6], [2, 39], [3, 34], [29, 32], [10, 13], [48, 41], [20, 38], [1, 12], [23, 19], [25, 42], [1, 41], [7, 23], [9, 25], [49, 29], [53, 36], [9, 32], [18, 39], [0, 0]]","[0, 11, 15, 16, 19, 6, 5, 14, 20, 10, 13, 7, 1, 3, 17, 18, 9, 2, 12, 8, 4, 21]",209.50198410888973,13.37399935722351
