Id,Coordinates,Order,Distance,Time
9094,"[[0, 0], [29, 135], [7, 155], [22, 163], [10, 108], [5, 97], [3, 19], [7, 115], [3, 164], [49, 77], [4, 55], [50, 82], [21, 109], [45, 151], [16, 59], [22, 70], [22, 36], [13, 117], [38, 80], [5, 81], [44, 32], [0, 0]]","[0, 6, 16, 20, 14, 15, 18, 9, 11, 12, 4, 7, 17, 1, 13, 3, 8, 2, 5, 19, 10, 21]",474.22304113521994,18.437251329421997
