Id,Coordinates,Order,Distance,Time
8758,"[[0, 0], [1, 6], [72, 20], [95, 7], [62, 22], [55, 1], [65, 21], [23, 21], [74, 20], [75, 9], [106, 22], [17, 12], [93, 8], [64, 18], [63, 14], [17, 11], [98, 2], [38, 2], [85, 19], [60, 20], [93, 18], [0, 0]]","[0, 1, 15, 11, 7, 14, 13, 19, 4, 6, 2, 8, 18, 20, 10, 16, 3, 12, 9, 5, 17, 21]",254.8945316845912,15.222278833389282
