Id,Coordinates,Order,Distance,Time
6420,"[[0, 0], [82, 6], [88, 7], [78, 4], [26, 3], [109, 9], [34, 7], [52, 13], [71, 2], [90, 3], [86, 9], [43, 13], [6, 7], [110, 3], [103, 15], [12, 10], [22, 8], [84, 10], [72, 12], [57, 6], [61, 5], [0, 0]]","[0, 12, 15, 16, 6, 11, 19, 20, 8, 3, 1, 2, 9, 13, 5, 14, 10, 17, 18, 7, 4, 21]",241.55872705419358,17.161988258361816
