Id,Coordinates,Order,Distance,Time
8877,"[[0, 0], [29, 68], [4, 7], [113, 2], [102, 129], [106, 95], [46, 113], [31, 36], [11, 137], [27, 33], [40, 121], [5, 105], [109, 64], [12, 116], [41, 55], [70, 71], [94, 77], [27, 128], [113, 15], [70, 50], [123, 41], [0, 0]]","[0, 2, 9, 7, 14, 15, 19, 18, 3, 20, 12, 16, 5, 4, 6, 10, 17, 8, 13, 11, 1, 21]",587.1688836212568,16.71910071372986
