Id,Coordinates,Order,Distance,Time
8868,"[[0, 0], [80, 120], [93, 33], [95, 29], [75, 64], [64, 71], [26, 5], [37, 77], [10, 48], [32, 126], [90, 93], [65, 91], [74, 113], [107, 121], [34, 81], [10, 23], [40, 48], [61, 2], [85, 128], [21, 133], [105, 34], [0, 0]]","[0, 6, 17, 3, 2, 20, 4, 5, 11, 10, 1, 18, 13, 12, 9, 19, 14, 7, 16, 8, 15, 21]",541.2130198236464,13.41857647895813
