Id,Coordinates,Order,Distance,Time
5868,"[[0, 0], [16, 4], [54, 50], [47, 45], [32, 2], [53, 41], [31, 57], [67, 20], [20, 17], [4, 25], [7, 56], [54, 2], [44, 59], [49, 50], [25, 10], [35, 15], [64, 18], [4, 4], [52, 27], [57, 38], [19, 33], [0, 0]]","[0, 17, 1, 8, 14, 15, 4, 11, 16, 7, 18, 19, 5, 3, 13, 2, 12, 6, 10, 20, 9, 21]",277.9760423338351,13.802088260650635
