Id,Coordinates,Order,Distance,Time
1644,"[[0, 0], [37, 1], [15, 14], [38, 3], [26, 24], [19, 22], [21, 23], [40, 26], [16, 9], [27, 6], [22, 26], [19, 25], [23, 22], [4, 16], [2, 2], [38, 7], [2, 25], [5, 10], [34, 26], [19, 14], [21, 25], [0, 0]]","[0, 17, 13, 16, 5, 11, 20, 10, 6, 12, 4, 18, 7, 15, 3, 1, 9, 19, 2, 8, 14, 21]",147.82465712282647,11.026491165161133
