Id,Coordinates,Order,Distance,Time
6470,"[[0, 0], [134, 69], [65, 100], [58, 36], [146, 87], [72, 50], [35, 26], [130, 48], [45, 82], [107, 15], [82, 105], [115, 78], [54, 82], [114, 10], [94, 57], [8, 99], [59, 81], [82, 89], [2, 40], [50, 73], [127, 47], [0, 0]]","[0, 6, 3, 5, 11, 4, 1, 7, 20, 9, 13, 14, 17, 10, 2, 16, 12, 19, 8, 15, 18, 21]",567.7991181855491,17.801172733306885
