Id,Coordinates,Order,Distance,Time
5134,"[[0, 0], [125, 20], [71, 32], [88, 41], [59, 36], [111, 43], [30, 20], [156, 22], [74, 6], [24, 12], [11, 9], [147, 7], [1, 38], [108, 6], [142, 1], [58, 17], [57, 39], [26, 48], [23, 7], [54, 27], [143, 24], [0, 0]]","[0, 10, 18, 9, 6, 16, 4, 2, 3, 5, 1, 20, 7, 11, 14, 13, 8, 15, 19, 17, 12, 21]",414.3816441651502,22.887999773025513
