Id,Coordinates,Order,Distance,Time
2516,"[[0, 0], [39, 112], [19, 152], [49, 27], [69, 55], [43, 159], [40, 91], [51, 8], [31, 134], [79, 38], [64, 155], [83, 138], [28, 68], [38, 123], [73, 152], [43, 145], [88, 34], [48, 61], [28, 78], [61, 95], [43, 131], [0, 0]]","[0, 7, 3, 9, 16, 4, 17, 12, 18, 6, 1, 13, 8, 2, 5, 10, 14, 11, 15, 20, 19, 21]",558.1371200742176,15.678673267364502
