Id,Coordinates,Order,Distance,Time
6453,"[[0, 0], [59, 10], [177, 3], [175, 22], [171, 16], [1, 3], [84, 6], [102, 20], [36, 14], [167, 7], [153, 14], [146, 19], [92, 4], [166, 10], [163, 11], [51, 17], [18, 17], [141, 7], [104, 15], [66, 8], [133, 16], [0, 0]]","[0, 5, 16, 8, 1, 19, 6, 12, 20, 11, 10, 14, 13, 4, 3, 2, 9, 17, 18, 7, 15, 21]",396.66588510501,15.486960172653198
