Id,Coordinates,Order,Distance,Time
1541,"[[0, 0], [46, 131], [135, 106], [104, 65], [108, 90], [139, 39], [61, 108], [12, 111], [13, 16], [58, 9], [23, 53], [53, 105], [114, 98], [37, 102], [4, 103], [101, 114], [33, 142], [39, 77], [107, 101], [10, 17], [101, 93], [0, 0]]","[0, 19, 8, 10, 17, 1, 16, 7, 14, 13, 11, 6, 20, 18, 15, 2, 12, 4, 3, 5, 9, 21]",615.5616602488091,15.987861394882202
