Id,Coordinates,Order,Distance,Time
7799,"[[0, 0], [105, 14], [39, 16], [171, 8], [166, 3], [87, 16], [17, 17], [92, 15], [155, 5], [8, 1], [179, 11], [22, 19], [16, 16], [29, 16], [90, 9], [174, 12], [175, 3], [91, 17], [167, 5], [152, 15], [64, 18], [0, 0]]","[0, 12, 6, 11, 13, 2, 20, 5, 17, 7, 1, 8, 4, 18, 16, 10, 15, 3, 19, 14, 9, 21]",378.10594596480007,15.782028436660767
