Id,Coordinates,Order,Distance,Time
5235,"[[0, 0], [54, 148], [11, 51], [37, 185], [44, 154], [69, 62], [3, 54], [35, 154], [4, 36], [20, 94], [60, 189], [34, 112], [30, 105], [44, 4], [54, 179], [35, 97], [18, 12], [27, 171], [4, 172], [52, 151], [21, 111], [0, 0]]","[0, 16, 8, 2, 6, 9, 12, 11, 20, 1, 19, 4, 7, 17, 3, 14, 10, 18, 15, 5, 13, 21]",585.1680248163841,16.373810291290283
