Id,Coordinates,Order,Distance,Time
9123,"[[0, 0], [71, 23], [100, 15], [50, 49], [37, 42], [41, 10], [89, 1], [89, 9], [90, 28], [34, 56], [54, 28], [39, 15], [24, 26], [4, 29], [77, 30], [56, 33], [23, 21], [51, 41], [47, 37], [13, 3], [61, 11], [0, 0]]","[0, 19, 11, 5, 20, 1, 14, 8, 2, 7, 6, 10, 15, 18, 17, 3, 9, 4, 12, 16, 13, 21]",321.8555443759347,16.376569271087646
