Id,Coordinates,Order,Distance,Time
6258,"[[0, 0], [34, 44], [45, 2], [11, 7], [54, 85], [5, 21], [85, 96], [59, 7], [121, 45], [33, 80], [52, 38], [134, 48], [33, 26], [77, 59], [39, 97], [89, 2], [41, 37], [98, 77], [137, 56], [79, 110], [47, 33], [0, 0]]","[0, 5, 12, 20, 10, 16, 1, 9, 14, 4, 19, 6, 13, 17, 18, 11, 8, 15, 7, 2, 3, 21]",494.51435535179525,13.698321104049683
