Id,Coordinates,Order,Distance,Time
5003,"[[0, 0], [28, 162], [37, 16], [62, 70], [83, 66], [76, 160], [95, 113], [21, 160], [55, 77], [24, 36], [5, 97], [16, 50], [102, 96], [2, 170], [98, 182], [9, 123], [107, 76], [69, 47], [1, 64], [101, 177], [20, 171], [0, 0]]","[0, 9, 11, 18, 10, 15, 13, 20, 7, 1, 5, 14, 19, 6, 12, 16, 4, 3, 8, 17, 2, 21]",585.8423028125469,19.46899962425232
