Id,Coordinates,Order,Distance,Time
8999,"[[0, 0], [55, 87], [26, 85], [22, 72], [2, 149], [26, 63], [24, 119], [27, 162], [32, 32], [52, 186], [25, 55], [14, 104], [53, 63], [17, 114], [49, 29], [2, 7], [56, 157], [53, 167], [46, 175], [49, 84], [5, 134], [0, 0]]","[0, 15, 8, 14, 12, 19, 1, 2, 3, 5, 11, 13, 6, 20, 4, 7, 18, 9, 17, 16, 10, 21]",538.9189270363387,13.723809957504272
