Id,Coordinates,Order,Distance,Time
159,"[[0, 0], [53, 68], [28, 15], [26, 88], [2, 54], [52, 42], [9, 6], [27, 5], [18, 67], [58, 59], [70, 47], [31, 44], [31, 78], [60, 18], [1, 48], [57, 55], [30, 2], [73, 94], [61, 98], [10, 83], [64, 83], [0, 0]]","[0, 7, 16, 13, 10, 15, 9, 1, 20, 17, 18, 12, 3, 19, 8, 4, 14, 11, 5, 2, 6, 21]",398.43484434374284,21.265343189239502
