Id,Coordinates,Order,Distance,Time
8826,"[[0, 0], [4, 191], [18, 7], [2, 97], [3, 168], [23, 16], [24, 149], [8, 100], [5, 105], [16, 121], [4, 90], [1, 62], [25, 100], [15, 122], [19, 5], [22, 57], [16, 104], [20, 131], [14, 19], [23, 139], [15, 170], [0, 0]]","[0, 2, 14, 5, 18, 15, 16, 12, 9, 13, 17, 19, 6, 20, 1, 4, 8, 7, 3, 10, 11, 21]",433.5500264061268,14.47976303100586
