Id,Coordinates,Order,Distance,Time
1632,"[[0, 0], [128, 9], [124, 2], [143, 8], [142, 16], [19, 17], [3, 9], [2, 31], [74, 18], [53, 33], [133, 26], [139, 14], [11, 31], [27, 19], [37, 15], [173, 34], [131, 32], [112, 20], [113, 19], [10, 18], [125, 18], [0, 0]]","[0, 6, 19, 5, 13, 14, 8, 17, 18, 20, 2, 1, 3, 11, 4, 15, 10, 16, 9, 12, 7, 21]",429.61582573592034,13.270803451538086
