Id,Coordinates,Order,Distance,Time
1891,"[[0, 0], [106, 83], [49, 99], [55, 94], [63, 112], [88, 94], [7, 81], [89, 12], [8, 150], [72, 4], [52, 89], [58, 133], [74, 154], [97, 80], [72, 42], [104, 164], [33, 80], [28, 131], [46, 53], [71, 32], [17, 158], [0, 0]]","[0, 18, 14, 19, 7, 9, 13, 1, 5, 4, 2, 3, 10, 17, 8, 20, 12, 15, 11, 16, 6, 21]",725.4515838770848,15.360622882843018
