Id,Coordinates,Order,Distance,Time
8214,"[[0, 0], [43, 34], [30, 14], [23, 72], [33, 59], [6, 2], [8, 12], [43, 25], [20, 22], [9, 80], [18, 70], [13, 70], [11, 40], [17, 92], [8, 37], [29, 30], [29, 100], [28, 101], [40, 74], [7, 15], [18, 30], [0, 0]]","[0, 5, 6, 8, 2, 1, 7, 15, 14, 12, 3, 10, 11, 9, 13, 17, 16, 18, 4, 20, 19, 21]",316.0161243978727,16.010791063308716
