Id,Coordinates,Order,Distance,Time
2216,"[[0, 0], [96, 132], [107, 117], [179, 122], [105, 89], [126, 43], [109, 100], [68, 47], [145, 2], [69, 72], [81, 113], [31, 25], [49, 67], [18, 97], [8, 25], [35, 145], [168, 127], [176, 106], [121, 105], [35, 4], [27, 93], [0, 0]]","[0, 14, 11, 7, 9, 12, 20, 13, 15, 10, 1, 2, 6, 4, 18, 16, 3, 17, 5, 8, 19, 21]",733.1741173398611,21.77191162109375
