Id,Coordinates,Order,Distance,Time
1342,"[[0, 0], [33, 26], [61, 146], [7, 34], [66, 182], [78, 114], [20, 59], [55, 158], [54, 21], [62, 83], [39, 48], [63, 143], [18, 88], [69, 60], [30, 32], [26, 9], [59, 15], [19, 20], [71, 36], [43, 158], [10, 114], [0, 0]]","[0, 15, 17, 1, 14, 10, 8, 16, 18, 13, 9, 5, 11, 2, 7, 4, 19, 20, 12, 6, 3, 21]",509.2204605011966,15.29886531829834
