Id,Coordinates,Order,Distance,Time
5447,"[[0, 0], [21, 29], [9, 109], [23, 132], [35, 41], [32, 40], [13, 75], [4, 92], [28, 164], [5, 163], [33, 104], [38, 79], [32, 158], [34, 55], [5, 119], [18, 78], [2, 128], [35, 135], [30, 134], [19, 60], [33, 88], [0, 0]]","[0, 1, 5, 4, 13, 19, 6, 15, 11, 20, 10, 2, 3, 18, 17, 12, 8, 9, 16, 14, 7, 21]",432.64628239505987,14.211470365524292
