Id,Coordinates,Order,Distance,Time
8598,"[[0, 0], [134, 10], [11, 18], [71, 13], [100, 15], [98, 3], [90, 11], [50, 6], [89, 12], [107, 10], [89, 17], [79, 6], [121, 1], [59, 3], [84, 2], [89, 12], [40, 18], [35, 4], [72, 6], [10, 14], [45, 5], [0, 0]]","[0, 19, 2, 17, 20, 7, 13, 18, 6, 8, 15, 10, 4, 9, 1, 12, 5, 14, 11, 3, 16, 21]",303.1996380221275,13.836432695388794
