Id,Coordinates,Order,Distance,Time
6337,"[[0, 0], [189, 26], [188, 1], [81, 18], [38, 1], [29, 31], [96, 58], [74, 76], [112, 24], [77, 24], [92, 14], [137, 14], [9, 42], [130, 19], [45, 37], [103, 2], [73, 54], [73, 76], [137, 82], [146, 55], [145, 35], [0, 0]]","[0, 12, 5, 14, 16, 17, 7, 6, 20, 19, 18, 1, 2, 11, 13, 8, 15, 10, 3, 9, 4, 21]",592.2728465094068,16.566882610321045
