Id,Coordinates,Order,Distance,Time
918,"[[0, 0], [37, 36], [55, 52], [64, 57], [45, 4], [48, 29], [41, 22], [60, 106], [12, 74], [45, 39], [1, 18], [44, 106], [13, 117], [41, 51], [45, 79], [47, 28], [8, 56], [11, 44], [3, 16], [52, 115], [61, 40], [0, 0]]","[0, 18, 10, 17, 16, 8, 12, 11, 19, 7, 14, 13, 1, 15, 5, 20, 3, 2, 9, 6, 4, 21]",407.74649094903646,17.310604572296143
