Id,Coordinates,Order,Distance,Time
6346,"[[0, 0], [22, 41], [5, 13], [20, 25], [10, 1], [18, 7], [5, 39], [24, 11], [22, 25], [18, 5], [7, 28], [15, 5], [19, 1], [22, 1], [2, 24], [11, 9], [21, 8], [6, 33], [16, 50], [10, 15], [14, 20], [0, 0]]","[0, 4, 11, 5, 16, 7, 13, 12, 9, 15, 2, 14, 10, 17, 6, 18, 1, 8, 3, 20, 19, 21]",164.65876826880583,14.026009321212769
