Id,Coordinates,Order,Distance,Time
5367,"[[0, 0], [26, 34], [30, 60], [157, 53], [157, 47], [18, 40], [124, 44], [149, 41], [130, 59], [55, 60], [71, 14], [87, 71], [4, 87], [85, 57], [14, 101], [83, 69], [74, 108], [89, 38], [49, 42], [156, 103], [37, 88], [0, 0]]","[0, 1, 5, 18, 13, 15, 11, 16, 20, 14, 12, 2, 9, 6, 7, 4, 3, 19, 8, 17, 10, 21]",687.4486339283312,15.571767330169678
