Id,Coordinates,Order,Distance,Time
273,"[[0, 0], [135, 8], [45, 4], [159, 10], [56, 3], [62, 13], [152, 18], [27, 13], [127, 14], [6, 15], [26, 5], [112, 17], [166, 17], [83, 18], [38, 7], [60, 5], [95, 15], [101, 13], [91, 1], [7, 7], [110, 5], [0, 0]]","[0, 19, 9, 7, 14, 2, 4, 15, 5, 13, 16, 17, 11, 8, 1, 3, 12, 6, 20, 18, 10, 21]",362.248986868808,13.647854328155518
