Id,Coordinates,Order,Distance,Time
8704,"[[0, 0], [61, 30], [9, 51], [64, 136], [63, 65], [15, 144], [84, 81], [58, 120], [13, 40], [35, 70], [32, 73], [23, 142], [57, 129], [52, 120], [2, 139], [49, 127], [2, 119], [90, 88], [65, 54], [92, 95], [7, 28], [0, 0]]","[0, 8, 10, 9, 1, 18, 4, 6, 17, 19, 7, 13, 15, 12, 3, 11, 5, 14, 16, 2, 20, 21]",487.38278160147917,17.13697099685669
