Id,Coordinates,Order,Distance,Time
6021,"[[0, 0], [72, 91], [43, 77], [98, 51], [114, 25], [137, 4], [140, 16], [4, 108], [122, 11], [110, 27], [10, 84], [126, 67], [12, 113], [74, 34], [36, 53], [58, 40], [134, 113], [118, 40], [28, 87], [31, 30], [102, 80], [0, 0]]","[0, 19, 14, 2, 18, 10, 7, 12, 1, 16, 11, 17, 9, 4, 8, 5, 6, 20, 3, 13, 15, 21]",651.1131559688188,16.840909719467163
