Id,Coordinates,Order,Distance,Time
7298,"[[0, 0], [33, 24], [69, 8], [64, 18], [87, 43], [66, 38], [74, 50], [26, 12], [85, 33], [67, 22], [85, 7], [77, 33], [23, 24], [6, 19], [23, 39], [53, 15], [79, 19], [82, 57], [24, 44], [46, 45], [45, 34], [0, 0]]","[0, 13, 12, 14, 18, 19, 20, 15, 3, 9, 2, 10, 16, 11, 8, 4, 17, 6, 5, 1, 7, 21]",321.0526225645546,16.076122999191284
