Id,Coordinates,Order,Distance,Time
9550,"[[0, 0], [10, 28], [14, 16], [4, 35], [9, 13], [8, 36], [6, 22], [2, 31], [5, 38], [18, 7], [1, 8], [10, 31], [9, 21], [10, 27], [8, 14], [3, 33], [15, 24], [5, 37], [4, 18], [1, 35], [9, 8], [0, 0]]","[0, 10, 4, 14, 18, 6, 12, 13, 1, 11, 5, 8, 17, 3, 19, 15, 7, 16, 2, 9, 20, 21]",115.34868032728882,13.773736953735352
