Id,Coordinates,Order,Distance,Time
5782,"[[0, 0], [96, 66], [85, 30], [112, 32], [13, 18], [27, 26], [19, 65], [137, 11], [73, 13], [143, 20], [31, 35], [34, 5], [37, 11], [90, 55], [34, 43], [70, 20], [137, 4], [20, 11], [84, 63], [12, 50], [114, 49], [0, 0]]","[0, 4, 17, 5, 10, 14, 19, 6, 18, 13, 1, 20, 3, 9, 7, 16, 2, 8, 15, 12, 11, 21]",448.02498279470285,14.363469123840332
