Id,Coordinates,Order,Distance,Time
8505,"[[0, 0], [75, 50], [3, 47], [93, 5], [35, 101], [71, 7], [40, 91], [55, 127], [36, 111], [16, 80], [16, 62], [52, 123], [92, 132], [38, 34], [8, 70], [75, 139], [36, 138], [55, 127], [93, 10], [60, 42], [65, 91], [0, 0]]","[0, 2, 10, 14, 9, 6, 4, 8, 16, 7, 17, 11, 15, 12, 20, 1, 19, 18, 3, 5, 13, 21]",513.0330914548539,15.218456268310547
