Id,Coordinates,Order,Distance,Time
3782,"[[0, 0], [89, 69], [76, 23], [10, 23], [106, 9], [40, 58], [74, 34], [87, 49], [115, 35], [105, 83], [75, 23], [95, 59], [51, 25], [92, 32], [136, 61], [33, 46], [87, 53], [74, 65], [85, 69], [74, 46], [111, 79], [0, 0]]","[0, 3, 15, 5, 17, 18, 1, 16, 7, 6, 10, 2, 13, 4, 8, 14, 20, 9, 11, 19, 12, 21]",455.8127491304233,14.97397518157959
