Id,Coordinates,Order,Distance,Time
6652,"[[0, 0], [34, 53], [20, 16], [34, 67], [30, 3], [11, 18], [32, 1], [3, 33], [44, 69], [32, 48], [38, 5], [7, 45], [35, 61], [14, 47], [3, 18], [11, 72], [3, 49], [23, 44], [9, 84], [1, 23], [4, 78], [0, 0]]","[0, 14, 19, 7, 11, 13, 17, 9, 1, 12, 3, 8, 18, 20, 15, 16, 5, 2, 10, 6, 4, 21]",283.8042231299007,16.130751371383667
