Id,Coordinates,Order,Distance,Time
6632,"[[0, 0], [36, 65], [48, 92], [1, 91], [47, 115], [6, 28], [4, 14], [84, 121], [50, 114], [75, 115], [24, 124], [44, 30], [65, 123], [1, 114], [56, 47], [63, 71], [70, 97], [96, 104], [70, 106], [78, 123], [53, 18], [0, 0]]","[0, 6, 11, 20, 14, 15, 2, 8, 4, 12, 9, 19, 7, 17, 16, 18, 10, 13, 3, 1, 5, 21]",498.3096232758809,17.985795259475708
