Id,Coordinates,Order,Distance,Time
4375,"[[0, 0], [155, 6], [19, 1], [12, 17], [27, 35], [169, 26], [12, 13], [124, 25], [123, 19], [49, 20], [124, 10], [112, 24], [166, 7], [102, 7], [30, 24], [34, 20], [28, 31], [27, 4], [20, 10], [28, 32], [109, 28], [0, 0]]","[0, 6, 3, 18, 15, 14, 16, 19, 4, 9, 20, 11, 7, 8, 1, 12, 5, 10, 13, 17, 2, 21]",413.32251254923193,16.162025451660156
