Id,Coordinates,Order,Distance,Time
1155,"[[0, 0], [25, 12], [14, 9], [12, 15], [9, 14], [130, 18], [75, 19], [119, 5], [93, 12], [54, 2], [125, 12], [81, 17], [66, 19], [101, 9], [93, 11], [10, 18], [46, 3], [46, 21], [33, 9], [123, 20], [32, 7], [0, 0]]","[0, 4, 15, 3, 1, 18, 20, 16, 9, 6, 11, 8, 14, 13, 7, 10, 5, 19, 12, 17, 2, 21]",296.3823133283907,15.98978853225708
