Id,Coordinates,Order,Distance,Time
7165,"[[0, 0], [34, 18], [37, 49], [5, 63], [10, 33], [38, 106], [51, 132], [4, 95], [52, 83], [33, 93], [34, 110], [52, 77], [52, 26], [38, 37], [46, 122], [52, 86], [12, 56], [56, 129], [59, 85], [9, 121], [13, 96], [0, 0]]","[0, 16, 3, 7, 20, 19, 9, 5, 10, 14, 6, 17, 18, 8, 15, 11, 2, 13, 12, 1, 4, 21]",430.4796892767025,15.284562587738037
