Id,Coordinates,Order,Distance,Time
7422,"[[0, 0], [48, 11], [58, 30], [55, 4], [31, 57], [42, 8], [43, 63], [44, 69], [29, 87], [26, 9], [42, 70], [45, 82], [18, 92], [42, 87], [55, 6], [16, 40], [35, 86], [16, 26], [32, 1], [6, 54], [38, 62], [0, 0]]","[0, 9, 18, 5, 1, 3, 14, 2, 4, 20, 6, 7, 10, 11, 13, 16, 8, 12, 19, 15, 17, 21]",296.73879054347447,19.036597728729248
