Id,Coordinates,Order,Distance,Time
179,"[[0, 0], [5, 87], [39, 50], [6, 40], [47, 70], [12, 73], [18, 53], [37, 159], [9, 169], [37, 23], [1, 152], [49, 152], [29, 171], [33, 179], [18, 18], [6, 42], [27, 1], [11, 45], [31, 117], [50, 34], [29, 92], [0, 0]]","[0, 16, 9, 19, 17, 15, 3, 6, 5, 1, 18, 11, 7, 12, 13, 8, 10, 20, 4, 2, 14, 21]",510.80379945773905,16.21166706085205
