Id,Coordinates,Order,Distance,Time
8919,"[[0, 0], [174, 77], [67, 55], [70, 4], [24, 41], [108, 17], [3, 111], [149, 30], [82, 29], [181, 119], [172, 1], [39, 86], [7, 97], [126, 49], [158, 35], [79, 109], [76, 75], [91, 74], [67, 116], [101, 43], [193, 53], [0, 0]]","[0, 4, 2, 16, 17, 19, 8, 3, 5, 13, 7, 14, 10, 20, 1, 9, 15, 18, 11, 6, 12, 21]",808.7044247917121,12.032383918762207
