Id,Coordinates,Order,Distance,Time
5766,"[[0, 0], [2, 2], [65, 62], [70, 26], [24, 55], [53, 27], [31, 27], [55, 57], [21, 17], [76, 35], [36, 41], [25, 17], [28, 11], [57, 61], [51, 1], [55, 7], [40, 73], [5, 31], [8, 30], [69, 5], [4, 28], [0, 0]]","[0, 1, 8, 11, 12, 10, 4, 16, 7, 13, 2, 9, 3, 19, 14, 15, 5, 6, 18, 17, 20, 21]",331.32960692580355,15.026865482330322
