Id,Coordinates,Order,Distance,Time
3562,"[[0, 0], [66, 81], [36, 53], [40, 60], [78, 25], [82, 36], [72, 40], [51, 140], [79, 109], [64, 14], [62, 129], [101, 25], [84, 58], [7, 99], [94, 68], [91, 49], [71, 4], [102, 141], [64, 109], [48, 54], [102, 102], [0, 0]]","[0, 2, 3, 19, 6, 5, 4, 9, 16, 11, 15, 12, 14, 1, 18, 8, 20, 17, 10, 7, 13, 21]",603.2569629027814,13.705333948135376
