Id,Coordinates,Order,Distance,Time
8123,"[[0, 0], [57, 111], [49, 111], [60, 96], [5, 135], [62, 43], [55, 43], [46, 53], [46, 131], [15, 126], [57, 126], [27, 35], [18, 13], [17, 108], [45, 112], [54, 14], [61, 45], [55, 84], [5, 14], [22, 25], [54, 147], [0, 0]]","[0, 12, 19, 11, 15, 5, 16, 6, 7, 17, 3, 1, 2, 14, 10, 8, 20, 4, 9, 13, 18, 21]",444.0879675249685,16.38213872909546
