Id,Coordinates,Order,Distance,Time
8365,"[[0, 0], [56, 24], [3, 91], [4, 29], [23, 12], [13, 45], [54, 10], [38, 41], [3, 7], [29, 19], [46, 77], [18, 65], [6, 45], [13, 58], [24, 70], [15, 23], [26, 25], [45, 72], [44, 16], [2, 50], [31, 46], [0, 0]]","[0, 8, 15, 16, 9, 4, 18, 6, 1, 7, 20, 11, 14, 17, 10, 2, 13, 19, 12, 5, 3, 21]",345.6329147129786,15.186002969741821
