Id,Coordinates,Order,Distance,Time
3726,"[[0, 0], [1, 24], [17, 34], [111, 2], [104, 4], [114, 15], [30, 27], [29, 43], [36, 29], [82, 10], [122, 16], [32, 12], [35, 3], [124, 16], [20, 38], [5, 23], [7, 38], [64, 10], [105, 9], [125, 33], [17, 12], [0, 0]]","[0, 20, 6, 8, 7, 14, 2, 16, 1, 15, 11, 17, 9, 18, 4, 3, 5, 10, 13, 19, 12, 21]",392.10375899460934,16.74119734764099
