Id,Coordinates,Order,Distance,Time
5717,"[[0, 0], [51, 31], [21, 40], [48, 172], [13, 120], [29, 97], [29, 157], [23, 172], [43, 9], [49, 61], [58, 51], [31, 81], [1, 130], [53, 97], [30, 53], [61, 131], [57, 113], [34, 103], [19, 117], [21, 141], [41, 6], [0, 0]]","[0, 20, 8, 1, 10, 9, 11, 5, 17, 13, 16, 15, 3, 7, 6, 19, 12, 18, 4, 14, 2, 21]",491.6980686530795,17.860883712768555
