Id,Coordinates,Order,Distance,Time
7790,"[[0, 0], [15, 58], [84, 18], [107, 52], [100, 74], [44, 74], [4, 57], [149, 11], [12, 62], [2, 5], [66, 16], [25, 50], [1, 45], [3, 67], [23, 62], [126, 9], [37, 33], [144, 6], [93, 40], [148, 10], [2, 51], [0, 0]]","[0, 9, 12, 20, 6, 13, 8, 1, 11, 16, 18, 3, 4, 5, 14, 17, 19, 7, 15, 2, 10, 21]",586.378064207078,12.376137018203735
