Id,Coordinates,Order,Distance,Time
4574,"[[0, 0], [134, 2], [120, 1], [107, 22], [138, 18], [39, 3], [1, 4], [43, 17], [139, 4], [77, 16], [14, 4], [175, 4], [91, 3], [175, 5], [145, 20], [40, 14], [170, 8], [28, 20], [10, 24], [136, 2], [14, 3], [0, 0]]","[0, 6, 10, 18, 17, 15, 7, 12, 2, 1, 19, 8, 16, 13, 11, 14, 4, 3, 9, 5, 20, 21]",392.0265945946285,15.074493885040283
