Id,Coordinates,Order,Distance,Time
8643,"[[0, 0], [94, 8], [96, 3], [38, 9], [50, 3], [120, 5], [28, 7], [11, 5], [60, 9], [5, 7], [9, 10], [4, 8], [3, 6], [101, 10], [57, 10], [36, 7], [17, 6], [1, 9], [37, 10], [15, 10], [32, 8], [0, 0]]","[0, 12, 9, 11, 17, 10, 19, 16, 6, 20, 15, 3, 18, 14, 8, 1, 13, 5, 2, 4, 7, 21]",259.91082625932034,14.92506217956543
