Id,Coordinates,Order,Distance,Time
976,"[[0, 0], [3, 9], [36, 40], [40, 48], [2, 55], [27, 14], [22, 37], [45, 72], [25, 25], [5, 10], [20, 10], [25, 35], [8, 56], [30, 35], [45, 68], [2, 35], [18, 37], [18, 42], [40, 65], [7, 1], [37, 38], [0, 0]]","[0, 19, 10, 5, 8, 6, 16, 17, 11, 13, 20, 2, 3, 14, 7, 18, 12, 4, 15, 9, 1, 21]",225.63439233998412,18.30062484741211
