Id,Coordinates,Order,Distance,Time
8388,"[[0, 0], [81, 11], [7, 12], [15, 3], [76, 6], [88, 1], [88, 7], [62, 10], [34, 11], [52, 4], [76, 5], [81, 6], [47, 15], [13, 9], [67, 1], [4, 6], [27, 16], [18, 3], [38, 11], [32, 6], [21, 3], [0, 0]]","[0, 15, 3, 17, 20, 19, 18, 12, 7, 10, 4, 11, 1, 6, 5, 14, 9, 8, 16, 13, 2, 21]",208.87914881516912,23.48554825782776
