Id,Coordinates,Order,Distance,Time
8843,"[[0, 0], [15, 72], [83, 63], [39, 1], [26, 56], [80, 22], [76, 59], [123, 10], [100, 59], [64, 3], [8, 5], [83, 71], [21, 52], [3, 63], [90, 66], [129, 14], [90, 17], [85, 17], [139, 1], [24, 4], [97, 63], [0, 0]]","[0, 10, 19, 3, 9, 5, 17, 16, 7, 18, 15, 8, 20, 14, 11, 2, 6, 4, 12, 1, 13, 21]",416.5061548398221,18.791626930236816
