Id,Coordinates,Order,Distance,Time
6112,"[[0, 0], [49, 52], [25, 43], [6, 14], [27, 79], [10, 146], [27, 70], [24, 115], [55, 24], [1, 139], [23, 148], [5, 14], [38, 53], [3, 15], [19, 168], [52, 32], [55, 29], [5, 59], [36, 85], [17, 90], [19, 44], [0, 0]]","[0, 11, 3, 20, 2, 15, 16, 8, 1, 12, 6, 4, 18, 7, 10, 14, 5, 9, 19, 17, 13, 21]",436.81173420806965,14.996467113494873
