Id,Coordinates,Order,Distance,Time
8075,"[[0, 0], [54, 41], [111, 92], [18, 66], [72, 33], [92, 99], [132, 2], [101, 95], [102, 106], [87, 94], [88, 37], [117, 71], [136, 86], [68, 3], [64, 103], [6, 106], [76, 4], [22, 24], [141, 114], [28, 17], [49, 84], [0, 0]]","[0, 17, 19, 1, 4, 16, 13, 6, 11, 2, 7, 5, 9, 20, 3, 15, 14, 8, 18, 12, 10, 21]",762.4230012217603,15.552395343780518
