Id,Coordinates,Order,Distance,Time
2692,"[[0, 0], [7, 101], [31, 164], [11, 108], [41, 139], [17, 79], [6, 87], [11, 177], [37, 138], [6, 106], [6, 84], [36, 66], [21, 59], [17, 12], [31, 121], [39, 106], [27, 175], [5, 18], [25, 67], [32, 111], [16, 60], [0, 0]]","[0, 13, 12, 20, 18, 5, 10, 6, 1, 9, 3, 19, 14, 8, 4, 2, 16, 7, 15, 11, 17, 21]",437.9291662715401,14.365251779556274
