Id,Coordinates,Order,Distance,Time
488,"[[0, 0], [3, 16], [47, 39], [14, 29], [21, 10], [30, 103], [36, 70], [7, 113], [19, 24], [9, 136], [18, 47], [45, 144], [5, 14], [26, 139], [48, 130], [26, 132], [10, 13], [16, 26], [31, 149], [19, 13], [31, 55], [0, 0]]","[0, 12, 1, 16, 19, 8, 17, 3, 10, 20, 6, 5, 7, 9, 15, 13, 18, 11, 14, 2, 4, 21]",400.78593522027546,15.085586786270142
