Id,Coordinates,Order,Distance,Time
9041,"[[0, 0], [3, 73], [132, 92], [85, 81], [106, 40], [121, 111], [58, 76], [170, 44], [81, 151], [2, 89], [170, 149], [48, 59], [93, 127], [111, 169], [172, 36], [142, 119], [68, 151], [157, 165], [47, 60], [160, 82], [87, 64], [0, 0]]","[0, 1, 9, 18, 11, 6, 20, 3, 5, 15, 10, 17, 13, 8, 16, 12, 2, 19, 7, 14, 4, 21]",780.1592431322304,13.935486078262329
