Id,Coordinates,Order,Distance,Time
6901,"[[0, 0], [91, 21], [28, 6], [138, 21], [177, 12], [66, 19], [162, 20], [169, 1], [118, 13], [54, 27], [77, 13], [69, 32], [114, 2], [88, 13], [120, 35], [162, 27], [103, 23], [168, 16], [53, 24], [123, 20], [184, 8], [0, 0]]","[0, 2, 5, 10, 13, 1, 16, 8, 19, 14, 3, 15, 6, 17, 4, 20, 7, 12, 11, 9, 18, 21]",436.42853025577966,15.706327438354492
