Id,Coordinates,Order,Distance,Time
1347,"[[0, 0], [7, 18], [3, 82], [7, 48], [3, 83], [10, 92], [4, 63], [6, 86], [4, 14], [9, 42], [6, 15], [6, 73], [3, 35], [9, 42], [3, 18], [8, 64], [2, 90], [9, 15], [1, 34], [5, 39], [2, 78], [0, 0]]","[0, 8, 10, 17, 1, 12, 19, 9, 13, 3, 15, 11, 20, 2, 4, 16, 5, 7, 6, 18, 14, 21]",201.58251030263634,14.29794430732727
