Id,Coordinates,Order,Distance,Time
7868,"[[0, 0], [89, 6], [21, 52], [37, 37], [163, 116], [32, 77], [133, 106], [34, 116], [113, 55], [18, 106], [54, 11], [16, 32], [71, 78], [78, 35], [141, 29], [109, 24], [91, 111], [136, 111], [47, 70], [32, 13], [26, 54], [0, 0]]","[0, 19, 10, 3, 20, 18, 12, 16, 6, 17, 4, 14, 15, 1, 13, 8, 7, 9, 5, 2, 11, 21]",727.7639081842958,13.66814112663269
