Id,Coordinates,Order,Distance,Time
3095,"[[0, 0], [97, 49], [98, 12], [37, 43], [38, 67], [11, 48], [13, 34], [45, 37], [105, 36], [36, 24], [40, 43], [80, 54], [62, 5], [92, 7], [41, 16], [43, 2], [90, 59], [72, 13], [96, 13], [15, 59], [15, 12], [0, 0]]","[0, 6, 5, 19, 4, 3, 10, 14, 15, 12, 17, 13, 18, 2, 8, 1, 16, 11, 7, 9, 20, 21]",377.91878468271307,14.987819194793701
