Id,Coordinates,Order,Distance,Time
1638,"[[0, 0], [16, 26], [15, 31], [16, 84], [19, 8], [96, 68], [76, 99], [55, 71], [148, 44], [31, 88], [84, 59], [62, 85], [75, 42], [63, 30], [114, 41], [16, 16], [114, 112], [118, 41], [73, 68], [113, 63], [23, 40], [0, 0]]","[0, 4, 13, 12, 18, 10, 5, 19, 14, 17, 8, 16, 6, 11, 7, 9, 3, 20, 2, 1, 15, 21]",505.85782911447274,11.218728303909302
