Id,Coordinates,Order,Distance,Time
5793,"[[0, 0], [76, 35], [16, 24], [27, 56], [82, 50], [108, 50], [50, 33], [91, 8], [98, 31], [38, 43], [104, 30], [67, 1], [99, 44], [54, 1], [1, 55], [106, 15], [61, 43], [87, 30], [26, 48], [70, 25], [47, 46], [0, 0]]","[0, 14, 3, 18, 9, 20, 6, 16, 19, 1, 17, 4, 12, 5, 8, 10, 15, 7, 11, 13, 2, 21]",402.6168764775357,19.631251096725464
