Id,Coordinates,Order,Distance,Time
8086,"[[0, 0], [18, 100], [20, 26], [6, 33], [12, 27], [7, 48], [21, 104], [8, 47], [14, 34], [8, 118], [9, 85], [17, 32], [19, 5], [17, 62], [14, 29], [1, 25], [20, 15], [16, 65], [15, 123], [19, 3], [22, 1], [0, 0]]","[0, 19, 20, 12, 16, 2, 11, 8, 14, 4, 3, 7, 5, 13, 17, 1, 6, 18, 9, 10, 15, 21]",297.5919562902103,13.303524494171143
