Id,Coordinates,Order,Distance,Time
7443,"[[0, 0], [126, 56], [60, 10], [60, 73], [133, 65], [134, 60], [4, 43], [131, 18], [87, 5], [136, 62], [106, 19], [52, 9], [41, 7], [98, 26], [11, 75], [126, 25], [62, 10], [79, 72], [145, 67], [49, 45], [138, 35], [0, 0]]","[0, 12, 11, 2, 16, 8, 13, 10, 15, 7, 20, 5, 9, 18, 4, 1, 17, 3, 19, 14, 6, 21]",454.660157932292,15.440221786499023
