Id,Coordinates,Order,Distance,Time
1293,"[[0, 0], [77, 134], [114, 137], [50, 154], [97, 153], [9, 166], [34, 158], [46, 134], [116, 57], [10, 140], [102, 191], [112, 27], [104, 116], [26, 58], [28, 153], [28, 28], [77, 7], [102, 165], [23, 40], [67, 107], [62, 175], [0, 0]]","[0, 15, 18, 13, 19, 2, 4, 17, 10, 20, 3, 6, 14, 5, 9, 7, 1, 12, 8, 11, 16, 21]",700.500974941735,15.929079055786133
