Id,Coordinates,Order,Distance,Time
3468,"[[0, 0], [13, 47], [66, 57], [8, 131], [83, 80], [53, 108], [102, 137], [56, 109], [11, 93], [90, 44], [5, 3], [74, 119], [50, 109], [90, 122], [123, 132], [2, 52], [65, 3], [97, 58], [125, 39], [122, 78], [64, 104], [0, 0]]","[0, 1, 15, 8, 3, 12, 5, 7, 20, 11, 13, 6, 14, 19, 4, 2, 9, 17, 18, 16, 10, 21]",612.4653991828403,20.142332315444946
