Id,Coordinates,Order,Distance,Time
197,"[[0, 0], [7, 44], [60, 1], [5, 63], [19, 39], [9, 56], [54, 27], [77, 51], [2, 10], [34, 55], [57, 19], [9, 32], [111, 45], [2, 53], [72, 14], [81, 27], [116, 55], [18, 63], [93, 24], [117, 71], [17, 66], [0, 0]]","[0, 8, 11, 1, 13, 5, 3, 20, 17, 9, 4, 6, 10, 15, 18, 12, 16, 19, 7, 14, 2, 21]",423.6154108282683,13.822797298431396
