Id,Coordinates,Order,Distance,Time
3899,"[[0, 0], [65, 3], [111, 6], [175, 17], [99, 6], [179, 18], [191, 6], [113, 19], [10, 6], [13, 37], [7, 35], [68, 7], [120, 30], [122, 41], [84, 7], [121, 17], [73, 19], [33, 32], [122, 39], [39, 43], [36, 8], [0, 0]]","[0, 8, 10, 9, 17, 19, 1, 11, 14, 4, 2, 7, 12, 18, 13, 3, 5, 6, 15, 16, 20, 21]",486.09212536577115,16.507486581802368
