Id,Coordinates,Order,Distance,Time
6604,"[[0, 0], [89, 56], [107, 84], [56, 19], [78, 12], [80, 70], [35, 69], [41, 25], [61, 14], [10, 89], [34, 46], [95, 52], [54, 29], [6, 118], [49, 47], [104, 9], [37, 72], [68, 79], [51, 10], [77, 73], [62, 102], [0, 0]]","[0, 7, 12, 3, 18, 8, 4, 15, 11, 1, 5, 19, 17, 16, 6, 10, 14, 2, 20, 13, 9, 21]",585.801361226069,16.234310388565063
