Id,Coordinates,Order,Distance,Time
9436,"[[0, 0], [15, 13], [44, 51], [2, 46], [16, 43], [48, 15], [39, 19], [16, 48], [35, 45], [31, 35], [38, 53], [20, 16], [35, 29], [23, 34], [3, 53], [44, 63], [10, 14], [45, 10], [4, 57], [7, 26], [42, 50], [0, 0]]","[0, 16, 1, 11, 13, 9, 12, 6, 17, 5, 8, 10, 20, 2, 15, 7, 4, 18, 14, 3, 19, 21]",262.48921720387864,16.2985200881958
