Id,Coordinates,Order,Distance,Time
3646,"[[0, 0], [15, 31], [41, 27], [46, 45], [23, 7], [57, 12], [16, 118], [10, 70], [43, 23], [55, 62], [47, 82], [24, 60], [42, 61], [32, 47], [41, 24], [42, 62], [54, 51], [33, 4], [59, 67], [52, 46], [59, 95], [0, 0]]","[0, 17, 5, 8, 14, 2, 3, 19, 16, 9, 18, 15, 12, 10, 20, 6, 7, 11, 13, 1, 4, 21]",388.4695247485135,14.581423997879028
