Id,Coordinates,Order,Distance,Time
6033,"[[0, 0], [54, 110], [36, 76], [35, 115], [58, 85], [1, 57], [56, 2], [57, 82], [47, 20], [24, 67], [34, 12], [34, 10], [76, 44], [83, 102], [55, 109], [37, 117], [62, 56], [29, 60], [29, 68], [34, 118], [49, 104], [0, 0]]","[0, 11, 10, 8, 6, 12, 16, 7, 4, 13, 1, 14, 15, 3, 19, 20, 2, 18, 17, 9, 5, 21]",414.5540063080412,13.842769622802734
