Id,Coordinates,Order,Distance,Time
4286,"[[0, 0], [3, 114], [2, 114], [12, 109], [11, 114], [12, 33], [8, 21], [1, 15], [12, 32], [10, 139], [12, 40], [11, 104], [12, 9], [10, 123], [13, 51], [9, 100], [7, 139], [9, 31], [2, 54], [2, 54], [6, 96], [0, 0]]","[0, 12, 6, 17, 8, 5, 10, 18, 19, 20, 15, 11, 3, 1, 2, 16, 9, 13, 4, 14, 7, 21]",302.68559532885786,16.02250075340271
