Id,Coordinates,Order,Distance,Time
3884,"[[0, 0], [84, 115], [174, 11], [133, 120], [35, 77], [167, 44], [25, 18], [125, 115], [80, 119], [93, 118], [60, 126], [115, 37], [153, 94], [168, 122], [123, 35], [140, 32], [18, 24], [110, 82], [118, 94], [125, 109], [1, 11], [0, 0]]","[0, 20, 16, 6, 4, 10, 8, 1, 9, 7, 19, 3, 18, 17, 12, 13, 5, 2, 15, 14, 11, 21]",662.4558033992066,14.214165925979614
