Id,Coordinates,Order,Distance,Time
8367,"[[0, 0], [116, 83], [87, 70], [17, 45], [24, 85], [10, 116], [107, 114], [68, 23], [127, 54], [1, 117], [96, 70], [30, 70], [117, 59], [35, 69], [28, 86], [64, 51], [53, 100], [57, 40], [117, 16], [8, 112], [51, 71], [0, 0]]","[0, 3, 11, 13, 20, 15, 17, 7, 18, 8, 12, 10, 2, 1, 6, 16, 14, 4, 19, 5, 9, 21]",600.8628281206207,16.08933925628662
