Id,Coordinates,Order,Distance,Time
608,"[[0, 0], [55, 10], [94, 136], [121, 39], [63, 41], [112, 29], [75, 147], [30, 150], [43, 41], [133, 40], [151, 48], [135, 60], [109, 82], [121, 79], [56, 150], [47, 124], [115, 127], [53, 107], [143, 4], [131, 141], [89, 144], [0, 0]]","[0, 8, 4, 17, 15, 7, 14, 6, 20, 2, 16, 19, 12, 13, 11, 10, 9, 3, 5, 18, 1, 21]",655.4160506347916,18.80444884300232
