Id,Coordinates,Order,Distance,Time
1290,"[[0, 0], [72, 28], [64, 5], [37, 20], [48, 47], [25, 12], [85, 14], [84, 54], [54, 56], [49, 12], [16, 22], [61, 27], [15, 6], [16, 55], [68, 42], [11, 15], [7, 43], [49, 59], [39, 45], [72, 25], [81, 51], [0, 0]]","[0, 12, 15, 10, 5, 9, 2, 6, 19, 1, 11, 14, 20, 7, 8, 17, 4, 18, 13, 16, 3, 21]",355.2424420686192,14.282185077667236
