Id,Coordinates,Order,Distance,Time
5988,"[[0, 0], [7, 118], [166, 110], [14, 6], [154, 78], [24, 82], [125, 119], [30, 107], [62, 90], [17, 85], [33, 19], [64, 74], [148, 89], [60, 112], [151, 3], [104, 68], [104, 107], [139, 129], [157, 49], [37, 44], [89, 56], [0, 0]]","[0, 3, 10, 19, 5, 9, 1, 7, 13, 8, 11, 20, 15, 16, 6, 17, 2, 12, 4, 18, 14, 21]",669.1398217587137,15.945058107376099
