Id,Coordinates,Order,Distance,Time
5971,"[[0, 0], [49, 80], [4, 4], [137, 129], [40, 74], [59, 47], [156, 93], [84, 124], [34, 70], [82, 92], [63, 103], [55, 14], [129, 25], [89, 72], [11, 1], [104, 115], [84, 109], [25, 83], [48, 92], [29, 24], [95, 56], [0, 0]]","[0, 2, 14, 11, 5, 4, 8, 17, 1, 18, 10, 9, 13, 20, 12, 6, 3, 15, 7, 16, 19, 21]",634.0389395772677,16.75297236442566
