Id,Coordinates,Order,Distance,Time
7900,"[[0, 0], [29, 38], [9, 36], [38, 9], [46, 18], [14, 30], [37, 30], [3, 3], [38, 27], [4, 13], [6, 20], [1, 16], [30, 21], [40, 4], [2, 23], [7, 27], [35, 1], [33, 8], [45, 22], [21, 3], [44, 19], [0, 0]]","[0, 7, 9, 11, 10, 14, 15, 2, 5, 1, 6, 8, 18, 20, 4, 3, 13, 16, 17, 12, 19, 21]",183.06515713456213,16.746142148971558
