Id,Coordinates,Order,Distance,Time
6675,"[[0, 0], [39, 31], [42, 108], [8, 92], [16, 25], [27, 33], [26, 92], [41, 97], [13, 75], [32, 43], [18, 115], [4, 27], [20, 50], [17, 76], [3, 24], [43, 62], [16, 122], [28, 106], [37, 65], [38, 119], [3, 92], [0, 0]]","[0, 14, 11, 4, 5, 9, 12, 13, 8, 20, 3, 6, 17, 10, 16, 19, 2, 7, 18, 15, 1, 21]",350.0709663262434,18.97699737548828
