Id,Coordinates,Order,Distance,Time
6248,"[[0, 0], [57, 97], [45, 22], [53, 98], [44, 51], [37, 55], [53, 48], [49, 10], [20, 52], [33, 69], [3, 81], [10, 104], [35, 57], [11, 103], [7, 78], [38, 40], [11, 49], [39, 94], [46, 14], [22, 18], [53, 10], [0, 0]]","[0, 7, 20, 18, 2, 4, 5, 12, 9, 8, 16, 14, 10, 13, 11, 17, 3, 1, 6, 15, 19, 21]",382.34422868972786,14.784440279006958
