Id,Coordinates,Order,Distance,Time
6849,"[[0, 0], [130, 65], [147, 36], [104, 159], [166, 107], [21, 46], [104, 144], [4, 185], [3, 150], [56, 71], [119, 156], [73, 127], [25, 116], [95, 7], [92, 135], [69, 125], [54, 117], [94, 142], [49, 157], [38, 14], [160, 78], [0, 0]]","[0, 19, 15, 11, 14, 17, 6, 3, 10, 4, 20, 1, 2, 13, 9, 12, 8, 7, 18, 16, 5, 21]",878.2439929769029,15.987912654876709
