Id,Coordinates,Order,Distance,Time
4828,"[[0, 0], [40, 14], [30, 16], [21, 53], [20, 40], [49, 6], [44, 71], [33, 41], [42, 33], [30, 4], [47, 76], [23, 14], [13, 102], [51, 18], [25, 3], [12, 43], [30, 23], [19, 31], [21, 55], [14, 44], [21, 86], [0, 0]]","[0, 14, 9, 1, 5, 13, 8, 7, 4, 19, 15, 3, 18, 6, 10, 20, 12, 17, 16, 2, 11, 21]",340.7558793144142,12.32944393157959
