Id,Coordinates,Order,Distance,Time
1801,"[[0, 0], [3, 50], [100, 33], [126, 53], [18, 8], [43, 5], [82, 52], [45, 55], [22, 13], [61, 18], [57, 52], [50, 15], [14, 31], [48, 24], [4, 16], [3, 46], [128, 40], [120, 3], [93, 49], [92, 9], [52, 17], [0, 0]]","[0, 14, 12, 15, 1, 7, 10, 6, 18, 2, 3, 16, 17, 19, 9, 20, 13, 11, 5, 8, 4, 21]",396.4959730046566,19.333967685699463
