Id,Coordinates,Order,Distance,Time
2585,"[[0, 0], [10, 12], [20, 69], [140, 6], [28, 45], [85, 70], [74, 4], [51, 15], [55, 62], [92, 72], [48, 46], [71, 7], [71, 17], [51, 56], [18, 7], [130, 7], [134, 6], [48, 57], [21, 34], [72, 24], [96, 65], [0, 0]]","[0, 1, 18, 4, 2, 10, 17, 13, 8, 5, 9, 20, 19, 12, 11, 6, 16, 3, 15, 7, 14, 21]",459.1312063143933,14.279168128967285
