Id,Coordinates,Order,Distance,Time
9648,"[[0, 0], [64, 53], [11, 4], [48, 75], [26, 33], [62, 119], [21, 61], [57, 86], [82, 101], [54, 90], [17, 31], [41, 26], [10, 34], [39, 62], [53, 105], [51, 8], [38, 81], [64, 84], [72, 112], [53, 124], [36, 142], [0, 0]]","[0, 2, 10, 4, 11, 15, 1, 13, 3, 16, 9, 7, 17, 8, 18, 5, 19, 20, 14, 6, 12, 21]",462.8540653974158,15.645832777023315
