Id,Coordinates,Order,Distance,Time
1822,"[[0, 0], [58, 58], [47, 18], [70, 31], [92, 46], [104, 35], [85, 51], [89, 21], [13, 58], [86, 49], [55, 42], [75, 26], [48, 32], [97, 58], [28, 7], [83, 30], [39, 10], [93, 31], [73, 18], [93, 50], [96, 14], [0, 0]]","[0, 14, 16, 2, 12, 10, 6, 9, 4, 19, 13, 5, 17, 20, 7, 15, 18, 11, 3, 1, 8, 21]",368.80054752785395,17.35762047767639
