Id,Coordinates,Order,Distance,Time
2946,"[[0, 0], [52, 103], [118, 92], [87, 93], [1, 64], [159, 89], [96, 79], [57, 60], [56, 63], [21, 56], [4, 18], [121, 104], [1, 29], [109, 108], [136, 22], [71, 3], [35, 93], [166, 42], [140, 5], [99, 20], [33, 36], [0, 0]]","[0, 10, 12, 4, 9, 16, 1, 3, 6, 2, 13, 11, 5, 17, 14, 18, 19, 15, 7, 8, 20, 21]",618.7362396931885,16.01573157310486
