Id,Coordinates,Order,Distance,Time
8055,"[[0, 0], [116, 46], [134, 31], [28, 152], [55, 120], [34, 167], [85, 58], [152, 3], [21, 28], [140, 153], [133, 93], [139, 129], [130, 125], [113, 79], [160, 28], [81, 127], [34, 55], [84, 44], [24, 68], [158, 100], [134, 148], [0, 0]]","[0, 8, 16, 15, 12, 20, 9, 11, 19, 10, 13, 1, 2, 14, 7, 17, 6, 4, 5, 3, 18, 21]",834.3552071611008,14.964346885681152
