Id,Coordinates,Order,Distance,Time
944,"[[0, 0], [13, 5], [8, 4], [14, 50], [38, 54], [11, 35], [25, 51], [28, 18], [9, 48], [27, 48], [19, 52], [9, 23], [8, 15], [28, 47], [39, 22], [7, 2], [26, 9], [18, 38], [33, 17], [18, 49], [37, 52], [0, 0]]","[0, 2, 12, 11, 5, 17, 8, 3, 19, 10, 6, 9, 13, 20, 4, 14, 18, 7, 16, 1, 15, 21]",178.28044461584633,19.118042707443237
