Id,Coordinates,Order,Distance,Time
7415,"[[0, 0], [24, 7], [27, 16], [5, 7], [11, 16], [2, 3], [3, 2], [3, 15], [22, 16], [20, 16], [15, 3], [22, 12], [36, 7], [31, 2], [19, 4], [14, 8], [35, 2], [21, 4], [25, 5], [40, 1], [4, 5], [0, 0]]","[0, 5, 20, 3, 7, 4, 15, 14, 17, 18, 1, 11, 9, 8, 2, 12, 19, 16, 13, 10, 6, 21]",124.85852724726206,15.594042778015137
