Id,Coordinates,Order,Distance,Time
9219,"[[0, 0], [10, 3], [18, 8], [9, 23], [32, 10], [21, 16], [25, 3], [27, 19], [70, 15], [9, 3], [30, 17], [20, 16], [87, 24], [9, 21], [13, 22], [65, 15], [41, 4], [15, 17], [83, 14], [2, 18], [7, 6], [0, 0]]","[0, 9, 1, 2, 11, 5, 17, 19, 3, 13, 14, 7, 10, 4, 15, 8, 18, 12, 16, 6, 20, 21]",243.06127519242006,18.957008123397827
