Id,Coordinates,Order,Distance,Time
8084,"[[0, 0], [9, 3], [6, 100], [23, 38], [13, 107], [95, 68], [13, 21], [59, 64], [61, 76], [47, 138], [64, 75], [63, 62], [116, 84], [117, 79], [5, 126], [120, 36], [23, 143], [16, 37], [63, 22], [39, 116], [17, 17], [0, 0]]","[0, 1, 20, 6, 17, 3, 18, 11, 7, 8, 10, 5, 15, 13, 12, 19, 9, 16, 14, 4, 2, 21]",563.854320271492,16.373608350753784
