Id,Coordinates,Order,Distance,Time
2716,"[[0, 0], [7, 3], [23, 136], [7, 79], [16, 50], [8, 97], [41, 19], [20, 103], [76, 45], [20, 22], [45, 91], [71, 100], [70, 99], [3, 44], [66, 63], [71, 42], [8, 83], [62, 114], [37, 143], [69, 3], [53, 60], [0, 0]]","[0, 1, 9, 6, 19, 15, 8, 14, 20, 10, 12, 11, 17, 18, 2, 7, 5, 16, 3, 4, 13, 21]",445.6377021749043,16.801970958709717
