Id,Coordinates,Order,Distance,Time
8204,"[[0, 0], [106, 103], [51, 16], [99, 104], [14, 81], [70, 96], [65, 3], [91, 76], [146, 123], [1, 70], [56, 127], [105, 75], [111, 118], [150, 123], [24, 159], [68, 101], [150, 87], [132, 2], [149, 153], [141, 8], [138, 51], [0, 0]]","[0, 2, 6, 17, 19, 20, 16, 13, 8, 18, 12, 1, 3, 11, 7, 5, 15, 10, 14, 4, 9, 21]",692.7267431976538,16.758476972579956
