Id,Coordinates,Order,Distance,Time
2634,"[[0, 0], [127, 129], [55, 83], [50, 4], [11, 19], [55, 146], [26, 125], [62, 117], [77, 146], [16, 77], [115, 110], [126, 62], [86, 133], [85, 140], [41, 53], [136, 27], [110, 59], [56, 16], [142, 105], [112, 149], [2, 35], [0, 0]]","[0, 4, 20, 14, 2, 7, 12, 13, 8, 5, 6, 9, 17, 15, 11, 18, 1, 19, 10, 16, 3, 21]",814.0298700461224,16.55463147163391
