Id,Coordinates,Order,Distance,Time
6668,"[[0, 0], [95, 56], [24, 30], [28, 80], [55, 138], [24, 96], [14, 90], [79, 41], [59, 81], [47, 120], [96, 65], [108, 32], [8, 46], [69, 97], [65, 124], [9, 75], [91, 6], [97, 82], [10, 65], [76, 18], [13, 90], [0, 0]]","[0, 2, 12, 18, 15, 20, 6, 5, 3, 9, 4, 14, 13, 8, 17, 10, 1, 7, 11, 16, 19, 21]",505.9981192151064,17.5239999294281
