Id,Coordinates,Order,Distance,Time
6583,"[[0, 0], [107, 2], [104, 41], [183, 108], [28, 34], [64, 52], [76, 113], [123, 42], [108, 30], [181, 108], [171, 123], [136, 109], [114, 61], [42, 14], [139, 120], [122, 20], [70, 57], [28, 32], [167, 52], [119, 35], [162, 112], [0, 0]]","[0, 17, 4, 5, 16, 2, 12, 7, 19, 15, 1, 8, 18, 9, 3, 10, 20, 14, 11, 6, 13, 21]",648.2969133667666,14.322019577026367
