Id,Coordinates,Order,Distance,Time
7820,"[[0, 0], [65, 71], [119, 83], [32, 42], [86, 73], [7, 96], [32, 96], [68, 105], [71, 80], [7, 55], [71, 6], [85, 9], [77, 116], [70, 1], [90, 48], [88, 13], [18, 56], [66, 53], [65, 105], [71, 10], [98, 86], [0, 0]]","[0, 3, 16, 9, 5, 6, 18, 7, 12, 8, 1, 17, 4, 20, 2, 14, 15, 11, 19, 10, 13, 21]",511.2462651075565,15.826890230178833
