Id,Coordinates,Order,Distance,Time
5119,"[[0, 0], [15, 166], [19, 102], [3, 91], [7, 52], [17, 74], [25, 34], [3, 4], [22, 60], [9, 84], [24, 152], [8, 90], [25, 141], [17, 92], [17, 96], [8, 145], [5, 173], [24, 155], [23, 182], [3, 64], [24, 65], [0, 0]]","[0, 7, 6, 8, 20, 5, 9, 11, 3, 13, 14, 2, 12, 10, 17, 1, 16, 18, 15, 19, 4, 21]",418.75511997128893,15.04429316520691
