Id,Coordinates,Order,Distance,Time
3483,"[[0, 0], [33, 27], [28, 39], [15, 34], [42, 44], [88, 49], [72, 45], [16, 6], [55, 19], [32, 16], [57, 22], [11, 26], [84, 47], [87, 37], [36, 51], [36, 29], [71, 55], [43, 40], [76, 39], [12, 26], [79, 17], [0, 0]]","[0, 7, 1, 15, 19, 11, 3, 2, 14, 4, 17, 16, 6, 18, 12, 5, 13, 20, 10, 8, 9, 21]",306.06869060736176,16.927506923675537
