Id,Coordinates,Order,Distance,Time
1030,"[[0, 0], [52, 24], [5, 8], [17, 19], [83, 13], [52, 2], [22, 15], [73, 15], [86, 21], [42, 12], [69, 7], [2, 4], [26, 4], [55, 13], [41, 15], [39, 13], [70, 8], [9, 16], [52, 5], [64, 17], [42, 12], [0, 0]]","[0, 11, 2, 17, 3, 6, 15, 9, 20, 18, 5, 13, 10, 16, 7, 4, 8, 19, 1, 14, 12, 21]",217.6277040774039,15.557352304458618
