Id,Coordinates,Order,Distance,Time
5852,"[[0, 0], [54, 96], [55, 127], [29, 55], [8, 109], [61, 83], [43, 42], [15, 101], [13, 52], [46, 83], [4, 23], [10, 39], [39, 63], [15, 33], [32, 82], [24, 55], [65, 29], [60, 56], [57, 42], [16, 35], [5, 15], [0, 0]]","[0, 20, 10, 13, 19, 11, 8, 15, 3, 12, 5, 1, 2, 4, 7, 14, 9, 17, 18, 16, 6, 21]",411.3975394894428,15.031542778015137
