Id,Coordinates,Order,Distance,Time
3020,"[[0, 0], [53, 20], [76, 20], [45, 47], [42, 118], [4, 37], [61, 108], [80, 130], [14, 108], [71, 41], [34, 35], [44, 70], [47, 106], [49, 89], [31, 2], [40, 126], [65, 54], [24, 35], [84, 125], [6, 77], [64, 55], [0, 0]]","[0, 14, 1, 2, 9, 16, 20, 3, 10, 17, 19, 8, 15, 4, 12, 6, 7, 18, 13, 11, 5, 21]",504.8241980084449,17.011800527572632
