Id,Coordinates,Order,Distance,Time
7853,"[[0, 0], [139, 58], [30, 38], [35, 72], [42, 89], [81, 63], [21, 30], [54, 90], [35, 59], [27, 58], [33, 82], [159, 60], [122, 5], [104, 28], [25, 6], [138, 46], [140, 38], [170, 36], [74, 48], [184, 72], [81, 6], [0, 0]]","[0, 6, 2, 9, 8, 3, 10, 4, 7, 5, 18, 13, 16, 15, 1, 11, 19, 17, 12, 20, 14, 21]",537.3510773613978,13.332816362380981
