Id,Coordinates,Order,Distance,Time
574,"[[0, 0], [34, 98], [64, 77], [28, 101], [33, 95], [57, 11], [6, 105], [60, 10], [4, 42], [36, 90], [55, 99], [31, 18], [13, 27], [47, 23], [7, 42], [62, 30], [12, 75], [68, 103], [31, 21], [62, 10], [46, 30], [0, 0]]","[0, 12, 14, 8, 16, 6, 3, 1, 4, 9, 10, 17, 2, 15, 20, 13, 19, 7, 5, 18, 11, 21]",373.49437188291716,17.378334999084473
