Id,Coordinates,Order,Distance,Time
803,"[[0, 0], [61, 61], [25, 23], [50, 4], [30, 36], [27, 3], [58, 17], [122, 31], [5, 4], [96, 50], [14, 83], [21, 47], [37, 83], [10, 82], [96, 36], [24, 44], [68, 59], [15, 38], [46, 18], [88, 58], [18, 12], [0, 0]]","[0, 8, 20, 5, 2, 4, 15, 11, 18, 3, 6, 7, 14, 9, 19, 16, 1, 12, 10, 13, 17, 21]",439.2049884565651,17.508336305618286
