Id,Coordinates,Order,Distance,Time
1362,"[[0, 0], [33, 52], [7, 5], [10, 5], [4, 3], [2, 77], [24, 3], [12, 17], [12, 84], [13, 73], [27, 90], [25, 91], [9, 20], [20, 9], [32, 96], [2, 13], [30, 64], [33, 22], [11, 61], [21, 54], [13, 84], [0, 0]]","[0, 4, 2, 3, 13, 6, 17, 1, 19, 18, 9, 5, 8, 20, 11, 10, 14, 16, 12, 7, 15, 21]",273.9812451846384,14.255902767181396
