Id,Coordinates,Order,Distance,Time
2633,"[[0, 0], [117, 66], [87, 9], [11, 36], [83, 76], [25, 50], [14, 66], [24, 55], [123, 67], [153, 46], [15, 65], [87, 1], [56, 8], [124, 10], [158, 36], [80, 9], [91, 24], [3, 44], [142, 23], [147, 48], [157, 42], [0, 0]]","[0, 3, 17, 5, 7, 10, 6, 4, 1, 8, 19, 9, 20, 14, 18, 13, 16, 2, 11, 15, 12, 21]",444.05520268142993,19.029860019683838
