Id,Coordinates,Order,Distance,Time
259,"[[0, 0], [7, 120], [34, 40], [22, 124], [91, 98], [10, 67], [45, 75], [52, 93], [66, 95], [61, 69], [15, 63], [103, 65], [124, 111], [50, 108], [116, 6], [110, 79], [93, 67], [52, 31], [15, 20], [109, 99], [19, 28], [0, 0]]","[0, 18, 20, 2, 6, 7, 8, 13, 3, 1, 5, 10, 9, 16, 11, 4, 19, 12, 15, 14, 17, 21]",648.5983533021016,17.11830449104309
