Id,Coordinates,Order,Distance,Time
2721,"[[0, 0], [42, 55], [55, 8], [49, 13], [25, 34], [88, 106], [106, 9], [85, 77], [62, 5], [40, 34], [98, 70], [90, 85], [90, 24], [115, 16], [69, 76], [117, 100], [118, 32], [69, 16], [37, 95], [118, 60], [105, 12], [0, 0]]","[0, 9, 1, 14, 10, 19, 16, 13, 6, 20, 12, 17, 8, 2, 3, 7, 11, 15, 5, 18, 4, 21]",587.6707343393892,14.840734004974365
