Id,Coordinates,Order,Distance,Time
7167,"[[0, 0], [6, 56], [2, 52], [3, 59], [4, 44], [7, 59], [4, 46], [2, 60], [9, 21], [7, 52], [9, 35], [6, 7], [7, 58], [5, 32], [2, 55], [9, 24], [4, 60], [5, 53], [8, 46], [5, 40], [3, 28], [0, 0]]","[0, 11, 8, 15, 10, 19, 4, 18, 9, 17, 1, 12, 5, 16, 3, 7, 14, 2, 6, 13, 20, 21]",133.23622807261208,14.654488801956177
