Id,Coordinates,Order,Distance,Time
5412,"[[0, 0], [40, 5], [22, 5], [29, 25], [35, 6], [5, 34], [38, 34], [16, 7], [21, 33], [10, 5], [18, 29], [2, 26], [8, 14], [26, 43], [45, 40], [30, 31], [18, 28], [34, 4], [24, 17], [8, 17], [28, 37], [0, 0]]","[0, 9, 7, 2, 17, 4, 1, 3, 15, 20, 8, 10, 16, 11, 5, 13, 6, 14, 18, 19, 12, 21]",229.50585413620877,17.460952520370483
