Id,Coordinates,Order,Distance,Time
1012,"[[0, 0], [118, 2], [110, 10], [13, 2], [66, 9], [97, 2], [144, 3], [96, 3], [59, 9], [85, 2], [73, 8], [85, 9], [16, 4], [4, 7], [132, 5], [28, 2], [142, 4], [134, 5], [108, 1], [85, 3], [127, 5], [0, 0]]","[0, 3, 15, 8, 4, 10, 19, 9, 7, 5, 18, 1, 20, 14, 17, 16, 6, 2, 11, 12, 13, 21]",296.6900801108213,15.43786072731018
