Id,Coordinates,Order,Distance,Time
8703,"[[0, 0], [10, 111], [48, 75], [55, 27], [30, 32], [16, 15], [8, 34], [58, 96], [21, 112], [43, 74], [56, 186], [32, 19], [49, 42], [31, 62], [10, 155], [59, 1], [2, 180], [19, 58], [41, 83], [17, 100], [53, 37], [0, 0]]","[0, 5, 11, 4, 12, 20, 3, 15, 13, 9, 2, 18, 7, 8, 1, 14, 16, 10, 19, 17, 6, 21]",609.9194935278922,15.057769298553467
