Id,Coordinates,Order,Distance,Time
4955,"[[0, 0], [63, 36], [9, 18], [85, 30], [43, 7], [57, 6], [57, 25], [19, 26], [43, 20], [37, 2], [44, 8], [14, 55], [65, 35], [9, 21], [5, 6], [15, 5], [4, 33], [93, 26], [14, 5], [90, 10], [44, 20], [0, 0]]","[0, 14, 18, 15, 2, 13, 16, 11, 7, 8, 20, 6, 1, 12, 3, 17, 19, 5, 10, 4, 9, 21]",293.7220650730854,15.267462253570557
