Id,Coordinates,Order,Distance,Time
7982,"[[0, 0], [12, 7], [9, 99], [25, 14], [23, 24], [16, 31], [6, 60], [8, 53], [12, 51], [14, 41], [17, 19], [12, 7], [21, 82], [6, 55], [13, 16], [22, 35], [6, 82], [7, 1], [10, 46], [11, 27], [27, 73], [0, 0]]","[0, 17, 1, 11, 14, 10, 5, 19, 9, 18, 8, 7, 13, 6, 16, 2, 12, 20, 15, 4, 3, 21]",243.90011040606822,15.656440019607544
