Id,Coordinates,Order,Distance,Time
6762,"[[0, 0], [11, 24], [1, 39], [9, 35], [2, 30], [12, 30], [1, 19], [9, 29], [12, 22], [14, 29], [3, 2], [5, 10], [1, 37], [6, 44], [4, 20], [7, 32], [15, 15], [1, 40], [4, 25], [5, 18], [14, 14], [0, 0]]","[0, 10, 11, 19, 14, 18, 15, 3, 5, 9, 1, 8, 16, 20, 7, 13, 2, 17, 12, 4, 6, 21]",141.7954223714331,14.677717924118042
