Id,Coordinates,Order,Distance,Time
7776,"[[0, 0], [52, 83], [52, 120], [29, 23], [12, 40], [59, 133], [19, 122], [43, 106], [9, 4], [50, 122], [53, 84], [15, 124], [35, 127], [41, 22], [53, 37], [4, 5], [10, 66], [15, 82], [9, 2], [35, 78], [51, 19], [0, 0]]","[0, 15, 8, 18, 3, 13, 20, 14, 19, 1, 10, 7, 2, 9, 5, 12, 6, 11, 17, 16, 4, 21]",376.43172122474124,14.169135093688965
