Id,Coordinates,Order,Distance,Time
4783,"[[0, 0], [24, 80], [13, 66], [24, 118], [99, 26], [63, 117], [12, 99], [4, 18], [25, 94], [78, 14], [90, 80], [57, 124], [29, 115], [69, 48], [57, 127], [61, 160], [6, 20], [36, 113], [35, 66], [85, 129], [40, 14], [0, 0]]","[0, 7, 20, 9, 4, 13, 10, 5, 11, 14, 17, 8, 6, 3, 12, 15, 19, 18, 1, 2, 16, 21]",616.6448459310359,13.991435289382935
