Id,Coordinates,Order,Distance,Time
5973,"[[0, 0], [13, 13], [50, 38], [84, 57], [70, 52], [64, 36], [32, 48], [20, 41], [74, 72], [1, 1], [84, 48], [56, 35], [58, 63], [36, 23], [36, 33], [44, 33], [37, 29], [46, 25], [79, 63], [59, 45], [25, 29], [0, 0]]","[0, 9, 1, 20, 14, 16, 13, 17, 15, 2, 11, 5, 19, 4, 10, 3, 18, 8, 12, 6, 7, 21]",273.20508525102923,13.108126640319824
