Id,Coordinates,Order,Distance,Time
5059,"[[0, 0], [6, 66], [4, 54], [3, 137], [1, 108], [5, 34], [1, 67], [1, 135], [3, 107], [4, 55], [3, 146], [7, 116], [2, 96], [5, 19], [6, 99], [9, 40], [5, 107], [7, 39], [6, 110], [2, 16], [7, 139], [0, 0]]","[0, 19, 13, 5, 17, 15, 2, 9, 1, 14, 16, 18, 11, 7, 3, 10, 20, 4, 8, 12, 6, 21]",300.0390735906279,21.101549863815308
