Id,Coordinates,Order,Distance,Time
6353,"[[0, 0], [38, 34], [61, 2], [45, 11], [70, 45], [48, 25], [62, 17], [135, 1], [134, 36], [114, 38], [11, 52], [96, 38], [44, 34], [79, 2], [144, 30], [51, 31], [85, 6], [40, 30], [25, 40], [27, 9], [129, 52], [0, 0]]","[0, 5, 15, 12, 17, 1, 18, 10, 4, 11, 9, 20, 8, 14, 7, 16, 13, 2, 6, 3, 19, 21]",449.0702393413884,12.580120325088501
