Id,Coordinates,Order,Distance,Time
802,"[[0, 0], [130, 93], [2, 163], [83, 66], [41, 16], [175, 30], [44, 110], [132, 120], [93, 152], [3, 29], [25, 76], [142, 145], [95, 39], [161, 42], [98, 175], [24, 47], [74, 13], [118, 90], [111, 55], [155, 117], [9, 134], [0, 0]]","[0, 9, 15, 10, 6, 20, 2, 8, 14, 11, 7, 19, 1, 17, 3, 18, 13, 5, 12, 16, 4, 21]",795.3460387960586,17.094016075134277
