Id,Coordinates,Order,Distance,Time
6075,"[[0, 0], [55, 40], [95, 20], [27, 82], [72, 133], [57, 123], [36, 115], [90, 78], [47, 38], [77, 28], [21, 130], [61, 127], [2, 36], [8, 44], [30, 103], [20, 99], [81, 74], [59, 93], [74, 27], [58, 24], [87, 131], [0, 0]]","[0, 12, 8, 1, 19, 18, 9, 2, 16, 7, 17, 5, 11, 4, 20, 6, 10, 14, 15, 3, 13, 21]",526.7088207483181,13.910206317901611
