Id,Coordinates,Order,Distance,Time
4334,"[[0, 0], [3, 8], [4, 81], [5, 9], [4, 28], [9, 12], [4, 29], [2, 49], [6, 65], [2, 8], [6, 19], [6, 92], [7, 76], [5, 88], [8, 96], [8, 38], [5, 46], [9, 88], [2, 80], [5, 46], [3, 29], [0, 0]]","[0, 9, 1, 3, 5, 10, 4, 6, 15, 16, 19, 8, 12, 2, 13, 11, 14, 17, 18, 7, 20, 21]",202.15152566372174,15.8837571144104
