Id,Coordinates,Order,Distance,Time
544,"[[0, 0], [9, 4], [20, 14], [44, 5], [33, 1], [37, 2], [26, 21], [14, 14], [25, 1], [20, 3], [11, 11], [13, 20], [27, 9], [31, 19], [46, 14], [4, 1], [27, 11], [30, 4], [42, 12], [26, 6], [44, 15], [0, 0]]","[0, 15, 1, 10, 7, 11, 2, 12, 17, 4, 5, 3, 18, 20, 14, 13, 6, 16, 19, 8, 9, 21]",146.36902178676098,17.953148126602173
