Id,Coordinates,Order,Distance,Time
1605,"[[0, 0], [26, 14], [41, 14], [5, 15], [15, 7], [2, 9], [41, 7], [51, 12], [28, 14], [4, 9], [52, 5], [67, 15], [6, 14], [29, 10], [53, 12], [23, 7], [49, 14], [15, 2], [2, 2], [14, 6], [25, 2], [0, 0]]","[0, 18, 5, 9, 12, 3, 19, 4, 15, 13, 8, 1, 2, 16, 7, 14, 11, 10, 6, 20, 17, 21]",165.85139569360496,16.532570838928223
