Id,Coordinates,Order,Distance,Time
6377,"[[0, 0], [22, 78], [10, 62], [25, 102], [21, 125], [12, 109], [25, 39], [7, 120], [4, 128], [44, 66], [13, 8], [8, 103], [31, 116], [36, 36], [39, 71], [49, 111], [28, 86], [47, 166], [36, 17], [11, 127], [35, 14], [0, 0]]","[0, 10, 20, 18, 6, 2, 1, 16, 3, 5, 11, 7, 8, 19, 4, 12, 17, 15, 14, 9, 13, 21]",454.63293140013263,17.942453861236572
