Id,Coordinates,Order,Distance,Time
959,"[[0, 0], [11, 23], [11, 49], [5, 21], [11, 53], [11, 40], [8, 7], [8, 21], [6, 21], [7, 36], [8, 31], [12, 40], [9, 56], [9, 25], [10, 30], [8, 54], [12, 41], [4, 7], [9, 3], [11, 45], [11, 46], [0, 0]]","[0, 17, 3, 8, 7, 13, 14, 10, 9, 5, 11, 16, 19, 20, 2, 4, 15, 12, 1, 6, 18, 21]",128.78275445085356,19.570847034454346
