Id,Coordinates,Order,Distance,Time
3047,"[[0, 0], [82, 158], [29, 78], [32, 151], [29, 51], [61, 17], [54, 31], [127, 89], [95, 44], [42, 120], [116, 46], [111, 103], [81, 46], [5, 87], [29, 15], [127, 78], [96, 156], [113, 114], [117, 116], [77, 99], [56, 110], [0, 0]]","[0, 14, 5, 6, 12, 8, 10, 15, 7, 11, 17, 18, 19, 20, 16, 1, 3, 9, 13, 2, 4, 21]",613.4489506950281,18.627784252166748
