Id,Coordinates,Order,Distance,Time
4279,"[[0, 0], [11, 39], [19, 11], [25, 14], [21, 38], [18, 38], [13, 32], [18, 51], [18, 37], [8, 24], [23, 19], [4, 43], [13, 31], [14, 43], [19, 12], [4, 47], [7, 40], [7, 28], [23, 51], [18, 14], [13, 4], [0, 0]]","[0, 20, 2, 14, 19, 3, 10, 12, 6, 8, 4, 5, 1, 16, 11, 15, 7, 18, 13, 17, 9, 21]",164.30899332067708,17.57943630218506
