Id,Coordinates,Order,Distance,Time
7888,"[[0, 0], [20, 67], [25, 106], [7, 154], [10, 161], [18, 83], [10, 174], [22, 107], [19, 38], [38, 172], [51, 92], [15, 170], [28, 9], [43, 123], [42, 161], [48, 139], [7, 41], [37, 101], [6, 67], [17, 91], [43, 123], [0, 0]]","[0, 12, 8, 1, 5, 19, 7, 2, 17, 10, 13, 20, 15, 14, 9, 11, 6, 4, 3, 18, 16, 21]",449.5588075985198,17.477157831192017
