Id,Coordinates,Order,Distance,Time
9522,"[[0, 0], [43, 29], [2, 35], [156, 33], [3, 15], [169, 19], [113, 24], [46, 45], [46, 6], [157, 10], [159, 25], [43, 24], [140, 8], [108, 39], [39, 20], [51, 16], [51, 22], [111, 8], [90, 27], [173, 29], [96, 36], [0, 0]]","[0, 14, 11, 1, 16, 15, 8, 18, 6, 17, 12, 9, 5, 19, 10, 3, 13, 20, 7, 2, 4, 21]",456.3526855133581,13.120981454849243
