Id,Coordinates,Order,Distance,Time
4307,"[[0, 0], [6, 49], [75, 39], [84, 26], [43, 45], [122, 49], [102, 6], [121, 49], [17, 21], [97, 39], [88, 22], [78, 2], [48, 57], [68, 61], [121, 63], [28, 51], [26, 53], [104, 50], [4, 13], [1, 48], [97, 17], [0, 0]]","[0, 18, 8, 19, 1, 16, 15, 4, 12, 13, 2, 3, 10, 9, 17, 14, 5, 7, 20, 6, 11, 21]",404.83077535024864,15.39326286315918
