Id,Coordinates,Order,Distance,Time
2223,"[[0, 0], [21, 107], [27, 18], [5, 1], [20, 26], [39, 97], [7, 100], [10, 120], [23, 109], [31, 69], [12, 115], [38, 143], [40, 32], [44, 147], [16, 57], [40, 34], [16, 146], [11, 152], [14, 52], [32, 23], [33, 37], [0, 0]]","[0, 3, 2, 19, 12, 15, 20, 9, 5, 8, 1, 10, 7, 16, 17, 11, 13, 6, 14, 18, 4, 21]",400.85265986422166,16.799901723861694
