Id,Coordinates,Order,Distance,Time
4424,"[[0, 0], [10, 24], [75, 25], [25, 15], [48, 37], [141, 26], [60, 26], [104, 31], [42, 42], [75, 3], [84, 13], [107, 45], [101, 35], [128, 21], [134, 42], [60, 2], [79, 19], [146, 11], [71, 19], [136, 15], [110, 38], [0, 0]]","[0, 1, 3, 8, 4, 6, 18, 2, 16, 10, 12, 7, 20, 11, 14, 5, 17, 19, 13, 9, 15, 21]",395.64904378418,15.14924669265747
