Id,Coordinates,Order,Distance,Time
5410,"[[0, 0], [7, 99], [84, 27], [35, 92], [57, 24], [1, 63], [45, 24], [101, 98], [63, 97], [60, 66], [39, 86], [39, 61], [56, 15], [68, 58], [79, 20], [15, 23], [65, 13], [91, 28], [68, 95], [12, 95], [59, 93], [0, 0]]","[0, 15, 6, 4, 12, 16, 14, 2, 17, 13, 9, 10, 19, 1, 3, 20, 8, 18, 7, 11, 5, 21]",501.37827401289485,14.33191180229187
