Id,Coordinates,Order,Distance,Time
5528,"[[0, 0], [25, 79], [13, 87], [44, 62], [45, 132], [44, 34], [3, 71], [50, 38], [77, 71], [5, 24], [10, 87], [52, 160], [89, 116], [25, 148], [39, 126], [60, 103], [70, 88], [34, 123], [36, 72], [83, 131], [70, 71], [0, 0]]","[0, 5, 7, 3, 18, 1, 6, 10, 2, 17, 14, 4, 13, 11, 19, 12, 15, 16, 8, 20, 9, 21]",505.9524439904833,12.419317483901978
