Id,Coordinates,Order,Distance,Time
5935,"[[0, 0], [18, 12], [120, 28], [99, 32], [37, 4], [46, 34], [65, 15], [46, 23], [14, 10], [15, 13], [102, 23], [62, 7], [8, 6], [95, 11], [34, 15], [108, 23], [95, 11], [112, 28], [35, 21], [68, 9], [1, 23], [0, 0]]","[0, 12, 8, 1, 14, 18, 7, 5, 6, 13, 16, 10, 15, 2, 17, 3, 19, 11, 4, 9, 20, 21]",310.9551637280817,14.856985569000244
