Id,Coordinates,Order,Distance,Time
2923,"[[0, 0], [30, 4], [6, 9], [52, 20], [89, 17], [115, 1], [74, 17], [94, 16], [84, 15], [134, 4], [42, 3], [115, 18], [70, 11], [98, 5], [19, 3], [24, 18], [148, 16], [101, 23], [5, 9], [190, 13], [41, 7], [0, 0]]","[0, 18, 2, 14, 1, 20, 10, 12, 6, 8, 4, 7, 17, 11, 9, 16, 19, 5, 13, 3, 15, 21]",416.9833460502591,16.37745213508606
