Id,Coordinates,Order,Distance,Time
2624,"[[0, 0], [95, 41], [95, 37], [39, 48], [133, 42], [108, 42], [83, 34], [74, 25], [110, 42], [70, 5], [37, 13], [68, 45], [177, 21], [118, 44], [30, 34], [157, 18], [170, 17], [111, 37], [56, 33], [33, 38], [34, 17], [0, 0]]","[0, 14, 19, 3, 18, 11, 6, 2, 1, 5, 8, 17, 13, 4, 12, 16, 15, 7, 9, 10, 20, 21]",431.3021227444196,12.399922132492065
