Id,Coordinates,Order,Distance,Time
514,"[[0, 0], [25, 150], [24, 100], [33, 121], [14, 33], [16, 43], [57, 166], [13, 102], [16, 167], [17, 113], [59, 103], [47, 33], [7, 62], [21, 168], [35, 46], [37, 73], [53, 53], [31, 172], [56, 69], [8, 90], [38, 136], [0, 0]]","[0, 4, 14, 11, 16, 18, 15, 7, 9, 3, 20, 1, 8, 13, 17, 6, 10, 2, 19, 12, 5, 21]",509.70349209105706,16.522483587265015
