Id,Coordinates,Order,Distance,Time
2241,"[[0, 0], [5, 120], [7, 157], [2, 186], [8, 76], [5, 7], [7, 23], [2, 6], [3, 23], [9, 19], [7, 161], [10, 188], [4, 5], [3, 90], [2, 61], [10, 28], [3, 187], [5, 178], [2, 60], [4, 162], [1, 81], [0, 0]]","[0, 12, 5, 9, 6, 15, 18, 14, 20, 13, 1, 2, 10, 19, 17, 3, 16, 11, 4, 8, 7, 21]",389.77127829044684,14.985116481781006
