Id,Coordinates,Order,Distance,Time
5451,"[[0, 0], [18, 13], [6, 65], [9, 25], [18, 80], [7, 9], [4, 69], [20, 80], [19, 57], [3, 56], [13, 70], [22, 67], [2, 15], [4, 40], [4, 30], [12, 7], [14, 49], [9, 57], [7, 9], [15, 42], [9, 52], [0, 0]]","[0, 5, 18, 15, 1, 3, 14, 13, 20, 17, 9, 2, 6, 10, 4, 7, 11, 8, 16, 19, 12, 21]",201.8184207044327,17.438185930252075
