Id,Coordinates,Order,Distance,Time
7788,"[[0, 0], [105, 129], [160, 89], [31, 111], [67, 149], [106, 63], [21, 22], [195, 137], [106, 89], [120, 74], [183, 154], [62, 5], [11, 146], [52, 18], [99, 142], [21, 159], [164, 132], [177, 145], [95, 102], [134, 155], [33, 30], [0, 0]]","[0, 6, 20, 8, 18, 1, 14, 4, 15, 12, 3, 19, 16, 17, 10, 7, 2, 9, 5, 11, 13, 21]",798.3569281772767,16.71825623512268
