Id,Coordinates,Order,Distance,Time
5041,"[[0, 0], [82, 21], [68, 122], [160, 99], [45, 47], [96, 39], [23, 58], [63, 115], [101, 87], [102, 71], [63, 85], [57, 129], [99, 79], [122, 104], [7, 24], [73, 97], [53, 118], [160, 132], [120, 39], [141, 133], [147, 46], [0, 0]]","[0, 14, 6, 4, 10, 15, 7, 16, 11, 2, 8, 12, 9, 18, 20, 3, 17, 19, 13, 5, 1, 21]",647.8423367444977,18.95799732208252
