Id,Coordinates,Order,Distance,Time
136,"[[0, 0], [35, 101], [131, 126], [132, 16], [11, 142], [85, 11], [60, 14], [77, 7], [74, 32], [87, 42], [45, 56], [1, 18], [109, 42], [119, 149], [23, 76], [71, 134], [91, 147], [67, 122], [22, 64], [110, 100], [107, 27], [0, 0]]","[0, 11, 14, 1, 4, 17, 15, 16, 13, 2, 19, 12, 20, 3, 8, 6, 7, 5, 9, 10, 18, 21]",715.8179711469345,21.203028678894043
