Id,Coordinates,Order,Distance,Time
5281,"[[0, 0], [59, 139], [38, 145], [140, 2], [26, 119], [40, 100], [22, 114], [24, 156], [100, 1], [52, 73], [72, 100], [111, 86], [65, 11], [165, 18], [134, 14], [59, 13], [108, 59], [169, 46], [164, 95], [84, 153], [80, 27], [0, 0]]","[0, 15, 12, 20, 8, 14, 3, 13, 17, 18, 11, 16, 5, 6, 4, 7, 2, 1, 19, 10, 9, 21]",749.9678374071866,20.934871435165405
