Id,Coordinates,Order,Distance,Time
9531,"[[0, 0], [2, 37], [21, 51], [34, 57], [32, 41], [7, 45], [3, 44], [53, 21], [52, 11], [53, 40], [3, 22], [40, 1], [38, 56], [7, 41], [4, 1], [36, 22], [31, 34], [46, 9], [27, 19], [40, 57], [14, 51], [0, 0]]","[0, 10, 1, 13, 6, 5, 20, 2, 3, 12, 19, 4, 16, 15, 11, 17, 8, 7, 9, 18, 14, 21]",260.12208886881297,14.47619342803955
