Id,Coordinates,Order,Distance,Time
8580,"[[0, 0], [67, 16], [26, 18], [50, 13], [59, 64], [77, 23], [75, 64], [63, 41], [71, 55], [32, 1], [94, 11], [56, 8], [9, 38], [11, 15], [16, 50], [50, 7], [64, 9], [82, 25], [34, 15], [44, 28], [19, 42], [0, 0]]","[0, 13, 2, 18, 9, 15, 3, 11, 16, 1, 10, 17, 5, 7, 8, 6, 4, 19, 20, 14, 12, 21]",349.2472092743221,18.456297636032104
