Id,Coordinates,Order,Distance,Time
9930,"[[0, 0], [5, 119], [3, 141], [1, 36], [2, 116], [3, 18], [4, 130], [9, 30], [9, 64], [4, 112], [3, 60], [6, 133], [7, 42], [11, 125], [11, 142], [9, 74], [6, 78], [1, 167], [8, 24], [6, 82], [1, 76], [0, 0]]","[0, 5, 18, 7, 12, 8, 15, 16, 19, 9, 4, 1, 6, 11, 2, 17, 14, 13, 20, 10, 3, 21]",342.60805585050696,16.55903124809265
