Id,Coordinates,Order,Distance,Time
1931,"[[0, 0], [18, 103], [77, 103], [38, 56], [95, 12], [120, 88], [115, 21], [3, 6], [32, 173], [106, 63], [69, 150], [135, 93], [113, 11], [4, 26], [84, 28], [125, 95], [119, 16], [63, 82], [44, 159], [120, 105], [63, 2], [0, 0]]","[0, 7, 3, 17, 19, 15, 11, 5, 9, 14, 4, 12, 16, 6, 20, 2, 10, 18, 8, 1, 13, 21]",749.0847402857706,15.583765745162964
