Id,Coordinates,Order,Distance,Time
3538,"[[0, 0], [81, 62], [12, 164], [50, 94], [7, 26], [68, 162], [122, 128], [42, 60], [62, 64], [23, 53], [105, 98], [95, 17], [103, 9], [82, 85], [116, 7], [40, 60], [98, 175], [117, 131], [29, 45], [4, 116], [40, 83], [0, 0]]","[0, 4, 18, 9, 15, 7, 8, 13, 10, 6, 17, 16, 5, 2, 19, 20, 3, 1, 14, 12, 11, 21]",681.2520946663636,20.73209810256958
