Id,Coordinates,Order,Distance,Time
3862,"[[0, 0], [2, 10], [30, 16], [106, 2], [31, 8], [24, 11], [65, 7], [17, 5], [13, 6], [94, 10], [86, 16], [68, 9], [47, 2], [34, 11], [104, 15], [14, 13], [13, 7], [70, 6], [12, 15], [4, 4], [40, 4], [0, 0]]","[0, 19, 1, 18, 15, 16, 8, 7, 4, 20, 12, 6, 11, 10, 9, 14, 3, 17, 13, 2, 5, 21]",256.7576564229192,15.498053312301636
