Id,Coordinates,Order,Distance,Time
8501,"[[0, 0], [36, 4], [117, 52], [140, 37], [26, 52], [102, 52], [7, 2], [172, 22], [120, 45], [58, 5], [134, 2], [174, 15], [173, 12], [140, 17], [95, 18], [170, 27], [2, 37], [165, 21], [52, 17], [54, 36], [132, 6], [0, 0]]","[0, 6, 1, 16, 4, 19, 5, 2, 8, 3, 13, 20, 10, 17, 7, 15, 11, 12, 14, 9, 18, 21]",526.3073164501843,17.2189998626709
