Id,Coordinates,Order,Distance,Time
5061,"[[0, 0], [74, 57], [41, 12], [26, 12], [50, 106], [24, 37], [67, 25], [11, 31], [22, 88], [11, 124], [91, 139], [16, 31], [74, 40], [17, 19], [60, 25], [56, 24], [86, 112], [46, 146], [1, 8], [51, 78], [64, 71], [0, 0]]","[0, 3, 2, 15, 14, 6, 12, 1, 20, 19, 8, 9, 17, 10, 16, 4, 5, 11, 7, 13, 18, 21]",487.2773712227886,22.80202865600586
