Id,Coordinates,Order,Distance,Time
2986,"[[0, 0], [38, 27], [160, 34], [137, 13], [59, 33], [99, 7], [67, 35], [174, 3], [9, 33], [80, 8], [54, 31], [73, 9], [83, 66], [3, 10], [18, 40], [118, 69], [25, 31], [37, 26], [91, 7], [121, 19], [49, 51], [0, 0]]","[0, 13, 8, 14, 16, 17, 1, 10, 4, 6, 20, 12, 15, 2, 7, 3, 19, 5, 18, 9, 11, 21]",465.7559423462399,19.52376961708069
