Id,Coordinates,Order,Distance,Time
9883,"[[0, 0], [21, 70], [16, 14], [22, 25], [24, 27], [26, 58], [13, 77], [16, 14], [22, 17], [12, 58], [9, 44], [19, 21], [23, 47], [16, 20], [24, 66], [7, 76], [5, 67], [18, 35], [26, 47], [1, 72], [8, 43], [0, 0]]","[0, 2, 7, 13, 17, 20, 10, 9, 16, 19, 15, 6, 1, 14, 5, 18, 12, 4, 3, 11, 8, 21]",199.56271037818908,14.39523196220398
