Id,Coordinates,Order,Distance,Time
2564,"[[0, 0], [9, 10], [25, 4], [29, 95], [26, 110], [13, 163], [21, 174], [17, 178], [6, 114], [2, 138], [18, 49], [23, 89], [23, 131], [16, 97], [4, 102], [11, 110], [24, 26], [28, 137], [17, 157], [2, 74], [27, 72], [0, 0]]","[0, 1, 2, 16, 10, 20, 11, 3, 13, 4, 12, 17, 18, 5, 6, 7, 9, 8, 15, 14, 19, 21]",420.03695380551153,16.751952648162842
