Id,Coordinates,Order,Distance,Time
3043,"[[0, 0], [62, 71], [22, 133], [116, 158], [40, 176], [56, 4], [33, 70], [104, 29], [106, 94], [25, 33], [41, 161], [79, 15], [40, 92], [119, 55], [63, 134], [16, 174], [50, 30], [129, 76], [25, 51], [61, 11], [119, 21], [0, 0]]","[0, 16, 19, 5, 11, 7, 20, 13, 17, 8, 3, 10, 4, 15, 2, 14, 12, 1, 6, 18, 9, 21]",694.2143404174547,15.656750917434692
