Id,Coordinates,Order,Distance,Time
9380,"[[0, 0], [5, 7], [2, 7], [6, 76], [6, 71], [1, 82], [2, 90], [1, 74], [12, 72], [12, 38], [8, 65], [9, 86], [1, 43], [6, 27], [3, 59], [9, 58], [1, 2], [9, 76], [3, 55], [4, 72], [3, 45], [0, 0]]","[0, 16, 2, 1, 13, 9, 20, 15, 10, 4, 19, 3, 17, 8, 11, 6, 5, 7, 14, 18, 12, 21]",208.46567225680894,16.52550721168518
