Id,Coordinates,Order,Distance,Time
9409,"[[0, 0], [12, 25], [7, 44], [11, 40], [7, 42], [6, 25], [4, 6], [10, 13], [11, 38], [9, 17], [3, 33], [8, 17], [3, 5], [3, 15], [12, 5], [1, 50], [1, 29], [5, 30], [3, 20], [12, 3], [1, 1], [0, 0]]","[0, 20, 12, 6, 14, 19, 7, 9, 11, 1, 5, 17, 16, 10, 8, 3, 4, 2, 15, 18, 13, 21]",137.07754824387567,17.360751152038574
