Id,Coordinates,Order,Distance,Time
6133,"[[0, 0], [22, 5], [110, 6], [10, 11], [4, 5], [68, 12], [68, 5], [46, 9], [96, 13], [83, 4], [83, 2], [57, 4], [64, 7], [11, 2], [86, 6], [113, 8], [98, 2], [30, 13], [25, 8], [47, 4], [55, 9], [0, 0]]","[0, 4, 3, 1, 18, 17, 7, 20, 11, 12, 6, 9, 10, 14, 16, 2, 15, 8, 5, 19, 13, 21]",247.9670415766037,15.494314670562744
