Id,Coordinates,Order,Distance,Time
6459,"[[0, 0], [36, 13], [34, 9], [61, 6], [52, 75], [13, 1], [49, 83], [56, 65], [29, 74], [18, 60], [9, 99], [17, 99], [14, 76], [48, 91], [15, 83], [51, 99], [11, 3], [60, 7], [16, 75], [52, 76], [1, 78], [0, 0]]","[0, 16, 5, 2, 1, 17, 3, 7, 4, 19, 6, 13, 15, 8, 18, 12, 14, 11, 10, 20, 9, 21]",351.17580790820773,15.038434028625488
