Id,Coordinates,Order,Distance,Time
2166,"[[0, 0], [137, 160], [107, 173], [125, 10], [60, 125], [67, 174], [101, 95], [51, 153], [3, 66], [170, 14], [125, 87], [107, 50], [87, 67], [12, 22], [94, 167], [142, 108], [3, 106], [49, 158], [35, 44], [26, 183], [142, 51], [0, 0]]","[0, 13, 8, 16, 19, 7, 17, 5, 14, 2, 1, 15, 10, 12, 11, 3, 9, 20, 6, 4, 18, 21]",868.5866236900015,16.066795349121094
