Id,Coordinates,Order,Distance,Time
1387,"[[0, 0], [2, 21], [1, 89], [3, 101], [3, 107], [5, 36], [1, 103], [1, 63], [3, 97], [1, 103], [3, 106], [8, 127], [7, 53], [4, 45], [4, 101], [1, 6], [1, 98], [7, 47], [5, 105], [1, 80], [4, 7], [0, 0]]","[0, 15, 20, 1, 5, 17, 12, 7, 19, 2, 16, 3, 6, 9, 10, 4, 11, 18, 14, 8, 13, 21]",260.8183928864272,14.569396734237671
