Id,Coordinates,Order,Distance,Time
8342,"[[0, 0], [125, 51], [47, 14], [88, 13], [43, 44], [21, 18], [10, 10], [97, 23], [35, 4], [87, 39], [82, 18], [136, 33], [76, 49], [88, 43], [37, 10], [81, 4], [81, 27], [22, 18], [10, 25], [8, 30], [111, 45], [0, 0]]","[0, 6, 5, 18, 19, 17, 14, 2, 4, 12, 13, 9, 16, 10, 7, 20, 1, 11, 3, 15, 8, 21]",417.8743826117317,19.172032833099365
