Id,Coordinates,Order,Distance,Time
9156,"[[0, 0], [74, 71], [52, 16], [82, 68], [39, 72], [38, 45], [37, 4], [70, 19], [23, 24], [69, 2], [56, 42], [82, 50], [9, 6], [53, 38], [45, 53], [33, 92], [27, 19], [5, 73], [75, 16], [38, 28], [55, 62], [0, 0]]","[0, 12, 16, 8, 19, 5, 14, 4, 15, 17, 13, 7, 18, 9, 11, 3, 1, 20, 10, 2, 6, 21]",462.2369099521768,16.707694053649902
