Id,Coordinates,Order,Distance,Time
9264,"[[0, 0], [16, 135], [36, 178], [1, 42], [31, 105], [42, 126], [31, 42], [45, 183], [3, 16], [29, 15], [11, 177], [41, 86], [2, 75], [25, 40], [9, 153], [20, 90], [36, 58], [49, 141], [7, 95], [36, 152], [5, 56], [0, 0]]","[0, 8, 9, 13, 6, 16, 11, 15, 4, 5, 17, 19, 2, 7, 10, 14, 1, 18, 12, 20, 3, 21]",467.0544770329794,16.330687999725342
