Id,Coordinates,Order,Distance,Time
176,"[[0, 0], [134, 176], [38, 134], [62, 181], [73, 79], [82, 7], [76, 127], [11, 179], [27, 180], [29, 74], [6, 129], [96, 147], [44, 98], [35, 174], [12, 66], [17, 160], [20, 107], [78, 47], [6, 78], [100, 181], [146, 74], [0, 0]]","[0, 14, 18, 9, 12, 16, 10, 2, 15, 7, 8, 13, 3, 6, 11, 19, 1, 20, 4, 17, 5, 21]",805.9432349624276,20.534461498260498
