Id,Coordinates,Order,Distance,Time
5072,"[[0, 0], [11, 12], [18, 10], [29, 25], [19, 19], [30, 5], [12, 16], [12, 19], [21, 30], [5, 20], [40, 23], [18, 19], [39, 15], [4, 11], [10, 24], [1, 26], [35, 8], [3, 3], [22, 16], [25, 37], [1, 18], [0, 0]]","[0, 17, 1, 6, 9, 20, 15, 14, 11, 4, 18, 2, 5, 16, 12, 10, 3, 19, 8, 7, 13, 21]",175.12725790339383,20.575001001358032
