Id,Coordinates,Order,Distance,Time
8112,"[[0, 0], [13, 8], [78, 144], [82, 72], [99, 101], [11, 63], [65, 88], [95, 110], [50, 116], [68, 15], [140, 149], [153, 81], [43, 22], [155, 136], [13, 44], [115, 90], [141, 31], [127, 41], [35, 118], [49, 66], [53, 141], [0, 0]]","[0, 1, 12, 9, 19, 6, 3, 7, 4, 15, 17, 16, 11, 13, 10, 2, 20, 8, 18, 5, 14, 21]",694.3762897050962,14.94936227798462
