Id,Coordinates,Order,Distance,Time
1510,"[[0, 0], [20, 135], [33, 50], [20, 2], [47, 84], [48, 134], [17, 25], [7, 3], [2, 132], [20, 60], [3, 100], [6, 70], [8, 154], [2, 124], [62, 24], [36, 110], [2, 97], [34, 77], [64, 11], [25, 70], [60, 154], [0, 0]]","[0, 7, 3, 6, 2, 9, 19, 17, 4, 15, 5, 20, 1, 8, 13, 12, 16, 10, 11, 18, 14, 21]",558.7895480174293,14.958895921707153
