Id,Coordinates,Order,Distance,Time
3859,"[[0, 0], [13, 17], [17, 26], [53, 34], [1, 7], [22, 15], [59, 14], [47, 33], [19, 21], [65, 39], [61, 15], [63, 10], [4, 22], [54, 37], [33, 24], [30, 32], [10, 37], [31, 17], [67, 29], [16, 23], [22, 31], [0, 0]]","[0, 4, 12, 1, 19, 2, 8, 14, 20, 16, 15, 7, 3, 13, 9, 18, 10, 11, 6, 17, 5, 21]",246.24078954897303,20.141486883163452
