Id,Coordinates,Order,Distance,Time
1813,"[[0, 0], [18, 171], [2, 90], [17, 91], [20, 9], [5, 114], [34, 166], [19, 32], [22, 9], [8, 75], [4, 189], [2, 178], [16, 46], [4, 46], [5, 94], [32, 72], [6, 157], [8, 160], [22, 14], [4, 72], [4, 190], [0, 0]]","[0, 4, 8, 18, 7, 13, 19, 9, 2, 14, 5, 16, 17, 11, 10, 20, 1, 6, 3, 15, 12, 21]",437.3306945415143,17.580400466918945
