Id,Coordinates,Order,Distance,Time
5213,"[[0, 0], [9, 41], [9, 102], [8, 20], [13, 19], [6, 18], [1, 25], [3, 72], [11, 32], [11, 99], [13, 8], [10, 131], [9, 113], [4, 63], [8, 84], [8, 65], [8, 15], [6, 15], [1, 33], [1, 37], [1, 114], [0, 0]]","[0, 10, 16, 17, 5, 3, 4, 8, 1, 13, 15, 7, 14, 9, 2, 12, 11, 20, 19, 18, 6, 21]",287.9878321521405,16.549995183944702
