Id,Coordinates,Order,Distance,Time
2759,"[[0, 0], [179, 9], [84, 127], [28, 51], [85, 110], [102, 166], [94, 11], [170, 52], [112, 140], [34, 51], [52, 158], [109, 96], [88, 34], [160, 86], [133, 115], [110, 170], [12, 107], [64, 157], [193, 19], [12, 60], [46, 43], [0, 0]]","[0, 9, 3, 19, 16, 10, 17, 2, 4, 11, 8, 5, 15, 14, 13, 7, 18, 1, 6, 12, 20, 21]",777.1043726756923,15.99083948135376
