Id,Coordinates,Order,Distance,Time
8036,"[[0, 0], [48, 16], [115, 25], [16, 38], [101, 21], [107, 6], [37, 15], [71, 11], [72, 10], [159, 3], [131, 36], [54, 38], [133, 28], [95, 11], [85, 29], [154, 30], [107, 38], [144, 33], [39, 9], [96, 13], [113, 40], [0, 0]]","[0, 18, 6, 1, 7, 8, 13, 19, 4, 16, 20, 2, 12, 10, 17, 15, 9, 5, 14, 11, 3, 21]",428.6839006963072,13.920898199081421
