Id,Coordinates,Order,Distance,Time
5250,"[[0, 0], [16, 37], [27, 71], [19, 9], [9, 74], [8, 23], [12, 43], [23, 89], [14, 29], [12, 5], [4, 34], [29, 98], [1, 79], [23, 26], [17, 24], [29, 62], [7, 95], [10, 71], [14, 51], [17, 15], [8, 99], [0, 0]]","[0, 9, 3, 13, 14, 8, 1, 18, 17, 4, 12, 16, 20, 11, 7, 2, 15, 6, 10, 5, 19, 21]",269.72744897154536,17.718662977218628
