Id,Coordinates,Order,Distance,Time
131,"[[0, 0], [81, 109], [102, 47], [114, 114], [146, 104], [21, 13], [80, 57], [146, 9], [46, 71], [82, 108], [61, 53], [64, 92], [160, 96], [49, 10], [185, 71], [91, 75], [29, 82], [168, 127], [82, 9], [135, 54], [36, 20], [0, 0]]","[0, 5, 20, 2, 15, 6, 10, 8, 16, 11, 1, 9, 3, 4, 17, 12, 14, 19, 7, 18, 13, 21]",699.1340791866805,26.40264892578125
