Id,Coordinates,Order,Distance,Time
8205,"[[0, 0], [47, 52], [66, 72], [4, 64], [62, 79], [19, 65], [20, 74], [25, 29], [12, 12], [38, 54], [5, 37], [28, 75], [22, 60], [21, 23], [51, 95], [40, 67], [43, 58], [40, 21], [22, 2], [34, 53], [17, 37], [0, 0]]","[0, 8, 13, 7, 20, 10, 3, 5, 12, 19, 9, 16, 15, 6, 11, 14, 4, 2, 1, 17, 18, 21]",337.33638852798435,18.555268049240112
