Id,Coordinates,Order,Distance,Time
1765,"[[0, 0], [12, 53], [50, 43], [50, 33], [14, 53], [46, 103], [62, 67], [30, 64], [41, 92], [59, 103], [26, 107], [70, 44], [5, 46], [53, 2], [53, 51], [73, 26], [15, 39], [54, 21], [17, 18], [63, 36], [72, 19], [0, 0]]","[0, 18, 16, 1, 4, 7, 14, 2, 3, 19, 15, 20, 13, 17, 11, 6, 9, 5, 8, 10, 12, 21]",450.20310644070116,16.46357011795044
