Id,Coordinates,Order,Distance,Time
4473,"[[0, 0], [37, 37], [32, 31], [8, 11], [1, 16], [57, 46], [42, 36], [40, 37], [10, 31], [21, 13], [34, 49], [39, 28], [23, 50], [30, 19], [37, 52], [19, 1], [55, 43], [6, 55], [51, 48], [49, 24], [32, 12], [0, 0]]","[0, 3, 4, 8, 9, 13, 2, 11, 6, 7, 1, 10, 12, 17, 14, 18, 5, 16, 19, 20, 15, 21]",277.72876555380185,14.045586585998535
