Id,Coordinates,Order,Distance,Time
8309,"[[0, 0], [8, 70], [144, 99], [46, 21], [181, 12], [54, 77], [115, 64], [161, 50], [166, 101], [159, 19], [147, 54], [93, 87], [10, 15], [116, 36], [1, 111], [8, 55], [174, 97], [174, 52], [96, 24], [36, 113], [161, 29], [0, 0]]","[0, 3, 18, 13, 19, 14, 1, 15, 5, 6, 10, 7, 20, 9, 4, 17, 16, 8, 2, 11, 12, 21]",838.3387129609888,12.60934829711914
