Id,Coordinates,Order,Distance,Time
7661,"[[0, 0], [176, 97], [53, 87], [153, 25], [3, 57], [37, 156], [35, 92], [35, 79], [128, 116], [54, 29], [24, 67], [156, 1], [121, 148], [121, 9], [102, 184], [77, 146], [91, 73], [48, 60], [11, 153], [108, 112], [148, 98], [0, 0]]","[0, 4, 10, 7, 2, 16, 19, 8, 20, 1, 12, 14, 15, 5, 18, 6, 17, 3, 11, 13, 9, 21]",904.3560074714434,16.797184705734253
