Id,Coordinates,Order,Distance,Time
2668,"[[0, 0], [84, 12], [23, 19], [113, 7], [95, 20], [103, 8], [42, 5], [16, 11], [53, 22], [41, 1], [97, 7], [26, 10], [2, 1], [63, 11], [89, 4], [15, 24], [76, 4], [83, 8], [68, 17], [47, 15], [74, 7], [0, 0]]","[0, 12, 7, 15, 2, 11, 19, 8, 13, 20, 16, 17, 1, 14, 10, 5, 3, 4, 18, 6, 9, 21]",280.81952115955636,18.151359796524048
