Id,Coordinates,Order,Distance,Time
954,"[[0, 0], [40, 8], [80, 11], [32, 11], [27, 2], [1, 6], [111, 9], [16, 2], [31, 1], [151, 11], [47, 10], [29, 8], [11, 11], [2, 9], [115, 2], [57, 7], [93, 9], [76, 5], [109, 9], [32, 3], [14, 11], [0, 0]]","[0, 5, 13, 12, 20, 4, 8, 19, 11, 3, 1, 10, 15, 2, 16, 18, 6, 9, 14, 17, 7, 21]",325.9439433058913,15.595376014709473
