Id,Coordinates,Order,Distance,Time
7733,"[[0, 0], [72, 114], [72, 134], [60, 42], [30, 70], [48, 39], [47, 19], [24, 127], [80, 48], [71, 118], [37, 75], [55, 102], [30, 137], [45, 35], [14, 73], [42, 104], [81, 38], [18, 93], [15, 135], [60, 7], [9, 81], [0, 0]]","[0, 13, 5, 3, 8, 16, 19, 6, 4, 10, 17, 15, 11, 1, 9, 2, 12, 7, 18, 20, 14, 21]",532.4010452097631,16.196228504180908
