Id,Coordinates,Order,Distance,Time
1531,"[[0, 0], [88, 55], [69, 113], [83, 58], [95, 4], [58, 73], [71, 25], [64, 9], [53, 57], [8, 47], [92, 113], [99, 123], [62, 41], [23, 14], [42, 18], [56, 75], [92, 42], [7, 58], [22, 32], [19, 1], [39, 16], [0, 0]]","[0, 19, 13, 20, 14, 6, 12, 8, 3, 1, 16, 4, 7, 18, 9, 17, 2, 10, 11, 15, 5, 21]",594.9171519831161,14.211022853851318
