Id,Coordinates,Order,Distance,Time
7650,"[[0, 0], [11, 17], [21, 22], [35, 29], [21, 39], [24, 30], [27, 5], [8, 36], [28, 41], [25, 42], [39, 20], [4, 14], [12, 43], [18, 29], [37, 33], [39, 41], [22, 30], [7, 49], [43, 56], [39, 38], [29, 36], [0, 0]]","[0, 11, 1, 2, 5, 20, 8, 9, 4, 12, 17, 7, 13, 16, 14, 19, 15, 18, 3, 10, 6, 21]",232.8830015707856,18.306525468826294
