Id,Coordinates,Order,Distance,Time
7667,"[[0, 0], [41, 9], [38, 49], [45, 42], [55, 19], [2, 7], [30, 47], [11, 63], [45, 47], [49, 20], [24, 31], [61, 73], [45, 33], [4, 9], [1, 34], [44, 25], [44, 29], [73, 36], [54, 38], [7, 3], [72, 24], [0, 0]]","[0, 5, 13, 10, 6, 2, 8, 3, 12, 16, 15, 1, 9, 4, 20, 17, 18, 11, 7, 14, 19, 21]",334.95791024556115,14.491823196411133
