Id,Coordinates,Order,Distance,Time
3450,"[[0, 0], [61, 18], [123, 32], [112, 22], [17, 55], [87, 46], [127, 39], [173, 22], [39, 2], [176, 68], [27, 81], [174, 74], [16, 60], [106, 77], [116, 18], [30, 34], [138, 18], [3, 87], [140, 38], [80, 5], [14, 73], [0, 0]]","[0, 8, 1, 19, 3, 14, 2, 6, 18, 16, 7, 9, 11, 13, 5, 10, 17, 20, 12, 4, 15, 21]",579.3952014939048,22.64001989364624
