Id,Coordinates,Order,Distance,Time
7719,"[[0, 0], [30, 48], [22, 47], [19, 1], [36, 40], [2, 32], [29, 24], [15, 9], [5, 23], [31, 28], [3, 4], [31, 47], [31, 61], [18, 57], [30, 26], [25, 55], [36, 39], [28, 52], [26, 5], [33, 17], [10, 38], [0, 0]]","[0, 10, 7, 3, 18, 19, 6, 14, 9, 16, 4, 11, 1, 17, 15, 13, 12, 2, 20, 5, 8, 21]",187.7966637436688,20.58953285217285
