Id,Coordinates,Order,Distance,Time
7214,"[[0, 0], [20, 38], [28, 9], [36, 98], [14, 38], [26, 32], [42, 40], [32, 109], [21, 49], [44, 24], [20, 62], [41, 76], [35, 27], [2, 41], [8, 107], [5, 9], [14, 88], [29, 88], [35, 69], [21, 53], [4, 69], [0, 0]]","[0, 2, 12, 9, 6, 5, 1, 4, 8, 19, 10, 18, 11, 17, 3, 7, 14, 16, 20, 13, 15, 21]",334.44360571742504,15.109369039535522
