Id,Coordinates,Order,Distance,Time
96,"[[0, 0], [2, 70], [50, 28], [26, 47], [38, 87], [15, 30], [27, 13], [32, 3], [31, 49], [30, 75], [20, 17], [44, 55], [49, 17], [25, 64], [26, 24], [42, 71], [47, 27], [9, 48], [1, 19], [44, 1], [7, 8], [0, 0]]","[0, 20, 10, 14, 6, 7, 19, 12, 16, 2, 11, 8, 3, 13, 15, 4, 9, 1, 17, 5, 18, 21]",320.20026079524075,13.919757604598999
