Id,Coordinates,Order,Distance,Time
6255,"[[0, 0], [29, 94], [16, 107], [29, 40], [23, 107], [28, 81], [18, 34], [8, 33], [25, 21], [19, 123], [29, 73], [24, 107], [13, 21], [16, 64], [8, 11], [19, 43], [16, 40], [9, 52], [6, 67], [18, 112], [6, 87], [0, 0]]","[0, 14, 12, 8, 6, 16, 15, 3, 17, 18, 20, 2, 19, 9, 4, 11, 1, 5, 10, 13, 7, 21]",303.2705442113777,14.032982349395752
