Id,Coordinates,Order,Distance,Time
2511,"[[0, 0], [63, 14], [5, 54], [17, 49], [46, 52], [22, 2], [53, 8], [21, 49], [7, 1], [21, 53], [49, 53], [50, 50], [9, 43], [8, 14], [45, 46], [9, 54], [30, 11], [18, 16], [50, 43], [18, 20], [44, 37], [0, 0]]","[0, 8, 17, 19, 5, 16, 6, 1, 20, 18, 14, 11, 10, 4, 7, 3, 9, 15, 2, 12, 13, 21]",258.6105950660884,15.68808889389038
