Id,Coordinates,Order,Distance,Time
8817,"[[0, 0], [30, 40], [22, 73], [11, 48], [21, 28], [14, 67], [4, 3], [23, 52], [25, 43], [8, 56], [11, 47], [6, 36], [25, 43], [26, 71], [5, 75], [20, 41], [14, 38], [9, 17], [10, 13], [18, 1], [8, 72], [0, 0]]","[0, 6, 18, 17, 11, 16, 15, 8, 12, 10, 3, 9, 14, 20, 5, 2, 13, 7, 1, 4, 19, 21]",222.54634721427757,14.39630913734436
