Id,Coordinates,Order,Distance,Time
9443,"[[0, 0], [36, 91], [37, 130], [118, 104], [42, 94], [62, 15], [7, 104], [13, 127], [39, 70], [103, 64], [36, 89], [30, 56], [30, 97], [70, 80], [102, 104], [80, 79], [75, 88], [44, 21], [45, 23], [57, 129], [116, 52], [0, 0]]","[0, 17, 18, 11, 8, 10, 1, 4, 12, 6, 7, 2, 19, 16, 13, 15, 14, 3, 9, 20, 5, 21]",538.4422161565143,15.568386554718018
