Id,Coordinates,Order,Distance,Time
5138,"[[0, 0], [179, 100], [27, 92], [168, 104], [91, 67], [105, 50], [88, 55], [30, 18], [8, 38], [131, 32], [187, 63], [171, 116], [56, 90], [9, 96], [69, 33], [86, 70], [155, 31], [111, 7], [127, 87], [112, 63], [127, 107], [0, 0]]","[0, 8, 13, 2, 12, 15, 4, 6, 5, 19, 18, 20, 11, 3, 1, 10, 16, 9, 17, 14, 7, 21]",612.690699696891,18.79664421081543
