Id,Coordinates,Order,Distance,Time
6700,"[[0, 0], [46, 17], [41, 18], [12, 3], [32, 1], [52, 15], [38, 21], [16, 8], [33, 4], [40, 9], [10, 17], [18, 12], [39, 11], [41, 1], [13, 3], [28, 18], [48, 10], [31, 10], [42, 21], [32, 23], [48, 6], [0, 0]]","[0, 3, 14, 7, 15, 19, 6, 18, 2, 1, 5, 16, 20, 12, 9, 13, 4, 8, 17, 11, 10, 21]",156.92822375344096,23.248000621795654
