Id,Coordinates,Order,Distance,Time
6516,"[[0, 0], [32, 24], [26, 33], [18, 30], [7, 50], [1, 28], [32, 75], [11, 2], [15, 24], [15, 15], [27, 25], [10, 29], [28, 48], [9, 36], [13, 49], [17, 11], [7, 35], [33, 31], [30, 78], [15, 49], [21, 40], [0, 0]]","[0, 7, 15, 9, 8, 3, 14, 19, 20, 2, 10, 1, 17, 12, 6, 18, 4, 13, 16, 11, 5, 21]",247.49081101111366,13.349604606628418
