Id,Coordinates,Order,Distance,Time
528,"[[0, 0], [17, 5], [22, 9], [29, 11], [18, 7], [48, 18], [34, 24], [6, 16], [22, 22], [43, 14], [45, 4], [27, 20], [19, 12], [43, 20], [23, 13], [15, 18], [19, 11], [11, 16], [1, 18], [20, 17], [4, 23], [0, 0]]","[0, 7, 17, 15, 19, 16, 12, 4, 1, 2, 14, 11, 6, 13, 5, 9, 10, 3, 8, 20, 18, 21]",175.95206287027833,21.342347860336304
