Id,Coordinates,Order,Distance,Time
9764,"[[0, 0], [163, 29], [79, 31], [79, 46], [119, 80], [114, 97], [96, 10], [8, 25], [70, 39], [32, 48], [166, 41], [83, 68], [52, 79], [30, 14], [152, 73], [100, 86], [166, 64], [16, 76], [19, 68], [1, 20], [57, 97], [0, 0]]","[0, 19, 7, 9, 18, 17, 20, 12, 3, 2, 6, 1, 10, 16, 14, 4, 5, 15, 11, 8, 13, 21]",570.3983110014302,16.44294548034668
