Id,Coordinates,Order,Distance,Time
6510,"[[0, 0], [55, 46], [63, 10], [73, 89], [15, 73], [50, 128], [94, 113], [66, 83], [6, 22], [55, 61], [94, 60], [13, 119], [48, 90], [38, 45], [31, 119], [6, 58], [42, 98], [13, 86], [52, 36], [12, 106], [2, 39], [0, 0]]","[0, 8, 20, 15, 4, 17, 19, 11, 14, 5, 16, 12, 7, 3, 6, 10, 9, 1, 13, 18, 2, 21]",495.59419602192116,14.706209897994995
