Id,Coordinates,Order,Distance,Time
1991,"[[0, 0], [111, 7], [51, 32], [47, 56], [102, 42], [104, 17], [24, 26], [21, 52], [107, 54], [105, 35], [114, 42], [8, 1], [87, 33], [41, 48], [92, 29], [56, 9], [101, 36], [85, 3], [88, 10], [34, 46], [101, 8], [0, 0]]","[0, 6, 7, 19, 13, 3, 2, 17, 18, 20, 1, 5, 9, 16, 10, 8, 4, 12, 14, 15, 11, 21]",389.36204001222063,12.904110670089722
