Id,Coordinates,Order,Distance,Time
8565,"[[0, 0], [46, 104], [34, 33], [96, 58], [76, 48], [82, 94], [38, 73], [40, 117], [34, 58], [25, 111], [108, 50], [85, 69], [70, 49], [24, 27], [108, 91], [69, 123], [102, 131], [43, 69], [16, 40], [23, 12], [20, 41], [0, 0]]","[0, 19, 13, 20, 18, 8, 17, 6, 1, 9, 7, 15, 16, 14, 3, 10, 4, 12, 11, 5, 2, 21]",541.9182671484115,14.781462669372559
