Id,Coordinates,Order,Distance,Time
4265,"[[0, 0], [192, 14], [61, 13], [30, 26], [125, 25], [153, 12], [167, 2], [51, 5], [34, 27], [135, 30], [175, 25], [136, 21], [139, 2], [13, 21], [152, 9], [194, 30], [48, 7], [159, 6], [61, 14], [19, 3], [70, 32], [0, 0]]","[0, 13, 3, 8, 16, 2, 18, 20, 4, 9, 11, 14, 17, 6, 1, 15, 10, 5, 12, 7, 19, 21]",463.2460154003121,16.679014921188354
