Id,Coordinates,Order,Distance,Time
820,"[[0, 0], [128, 146], [124, 64], [130, 59], [139, 127], [73, 37], [98, 8], [21, 127], [95, 31], [60, 140], [102, 64], [110, 10], [83, 114], [99, 110], [143, 28], [91, 26], [137, 139], [22, 150], [83, 142], [53, 112], [95, 23], [0, 0]]","[0, 15, 20, 8, 6, 11, 14, 3, 2, 13, 12, 19, 7, 17, 9, 18, 1, 16, 4, 10, 5, 21]",703.9453125427331,18.516717195510864
