Id,Coordinates,Order,Distance,Time
2200,"[[0, 0], [50, 20], [46, 25], [30, 22], [61, 23], [10, 24], [23, 1], [35, 3], [42, 27], [63, 1], [26, 13], [20, 5], [3, 9], [22, 25], [50, 17], [43, 1], [47, 25], [44, 19], [2, 4], [13, 13], [56, 13], [0, 0]]","[0, 18, 11, 6, 7, 14, 1, 16, 2, 8, 17, 4, 20, 9, 15, 10, 3, 13, 5, 19, 12, 21]",227.17205911455733,18.723937273025513
