Id,Coordinates,Order,Distance,Time
3067,"[[0, 0], [72, 80], [143, 83], [87, 95], [82, 43], [32, 84], [145, 75], [25, 54], [10, 98], [41, 83], [128, 75], [65, 1], [57, 67], [61, 36], [123, 23], [17, 8], [29, 44], [31, 74], [78, 18], [127, 88], [112, 26], [0, 0]]","[0, 16, 7, 17, 8, 5, 9, 12, 1, 3, 19, 2, 6, 10, 14, 20, 4, 13, 18, 11, 15, 21]",530.3932295367256,15.484039783477783
