Id,Coordinates,Order,Distance,Time
7783,"[[0, 0], [23, 39], [115, 28], [84, 23], [39, 42], [150, 25], [83, 2], [80, 31], [65, 47], [126, 50], [132, 13], [112, 10], [41, 11], [157, 37], [22, 61], [12, 21], [39, 41], [103, 40], [54, 20], [82, 13], [132, 32], [0, 0]]","[0, 15, 1, 14, 4, 16, 8, 7, 3, 19, 2, 17, 9, 20, 13, 5, 10, 11, 6, 18, 12, 21]",461.5514704967856,17.14726972579956
