Id,Coordinates,Order,Distance,Time
3890,"[[0, 0], [40, 150], [35, 33], [84, 91], [63, 61], [49, 99], [36, 41], [2, 146], [12, 161], [80, 87], [78, 159], [40, 87], [30, 77], [66, 78], [65, 112], [41, 21], [10, 45], [33, 98], [64, 29], [40, 124], [69, 40], [0, 0]]","[0, 2, 6, 16, 12, 11, 17, 5, 19, 7, 8, 1, 10, 14, 3, 9, 13, 4, 20, 18, 15, 21]",541.049100789415,16.01560091972351
