Id,Coordinates,Order,Distance,Time
8028,"[[0, 0], [17, 140], [129, 35], [9, 123], [128, 138], [100, 99], [51, 86], [160, 90], [174, 140], [152, 6], [171, 159], [149, 152], [159, 90], [142, 88], [95, 28], [83, 56], [99, 166], [75, 108], [166, 84], [155, 24], [129, 38], [0, 0]]","[0, 17, 5, 13, 12, 7, 18, 8, 10, 11, 4, 16, 1, 3, 6, 15, 20, 2, 19, 9, 14, 21]",855.180968951925,15.414630651473999
