Id,Coordinates,Order,Distance,Time
9902,"[[0, 0], [23, 21], [124, 10], [37, 13], [20, 18], [70, 14], [108, 11], [114, 29], [39, 23], [124, 26], [105, 16], [69, 30], [83, 18], [80, 20], [122, 4], [12, 17], [10, 20], [22, 6], [123, 32], [51, 30], [99, 5], [0, 0]]","[0, 15, 16, 4, 1, 8, 19, 11, 13, 12, 6, 10, 7, 18, 9, 2, 14, 20, 5, 3, 17, 21]",315.5992472090934,17.221420526504517
