Id,Coordinates,Order,Distance,Time
9745,"[[0, 0], [8, 36], [18, 82], [17, 40], [10, 74], [14, 97], [15, 78], [8, 97], [10, 118], [15, 114], [15, 139], [20, 109], [13, 17], [24, 34], [5, 121], [4, 84], [12, 84], [5, 46], [20, 42], [20, 96], [18, 17], [0, 0]]","[0, 12, 20, 13, 18, 3, 17, 4, 6, 2, 16, 5, 19, 11, 9, 8, 14, 10, 7, 15, 1, 21]",328.9230044107853,17.483076572418213
