Id,Coordinates,Order,Distance,Time
5261,"[[0, 0], [67, 29], [136, 181], [147, 100], [179, 159], [99, 187], [81, 63], [26, 24], [35, 152], [36, 181], [8, 121], [132, 160], [175, 38], [109, 98], [170, 110], [165, 170], [30, 169], [149, 4], [178, 136], [187, 16], [101, 178], [0, 0]]","[0, 7, 6, 3, 14, 18, 4, 15, 2, 11, 20, 5, 9, 16, 8, 10, 13, 12, 19, 17, 1, 21]",919.9965947335265,18.794634103775024
