Id,Coordinates,Order,Distance,Time
2690,"[[0, 0], [45, 11], [73, 75], [40, 7], [84, 69], [39, 69], [89, 10], [54, 31], [95, 1], [30, 64], [28, 18], [18, 51], [11, 49], [89, 35], [69, 34], [69, 24], [89, 76], [97, 4], [54, 6], [56, 37], [40, 10], [0, 0]]","[0, 10, 20, 3, 1, 18, 7, 19, 14, 15, 6, 8, 17, 13, 4, 16, 2, 5, 9, 11, 12, 21]",370.93639286766086,16.617565631866455
