Id,Coordinates,Order,Distance,Time
4012,"[[0, 0], [59, 12], [8, 63], [30, 61], [161, 4], [102, 17], [155, 41], [34, 14], [64, 41], [48, 24], [51, 44], [147, 11], [92, 2], [75, 58], [41, 40], [157, 19], [60, 61], [40, 10], [114, 16], [133, 64], [45, 26], [0, 0]]","[0, 7, 17, 9, 20, 14, 10, 3, 2, 1, 12, 5, 18, 11, 4, 15, 6, 19, 13, 16, 8, 21]",562.3075337219915,17.411258935928345
