Id,Coordinates,Order,Distance,Time
3249,"[[0, 0], [86, 65], [87, 63], [3, 138], [104, 37], [59, 82], [19, 135], [44, 1], [101, 32], [136, 109], [84, 41], [68, 139], [128, 123], [88, 140], [56, 118], [5, 83], [86, 115], [114, 66], [4, 49], [30, 126], [70, 22], [0, 0]]","[0, 7, 20, 10, 8, 4, 17, 2, 1, 5, 11, 13, 12, 9, 16, 14, 19, 6, 3, 15, 18, 21]",630.8192548303923,16.13671088218689
