Id,Coordinates,Order,Distance,Time
6883,"[[0, 0], [188, 133], [71, 11], [58, 84], [14, 66], [81, 59], [56, 133], [164, 6], [5, 73], [161, 142], [74, 75], [140, 32], [50, 65], [67, 78], [36, 31], [92, 13], [15, 37], [179, 18], [103, 111], [65, 130], [171, 36], [0, 0]]","[0, 16, 14, 12, 13, 10, 5, 11, 7, 17, 20, 18, 19, 6, 8, 4, 3, 9, 1, 15, 2, 21]",967.3730996271732,16.114980459213257
