Id,Coordinates,Order,Distance,Time
1749,"[[0, 0], [111, 18], [45, 1], [130, 53], [89, 45], [39, 23], [193, 36], [149, 40], [186, 22], [94, 37], [70, 28], [156, 45], [111, 27], [171, 61], [123, 51], [11, 59], [10, 32], [1, 26], [73, 25], [32, 21], [167, 55], [0, 0]]","[0, 19, 5, 2, 10, 18, 9, 14, 3, 7, 11, 20, 13, 6, 8, 1, 12, 4, 15, 16, 17, 21]",530.3558092930103,17.735831260681152
