Id,Coordinates,Order,Distance,Time
4543,"[[0, 0], [6, 75], [17, 127], [21, 78], [62, 128], [21, 66], [69, 91], [59, 110], [42, 24], [42, 87], [34, 104], [56, 129], [49, 47], [76, 76], [71, 114], [4, 112], [76, 13], [45, 117], [70, 45], [58, 23], [40, 10], [0, 0]]","[0, 20, 8, 19, 16, 18, 12, 5, 1, 15, 2, 10, 17, 11, 4, 14, 7, 6, 13, 9, 3, 21]",527.5503686982742,17.77544093132019
