Id,Coordinates,Order,Distance,Time
2748,"[[0, 0], [62, 27], [14, 27], [32, 13], [52, 17], [7, 12], [34, 4], [85, 3], [107, 12], [13, 14], [75, 25], [91, 20], [9, 25], [83, 18], [43, 4], [47, 10], [80, 2], [30, 26], [37, 15], [16, 12], [56, 22], [0, 0]]","[0, 5, 9, 12, 2, 17, 3, 18, 15, 4, 20, 1, 10, 13, 11, 8, 7, 16, 14, 6, 19, 21]",269.41055959692994,14.19649338722229
