Id,Coordinates,Order,Distance,Time
8419,"[[0, 0], [20, 34], [24, 44], [50, 36], [20, 38], [18, 33], [3, 22], [7, 31], [44, 29], [45, 13], [20, 36], [24, 2], [15, 24], [32, 5], [11, 46], [16, 1], [48, 3], [36, 11], [21, 41], [31, 16], [2, 42], [0, 0]]","[0, 15, 11, 13, 19, 17, 16, 9, 8, 3, 2, 18, 4, 10, 1, 5, 14, 20, 7, 12, 6, 21]",222.40711383687903,17.41197371482849
