Id,Coordinates,Order,Distance,Time
7957,"[[0, 0], [74, 41], [68, 9], [33, 64], [79, 27], [72, 39], [28, 52], [50, 35], [57, 46], [35, 21], [29, 7], [13, 14], [46, 13], [38, 50], [69, 6], [43, 2], [57, 40], [64, 10], [76, 44], [24, 21], [57, 41], [0, 0]]","[0, 11, 19, 9, 10, 15, 12, 16, 20, 8, 18, 1, 5, 4, 2, 14, 17, 7, 13, 3, 6, 21]",323.6771585050848,17.54068112373352
