Id,Coordinates,Order,Distance,Time
2354,"[[0, 0], [6, 6], [13, 7], [32, 69], [26, 5], [30, 3], [28, 46], [19, 24], [12, 14], [17, 69], [4, 45], [3, 61], [4, 66], [11, 16], [6, 37], [8, 34], [21, 39], [8, 25], [12, 33], [32, 49], [8, 33], [0, 0]]","[0, 1, 8, 13, 17, 18, 16, 6, 19, 3, 9, 12, 11, 10, 14, 15, 20, 7, 4, 5, 2, 21]",217.35460399822054,16.99139404296875
