Id,Coordinates,Order,Distance,Time
4708,"[[0, 0], [33, 131], [45, 77], [50, 164], [51, 145], [11, 80], [26, 6], [23, 64], [60, 47], [5, 119], [47, 32], [53, 124], [12, 50], [35, 119], [48, 59], [55, 24], [13, 108], [22, 4], [17, 155], [66, 2], [15, 123], [0, 0]]","[0, 17, 6, 19, 15, 10, 12, 7, 5, 16, 9, 20, 13, 11, 4, 3, 18, 1, 2, 14, 8, 21]",540.5492699430681,16.08302092552185
