Id,Coordinates,Order,Distance,Time
9788,"[[0, 0], [3, 13], [8, 158], [14, 102], [4, 3], [16, 73], [21, 54], [19, 90], [3, 78], [11, 119], [14, 114], [16, 110], [20, 115], [1, 32], [9, 23], [16, 155], [3, 119], [21, 141], [7, 12], [2, 33], [11, 133], [0, 0]]","[0, 4, 18, 14, 19, 6, 5, 7, 3, 11, 10, 9, 16, 20, 2, 15, 17, 12, 8, 13, 1, 21]",351.5940006981872,18.302516222000122
