Id,Coordinates,Order,Distance,Time
6763,"[[0, 0], [44, 133], [22, 69], [19, 58], [14, 26], [39, 134], [44, 141], [15, 36], [6, 109], [16, 103], [41, 104], [3, 97], [10, 3], [15, 5], [21, 98], [31, 54], [30, 16], [30, 63], [7, 17], [24, 138], [19, 113], [0, 0]]","[0, 12, 13, 18, 4, 7, 3, 2, 17, 14, 9, 11, 8, 20, 19, 1, 5, 6, 10, 15, 16, 21]",397.8967821925712,13.376601219177246
