Id,Coordinates,Order,Distance,Time
9066,"[[0, 0], [54, 50], [5, 82], [13, 124], [5, 105], [15, 147], [32, 182], [11, 92], [64, 54], [14, 106], [47, 89], [59, 138], [13, 76], [56, 25], [23, 78], [60, 85], [17, 19], [27, 173], [68, 15], [7, 104], [10, 12], [0, 0]]","[0, 20, 13, 18, 8, 1, 14, 12, 2, 7, 19, 4, 9, 3, 5, 17, 6, 11, 15, 10, 16, 21]",525.5244888789712,16.84641718864441
