Id,Coordinates,Order,Distance,Time
2041,"[[0, 0], [84, 1], [2, 164], [29, 161], [21, 158], [5, 164], [42, 35], [22, 138], [83, 96], [68, 71], [83, 112], [2, 106], [62, 147], [39, 196], [28, 26], [53, 23], [80, 10], [70, 112], [10, 4], [43, 24], [22, 84], [0, 0]]","[0, 18, 14, 19, 15, 6, 17, 8, 10, 12, 13, 3, 4, 5, 2, 7, 11, 20, 9, 1, 16, 21]",668.5331405856023,15.303504705429077
