Id,Coordinates,Order,Distance,Time
1204,"[[0, 0], [71, 133], [121, 98], [76, 14], [26, 27], [112, 13], [149, 17], [143, 62], [40, 17], [70, 57], [131, 108], [103, 54], [176, 39], [66, 132], [107, 39], [163, 63], [118, 102], [123, 88], [183, 87], [145, 86], [97, 41], [0, 0]]","[0, 8, 3, 20, 11, 14, 5, 6, 12, 15, 7, 19, 18, 10, 16, 2, 17, 1, 13, 9, 4, 21]",675.8777619630963,12.536890745162964
