Id,Coordinates,Order,Distance,Time
5254,"[[0, 0], [118, 89], [39, 65], [63, 39], [58, 69], [21, 90], [95, 61], [153, 11], [134, 30], [118, 85], [150, 34], [102, 1], [113, 77], [75, 23], [48, 81], [2, 84], [123, 44], [131, 25], [69, 83], [80, 12], [78, 25], [0, 0]]","[0, 3, 20, 13, 19, 11, 7, 10, 8, 17, 16, 9, 1, 12, 6, 18, 4, 14, 2, 5, 15, 21]",554.9858153771441,16.200970888137817
