Id,Coordinates,Order,Distance,Time
6776,"[[0, 0], [41, 43], [83, 19], [113, 42], [29, 56], [97, 2], [83, 29], [134, 3], [151, 28], [163, 59], [54, 25], [63, 2], [99, 42], [26, 69], [24, 68], [113, 67], [3, 20], [55, 11], [40, 27], [109, 19], [104, 12], [0, 0]]","[0, 18, 10, 17, 11, 2, 6, 12, 3, 19, 20, 5, 7, 8, 9, 15, 1, 4, 13, 14, 16, 21]",535.401704414412,18.41696810722351
