Id,Coordinates,Order,Distance,Time
6230,"[[0, 0], [139, 35], [48, 29], [143, 45], [156, 69], [116, 7], [42, 6], [78, 32], [38, 2], [1, 8], [116, 52], [144, 30], [125, 19], [5, 75], [35, 33], [83, 42], [47, 61], [117, 78], [76, 9], [119, 76], [153, 1], [0, 0]]","[0, 8, 6, 14, 2, 18, 5, 12, 20, 11, 3, 4, 19, 17, 10, 1, 15, 7, 16, 13, 9, 21]",604.2661598150567,13.535029888153076
