Id,Coordinates,Order,Distance,Time
5352,"[[0, 0], [20, 126], [19, 58], [43, 20], [1, 132], [5, 14], [44, 160], [62, 29], [59, 71], [42, 177], [64, 47], [54, 120], [40, 105], [41, 45], [20, 145], [51, 138], [29, 65], [17, 117], [38, 4], [43, 160], [26, 61], [0, 0]]","[0, 18, 3, 7, 10, 13, 20, 16, 8, 12, 11, 15, 6, 19, 9, 14, 4, 1, 17, 2, 5, 21]",503.89156397088857,14.911910772323608
