Id,Coordinates,Order,Distance,Time
1669,"[[0, 0], [60, 26], [47, 3], [77, 47], [23, 48], [123, 28], [24, 36], [113, 51], [123, 47], [99, 17], [39, 45], [75, 15], [73, 21], [59, 48], [80, 11], [27, 22], [5, 23], [118, 3], [102, 49], [82, 46], [93, 52], [0, 0]]","[0, 16, 15, 6, 4, 10, 13, 3, 19, 20, 18, 7, 8, 5, 17, 9, 14, 11, 12, 1, 2, 21]",362.70835592609046,22.30365800857544
