Id,Coordinates,Order,Distance,Time
5183,"[[0, 0], [26, 61], [62, 33], [34, 59], [2, 65], [60, 62], [30, 14], [79, 24], [18, 69], [28, 24], [52, 55], [5, 6], [14, 48], [74, 43], [54, 42], [11, 47], [4, 35], [7, 69], [33, 37], [9, 15], [7, 6], [0, 0]]","[0, 11, 20, 19, 15, 12, 3, 10, 5, 14, 13, 7, 2, 6, 9, 18, 1, 8, 17, 4, 16, 21]",365.2903050408665,13.51699161529541
