Id,Coordinates,Order,Distance,Time
8944,"[[0, 0], [8, 2], [34, 5], [59, 49], [56, 63], [1, 48], [74, 17], [23, 44], [59, 37], [16, 26], [31, 13], [38, 31], [73, 22], [62, 45], [76, 19], [2, 62], [30, 5], [51, 15], [81, 66], [27, 62], [65, 46], [0, 0]]","[0, 1, 16, 2, 10, 7, 5, 15, 19, 11, 17, 6, 14, 12, 8, 13, 20, 18, 4, 3, 9, 21]",395.7006022025881,17.53924322128296
