Id,Coordinates,Order,Distance,Time
8805,"[[0, 0], [27, 44], [100, 29], [84, 16], [92, 18], [37, 30], [11, 52], [15, 49], [51, 2], [126, 43], [39, 2], [117, 48], [8, 23], [126, 30], [80, 38], [10, 23], [108, 31], [114, 55], [78, 16], [44, 54], [123, 53], [0, 0]]","[0, 12, 15, 6, 7, 1, 5, 19, 14, 16, 13, 9, 20, 17, 11, 2, 4, 3, 18, 8, 10, 21]",375.9418695098053,16.9479341506958
