Id,Coordinates,Order,Distance,Time
8562,"[[0, 0], [5, 52], [38, 21], [156, 46], [14, 18], [132, 71], [71, 44], [152, 50], [159, 72], [92, 61], [55, 55], [121, 4], [19, 71], [41, 4], [140, 78], [77, 123], [150, 3], [38, 7], [118, 75], [127, 46], [114, 43], [0, 0]]","[0, 17, 13, 6, 9, 20, 19, 7, 3, 8, 14, 5, 18, 15, 12, 1, 10, 16, 11, 2, 4, 21]",746.6761725922777,16.67103672027588
