Id,Coordinates,Order,Distance,Time
7842,"[[0, 0], [35, 52], [9, 50], [87, 80], [88, 81], [72, 27], [79, 105], [9, 58], [29, 22], [74, 6], [83, 7], [60, 12], [60, 63], [63, 84], [74, 84], [78, 1], [9, 24], [56, 43], [41, 23], [45, 15], [41, 32], [0, 0]]","[0, 8, 18, 19, 11, 9, 15, 10, 5, 17, 1, 2, 7, 13, 14, 6, 4, 3, 12, 20, 16, 21]",449.95420559015076,15.922461032867432
