Id,Coordinates,Order,Distance,Time
1934,"[[0, 0], [89, 127], [54, 121], [91, 179], [53, 159], [31, 30], [51, 24], [88, 39], [56, 80], [41, 180], [26, 44], [26, 1], [41, 42], [51, 127], [19, 33], [78, 20], [63, 144], [26, 129], [67, 75], [26, 119], [5, 145], [0, 0]]","[0, 11, 5, 12, 6, 15, 7, 18, 8, 2, 13, 16, 4, 9, 3, 1, 17, 20, 19, 10, 14, 21]",654.9847371650729,15.949185132980347
