Id,Coordinates,Order,Distance,Time
4271,"[[0, 0], [48, 81], [24, 59], [17, 104], [18, 38], [5, 24], [27, 55], [57, 16], [9, 78], [8, 90], [53, 16], [26, 31], [47, 42], [13, 26], [13, 92], [53, 107], [24, 80], [55, 3], [3, 3], [36, 93], [52, 20], [0, 0]]","[0, 18, 5, 13, 11, 17, 10, 7, 20, 12, 6, 2, 16, 8, 9, 14, 3, 19, 15, 1, 4, 21]",392.9351054826146,16.955389499664307
