Id,Coordinates,Order,Distance,Time
3284,"[[0, 0], [9, 119], [29, 12], [11, 168], [11, 153], [7, 22], [23, 95], [25, 16], [6, 7], [11, 176], [12, 120], [28, 125], [27, 85], [20, 156], [17, 161], [21, 1], [21, 20], [26, 38], [3, 88], [20, 61], [26, 111], [0, 0]]","[0, 8, 15, 2, 7, 16, 17, 19, 12, 6, 20, 11, 10, 1, 4, 13, 14, 3, 9, 18, 5, 21]",422.0249903176945,13.888901710510254
