Id,Coordinates,Order,Distance,Time
3694,"[[0, 0], [6, 13], [23, 94], [8, 113], [51, 93], [42, 161], [1, 139], [14, 155], [39, 127], [21, 89], [44, 43], [13, 109], [36, 36], [43, 157], [34, 111], [55, 74], [7, 55], [55, 118], [51, 147], [8, 42], [2, 143], [0, 0]]","[0, 1, 12, 10, 15, 4, 14, 17, 8, 18, 13, 5, 7, 20, 6, 3, 11, 2, 9, 16, 19, 21]",418.6000953658132,12.93256688117981
