Id,Coordinates,Order,Distance,Time
1529,"[[0, 0], [15, 21], [6, 25], [3, 7], [3, 21], [10, 2], [11, 7], [11, 22], [5, 14], [12, 1], [10, 13], [10, 16], [10, 19], [13, 16], [13, 17], [4, 23], [8, 2], [1, 15], [12, 10], [10, 19], [11, 7], [0, 0]]","[0, 16, 5, 9, 6, 20, 18, 10, 11, 12, 19, 7, 1, 14, 13, 2, 15, 4, 17, 8, 3, 21]",84.90018322978753,16.44810199737549
