Id,Coordinates,Order,Distance,Time
4885,"[[0, 0], [79, 24], [21, 73], [50, 48], [13, 51], [83, 28], [81, 62], [105, 42], [49, 64], [29, 24], [1, 22], [81, 30], [4, 40], [58, 4], [99, 8], [36, 22], [6, 52], [32, 35], [96, 51], [83, 20], [62, 5], [0, 0]]","[0, 10, 12, 16, 4, 2, 8, 3, 13, 20, 1, 11, 5, 19, 14, 7, 18, 6, 17, 15, 9, 21]",419.17703697319934,14.134089231491089
