Id,Coordinates,Order,Distance,Time
9630,"[[0, 0], [152, 1], [159, 7], [154, 7], [6, 9], [7, 1], [51, 4], [105, 2], [140, 9], [41, 6], [154, 9], [91, 1], [30, 9], [83, 1], [40, 7], [130, 10], [19, 9], [23, 8], [7, 1], [69, 2], [111, 10], [0, 0]]","[0, 5, 18, 17, 12, 14, 9, 6, 19, 13, 11, 20, 15, 8, 10, 3, 2, 1, 7, 16, 4, 21]",330.87595218382273,15.297055006027222
