Id,Coordinates,Order,Distance,Time
5551,"[[0, 0], [9, 15], [6, 37], [97, 3], [83, 16], [41, 31], [102, 10], [32, 85], [43, 13], [65, 106], [16, 36], [49, 45], [14, 78], [87, 23], [98, 91], [89, 112], [55, 67], [36, 39], [92, 116], [60, 105], [52, 26], [0, 0]]","[0, 1, 2, 10, 17, 5, 20, 11, 16, 7, 12, 19, 9, 15, 18, 14, 13, 6, 3, 4, 8, 21]",496.406678505922,13.490544080734253
