Id,Coordinates,Order,Distance,Time
5446,"[[0, 0], [36, 9], [10, 11], [90, 3], [25, 22], [19, 30], [54, 8], [29, 29], [63, 25], [14, 37], [71, 28], [25, 6], [85, 21], [96, 9], [63, 26], [40, 19], [83, 31], [45, 21], [21, 4], [93, 9], [62, 2], [0, 0]]","[0, 18, 11, 1, 17, 8, 14, 10, 16, 12, 19, 13, 3, 20, 6, 15, 7, 4, 5, 9, 2, 21]",265.93654973129577,19.00233817100525
