Id,Coordinates,Order,Distance,Time
948,"[[0, 0], [57, 35], [93, 145], [48, 45], [48, 148], [39, 1], [60, 80], [45, 22], [95, 54], [61, 42], [31, 36], [75, 113], [8, 90], [32, 104], [84, 100], [77, 1], [23, 102], [23, 9], [92, 103], [43, 43], [11, 50], [0, 0]]","[0, 17, 7, 1, 9, 3, 19, 10, 20, 12, 16, 13, 11, 14, 18, 2, 4, 6, 8, 15, 5, 21]",601.6158905441592,16.318835020065308
