Id,Coordinates,Order,Distance,Time
5402,"[[0, 0], [7, 54], [15, 11], [8, 64], [2, 69], [11, 72], [1, 15], [13, 16], [19, 4], [17, 22], [5, 23], [3, 3], [13, 45], [6, 61], [5, 46], [7, 46], [12, 75], [12, 10], [13, 72], [9, 16], [6, 36], [0, 0]]","[0, 11, 17, 19, 6, 10, 20, 14, 15, 1, 13, 4, 5, 16, 18, 3, 12, 9, 7, 2, 8, 21]",195.77524882475174,15.384763956069946
