Id,Coordinates,Order,Distance,Time
8615,"[[0, 0], [79, 74], [8, 78], [118, 32], [18, 60], [69, 80], [103, 98], [27, 105], [117, 19], [30, 40], [46, 104], [18, 44], [20, 97], [56, 41], [96, 94], [53, 105], [30, 26], [37, 108], [90, 69], [57, 33], [97, 96], [0, 0]]","[0, 11, 4, 2, 12, 7, 17, 10, 15, 5, 1, 14, 20, 6, 18, 3, 8, 19, 13, 9, 16, 21]",460.3576494145934,14.783937215805054
