Id,Coordinates,Order,Distance,Time
4756,"[[0, 0], [19, 33], [114, 46], [88, 37], [8, 34], [37, 33], [153, 40], [181, 10], [191, 20], [124, 56], [109, 38], [70, 59], [74, 52], [3, 5], [70, 24], [13, 20], [142, 50], [76, 25], [162, 43], [170, 51], [192, 56], [0, 0]]","[0, 13, 15, 4, 1, 5, 11, 12, 3, 10, 2, 9, 16, 6, 18, 19, 20, 8, 7, 17, 14, 21]",495.4686022621941,14.603574752807617
