Id,Coordinates,Order,Distance,Time
5443,"[[0, 0], [27, 8], [48, 40], [3, 5], [40, 8], [43, 9], [43, 7], [30, 19], [44, 21], [5, 49], [48, 1], [36, 22], [27, 30], [44, 32], [42, 34], [11, 47], [42, 29], [14, 26], [43, 1], [40, 44], [44, 24], [0, 0]]","[0, 3, 7, 11, 8, 20, 16, 13, 14, 2, 19, 15, 9, 17, 12, 4, 5, 6, 10, 18, 1, 21]",245.1937829841391,17.230547666549683
