Id,Coordinates,Order,Distance,Time
7384,"[[0, 0], [28, 9], [85, 51], [34, 71], [65, 56], [71, 58], [5, 68], [103, 3], [106, 57], [32, 14], [44, 9], [22, 48], [52, 16], [142, 35], [20, 4], [75, 19], [18, 71], [164, 36], [16, 45], [130, 65], [94, 61], [0, 0]]","[0, 14, 1, 9, 10, 12, 15, 7, 13, 17, 19, 8, 20, 2, 5, 4, 3, 16, 6, 11, 18, 21]",449.34053283619954,18.974210500717163
