Id,Coordinates,Order,Distance,Time
2164,"[[0, 0], [62, 17], [107, 12], [11, 13], [62, 40], [17, 38], [88, 21], [8, 11], [9, 27], [2, 27], [18, 10], [1, 29], [110, 47], [110, 1], [54, 27], [6, 26], [68, 35], [68, 4], [1, 41], [60, 20], [85, 26], [0, 0]]","[0, 7, 3, 8, 15, 9, 11, 18, 5, 14, 19, 1, 6, 20, 16, 4, 12, 2, 13, 17, 10, 21]",386.8523234465823,15.11720585823059
