Id,Coordinates,Order,Distance,Time
1752,"[[0, 0], [33, 22], [83, 29], [100, 31], [126, 17], [106, 18], [149, 24], [67, 10], [58, 6], [98, 5], [137, 29], [94, 5], [124, 16], [9, 20], [99, 20], [120, 20], [146, 14], [106, 21], [98, 18], [64, 4], [20, 14], [0, 0]]","[0, 13, 20, 1, 2, 3, 14, 18, 5, 17, 15, 10, 6, 16, 4, 12, 9, 11, 7, 19, 8, 21]",350.8160106924687,20.055325746536255
