Id,Coordinates,Order,Distance,Time
472,"[[0, 0], [73, 35], [129, 32], [87, 5], [143, 19], [36, 37], [55, 17], [108, 8], [130, 3], [8, 31], [101, 35], [52, 25], [14, 17], [106, 23], [53, 12], [154, 34], [134, 6], [69, 7], [76, 20], [120, 5], [113, 10], [0, 0]]","[0, 12, 9, 5, 11, 6, 18, 1, 10, 13, 20, 19, 8, 16, 4, 15, 2, 7, 3, 17, 14, 21]",411.32067134761826,13.966533422470093
