Id,Coordinates,Order,Distance,Time
1299,"[[0, 0], [44, 74], [15, 74], [3, 19], [54, 87], [24, 147], [13, 24], [21, 133], [9, 31], [4, 162], [38, 4], [49, 26], [53, 137], [35, 5], [53, 160], [43, 32], [3, 8], [35, 80], [42, 157], [8, 95], [21, 32], [0, 0]]","[0, 16, 3, 6, 8, 20, 15, 11, 10, 13, 1, 4, 17, 7, 9, 5, 18, 14, 12, 19, 2, 21]",541.9287913602949,15.432528734207153
