Id,Coordinates,Order,Distance,Time
8186,"[[0, 0], [113, 61], [17, 34], [90, 26], [13, 24], [113, 98], [115, 31], [110, 7], [55, 13], [53, 121], [107, 104], [111, 76], [56, 117], [87, 109], [60, 86], [47, 45], [56, 83], [93, 12], [23, 74], [109, 104], [46, 76], [0, 0]]","[0, 4, 2, 18, 20, 16, 14, 12, 9, 13, 10, 19, 5, 11, 1, 6, 7, 17, 3, 8, 15, 21]",479.1785822471607,15.60565710067749
