Id,Coordinates,Order,Distance,Time
4199,"[[0, 0], [140, 91], [105, 7], [177, 116], [187, 16], [122, 98], [43, 18], [18, 22], [164, 3], [166, 81], [11, 129], [85, 81], [55, 23], [118, 52], [172, 110], [150, 101], [79, 102], [182, 25], [160, 77], [168, 106], [179, 64], [0, 0]]","[0, 6, 12, 13, 5, 1, 15, 19, 14, 3, 9, 18, 20, 17, 4, 8, 2, 11, 16, 10, 7, 21]",748.9475307922469,14.283418893814087
