Id,Coordinates,Order,Distance,Time
8185,"[[0, 0], [5, 63], [11, 58], [6, 53], [10, 30], [3, 43], [6, 10], [5, 26], [7, 55], [6, 55], [4, 16], [1, 15], [11, 2], [7, 41], [7, 1], [4, 16], [11, 45], [3, 33], [7, 13], [4, 38], [1, 53], [0, 0]]","[0, 14, 12, 6, 18, 10, 15, 7, 4, 13, 16, 3, 9, 8, 2, 1, 20, 5, 19, 17, 11, 21]",150.09938640711604,16.637704372406006
