Id,Coordinates,Order,Distance,Time
6923,"[[0, 0], [101, 23], [97, 12], [61, 21], [118, 20], [115, 28], [127, 18], [123, 25], [34, 10], [15, 14], [85, 3], [18, 25], [126, 28], [42, 5], [61, 21], [109, 13], [25, 17], [102, 2], [41, 8], [29, 20], [49, 8], [0, 0]]","[0, 9, 16, 8, 18, 13, 20, 3, 14, 10, 17, 15, 4, 6, 12, 7, 5, 1, 2, 19, 11, 21]",318.5645512026519,16.213108777999878
