Id,Coordinates,Order,Distance,Time
7910,"[[0, 0], [46, 29], [79, 4], [92, 10], [96, 7], [96, 20], [28, 20], [72, 18], [10, 13], [100, 19], [48, 32], [14, 21], [38, 30], [78, 25], [49, 6], [57, 18], [103, 28], [101, 26], [76, 26], [31, 9], [42, 3], [0, 0]]","[0, 19, 20, 14, 7, 18, 13, 5, 17, 16, 9, 3, 4, 2, 15, 1, 10, 12, 6, 11, 8, 21]",270.6197129164091,16.559927225112915
