Id,Coordinates,Order,Distance,Time
1511,"[[0, 0], [39, 29], [5, 32], [19, 9], [18, 88], [19, 20], [19, 31], [13, 17], [57, 62], [38, 56], [38, 23], [12, 4], [21, 80], [42, 68], [38, 51], [35, 68], [38, 47], [56, 41], [44, 10], [58, 61], [4, 67], [0, 0]]","[0, 11, 3, 7, 5, 6, 1, 10, 18, 17, 16, 14, 9, 19, 8, 13, 15, 12, 4, 20, 2, 21]",314.4849208956741,15.869472980499268
