Id,Coordinates,Order,Distance,Time
2533,"[[0, 0], [80, 12], [183, 20], [57, 137], [87, 118], [60, 109], [34, 135], [100, 75], [55, 91], [110, 71], [64, 79], [22, 10], [85, 18], [90, 138], [29, 100], [62, 12], [49, 121], [18, 30], [175, 114], [70, 44], [151, 66], [0, 0]]","[0, 11, 15, 1, 19, 10, 8, 5, 16, 14, 6, 3, 13, 4, 7, 9, 20, 18, 2, 12, 17, 21]",786.9680641874929,14.537716627120972
