Id,Coordinates,Order,Distance,Time
7532,"[[0, 0], [96, 6], [74, 17], [21, 34], [14, 18], [129, 33], [28, 20], [65, 11], [127, 33], [112, 28], [52, 28], [76, 26], [85, 32], [69, 17], [74, 34], [48, 6], [25, 8], [7, 25], [122, 31], [5, 7], [19, 12], [0, 0]]","[0, 19, 4, 17, 3, 6, 10, 13, 2, 11, 14, 12, 9, 18, 8, 5, 1, 7, 15, 16, 20, 21]",332.852010139389,15.446356296539307
