Id,Coordinates,Order,Distance,Time
1628,"[[0, 0], [30, 65], [128, 45], [94, 37], [147, 30], [25, 57], [12, 72], [134, 70], [18, 49], [52, 6], [52, 75], [139, 4], [88, 78], [14, 51], [38, 12], [106, 19], [87, 12], [115, 14], [34, 69], [123, 3], [22, 34], [0, 0]]","[0, 14, 9, 16, 15, 17, 19, 11, 4, 2, 7, 3, 12, 10, 1, 5, 8, 13, 6, 18, 20, 21]",525.8038466167279,13.233742952346802
