Id,Coordinates,Order,Distance,Time
6163,"[[0, 0], [29, 38], [95, 49], [55, 2], [24, 54], [65, 61], [3, 84], [51, 46], [62, 97], [89, 84], [53, 53], [17, 65], [37, 48], [49, 82], [3, 5], [18, 75], [59, 57], [42, 77], [86, 15], [87, 90], [68, 71], [0, 0]]","[0, 14, 1, 12, 7, 10, 16, 5, 20, 4, 11, 6, 15, 17, 13, 8, 19, 9, 2, 18, 3, 21]",451.39028397454126,13.974922895431519
