Id,Coordinates,Order,Distance,Time
1497,"[[0, 0], [19, 17], [51, 16], [119, 16], [113, 18], [117, 11], [57, 4], [99, 2], [25, 15], [26, 4], [82, 18], [59, 1], [76, 14], [19, 1], [46, 1], [50, 11], [114, 8], [68, 18], [20, 9], [87, 4], [85, 9], [0, 0]]","[0, 18, 1, 8, 15, 2, 6, 11, 17, 12, 10, 20, 19, 7, 16, 5, 3, 4, 14, 9, 13, 21]",293.282516078928,15.78166389465332
