Id,Coordinates,Order,Distance,Time
1384,"[[0, 0], [95, 84], [147, 25], [7, 12], [90, 56], [29, 28], [27, 66], [156, 23], [55, 80], [29, 89], [131, 9], [108, 58], [100, 72], [150, 74], [37, 34], [145, 18], [68, 67], [113, 68], [22, 91], [144, 30], [101, 76], [0, 0]]","[0, 3, 5, 14, 6, 18, 9, 8, 16, 4, 11, 12, 1, 20, 17, 13, 19, 2, 7, 15, 10, 21]",515.5255415225172,18.502266883850098
