Id,Coordinates,Order,Distance,Time
5974,"[[0, 0], [42, 76], [1, 7], [48, 39], [3, 26], [21, 55], [38, 53], [57, 60], [14, 142], [3, 36], [36, 27], [7, 75], [17, 112], [52, 125], [53, 116], [28, 148], [52, 34], [3, 5], [30, 31], [16, 39], [42, 48], [0, 0]]","[0, 17, 2, 4, 18, 10, 16, 3, 20, 6, 7, 1, 14, 13, 15, 8, 12, 11, 5, 19, 9, 21]",402.8350205646475,15.71176552772522
