Id,Coordinates,Order,Distance,Time
1979,"[[0, 0], [33, 27], [50, 82], [48, 34], [40, 82], [51, 61], [68, 38], [11, 4], [19, 87], [8, 29], [48, 30], [31, 38], [69, 23], [22, 12], [36, 17], [34, 31], [28, 12], [9, 10], [59, 41], [43, 75], [19, 85], [0, 0]]","[0, 7, 13, 16, 14, 1, 15, 11, 3, 10, 12, 6, 18, 5, 19, 2, 4, 8, 20, 9, 17, 21]",300.7414157062384,13.946138620376587
