Id,Coordinates,Order,Distance,Time
7461,"[[0, 0], [9, 50], [97, 147], [92, 60], [24, 96], [94, 67], [69, 44], [26, 123], [68, 65], [139, 80], [1, 57], [126, 37], [24, 129], [16, 105], [97, 142], [111, 30], [44, 137], [96, 67], [38, 11], [20, 39], [123, 57], [0, 0]]","[0, 19, 1, 10, 4, 13, 7, 12, 16, 2, 14, 9, 20, 11, 15, 3, 17, 5, 8, 6, 18, 21]",550.9174082747392,15.557961702346802
