Id,Coordinates,Order,Distance,Time
8925,"[[0, 0], [25, 99], [8, 29], [16, 88], [4, 40], [19, 121], [12, 127], [23, 97], [23, 32], [13, 66], [9, 86], [3, 90], [18, 1], [5, 120], [6, 32], [13, 10], [8, 95], [23, 63], [19, 17], [24, 111], [4, 52], [0, 0]]","[0, 2, 14, 4, 20, 9, 10, 11, 16, 7, 1, 19, 5, 6, 13, 3, 17, 8, 18, 15, 12, 21]",308.4251570440348,15.5965735912323
