Id,Coordinates,Order,Distance,Time
3799,"[[0, 0], [4, 65], [6, 65], [1, 29], [13, 61], [17, 69], [3, 57], [16, 18], [17, 33], [1, 23], [7, 41], [12, 43], [16, 71], [10, 44], [5, 58], [6, 24], [1, 60], [6, 33], [11, 24], [17, 51], [16, 59], [0, 0]]","[0, 9, 15, 18, 7, 8, 13, 11, 19, 20, 4, 2, 1, 16, 6, 14, 5, 12, 10, 17, 3, 21]",206.39381261730324,13.174861431121826
