Id,Coordinates,Order,Distance,Time
4695,"[[0, 0], [17, 12], [39, 32], [9, 38], [3, 51], [27, 64], [37, 53], [31, 5], [25, 10], [44, 59], [15, 17], [29, 46], [41, 20], [5, 27], [6, 13], [17, 4], [14, 4], [23, 72], [15, 81], [27, 32], [24, 65], [0, 0]]","[0, 10, 1, 16, 15, 8, 7, 12, 2, 19, 11, 6, 9, 5, 20, 17, 18, 4, 3, 13, 14, 21]",259.2780785827359,16.072645902633667
