Id,Coordinates,Order,Distance,Time
7329,"[[0, 0], [102, 10], [104, 44], [84, 68], [61, 42], [88, 46], [19, 18], [51, 46], [45, 6], [106, 49], [64, 20], [89, 37], [38, 53], [61, 76], [114, 76], [90, 85], [7, 64], [56, 56], [51, 70], [75, 15], [104, 16], [0, 0]]","[0, 6, 10, 11, 5, 2, 9, 14, 15, 3, 13, 18, 16, 12, 17, 7, 4, 20, 1, 19, 8, 21]",517.1000273009872,14.12896990776062
