Id,Coordinates,Order,Distance,Time
1285,"[[0, 0], [19, 169], [24, 43], [15, 146], [4, 44], [24, 14], [19, 31], [16, 178], [9, 3], [8, 126], [1, 52], [8, 128], [17, 155], [7, 8], [4, 128], [5, 127], [15, 73], [6, 155], [16, 141], [10, 35], [23, 179], [0, 0]]","[0, 8, 5, 6, 19, 4, 10, 9, 11, 15, 14, 18, 3, 12, 1, 7, 20, 17, 16, 2, 13, 21]",410.3992345879143,14.972305297851562
