Id,Coordinates,Order,Distance,Time
8073,"[[0, 0], [14, 76], [76, 80], [66, 5], [45, 77], [31, 71], [125, 23], [96, 40], [62, 7], [12, 30], [10, 73], [39, 1], [2, 46], [66, 41], [22, 62], [88, 37], [129, 7], [89, 43], [127, 32], [31, 43], [89, 73], [0, 0]]","[0, 9, 12, 10, 1, 14, 13, 15, 17, 7, 18, 6, 16, 3, 8, 20, 2, 4, 5, 19, 11, 21]",551.7272000874461,15.504831314086914
