Id,Coordinates,Order,Distance,Time
1710,"[[0, 0], [15, 13], [8, 34], [4, 32], [40, 48], [19, 21], [4, 46], [26, 5], [24, 24], [26, 5], [31, 36], [38, 11], [34, 6], [16, 8], [17, 46], [38, 1], [31, 40], [11, 43], [30, 24], [14, 21], [7, 20], [0, 0]]","[0, 19, 5, 8, 18, 10, 16, 4, 14, 17, 6, 2, 3, 20, 1, 13, 7, 9, 12, 11, 15, 21]",224.70234269126337,22.01400327682495
