Id,Coordinates,Order,Distance,Time
3728,"[[0, 0], [2, 28], [47, 180], [116, 125], [96, 153], [49, 60], [65, 18], [112, 55], [30, 15], [20, 34], [81, 97], [12, 168], [31, 89], [92, 96], [61, 132], [4, 107], [93, 170], [21, 70], [51, 52], [38, 27], [91, 39], [0, 0]]","[0, 8, 19, 6, 20, 7, 13, 3, 4, 16, 2, 11, 15, 12, 14, 10, 5, 18, 17, 9, 1, 21]",716.1770798389828,15.458256244659424
