Id,Coordinates,Order,Distance,Time
5526,"[[0, 0], [12, 72], [14, 67], [6, 92], [4, 84], [6, 37], [8, 102], [3, 15], [5, 20], [6, 5], [8, 52], [5, 54], [12, 92], [12, 92], [11, 69], [1, 8], [3, 43], [7, 7], [1, 14], [13, 39], [12, 47], [0, 0]]","[0, 9, 17, 7, 8, 5, 16, 10, 11, 14, 1, 4, 3, 6, 13, 12, 2, 20, 19, 18, 15, 21]",219.00407155606646,17.69718623161316
