Id,Coordinates,Order,Distance,Time
7294,"[[0, 0], [22, 163], [8, 70], [18, 120], [30, 32], [41, 145], [7, 49], [17, 133], [5, 87], [29, 181], [21, 77], [22, 41], [3, 177], [10, 96], [17, 147], [26, 169], [7, 130], [40, 3], [5, 146], [24, 134], [41, 26], [0, 0]]","[0, 17, 20, 4, 11, 2, 8, 13, 3, 7, 16, 18, 14, 1, 12, 9, 15, 5, 19, 10, 6, 21]",488.88029454282037,17.907475233078003
