Id,Coordinates,Order,Distance,Time
2268,"[[0, 0], [117, 5], [82, 9], [114, 9], [12, 5], [51, 7], [71, 2], [5, 10], [119, 4], [81, 8], [90, 12], [80, 6], [79, 12], [112, 10], [108, 8], [7, 9], [39, 8], [40, 10], [95, 2], [88, 8], [17, 9], [0, 0]]","[0, 7, 15, 20, 16, 17, 5, 6, 11, 9, 2, 19, 10, 14, 13, 3, 1, 8, 18, 12, 4, 21]",258.44570301277014,15.656875610351562
