Id,Coordinates,Order,Distance,Time
4059,"[[0, 0], [110, 3], [144, 35], [102, 17], [23, 45], [33, 48], [30, 10], [100, 5], [187, 54], [127, 21], [16, 5], [113, 27], [98, 2], [152, 39], [54, 53], [9, 54], [85, 20], [138, 11], [152, 18], [73, 18], [180, 33], [0, 0]]","[0, 15, 4, 5, 14, 16, 3, 7, 12, 1, 9, 17, 18, 20, 8, 13, 2, 11, 19, 6, 10, 21]",497.35161532189505,16.669726371765137
