Id,Coordinates,Order,Distance,Time
638,"[[0, 0], [31, 14], [7, 21], [35, 34], [42, 2], [28, 30], [27, 33], [23, 5], [40, 59], [22, 29], [46, 11], [8, 42], [33, 48], [6, 47], [14, 40], [39, 4], [31, 18], [30, 9], [54, 30], [37, 20], [17, 61], [0, 0]]","[0, 2, 9, 6, 3, 12, 8, 20, 13, 11, 14, 5, 16, 15, 4, 10, 18, 19, 1, 17, 7, 21]",277.05813900872215,16.994770288467407
