Id,Coordinates,Order,Distance,Time
8765,"[[0, 0], [116, 93], [100, 27], [23, 88], [40, 14], [87, 105], [148, 36], [144, 68], [34, 19], [2, 82], [144, 16], [90, 93], [87, 84], [22, 108], [164, 81], [38, 59], [40, 15], [93, 111], [31, 73], [119, 86], [48, 100], [0, 0]]","[0, 8, 15, 18, 3, 9, 13, 20, 5, 17, 11, 12, 1, 19, 7, 14, 6, 10, 2, 16, 4, 21]",578.9033011202672,13.494869709014893
