Id,Coordinates,Order,Distance,Time
459,"[[0, 0], [95, 68], [81, 107], [80, 29], [70, 16], [26, 69], [75, 47], [76, 11], [71, 41], [85, 51], [77, 23], [57, 2], [84, 12], [73, 36], [19, 78], [49, 45], [31, 24], [37, 74], [48, 19], [78, 101], [79, 8], [0, 0]]","[0, 18, 11, 4, 7, 20, 12, 10, 3, 13, 8, 6, 9, 1, 2, 19, 17, 14, 5, 15, 16, 21]",407.33805526810346,19.245864629745483
