Id,Coordinates,Order,Distance,Time
2928,"[[0, 0], [59, 173], [17, 129], [52, 26], [33, 42], [70, 19], [12, 157], [25, 162], [52, 9], [52, 180], [37, 137], [73, 136], [35, 155], [54, 65], [86, 38], [39, 47], [78, 108], [83, 91], [71, 167], [6, 139], [68, 149], [0, 0]]","[0, 8, 5, 14, 3, 13, 17, 16, 11, 20, 18, 1, 9, 12, 7, 6, 19, 2, 10, 15, 4, 21]",575.9085599771089,17.115960836410522
