Id,Coordinates,Order,Distance,Time
6088,"[[0, 0], [52, 106], [23, 167], [33, 3], [56, 103], [31, 76], [36, 89], [5, 51], [23, 155], [13, 70], [94, 42], [34, 30], [47, 89], [30, 163], [45, 175], [73, 38], [61, 68], [38, 40], [83, 88], [63, 54], [89, 99], [0, 0]]","[0, 3, 11, 17, 16, 12, 6, 5, 19, 15, 10, 18, 20, 4, 1, 14, 13, 2, 8, 9, 7, 21]",599.5464967714539,17.430886268615723
