Id,Coordinates,Order,Distance,Time
3992,"[[0, 0], [6, 100], [2, 6], [8, 62], [2, 151], [6, 79], [9, 132], [8, 160], [1, 120], [2, 175], [9, 59], [2, 137], [5, 7], [9, 170], [6, 36], [6, 9], [3, 37], [4, 19], [6, 6], [9, 125], [3, 180], [0, 0]]","[0, 2, 12, 18, 15, 17, 14, 10, 3, 5, 1, 19, 6, 7, 13, 20, 9, 4, 11, 8, 16, 21]",366.87358441886124,16.89094853401184
