Id,Coordinates,Order,Distance,Time
6861,"[[0, 0], [13, 161], [24, 8], [25, 179], [13, 127], [26, 114], [25, 178], [4, 4], [14, 148], [24, 168], [15, 157], [18, 122], [22, 109], [6, 114], [5, 47], [24, 20], [13, 129], [9, 143], [19, 70], [2, 115], [7, 117], [0, 0]]","[0, 7, 2, 15, 18, 12, 5, 11, 20, 13, 19, 17, 8, 10, 1, 3, 6, 9, 16, 4, 14, 21]",415.83211173477565,17.599644899368286
