Id,Coordinates,Order,Distance,Time
4395,"[[0, 0], [27, 51], [29, 97], [41, 124], [79, 74], [13, 66], [45, 142], [31, 112], [3, 23], [39, 85], [72, 46], [72, 101], [85, 95], [58, 84], [67, 152], [72, 175], [28, 169], [82, 10], [2, 175], [68, 53], [40, 118], [0, 0]]","[0, 8, 1, 5, 9, 2, 7, 20, 3, 14, 15, 16, 18, 6, 11, 12, 13, 4, 19, 10, 17, 21]",614.0505661241265,16.506052255630493
