Id,Coordinates,Order,Distance,Time
1787,"[[0, 0], [71, 43], [11, 109], [26, 112], [8, 71], [83, 8], [8, 117], [124, 133], [106, 98], [107, 8], [146, 10], [24, 131], [147, 34], [62, 36], [146, 49], [23, 122], [71, 103], [20, 41], [12, 94], [142, 61], [133, 75], [0, 0]]","[0, 4, 18, 2, 6, 3, 15, 11, 7, 8, 20, 19, 14, 12, 10, 9, 5, 13, 1, 16, 17, 21]",694.0929694282217,18.258318424224854
