Id,Coordinates,Order,Distance,Time
999,"[[0, 0], [59, 1], [51, 43], [151, 22], [129, 45], [186, 57], [173, 74], [137, 48], [48, 62], [107, 39], [105, 35], [174, 31], [57, 69], [35, 7], [127, 88], [61, 19], [118, 44], [45, 34], [59, 45], [46, 58], [134, 3], [0, 0]]","[0, 13, 17, 2, 18, 19, 8, 12, 9, 10, 20, 3, 11, 5, 6, 14, 7, 4, 16, 15, 1, 21]",571.2685729399819,14.949934244155884
