Id,Coordinates,Order,Distance,Time
2638,"[[0, 0], [11, 1], [6, 22], [5, 20], [13, 6], [9, 5], [6, 3], [16, 12], [16, 4], [4, 24], [16, 19], [10, 8], [16, 13], [15, 15], [7, 25], [3, 4], [2, 18], [1, 25], [2, 16], [5, 2], [3, 13], [0, 0]]","[0, 15, 19, 6, 5, 11, 4, 8, 1, 7, 12, 13, 10, 2, 14, 17, 9, 3, 16, 18, 20, 21]",96.49220409986064,17.936237812042236
