Id,Coordinates,Order,Distance,Time
7614,"[[0, 0], [32, 84], [110, 146], [104, 67], [57, 120], [22, 17], [33, 36], [83, 78], [2, 56], [55, 62], [20, 92], [41, 92], [66, 38], [113, 76], [12, 125], [96, 32], [19, 146], [18, 121], [31, 86], [41, 136], [35, 80], [0, 0]]","[0, 5, 6, 12, 9, 20, 1, 18, 10, 17, 14, 16, 19, 4, 2, 13, 3, 15, 7, 11, 8, 21]",639.0147978010499,17.04846167564392
