Id,Coordinates,Order,Distance,Time
1779,"[[0, 0], [7, 58], [2, 59], [3, 28], [1, 61], [6, 38], [3, 40], [2, 36], [3, 35], [4, 6], [6, 7], [6, 37], [3, 57], [3, 37], [7, 3], [1, 49], [5, 12], [6, 39], [3, 26], [7, 60], [9, 16], [0, 0]]","[0, 9, 10, 16, 18, 3, 8, 7, 13, 5, 6, 15, 12, 2, 4, 19, 1, 17, 11, 20, 14, 21]",139.31345648982273,18.997999668121338
