Id,Coordinates,Order,Distance,Time
4497,"[[0, 0], [5, 145], [78, 59], [66, 163], [165, 74], [77, 89], [109, 148], [151, 131], [110, 166], [125, 68], [46, 156], [18, 35], [45, 57], [52, 103], [71, 158], [22, 31], [151, 164], [148, 92], [7, 23], [112, 1], [148, 6], [0, 0]]","[0, 18, 11, 15, 12, 5, 13, 1, 10, 3, 14, 6, 8, 16, 7, 17, 4, 9, 20, 19, 2, 21]",790.5385541522883,13.370540142059326
