Id,Coordinates,Order,Distance,Time
6991,"[[0, 0], [12, 20], [5, 22], [2, 43], [6, 49], [7, 45], [28, 21], [49, 25], [8, 44], [8, 27], [44, 1], [36, 1], [20, 49], [41, 34], [49, 36], [16, 1], [24, 1], [24, 32], [26, 29], [26, 52], [22, 27], [0, 0]]","[0, 15, 16, 11, 10, 7, 14, 13, 18, 20, 1, 2, 9, 3, 4, 5, 8, 12, 19, 17, 6, 21]",248.74295810809483,17.869863986968994
