Id,Coordinates,Order,Distance,Time
424,"[[0, 0], [53, 3], [57, 107], [25, 2], [32, 31], [67, 53], [89, 23], [25, 28], [100, 110], [113, 106], [65, 22], [92, 107], [4, 8], [106, 105], [90, 21], [33, 36], [36, 114], [12, 49], [53, 85], [110, 23], [73, 78], [0, 0]]","[0, 3, 7, 4, 15, 18, 20, 5, 10, 1, 6, 14, 19, 9, 13, 8, 11, 2, 16, 17, 12, 21]",563.2958557430994,17.63077402114868
