Id,Coordinates,Order,Distance,Time
9091,"[[0, 0], [31, 61], [15, 121], [33, 151], [62, 46], [54, 167], [79, 164], [43, 162], [48, 93], [20, 95], [58, 152], [11, 99], [20, 54], [82, 107], [2, 5], [23, 110], [29, 49], [2, 87], [37, 108], [42, 122], [59, 14], [0, 0]]","[0, 14, 16, 12, 1, 8, 18, 15, 2, 11, 17, 9, 19, 3, 7, 5, 10, 6, 13, 4, 20, 21]",564.8864187231484,15.066430568695068
