Id,Coordinates,Order,Distance,Time
6193,"[[0, 0], [31, 8], [167, 20], [44, 13], [154, 16], [145, 3], [54, 11], [135, 2], [114, 4], [117, 13], [65, 22], [109, 6], [70, 1], [186, 13], [150, 21], [76, 14], [170, 19], [116, 19], [62, 17], [142, 22], [159, 5], [0, 0]]","[0, 1, 3, 6, 18, 10, 15, 11, 8, 9, 7, 5, 20, 4, 2, 16, 13, 14, 19, 17, 12, 21]",415.1405972309053,16.31122851371765
