Id,Coordinates,Order,Distance,Time
8624,"[[0, 0], [20, 80], [39, 62], [11, 6], [29, 64], [5, 12], [44, 73], [19, 66], [21, 31], [34, 41], [7, 49], [53, 12], [45, 22], [55, 76], [44, 58], [8, 50], [50, 61], [5, 65], [20, 18], [14, 34], [8, 46], [0, 0]]","[0, 5, 18, 8, 19, 20, 10, 15, 17, 1, 7, 4, 14, 16, 13, 6, 2, 9, 12, 11, 3, 21]",301.0105791329455,23.98213243484497
