Id,Coordinates,Order,Distance,Time
6297,"[[0, 0], [8, 16], [91, 53], [63, 59], [39, 61], [72, 39], [31, 49], [45, 50], [77, 43], [80, 7], [65, 64], [105, 53], [62, 46], [67, 52], [12, 50], [40, 52], [29, 53], [24, 63], [66, 56], [73, 4], [105, 59], [0, 0]]","[0, 1, 14, 16, 6, 17, 4, 15, 7, 12, 13, 18, 3, 10, 2, 11, 20, 8, 5, 9, 19, 21]",357.70249221857586,16.647903203964233
