Id,Coordinates,Order,Distance,Time
6457,"[[0, 0], [5, 22], [13, 49], [19, 11], [14, 7], [18, 23], [1, 54], [17, 26], [18, 5], [4, 15], [1, 45], [8, 18], [2, 68], [4, 65], [1, 50], [4, 48], [8, 15], [7, 45], [7, 34], [20, 23], [13, 3], [0, 0]]","[0, 20, 4, 8, 3, 16, 11, 5, 19, 7, 18, 17, 15, 14, 6, 12, 13, 2, 10, 1, 9, 21]",189.39015718025317,17.53483009338379
