Id,Coordinates,Order,Distance,Time
1634,"[[0, 0], [40, 69], [62, 138], [159, 45], [28, 42], [136, 147], [108, 67], [9, 90], [70, 112], [18, 16], [12, 91], [57, 63], [133, 43], [9, 24], [81, 6], [56, 131], [118, 34], [62, 65], [15, 148], [21, 109], [112, 63], [0, 0]]","[0, 9, 4, 1, 11, 17, 6, 20, 14, 16, 12, 3, 5, 8, 2, 15, 18, 19, 10, 7, 13, 21]",724.9063667075933,13.009222507476807
