Id,Coordinates,Order,Distance,Time
5611,"[[0, 0], [85, 83], [145, 15], [98, 48], [31, 38], [5, 52], [161, 35], [58, 48], [123, 55], [95, 44], [46, 55], [114, 72], [14, 57], [3, 37], [60, 5], [22, 61], [57, 40], [162, 52], [57, 51], [140, 1], [74, 3], [0, 0]]","[0, 13, 5, 12, 15, 4, 10, 18, 7, 16, 9, 3, 1, 11, 8, 17, 6, 2, 19, 20, 14, 21]",508.5943876183506,17.774623155593872
