Id,Coordinates,Order,Distance,Time
2835,"[[0, 0], [93, 23], [90, 21], [85, 4], [27, 13], [132, 25], [127, 11], [41, 16], [70, 27], [111, 20], [162, 7], [53, 1], [115, 16], [106, 13], [42, 27], [125, 23], [107, 2], [107, 30], [120, 4], [36, 19], [160, 6], [0, 0]]","[0, 4, 19, 7, 14, 8, 2, 1, 17, 9, 12, 15, 5, 10, 20, 6, 18, 16, 13, 3, 11, 21]",373.4053944457832,14.445677995681763
