Id,Coordinates,Order,Distance,Time
9879,"[[0, 0], [14, 121], [35, 67], [44, 76], [16, 172], [26, 189], [13, 130], [39, 156], [11, 140], [24, 166], [12, 30], [17, 62], [24, 85], [29, 169], [41, 160], [23, 17], [43, 164], [8, 148], [29, 2], [17, 43], [39, 165], [0, 0]]","[0, 18, 15, 19, 2, 3, 12, 1, 6, 8, 17, 9, 13, 20, 16, 14, 7, 5, 4, 11, 10, 21]",484.37488232556535,15.085538387298584
