Id,Coordinates,Order,Distance,Time
3266,"[[0, 0], [105, 31], [75, 38], [59, 2], [67, 57], [16, 19], [105, 13], [84, 10], [69, 56], [25, 49], [89, 17], [52, 18], [79, 34], [69, 61], [36, 36], [52, 61], [12, 12], [90, 13], [61, 60], [66, 10], [94, 48], [0, 0]]","[0, 16, 5, 14, 9, 15, 18, 4, 8, 13, 2, 12, 10, 17, 7, 20, 1, 6, 19, 3, 11, 21]",379.61731974138274,14.424775838851929
