Id,Coordinates,Order,Distance,Time
9763,"[[0, 0], [47, 90], [16, 10], [50, 100], [44, 63], [19, 78], [60, 71], [25, 100], [57, 62], [3, 34], [46, 35], [23, 53], [51, 69], [18, 78], [4, 64], [48, 1], [31, 30], [50, 47], [45, 14], [6, 60], [28, 98], [0, 0]]","[0, 9, 10, 17, 4, 12, 8, 6, 1, 3, 20, 7, 5, 13, 14, 19, 11, 16, 18, 15, 2, 21]",370.48753157428223,16.79366898536682
