Id,Coordinates,Order,Distance,Time
8379,"[[0, 0], [86, 147], [87, 103], [32, 23], [121, 147], [23, 129], [102, 150], [109, 25], [83, 80], [28, 184], [32, 58], [58, 28], [15, 91], [42, 87], [30, 115], [64, 87], [26, 150], [16, 149], [108, 116], [24, 162], [117, 7], [0, 0]]","[0, 10, 15, 8, 2, 18, 4, 6, 1, 9, 19, 16, 17, 5, 14, 12, 13, 7, 20, 11, 3, 21]",691.1541653210528,22.080027103424072
