Id,Coordinates,Order,Distance,Time
3709,"[[0, 0], [32, 87], [16, 7], [59, 82], [2, 39], [27, 111], [40, 68], [17, 83], [20, 64], [54, 25], [32, 126], [40, 55], [54, 65], [10, 62], [1, 42], [12, 3], [69, 121], [52, 134], [53, 131], [44, 110], [2, 90], [0, 0]]","[0, 15, 2, 4, 14, 13, 8, 7, 20, 1, 3, 19, 5, 10, 17, 18, 16, 12, 6, 11, 9, 21]",466.7242954197648,15.581026792526245
