Id,Coordinates,Order,Distance,Time
1195,"[[0, 0], [62, 32], [48, 32], [26, 21], [13, 17], [59, 29], [53, 11], [26, 3], [6, 26], [63, 31], [70, 7], [31, 8], [20, 23], [31, 2], [28, 28], [62, 13], [13, 19], [55, 32], [62, 18], [3, 18], [38, 18], [0, 0]]","[0, 19, 8, 16, 4, 12, 3, 14, 11, 6, 10, 15, 18, 5, 1, 9, 17, 2, 20, 13, 7, 21]",233.4688870132764,17.184775352478027
