Id,Coordinates,Order,Distance,Time
7131,"[[0, 0], [25, 35], [2, 44], [23, 47], [21, 51], [3, 78], [7, 93], [28, 90], [8, 68], [6, 24], [14, 61], [20, 67], [15, 59], [3, 97], [18, 81], [20, 8], [12, 90], [6, 55], [18, 86], [12, 65], [9, 78], [0, 0]]","[0, 9, 2, 17, 12, 10, 19, 8, 20, 5, 13, 6, 16, 18, 7, 14, 11, 4, 3, 1, 15, 21]",251.1799472760598,15.433310508728027
