Id,Coordinates,Order,Distance,Time
4861,"[[0, 0], [123, 4], [131, 3], [62, 9], [3, 14], [47, 11], [113, 4], [139, 14], [27, 11], [109, 12], [90, 8], [24, 2], [11, 6], [7, 6], [96, 7], [14, 1], [75, 2], [107, 8], [51, 13], [78, 12], [16, 8], [0, 0]]","[0, 13, 12, 15, 11, 5, 3, 16, 10, 14, 17, 6, 1, 2, 7, 9, 19, 18, 8, 20, 4, 21]",307.06025829530904,14.333066701889038
