Id,Coordinates,Order,Distance,Time
8100,"[[0, 0], [25, 52], [25, 31], [8, 60], [2, 59], [38, 36], [4, 33], [10, 68], [26, 81], [49, 37], [48, 115], [31, 111], [12, 122], [29, 33], [50, 115], [45, 29], [32, 36], [32, 103], [19, 63], [26, 70], [37, 23], [0, 0]]","[0, 2, 13, 16, 20, 15, 9, 5, 1, 18, 7, 19, 8, 17, 11, 10, 14, 12, 3, 4, 6, 21]",378.5224355176952,16.04814910888672
