Id,Coordinates,Order,Distance,Time
4729,"[[0, 0], [44, 12], [50, 19], [91, 23], [73, 5], [62, 31], [70, 21], [83, 1], [7, 3], [100, 1], [35, 35], [115, 34], [83, 22], [94, 5], [96, 19], [118, 7], [62, 4], [24, 16], [43, 35], [74, 27], [1, 5], [0, 0]]","[0, 20, 8, 17, 1, 2, 6, 12, 3, 14, 7, 4, 18, 10, 5, 19, 11, 15, 9, 13, 16, 21]",421.4765205759489,15.362380743026733
