Id,Coordinates,Order,Distance,Time
6102,"[[0, 0], [30, 24], [13, 38], [1, 132], [36, 18], [38, 65], [39, 44], [23, 33], [36, 169], [4, 78], [20, 166], [37, 129], [39, 162], [9, 9], [17, 51], [23, 34], [38, 66], [21, 15], [12, 170], [9, 148], [1, 41], [0, 0]]","[0, 13, 17, 4, 1, 7, 15, 2, 14, 6, 5, 16, 3, 19, 18, 10, 8, 12, 11, 9, 20, 21]",451.3450919124155,15.742215156555176
