Id,Coordinates,Order,Distance,Time
319,"[[0, 0], [11, 13], [4, 64], [12, 48], [2, 83], [4, 50], [7, 7], [2, 98], [12, 76], [10, 14], [5, 24], [8, 66], [10, 42], [12, 109], [8, 88], [11, 107], [8, 109], [3, 3], [6, 82], [12, 85], [12, 95], [0, 0]]","[0, 17, 6, 1, 9, 10, 12, 3, 11, 8, 18, 4, 14, 7, 16, 15, 13, 20, 19, 2, 5, 21]",244.0047401536136,15.971057653427124
