Id,Coordinates,Order,Distance,Time
9782,"[[0, 0], [16, 17], [62, 19], [13, 31], [57, 34], [93, 12], [74, 34], [65, 9], [67, 11], [22, 31], [48, 34], [41, 7], [16, 1], [14, 34], [60, 8], [13, 8], [55, 18], [82, 12], [45, 13], [85, 31], [50, 33], [0, 0]]","[0, 15, 1, 3, 13, 9, 10, 20, 4, 2, 14, 7, 8, 17, 5, 19, 6, 16, 18, 11, 12, 21]",263.19673394326526,18.740919828414917
