Id,Coordinates,Order,Distance,Time
7055,"[[0, 0], [74, 77], [33, 21], [12, 64], [70, 62], [18, 131], [25, 24], [17, 112], [48, 81], [9, 44], [79, 177], [25, 123], [77, 170], [6, 177], [60, 89], [36, 112], [60, 132], [23, 34], [35, 5], [53, 83], [44, 54], [0, 0]]","[0, 18, 2, 6, 17, 20, 4, 1, 14, 19, 8, 15, 16, 12, 10, 13, 5, 11, 7, 3, 9, 21]",545.550335911737,15.569582462310791
