Id,Coordinates,Order,Distance,Time
1354,"[[0, 0], [118, 49], [124, 7], [130, 48], [72, 9], [124, 6], [12, 2], [153, 2], [61, 36], [75, 26], [136, 5], [39, 10], [9, 21], [134, 16], [53, 1], [37, 40], [32, 10], [112, 18], [92, 48], [154, 45], [123, 30], [0, 0]]","[0, 6, 16, 11, 14, 4, 9, 18, 1, 20, 17, 2, 5, 10, 13, 7, 19, 3, 8, 15, 12, 21]",466.32743574251333,18.85109257698059
