Id,Coordinates,Order,Distance,Time
8738,"[[0, 0], [27, 101], [83, 39], [8, 109], [118, 155], [124, 8], [101, 89], [120, 119], [7, 169], [60, 164], [4, 10], [33, 165], [138, 125], [103, 73], [59, 118], [29, 110], [49, 58], [21, 132], [32, 48], [4, 130], [50, 132], [0, 0]]","[0, 10, 2, 5, 13, 6, 7, 12, 4, 9, 11, 8, 19, 17, 3, 1, 15, 20, 14, 16, 18, 21]",730.1001248570946,15.395291566848755
