Id,Coordinates,Order,Distance,Time
9825,"[[0, 0], [17, 96], [4, 26], [12, 54], [13, 85], [13, 52], [7, 105], [6, 32], [12, 16], [5, 126], [5, 77], [17, 1], [17, 125], [21, 36], [6, 30], [18, 99], [19, 113], [18, 49], [1, 117], [13, 8], [5, 115], [0, 0]]","[0, 8, 2, 14, 7, 5, 3, 10, 6, 20, 18, 9, 12, 16, 15, 1, 4, 17, 13, 19, 11, 21]",295.3451510314832,14.102996826171875
