Id,Coordinates,Order,Distance,Time
2687,"[[0, 0], [30, 114], [121, 163], [106, 65], [87, 101], [69, 143], [17, 137], [108, 79], [21, 28], [87, 63], [66, 26], [9, 46], [1, 109], [120, 142], [116, 4], [22, 129], [120, 71], [37, 160], [98, 127], [32, 118], [76, 76], [0, 0]]","[0, 8, 11, 20, 4, 18, 13, 2, 5, 17, 6, 15, 12, 1, 19, 9, 7, 16, 3, 14, 10, 21]",748.2136317063328,18.249017000198364
