Id,Coordinates,Order,Distance,Time
590,"[[0, 0], [2, 97], [118, 19], [123, 53], [106, 114], [31, 37], [123, 77], [62, 154], [82, 27], [125, 25], [96, 68], [38, 125], [88, 95], [101, 29], [109, 13], [96, 84], [118, 67], [130, 62], [30, 32], [77, 26], [22, 34], [0, 0]]","[0, 20, 18, 5, 19, 8, 13, 14, 2, 9, 3, 17, 6, 16, 10, 15, 12, 4, 7, 11, 1, 21]",547.0058500911592,15.114286184310913
