Id,Coordinates,Order,Distance,Time
1566,"[[0, 0], [60, 25], [85, 19], [104, 66], [72, 7], [78, 24], [42, 7], [1, 37], [24, 66], [30, 67], [58, 3], [42, 63], [109, 13], [103, 55], [44, 23], [10, 62], [56, 33], [109, 34], [1, 33], [107, 13], [42, 28], [0, 0]]","[0, 18, 7, 15, 8, 9, 11, 20, 14, 10, 4, 5, 2, 19, 12, 17, 13, 3, 16, 1, 6, 21]",415.78459540932624,14.227465629577637
