Id,Coordinates,Order,Distance,Time
5322,"[[0, 0], [71, 46], [140, 19], [90, 19], [62, 5], [42, 22], [76, 50], [51, 56], [3, 48], [33, 1], [91, 43], [119, 45], [42, 53], [47, 56], [106, 36], [48, 24], [24, 41], [132, 5], [79, 35], [96, 44], [20, 19], [0, 0]]","[0, 20, 5, 15, 16, 8, 12, 13, 7, 1, 6, 18, 10, 19, 14, 11, 2, 17, 3, 4, 9, 21]",435.423710115684,13.514890432357788
