Id,Coordinates,Order,Distance,Time
5936,"[[0, 0], [4, 1], [9, 24], [3, 9], [9, 15], [1, 3], [7, 23], [10, 20], [7, 1], [3, 10], [6, 24], [10, 19], [1, 41], [10, 38], [1, 39], [10, 6], [4, 12], [6, 8], [8, 42], [9, 9], [9, 38], [0, 0]]","[0, 1, 8, 15, 19, 4, 11, 7, 2, 6, 10, 13, 20, 18, 12, 14, 16, 9, 3, 17, 5, 21]",106.565067711898,14.145456552505493
