Id,Coordinates,Order,Distance,Time
8269,"[[0, 0], [23, 86], [21, 72], [11, 73], [1, 27], [3, 24], [7, 107], [7, 61], [2, 59], [20, 99], [23, 44], [2, 70], [1, 21], [23, 7], [10, 60], [18, 45], [10, 95], [5, 53], [2, 49], [17, 43], [23, 42], [0, 0]]","[0, 12, 5, 4, 18, 17, 8, 7, 14, 11, 3, 1, 9, 6, 16, 2, 15, 19, 10, 20, 13, 21]",272.495180520199,15.531147003173828
