Id,Coordinates,Order,Distance,Time
5203,"[[0, 0], [34, 133], [99, 64], [4, 99], [6, 127], [106, 22], [30, 126], [70, 28], [11, 59], [5, 74], [21, 88], [82, 71], [56, 122], [7, 29], [37, 137], [88, 15], [40, 79], [103, 58], [56, 91], [60, 52], [82, 6], [0, 0]]","[0, 13, 8, 9, 10, 3, 4, 6, 1, 14, 12, 18, 16, 7, 20, 15, 5, 17, 2, 11, 19, 21]",541.6707770308896,13.98586654663086
