Id,Coordinates,Order,Distance,Time
9217,"[[0, 0], [35, 52], [56, 72], [77, 10], [112, 65], [56, 8], [102, 75], [88, 72], [54, 75], [45, 72], [57, 45], [45, 65], [83, 38], [45, 20], [48, 9], [14, 82], [1, 73], [46, 55], [87, 16], [106, 6], [27, 24], [0, 0]]","[0, 14, 5, 3, 19, 18, 10, 17, 11, 2, 8, 9, 15, 16, 1, 7, 6, 4, 12, 13, 20, 21]",530.2007898040255,16.818087816238403
