Id,Coordinates,Order,Distance,Time
20,"[[0, 0], [31, 76], [69, 27], [126, 62], [65, 82], [39, 80], [52, 24], [69, 45], [18, 70], [120, 39], [28, 32], [67, 49], [71, 115], [24, 78], [112, 52], [108, 34], [1, 82], [124, 82], [80, 15], [12, 33], [110, 63], [0, 0]]","[0, 19, 10, 7, 11, 4, 5, 1, 13, 8, 16, 12, 17, 3, 20, 14, 9, 15, 18, 2, 6, 21]",543.8483484879068,19.253994464874268
