Id,Coordinates,Order,Distance,Time
2750,"[[0, 0], [110, 6], [18, 14], [113, 3], [4, 5], [95, 9], [24, 15], [101, 15], [114, 1], [99, 1], [105, 14], [42, 5], [3, 1], [85, 9], [112, 8], [43, 3], [85, 13], [95, 16], [14, 13], [50, 3], [51, 13], [0, 0]]","[0, 4, 18, 2, 6, 11, 15, 19, 16, 17, 7, 10, 14, 1, 3, 8, 9, 5, 13, 20, 12, 21]",254.63427610040222,16.644426345825195
