Id,Coordinates,Order,Distance,Time
4623,"[[0, 0], [98, 94], [121, 10], [84, 74], [174, 30], [70, 81], [61, 23], [132, 2], [173, 98], [157, 22], [131, 87], [55, 39], [47, 108], [90, 39], [168, 58], [46, 82], [28, 41], [164, 39], [21, 63], [135, 89], [112, 53], [0, 0]]","[0, 18, 15, 12, 5, 3, 1, 10, 19, 8, 14, 17, 4, 9, 7, 2, 20, 13, 6, 11, 16, 21]",610.1463125094064,13.040151596069336
