Id,Coordinates,Order,Distance,Time
5092,"[[0, 0], [27, 73], [35, 2], [33, 48], [36, 58], [46, 94], [24, 55], [64, 118], [28, 45], [67, 100], [34, 79], [55, 55], [97, 88], [54, 25], [21, 119], [51, 116], [88, 59], [106, 98], [15, 87], [60, 25], [123, 50], [0, 0]]","[0, 2, 13, 19, 3, 8, 6, 1, 10, 5, 7, 15, 14, 18, 9, 12, 17, 20, 16, 11, 4, 21]",581.6631937816899,14.369516372680664
