Id,Coordinates,Order,Distance,Time
3792,"[[0, 0], [35, 2], [40, 9], [46, 15], [61, 18], [35, 24], [39, 16], [11, 8], [35, 13], [80, 21], [24, 11], [30, 21], [8, 24], [40, 6], [1, 6], [39, 18], [34, 18], [58, 9], [17, 10], [19, 1], [41, 3], [0, 0]]","[0, 14, 12, 18, 10, 8, 6, 15, 16, 11, 5, 3, 2, 13, 20, 17, 4, 9, 1, 19, 7, 21]",246.84138470551517,14.185212135314941
