Id,Coordinates,Order,Distance,Time
1953,"[[0, 0], [81, 68], [68, 33], [16, 43], [82, 31], [105, 17], [18, 63], [44, 50], [60, 12], [24, 7], [57, 20], [128, 48], [87, 43], [47, 43], [71, 59], [39, 74], [25, 11], [45, 32], [112, 3], [17, 46], [121, 71], [0, 0]]","[0, 16, 17, 13, 7, 15, 6, 19, 3, 2, 4, 12, 14, 1, 20, 11, 5, 18, 8, 10, 9, 21]",498.89096939117485,13.63056993484497
