Id,Coordinates,Order,Distance,Time
9604,"[[0, 0], [11, 163], [18, 169], [41, 71], [42, 164], [27, 166], [66, 166], [22, 7], [14, 191], [41, 138], [30, 170], [54, 110], [3, 188], [96, 153], [101, 193], [89, 91], [99, 195], [60, 133], [87, 20], [42, 63], [95, 86], [0, 0]]","[0, 19, 3, 11, 17, 9, 5, 2, 1, 12, 8, 10, 4, 6, 16, 14, 13, 15, 20, 18, 7, 21]",632.000070692365,15.193386554718018
