Id,Coordinates,Order,Distance,Time
9797,"[[0, 0], [86, 27], [89, 16], [72, 22], [13, 27], [20, 17], [45, 15], [83, 21], [23, 6], [24, 16], [8, 23], [106, 26], [15, 26], [93, 24], [68, 6], [121, 1], [80, 20], [59, 14], [76, 10], [74, 3], [43, 23], [0, 0]]","[0, 10, 12, 4, 5, 9, 20, 17, 14, 19, 18, 16, 7, 1, 13, 11, 15, 2, 3, 6, 8, 21]",313.5343678855007,15.76130485534668
