Id,Coordinates,Order,Distance,Time
5804,"[[0, 0], [137, 20], [75, 56], [75, 73], [38, 7], [79, 16], [21, 35], [106, 83], [14, 90], [57, 13], [6, 59], [4, 30], [127, 12], [41, 48], [86, 91], [98, 25], [6, 57], [51, 54], [15, 61], [55, 8], [110, 55], [0, 0]]","[0, 11, 6, 13, 17, 3, 14, 7, 20, 15, 5, 9, 18, 10, 16, 8, 2, 1, 12, 19, 4, 21]",650.6415651449312,18.46336007118225
