Id,Coordinates,Order,Distance,Time
8396,"[[0, 0], [18, 154], [28, 118], [24, 163], [2, 65], [30, 143], [16, 38], [32, 18], [16, 105], [10, 40], [22, 107], [26, 147], [8, 13], [14, 130], [21, 155], [10, 109], [31, 99], [26, 130], [31, 81], [37, 38], [36, 90], [0, 0]]","[0, 12, 7, 19, 6, 9, 18, 20, 16, 10, 2, 17, 5, 11, 14, 3, 1, 13, 15, 8, 4, 21]",398.4959141607272,20.80155611038208
