Id,Coordinates,Order,Distance,Time
7139,"[[0, 0], [58, 106], [44, 59], [94, 123], [94, 26], [25, 131], [86, 30], [12, 24], [73, 20], [41, 77], [68, 98], [93, 148], [76, 50], [62, 114], [6, 13], [72, 59], [37, 128], [41, 119], [94, 62], [74, 15], [20, 132], [0, 0]]","[0, 14, 7, 2, 9, 10, 1, 13, 17, 16, 5, 20, 11, 3, 18, 15, 12, 6, 4, 8, 19, 21]",522.9342842968138,16.109317302703857
