Id,Coordinates,Order,Distance,Time
7489,"[[0, 0], [41, 19], [87, 8], [154, 24], [42, 21], [38, 26], [140, 29], [40, 33], [61, 8], [9, 10], [136, 32], [109, 25], [41, 7], [63, 13], [6, 15], [74, 4], [113, 33], [116, 6], [92, 6], [163, 15], [39, 13], [0, 0]]","[0, 9, 14, 20, 1, 4, 5, 7, 13, 15, 2, 18, 11, 16, 10, 6, 3, 19, 17, 8, 12, 21]",391.8314292168236,14.320064544677734
