Id,Coordinates,Order,Distance,Time
6937,"[[0, 0], [99, 13], [117, 88], [111, 7], [147, 15], [135, 33], [88, 153], [76, 44], [90, 75], [112, 145], [51, 8], [5, 76], [84, 62], [77, 160], [155, 3], [175, 96], [103, 75], [27, 156], [186, 125], [82, 156], [14, 47], [0, 0]]","[0, 20, 11, 8, 16, 2, 9, 6, 19, 13, 17, 7, 1, 3, 14, 4, 5, 15, 18, 12, 10, 21]",936.2459192404654,19.622650861740112
