Id,Coordinates,Order,Distance,Time
9619,"[[0, 0], [11, 137], [42, 38], [34, 2], [56, 16], [29, 54], [20, 115], [3, 8], [30, 148], [47, 101], [57, 11], [22, 23], [17, 130], [39, 42], [15, 86], [36, 23], [25, 61], [15, 138], [1, 144], [5, 87], [26, 70], [0, 0]]","[0, 7, 11, 15, 2, 13, 5, 16, 20, 14, 19, 6, 12, 17, 1, 18, 8, 9, 4, 10, 3, 21]",429.3348033571045,17.503650426864624
