Id,Coordinates,Order,Distance,Time
7154,"[[0, 0], [12, 17], [7, 26], [3, 59], [2, 58], [7, 86], [4, 93], [6, 1], [8, 3], [14, 81], [3, 67], [17, 8], [2, 50], [5, 7], [11, 39], [4, 34], [14, 37], [3, 29], [9, 27], [13, 47], [7, 13], [0, 0]]","[0, 7, 8, 13, 20, 1, 2, 18, 17, 15, 12, 4, 3, 10, 6, 5, 9, 19, 14, 16, 11, 21]",219.1797121919941,16.411649703979492
