Id,Coordinates,Order,Distance,Time
3396,"[[0, 0], [13, 26], [5, 139], [29, 55], [13, 28], [34, 110], [21, 61], [12, 124], [33, 34], [20, 103], [30, 49], [26, 30], [17, 98], [15, 44], [10, 25], [11, 62], [2, 45], [25, 74], [25, 29], [9, 105], [13, 64], [0, 0]]","[0, 14, 1, 4, 18, 11, 8, 10, 3, 6, 15, 20, 12, 9, 19, 7, 2, 5, 17, 13, 16, 21]",351.7241460104469,20.975998163223267
