Id,Coordinates,Order,Distance,Time
8865,"[[0, 0], [62, 73], [4, 51], [16, 83], [54, 96], [21, 141], [112, 145], [113, 132], [71, 132], [91, 155], [82, 101], [116, 98], [33, 76], [33, 138], [35, 47], [131, 20], [115, 73], [35, 133], [110, 141], [104, 164], [44, 132], [0, 0]]","[0, 2, 3, 12, 14, 1, 10, 4, 20, 17, 5, 13, 8, 9, 19, 6, 18, 7, 11, 16, 15, 21]",673.4027627411683,15.518686056137085
