Id,Coordinates,Order,Distance,Time
8422,"[[0, 0], [15, 44], [58, 30], [51, 9], [45, 15], [11, 35], [21, 13], [24, 35], [1, 65], [10, 65], [73, 14], [66, 55], [30, 22], [5, 40], [46, 38], [38, 10], [54, 6], [16, 40], [16, 26], [7, 2], [19, 8], [0, 0]]","[0, 19, 20, 6, 18, 5, 1, 17, 7, 12, 15, 4, 3, 16, 10, 2, 11, 14, 9, 8, 13, 21]",337.4560448976015,20.71602487564087
