Id,Coordinates,Order,Distance,Time
313,"[[0, 0], [46, 26], [70, 36], [56, 41], [58, 17], [13, 35], [19, 49], [19, 17], [58, 4], [31, 26], [65, 7], [46, 40], [69, 27], [32, 13], [33, 8], [37, 34], [32, 33], [8, 26], [61, 9], [70, 11], [32, 33], [0, 0]]","[0, 7, 13, 14, 9, 16, 20, 15, 11, 3, 2, 12, 4, 19, 10, 18, 8, 1, 6, 5, 17, 21]",276.5114584689944,13.854638814926147
