Id,Coordinates,Order,Distance,Time
5409,"[[0, 0], [103, 134], [82, 13], [36, 97], [38, 22], [57, 137], [57, 156], [28, 63], [88, 107], [12, 174], [18, 41], [90, 189], [104, 18], [24, 62], [79, 156], [36, 130], [87, 92], [52, 163], [67, 81], [92, 75], [28, 179], [0, 0]]","[0, 4, 7, 3, 15, 6, 14, 11, 1, 8, 16, 19, 12, 2, 18, 5, 17, 20, 9, 13, 10, 21]",822.0752636955092,14.611102104187012
