Id,Coordinates,Order,Distance,Time
1424,"[[0, 0], [27, 7], [118, 3], [69, 18], [92, 10], [60, 11], [122, 11], [97, 12], [51, 10], [95, 30], [118, 30], [72, 10], [10, 3], [51, 13], [80, 34], [2, 25], [76, 22], [143, 2], [113, 15], [114, 32], [64, 10], [0, 0]]","[0, 12, 1, 8, 13, 5, 20, 11, 3, 16, 4, 7, 18, 2, 17, 6, 10, 19, 9, 14, 15, 21]",356.6866952966586,17.32417392730713
