Id,Coordinates,Order,Distance,Time
2894,"[[0, 0], [53, 91], [12, 39], [33, 17], [89, 33], [38, 35], [41, 64], [21, 7], [85, 102], [81, 102], [54, 84], [89, 104], [84, 67], [50, 85], [58, 117], [32, 24], [57, 30], [10, 67], [62, 75], [10, 52], [81, 126], [0, 0]]","[0, 7, 3, 15, 5, 16, 4, 12, 18, 10, 1, 14, 20, 11, 8, 9, 13, 6, 17, 19, 2, 21]",426.39337548486964,15.964547872543335
