Id,Coordinates,Order,Distance,Time
4928,"[[0, 0], [74, 108], [76, 89], [8, 151], [55, 55], [15, 70], [28, 5], [18, 57], [23, 96], [47, 152], [28, 110], [20, 178], [1, 147], [36, 23], [7, 148], [39, 120], [29, 88], [61, 158], [22, 110], [51, 54], [69, 11], [0, 0]]","[0, 13, 4, 19, 7, 5, 16, 8, 18, 10, 9, 17, 11, 3, 14, 12, 15, 1, 2, 20, 6, 21]",579.0280158894153,16.77315855026245
