Id,Coordinates,Order,Distance,Time
9599,"[[0, 0], [71, 38], [8, 64], [142, 79], [79, 43], [184, 95], [163, 88], [64, 44], [134, 66], [102, 90], [78, 86], [58, 78], [161, 82], [173, 64], [124, 34], [119, 76], [175, 28], [103, 22], [90, 47], [24, 69], [122, 59], [0, 0]]","[0, 2, 19, 11, 10, 9, 15, 20, 8, 3, 12, 6, 5, 13, 16, 14, 17, 18, 4, 1, 7, 21]",558.1318584780589,17.501468658447266
