Id,Coordinates,Order,Distance,Time
5976,"[[0, 0], [22, 31], [58, 28], [21, 35], [20, 20], [10, 31], [47, 3], [48, 14], [18, 2], [56, 8], [12, 36], [57, 37], [50, 21], [16, 32], [21, 4], [58, 34], [45, 12], [5, 6], [57, 12], [50, 23], [1, 26], [0, 0]]","[0, 17, 20, 5, 3, 13, 10, 1, 4, 16, 7, 12, 19, 11, 15, 2, 18, 9, 6, 14, 8, 21]",225.18986838828505,19.570661783218384
