Id,Coordinates,Order,Distance,Time
3122,"[[0, 0], [13, 69], [39, 22], [62, 42], [23, 28], [123, 20], [11, 16], [12, 16], [29, 57], [125, 35], [93, 58], [111, 7], [15, 11], [75, 20], [53, 2], [109, 26], [136, 57], [132, 70], [48, 6], [32, 27], [14, 37], [0, 0]]","[0, 12, 7, 6, 4, 19, 2, 18, 14, 13, 15, 11, 5, 9, 16, 17, 10, 3, 8, 1, 20, 21]",440.41420009276305,15.167470216751099
