Id,Coordinates,Order,Distance,Time
1871,"[[0, 0], [52, 74], [149, 78], [23, 95], [141, 122], [106, 115], [110, 120], [107, 124], [8, 106], [130, 44], [77, 113], [108, 143], [147, 57], [142, 133], [52, 2], [81, 46], [107, 146], [149, 69], [68, 103], [1, 37], [81, 103], [0, 0]]","[0, 14, 18, 20, 10, 5, 6, 7, 11, 16, 13, 4, 2, 17, 12, 9, 15, 1, 3, 8, 19, 21]",625.5241890999372,13.089079141616821
