Id,Coordinates,Order,Distance,Time
3217,"[[0, 0], [50, 3], [9, 1], [41, 23], [17, 17], [61, 13], [41, 17], [41, 15], [66, 1], [57, 9], [28, 14], [8, 4], [44, 5], [72, 5], [18, 22], [59, 22], [5, 4], [50, 24], [22, 19], [4, 24], [48, 22], [0, 0]]","[0, 16, 11, 19, 4, 14, 18, 10, 7, 6, 3, 20, 17, 15, 5, 13, 8, 9, 1, 12, 2, 21]",203.53176566497942,17.69614577293396
