Id,Coordinates,Order,Distance,Time
2084,"[[0, 0], [22, 83], [13, 50], [14, 50], [36, 57], [7, 30], [4, 31], [20, 31], [30, 21], [34, 9], [18, 76], [18, 56], [4, 29], [37, 27], [22, 37], [33, 4], [23, 59], [15, 16], [15, 33], [9, 3], [16, 11], [0, 0]]","[0, 19, 20, 17, 7, 3, 2, 11, 16, 10, 1, 4, 14, 18, 6, 12, 5, 8, 13, 9, 15, 21]",269.2299524758923,16.53591012954712
