Id,Coordinates,Order,Distance,Time
4062,"[[0, 0], [18, 121], [54, 86], [6, 72], [52, 165], [49, 86], [23, 38], [53, 183], [21, 174], [17, 6], [33, 27], [47, 44], [48, 9], [34, 140], [43, 22], [32, 150], [19, 82], [10, 61], [54, 44], [33, 112], [7, 142], [0, 0]]","[0, 9, 12, 14, 10, 11, 18, 6, 17, 3, 16, 5, 2, 19, 13, 15, 4, 7, 8, 20, 1, 21]",552.5437222386025,15.727966785430908
