Id,Coordinates,Order,Distance,Time
5332,"[[0, 0], [27, 116], [5, 108], [114, 99], [12, 146], [122, 53], [137, 43], [80, 108], [97, 17], [76, 6], [126, 130], [46, 61], [105, 39], [16, 80], [22, 59], [13, 1], [156, 130], [67, 102], [21, 79], [113, 43], [151, 117], [0, 0]]","[0, 15, 14, 18, 13, 2, 4, 1, 17, 7, 3, 10, 20, 16, 5, 6, 19, 12, 9, 8, 11, 21]",711.8764260903348,13.54106092453003
