Id,Coordinates,Order,Distance,Time
4879,"[[0, 0], [48, 19], [27, 16], [43, 107], [48, 58], [35, 109], [15, 70], [3, 44], [34, 95], [58, 84], [7, 130], [21, 99], [6, 116], [57, 46], [75, 124], [43, 132], [72, 145], [64, 133], [33, 71], [54, 1], [59, 37], [0, 0]]","[0, 2, 1, 19, 20, 13, 4, 18, 6, 11, 8, 5, 3, 9, 14, 16, 17, 15, 10, 12, 7, 21]",528.3481144939507,16.49722981452942
