Id,Coordinates,Order,Distance,Time
8054,"[[0, 0], [87, 35], [4, 55], [125, 4], [6, 74], [23, 67], [83, 19], [42, 74], [106, 7], [48, 14], [56, 86], [159, 29], [63, 13], [164, 69], [64, 17], [26, 12], [42, 59], [155, 33], [154, 93], [48, 75], [131, 31], [0, 0]]","[0, 15, 9, 12, 14, 6, 1, 8, 3, 20, 17, 11, 13, 18, 10, 19, 7, 16, 5, 4, 2, 21]",527.4478153571196,15.930000066757202
