Id,Coordinates,Order,Distance,Time
2524,"[[0, 0], [39, 86], [101, 59], [68, 152], [63, 77], [65, 96], [104, 114], [80, 138], [124, 152], [122, 100], [2, 135], [3, 8], [43, 50], [61, 86], [5, 157], [4, 23], [93, 187], [126, 57], [16, 177], [114, 17], [126, 10], [0, 0]]","[0, 11, 12, 4, 13, 5, 10, 14, 18, 3, 7, 6, 9, 17, 20, 19, 2, 8, 16, 1, 15, 21]",871.6839065230596,16.7869815826416
