Id,Coordinates,Order,Distance,Time
7376,"[[0, 0], [20, 56], [46, 97], [14, 35], [88, 83], [3, 84], [98, 44], [55, 79], [51, 99], [37, 96], [1, 99], [65, 5], [27, 54], [28, 18], [98, 82], [96, 17], [92, 15], [14, 1], [12, 3], [28, 55], [82, 83], [0, 0]]","[0, 18, 17, 13, 3, 12, 19, 1, 5, 10, 9, 2, 8, 7, 20, 4, 14, 6, 15, 16, 11, 21]",416.467268259761,14.429607391357422
