Id,Coordinates,Order,Distance,Time
3828,"[[0, 0], [79, 71], [27, 98], [87, 131], [24, 111], [74, 118], [49, 71], [47, 109], [41, 149], [61, 65], [86, 38], [27, 101], [5, 106], [82, 139], [13, 26], [20, 73], [58, 115], [32, 99], [88, 129], [95, 57], [42, 18], [0, 0]]","[0, 20, 10, 19, 1, 9, 6, 2, 11, 17, 7, 16, 5, 18, 3, 13, 8, 4, 12, 15, 14, 21]",503.5399164479737,13.127928733825684
