Id,Coordinates,Order,Distance,Time
1086,"[[0, 0], [4, 42], [62, 162], [50, 150], [24, 164], [37, 90], [51, 104], [40, 140], [35, 60], [48, 37], [41, 141], [49, 182], [64, 82], [31, 175], [72, 18], [12, 58], [12, 188], [56, 26], [69, 106], [70, 91], [71, 64], [0, 0]]","[0, 1, 9, 17, 14, 20, 12, 19, 18, 6, 7, 10, 3, 2, 11, 13, 16, 4, 5, 8, 15, 21]",575.5402412178715,16.687700748443604
