Id,Coordinates,Order,Distance,Time
1053,"[[0, 0], [91, 5], [150, 71], [9, 46], [7, 67], [108, 16], [47, 12], [40, 26], [115, 50], [70, 30], [143, 16], [57, 45], [106, 28], [5, 62], [35, 65], [69, 19], [39, 19], [66, 23], [64, 66], [31, 15], [122, 13], [0, 0]]","[0, 19, 16, 6, 17, 9, 11, 18, 14, 4, 13, 3, 7, 1, 5, 20, 10, 2, 8, 12, 15, 21]",581.4836782491985,15.866660356521606
