Id,Coordinates,Order,Distance,Time
135,"[[0, 0], [8, 52], [83, 73], [47, 61], [2, 22], [127, 2], [158, 78], [155, 27], [15, 49], [107, 39], [25, 12], [35, 25], [8, 3], [73, 82], [135, 42], [158, 5], [102, 9], [6, 65], [21, 54], [101, 8], [14, 37], [0, 0]]","[0, 4, 20, 8, 1, 17, 18, 3, 13, 2, 6, 14, 7, 15, 5, 16, 19, 9, 11, 10, 12, 21]",538.2275299573141,18.595999479293823
