Id,Coordinates,Order,Distance,Time
7245,"[[0, 0], [41, 20], [37, 82], [17, 103], [4, 117], [38, 60], [5, 5], [34, 94], [15, 40], [8, 87], [26, 69], [16, 108], [19, 91], [35, 5], [13, 23], [15, 87], [24, 120], [6, 15], [3, 82], [33, 54], [3, 60], [0, 0]]","[0, 6, 17, 14, 8, 19, 5, 10, 2, 7, 12, 15, 3, 11, 16, 4, 9, 18, 20, 1, 13, 21]",361.7240448434611,13.87573766708374
