Id,Coordinates,Order,Distance,Time
5424,"[[0, 0], [110, 109], [28, 49], [15, 109], [63, 6], [27, 94], [11, 66], [37, 154], [72, 141], [15, 9], [118, 94], [121, 89], [66, 148], [3, 34], [128, 29], [91, 135], [25, 137], [45, 127], [32, 57], [105, 123], [69, 44], [0, 0]]","[0, 13, 2, 18, 6, 5, 3, 17, 16, 7, 12, 8, 15, 19, 1, 10, 11, 14, 20, 4, 9, 21]",563.9277532755285,19.277477502822876
