Id,Coordinates,Order,Distance,Time
9616,"[[0, 0], [79, 44], [10, 10], [89, 6], [12, 71], [66, 114], [15, 18], [41, 114], [54, 29], [69, 73], [25, 77], [17, 139], [88, 111], [80, 108], [66, 110], [61, 28], [18, 100], [20, 148], [29, 25], [98, 61], [78, 29], [0, 0]]","[0, 2, 6, 18, 8, 15, 1, 19, 12, 13, 5, 14, 10, 4, 16, 11, 17, 7, 9, 20, 3, 21]",593.2435051214779,15.303219079971313
