Id,Coordinates,Order,Distance,Time
6316,"[[0, 0], [99, 90], [18, 56], [55, 40], [67, 37], [101, 115], [41, 84], [62, 52], [93, 43], [22, 97], [2, 75], [101, 42], [99, 27], [11, 32], [65, 106], [49, 109], [91, 35], [83, 68], [44, 111], [56, 108], [33, 86], [0, 0]]","[0, 13, 2, 10, 9, 20, 6, 18, 15, 19, 14, 5, 1, 17, 8, 11, 12, 16, 4, 7, 3, 21]",457.67363803173686,13.62734079360962
