Id,Coordinates,Order,Distance,Time
3159,"[[0, 0], [79, 82], [62, 92], [22, 103], [64, 90], [88, 112], [43, 73], [15, 40], [14, 33], [17, 77], [40, 2], [74, 124], [13, 153], [86, 111], [76, 162], [25, 127], [54, 16], [17, 123], [51, 1], [6, 116], [27, 17], [0, 0]]","[0, 20, 10, 18, 16, 8, 7, 6, 2, 4, 1, 13, 5, 11, 14, 12, 17, 15, 19, 3, 9, 21]",556.919036432751,14.87406301498413
