Id,Coordinates,Order,Distance,Time
2209,"[[0, 0], [17, 39], [15, 29], [43, 5], [1, 26], [22, 54], [14, 57], [10, 29], [14, 58], [39, 31], [23, 59], [7, 61], [25, 9], [20, 56], [26, 12], [18, 52], [11, 18], [18, 66], [36, 41], [40, 39], [26, 48], [0, 0]]","[0, 4, 7, 2, 1, 15, 13, 5, 6, 8, 11, 17, 10, 20, 18, 19, 9, 3, 12, 14, 16, 21]",229.18869220401746,15.81152629852295
