Id,Coordinates,Order,Distance,Time
3453,"[[0, 0], [66, 9], [11, 86], [64, 53], [90, 4], [103, 12], [69, 37], [31, 79], [13, 6], [22, 63], [87, 10], [81, 56], [22, 16], [104, 56], [43, 26], [18, 56], [107, 78], [15, 40], [56, 67], [50, 85], [82, 30], [0, 0]]","[0, 8, 12, 14, 1, 10, 4, 5, 20, 6, 3, 18, 19, 7, 2, 15, 9, 11, 13, 16, 17, 21]",542.7715236505217,17.345730304718018
