Id,Coordinates,Order,Distance,Time
2394,"[[0, 0], [36, 76], [2, 79], [35, 57], [13, 7], [9, 1], [1, 43], [5, 13], [23, 56], [9, 34], [22, 50], [5, 65], [28, 45], [7, 78], [27, 11], [33, 60], [35, 40], [37, 12], [10, 44], [3, 67], [1, 69], [0, 0]]","[0, 5, 4, 9, 18, 10, 8, 15, 3, 16, 17, 14, 6, 11, 19, 20, 2, 13, 1, 12, 7, 21]",340.42581561718816,13.685357809066772
