Id,Coordinates,Order,Distance,Time
260,"[[0, 0], [35, 89], [38, 91], [52, 7], [74, 39], [130, 98], [69, 80], [74, 103], [69, 26], [136, 58], [35, 67], [121, 33], [119, 73], [11, 92], [11, 47], [100, 28], [120, 87], [127, 71], [103, 25], [19, 99], [44, 92], [0, 0]]","[0, 14, 10, 1, 2, 20, 19, 13, 7, 5, 16, 12, 17, 9, 11, 18, 15, 4, 8, 6, 3, 21]",596.6033077582426,14.393696069717407
