Id,Coordinates,Order,Distance,Time
6087,"[[0, 0], [43, 3], [34, 27], [29, 2], [29, 21], [52, 23], [39, 5], [24, 5], [17, 5], [49, 22], [61, 21], [68, 20], [19, 24], [20, 25], [66, 8], [45, 3], [1, 8], [67, 1], [39, 22], [1, 5], [26, 16], [0, 0]]","[0, 8, 7, 3, 6, 1, 15, 17, 11, 14, 10, 5, 9, 18, 2, 4, 20, 13, 12, 16, 19, 21]",201.18154002804147,14.370156526565552
