Id,Coordinates,Order,Distance,Time
581,"[[0, 0], [3, 148], [7, 164], [5, 42], [1, 37], [4, 126], [9, 78], [2, 140], [6, 58], [9, 102], [5, 60], [1, 39], [8, 81], [6, 109], [4, 146], [5, 18], [1, 87], [4, 16], [7, 134], [8, 118], [7, 149], [0, 0]]","[0, 17, 15, 4, 11, 3, 8, 10, 6, 12, 9, 13, 19, 5, 7, 14, 1, 2, 20, 18, 16, 21]",334.39937725042955,14.925069332122803
