Id,Coordinates,Order,Distance,Time
8545,"[[0, 0], [39, 64], [16, 2], [11, 61], [74, 1], [63, 63], [48, 42], [17, 78], [63, 35], [15, 13], [36, 3], [82, 58], [7, 9], [56, 51], [10, 35], [63, 8], [9, 11], [60, 43], [11, 81], [19, 24], [61, 85], [0, 0]]","[0, 12, 16, 9, 19, 14, 3, 7, 18, 1, 6, 17, 13, 5, 20, 11, 8, 15, 4, 10, 2, 21]",388.00136126733497,15.412670612335205
