Id,Coordinates,Order,Distance,Time
2222,"[[0, 0], [101, 108], [24, 138], [106, 43], [100, 59], [15, 74], [92, 74], [107, 99], [94, 103], [85, 143], [57, 139], [9, 61], [11, 120], [17, 146], [169, 102], [17, 49], [86, 94], [58, 145], [74, 52], [43, 112], [133, 20], [0, 0]]","[0, 15, 11, 5, 12, 13, 2, 10, 17, 9, 19, 8, 16, 6, 4, 3, 20, 14, 7, 1, 18, 21]",750.788373049809,15.021472930908203
