Id,Coordinates,Order,Distance,Time
7180,"[[0, 0], [72, 62], [72, 44], [69, 87], [58, 41], [19, 72], [72, 132], [100, 10], [53, 134], [97, 20], [85, 54], [86, 6], [105, 24], [21, 42], [15, 115], [75, 108], [1, 16], [57, 88], [102, 77], [78, 42], [113, 86], [0, 0]]","[0, 16, 13, 5, 17, 3, 15, 6, 8, 14, 1, 19, 11, 7, 9, 12, 18, 20, 10, 2, 4, 21]",619.8923090335996,15.819638967514038
