Id,Coordinates,Order,Distance,Time
4550,"[[0, 0], [11, 3], [30, 135], [12, 23], [6, 76], [24, 45], [3, 46], [26, 98], [2, 49], [16, 80], [15, 116], [9, 120], [19, 93], [1, 117], [8, 148], [32, 136], [19, 49], [13, 20], [11, 70], [2, 23], [2, 83], [0, 0]]","[0, 1, 17, 3, 19, 6, 8, 18, 4, 20, 12, 10, 11, 13, 14, 2, 15, 7, 9, 16, 5, 21]",371.5889376951574,18.585370540618896
