Id,Coordinates,Order,Distance,Time
2880,"[[0, 0], [148, 118], [39, 162], [69, 32], [152, 56], [33, 114], [46, 37], [12, 67], [34, 47], [134, 149], [24, 136], [152, 161], [120, 85], [69, 105], [78, 50], [52, 76], [38, 130], [11, 159], [54, 95], [16, 135], [102, 171], [0, 0]]","[0, 8, 6, 3, 14, 15, 5, 16, 10, 19, 17, 2, 20, 9, 11, 1, 4, 12, 13, 18, 7, 21]",752.2372812499199,15.489715814590454
