Id,Coordinates,Order,Distance,Time
6532,"[[0, 0], [16, 100], [10, 91], [26, 34], [18, 13], [27, 8], [8, 84], [20, 99], [24, 40], [4, 55], [11, 72], [11, 92], [9, 53], [19, 68], [20, 85], [27, 58], [3, 86], [26, 89], [12, 80], [21, 76], [27, 68], [0, 0]]","[0, 4, 5, 3, 8, 15, 20, 13, 19, 14, 17, 7, 1, 11, 2, 16, 6, 18, 10, 9, 12, 21]",256.4724664887623,12.241082429885864
