Id,Coordinates,Order,Distance,Time
4117,"[[0, 0], [32, 191], [3, 172], [54, 187], [44, 4], [6, 133], [21, 88], [48, 138], [14, 133], [31, 16], [38, 161], [49, 45], [44, 58], [59, 29], [8, 99], [25, 52], [57, 153], [24, 150], [7, 75], [1, 176], [34, 78], [0, 0]]","[0, 9, 4, 13, 11, 12, 20, 6, 14, 8, 17, 10, 7, 16, 3, 1, 19, 2, 5, 18, 15, 21]",563.3761344926639,16.156816959381104
