Id,Coordinates,Order,Distance,Time
4515,"[[0, 0], [70, 37], [96, 65], [114, 119], [118, 99], [135, 95], [137, 89], [141, 55], [71, 69], [11, 9], [22, 16], [18, 29], [22, 1], [105, 8], [106, 56], [68, 164], [84, 60], [28, 171], [17, 86], [150, 69], [109, 188], [0, 0]]","[0, 9, 10, 12, 13, 1, 16, 2, 14, 7, 19, 6, 5, 4, 3, 20, 15, 17, 18, 8, 11, 21]",743.2252805488529,14.794362783432007
