Id,Coordinates,Order,Distance,Time
9935,"[[0, 0], [9, 62], [25, 60], [32, 34], [33, 50], [22, 32], [32, 21], [9, 48], [21, 35], [17, 62], [22, 3], [24, 7], [33, 36], [8, 7], [20, 27], [24, 13], [26, 48], [32, 37], [6, 22], [16, 48], [12, 16], [0, 0]]","[0, 13, 20, 18, 14, 3, 12, 17, 4, 16, 2, 9, 1, 7, 19, 8, 5, 6, 15, 11, 10, 21]",205.92558224495383,15.414326429367065
