Id,Coordinates,Order,Distance,Time
7601,"[[0, 0], [119, 20], [151, 27], [112, 7], [67, 23], [72, 66], [16, 43], [70, 32], [154, 15], [123, 60], [134, 18], [54, 61], [98, 36], [15, 42], [47, 61], [44, 30], [131, 16], [89, 58], [148, 52], [28, 27], [58, 34], [0, 0]]","[0, 19, 15, 20, 17, 5, 11, 14, 6, 13, 4, 3, 1, 16, 10, 8, 2, 18, 9, 12, 7, 21]",547.7420968078982,18.09315538406372
