Id,Coordinates,Order,Distance,Time
3630,"[[0, 0], [40, 61], [30, 130], [13, 159], [15, 121], [45, 134], [8, 77], [21, 90], [39, 10], [15, 71], [10, 19], [9, 26], [49, 141], [37, 159], [44, 75], [24, 1], [2, 8], [29, 105], [30, 88], [43, 78], [16, 41], [0, 0]]","[0, 16, 10, 11, 20, 9, 6, 7, 18, 17, 2, 5, 12, 13, 3, 4, 19, 14, 1, 8, 15, 21]",422.19268268896116,15.128551244735718
