Id,Coordinates,Order,Distance,Time
481,"[[0, 0], [55, 163], [32, 49], [27, 110], [29, 144], [4, 145], [52, 153], [1, 120], [6, 87], [48, 165], [53, 93], [11, 29], [1, 92], [59, 146], [41, 115], [28, 89], [38, 164], [35, 141], [32, 6], [5, 4], [37, 127], [0, 0]]","[0, 19, 18, 2, 10, 14, 20, 17, 4, 16, 9, 1, 6, 13, 5, 8, 12, 7, 3, 15, 11, 21]",532.7656367055297,16.95994544029236
