Id,Coordinates,Order,Distance,Time
6290,"[[0, 0], [7, 119], [87, 58], [35, 144], [3, 110], [81, 4], [114, 101], [61, 149], [91, 97], [128, 54], [69, 135], [12, 89], [39, 22], [69, 60], [5, 101], [39, 143], [24, 80], [59, 61], [2, 60], [51, 111], [101, 74], [0, 0]]","[0, 12, 5, 9, 20, 8, 6, 2, 13, 17, 16, 11, 14, 4, 1, 3, 15, 7, 10, 19, 18, 21]",648.1857595980655,15.723120212554932
