Id,Coordinates,Order,Distance,Time
7588,"[[0, 0], [9, 107], [7, 129], [7, 14], [3, 147], [4, 112], [5, 51], [3, 142], [1, 49], [3, 115], [6, 93], [2, 91], [8, 135], [8, 100], [5, 103], [3, 113], [2, 36], [6, 6], [1, 31], [4, 148], [5, 105], [0, 0]]","[0, 17, 3, 18, 16, 8, 11, 14, 20, 5, 15, 9, 2, 12, 7, 4, 19, 1, 13, 10, 6, 21]",303.1500878221703,16.495675325393677
