Id,Coordinates,Order,Distance,Time
6724,"[[0, 0], [102, 62], [145, 45], [71, 29], [3, 40], [168, 39], [100, 50], [68, 12], [137, 64], [134, 41], [44, 19], [126, 46], [69, 47], [84, 8], [109, 41], [54, 65], [31, 67], [160, 52], [99, 42], [22, 50], [84, 38], [0, 0]]","[0, 4, 19, 16, 15, 12, 20, 18, 14, 11, 9, 2, 5, 17, 8, 1, 6, 3, 13, 7, 10, 21]",470.3833979131236,19.37500023841858
