Id,Coordinates,Order,Distance,Time
510,"[[0, 0], [118, 107], [61, 69], [16, 46], [53, 3], [167, 22], [77, 47], [2, 27], [6, 31], [115, 92], [51, 107], [70, 42], [98, 20], [115, 62], [173, 28], [55, 49], [113, 46], [48, 107], [111, 36], [16, 31], [147, 67], [0, 0]]","[0, 7, 8, 19, 3, 15, 11, 6, 2, 10, 17, 1, 9, 13, 20, 14, 5, 16, 18, 12, 4, 21]",584.6364000592808,16.58988904953003
