Id,Coordinates,Order,Distance,Time
2256,"[[0, 0], [13, 16], [81, 17], [79, 10], [127, 8], [67, 12], [34, 6], [57, 8], [124, 8], [37, 17], [85, 12], [30, 17], [13, 6], [6, 12], [95, 9], [110, 8], [45, 16], [60, 1], [51, 3], [10, 8], [89, 7], [0, 0]]","[0, 13, 1, 11, 9, 16, 18, 17, 3, 10, 20, 14, 15, 8, 4, 2, 5, 7, 6, 12, 19, 21]",281.2241600003788,14.63499665260315
