Id,Coordinates,Order,Distance,Time
8439,"[[0, 0], [49, 41], [31, 2], [64, 7], [35, 118], [52, 93], [40, 57], [71, 24], [70, 15], [55, 115], [59, 85], [68, 19], [59, 50], [7, 32], [9, 124], [55, 43], [3, 122], [9, 18], [21, 106], [70, 84], [4, 106], [0, 0]]","[0, 2, 3, 8, 11, 7, 15, 1, 12, 6, 19, 10, 5, 9, 4, 18, 14, 16, 20, 13, 17, 21]",423.82973171032904,16.19000005722046
