Id,Coordinates,Order,Distance,Time
4449,"[[0, 0], [4, 74], [8, 49], [11, 45], [10, 47], [10, 72], [6, 50], [3, 90], [3, 15], [4, 11], [7, 43], [3, 5], [10, 41], [2, 47], [5, 2], [1, 19], [8, 68], [8, 58], [1, 21], [6, 5], [12, 75], [0, 0]]","[0, 14, 19, 9, 8, 15, 18, 12, 3, 4, 2, 6, 17, 16, 5, 20, 7, 1, 13, 10, 11, 21]",195.18858920392333,16.000471353530884
