Id,Coordinates,Order,Distance,Time
8232,"[[0, 0], [40, 106], [44, 1], [71, 141], [71, 16], [45, 89], [5, 101], [62, 130], [65, 122], [60, 135], [43, 51], [38, 64], [43, 81], [60, 123], [64, 150], [68, 116], [17, 165], [62, 93], [9, 169], [68, 162], [10, 106], [0, 0]]","[0, 2, 4, 10, 11, 12, 5, 17, 15, 8, 13, 7, 9, 3, 14, 19, 16, 18, 1, 20, 6, 21]",529.3432160817752,15.299189329147339
