Id,Coordinates,Order,Distance,Time
9485,"[[0, 0], [20, 170], [8, 148], [38, 58], [23, 118], [14, 56], [39, 96], [20, 101], [16, 165], [33, 157], [38, 114], [34, 66], [13, 70], [37, 115], [11, 149], [24, 78], [36, 128], [39, 69], [20, 124], [36, 17], [37, 98], [0, 0]]","[0, 19, 3, 11, 17, 15, 7, 4, 13, 10, 20, 6, 18, 14, 2, 8, 1, 9, 16, 12, 5, 21]",457.7832809402587,17.396479606628418
