Id,Coordinates,Order,Distance,Time
5496,"[[0, 0], [57, 108], [16, 21], [11, 12], [165, 88], [7, 116], [174, 148], [69, 16], [136, 45], [28, 82], [85, 78], [5, 107], [55, 31], [58, 55], [136, 70], [20, 38], [56, 81], [84, 52], [3, 144], [88, 27], [68, 39], [0, 0]]","[0, 3, 2, 15, 12, 20, 13, 16, 9, 11, 5, 18, 1, 10, 17, 8, 14, 4, 6, 19, 7, 21]",783.8952113304243,13.543032169342041
