Id,Coordinates,Order,Distance,Time
123,"[[0, 0], [93, 58], [20, 5], [56, 183], [103, 44], [7, 177], [4, 127], [26, 21], [43, 26], [14, 192], [90, 120], [45, 119], [93, 18], [65, 132], [82, 176], [89, 96], [22, 96], [33, 76], [72, 169], [53, 143], [84, 71], [0, 0]]","[0, 2, 7, 8, 12, 4, 1, 20, 15, 10, 13, 11, 6, 5, 9, 3, 14, 18, 19, 16, 17, 21]",651.7207056342946,17.703763484954834
