Id,Coordinates,Order,Distance,Time
4428,"[[0, 0], [91, 72], [32, 111], [65, 100], [152, 101], [72, 78], [90, 17], [137, 39], [151, 79], [67, 27], [102, 95], [132, 9], [134, 96], [15, 26], [163, 29], [68, 26], [130, 35], [115, 62], [115, 101], [12, 67], [5, 86], [0, 0]]","[0, 13, 19, 20, 2, 3, 5, 1, 10, 18, 12, 4, 8, 17, 16, 7, 14, 11, 6, 15, 9, 21]",588.8167325692475,18.573607683181763
