Id,Coordinates,Order,Distance,Time
7845,"[[0, 0], [9, 109], [7, 26], [2, 8], [9, 33], [11, 32], [12, 128], [8, 119], [5, 69], [10, 102], [12, 106], [7, 120], [12, 118], [10, 48], [4, 111], [8, 76], [10, 119], [12, 59], [5, 94], [10, 9], [6, 70], [0, 0]]","[0, 19, 2, 5, 4, 13, 17, 8, 20, 15, 18, 9, 10, 1, 7, 11, 6, 12, 16, 14, 3, 21]",276.1192423965946,15.177154541015625
