Id,Coordinates,Order,Distance,Time
70,"[[0, 0], [57, 16], [13, 74], [75, 65], [118, 82], [24, 16], [100, 49], [14, 86], [53, 76], [10, 69], [51, 68], [93, 27], [52, 77], [16, 57], [37, 26], [3, 18], [58, 11], [54, 22], [81, 19], [10, 16], [10, 26], [0, 0]]","[0, 15, 19, 5, 14, 17, 1, 16, 18, 11, 6, 4, 3, 8, 12, 10, 2, 9, 7, 13, 20, 21]",415.2233658590964,22.083999395370483
