Id,Coordinates,Order,Distance,Time
4343,"[[0, 0], [79, 75], [2, 62], [49, 123], [68, 9], [86, 50], [37, 21], [12, 61], [35, 32], [26, 133], [69, 41], [46, 38], [22, 41], [33, 75], [31, 94], [38, 13], [35, 24], [32, 32], [20, 77], [14, 33], [62, 99], [0, 0]]","[0, 17, 8, 11, 16, 6, 15, 4, 10, 5, 1, 20, 3, 9, 14, 13, 18, 7, 2, 12, 19, 21]",454.19670163052547,18.314071655273438
