Id,Coordinates,Order,Distance,Time
6534,"[[0, 0], [31, 43], [39, 37], [50, 2], [15, 4], [49, 16], [6, 16], [4, 41], [50, 16], [6, 42], [46, 20], [32, 60], [44, 36], [7, 35], [42, 30], [49, 11], [19, 33], [29, 63], [1, 2], [3, 4], [38, 8], [0, 0]]","[0, 18, 19, 6, 13, 7, 9, 2, 12, 14, 10, 5, 8, 15, 3, 20, 1, 11, 17, 16, 4, 21]",266.93241426377125,15.6650972366333
