Id,Coordinates,Order,Distance,Time
5371,"[[0, 0], [64, 15], [6, 6], [52, 7], [11, 45], [36, 8], [53, 15], [33, 31], [64, 1], [41, 41], [49, 32], [38, 5], [40, 41], [53, 19], [48, 23], [65, 9], [8, 18], [4, 31], [43, 26], [54, 17], [9, 38], [0, 0]]","[0, 16, 17, 20, 4, 7, 18, 14, 13, 19, 6, 1, 15, 8, 3, 11, 5, 10, 9, 12, 2, 21]",256.0711535829952,16.460312128067017
