Id,Coordinates,Order,Distance,Time
4408,"[[0, 0], [65, 101], [122, 102], [163, 15], [155, 56], [61, 15], [37, 12], [135, 72], [156, 92], [126, 57], [175, 107], [96, 61], [14, 56], [37, 5], [40, 43], [143, 54], [111, 63], [40, 2], [53, 91], [76, 48], [12, 72], [0, 0]]","[0, 13, 6, 14, 12, 20, 18, 1, 11, 16, 9, 15, 3, 4, 8, 10, 2, 7, 19, 5, 17, 21]",676.0872605030276,14.22813105583191
