Id,Coordinates,Order,Distance,Time
5726,"[[0, 0], [7, 43], [12, 13], [2, 59], [2, 53], [8, 74], [7, 51], [12, 12], [9, 15], [9, 5], [5, 60], [12, 47], [3, 107], [4, 118], [11, 27], [6, 55], [6, 72], [1, 136], [3, 94], [9, 139], [10, 144], [0, 0]]","[0, 9, 7, 2, 8, 14, 1, 11, 6, 15, 10, 16, 5, 18, 12, 13, 17, 20, 19, 3, 4, 21]",306.46647670791174,15.802124738693237
