Id,Coordinates,Order,Distance,Time
1905,"[[0, 0], [103, 44], [19, 187], [40, 66], [42, 19], [29, 78], [89, 182], [39, 161], [87, 23], [126, 44], [53, 181], [13, 145], [57, 127], [73, 154], [43, 20], [9, 159], [72, 181], [101, 125], [79, 188], [4, 176], [122, 13], [0, 0]]","[0, 4, 14, 8, 20, 9, 1, 3, 17, 13, 16, 18, 6, 10, 7, 15, 11, 19, 2, 12, 5, 21]",788.3666615539469,14.937495231628418
