Id,Coordinates,Order,Distance,Time
6531,"[[0, 0], [73, 32], [81, 57], [9, 40], [40, 77], [134, 96], [9, 40], [87, 87], [18, 59], [89, 84], [50, 41], [120, 104], [104, 2], [89, 24], [135, 86], [91, 62], [108, 46], [90, 54], [67, 29], [109, 78], [49, 32], [0, 0]]","[0, 3, 6, 10, 20, 18, 1, 13, 12, 16, 17, 2, 15, 19, 14, 5, 11, 9, 7, 4, 8, 21]",500.2058842689185,13.781830549240112
