Id,Coordinates,Order,Distance,Time
3415,"[[0, 0], [26, 45], [5, 7], [2, 19], [15, 6], [32, 30], [16, 12], [10, 43], [12, 10], [23, 8], [29, 6], [26, 32], [10, 2], [15, 43], [26, 33], [19, 3], [1, 26], [2, 27], [8, 41], [29, 33], [28, 21], [0, 0]]","[0, 12, 8, 6, 4, 15, 9, 10, 20, 5, 19, 11, 14, 1, 13, 7, 18, 17, 16, 3, 2, 21]",154.71113759105214,18.80592370033264
