Id,Coordinates,Order,Distance,Time
549,"[[0, 0], [87, 102], [57, 30], [18, 165], [140, 117], [137, 139], [68, 24], [153, 176], [160, 51], [70, 3], [162, 112], [180, 23], [35, 102], [168, 79], [183, 10], [164, 102], [57, 19], [75, 30], [52, 153], [119, 41], [156, 64], [0, 0]]","[0, 16, 2, 6, 17, 19, 20, 13, 15, 10, 4, 5, 7, 18, 3, 12, 1, 8, 11, 14, 9, 21]",895.5585088009833,20.936140060424805
