Id,Coordinates,Order,Distance,Time
5205,"[[0, 0], [16, 34], [1, 1], [16, 58], [20, 99], [7, 36], [20, 95], [10, 62], [12, 140], [21, 134], [15, 25], [19, 48], [25, 117], [2, 67], [6, 21], [3, 139], [7, 23], [22, 7], [8, 14], [7, 55], [16, 99], [0, 0]]","[0, 2, 18, 14, 16, 1, 11, 3, 6, 4, 12, 9, 8, 15, 20, 13, 7, 19, 5, 10, 17, 21]",329.9386359568406,13.789783716201782
