Id,Coordinates,Order,Distance,Time
2046,"[[0, 0], [33, 10], [44, 75], [46, 66], [1, 69], [23, 134], [50, 77], [4, 130], [25, 51], [15, 47], [47, 52], [4, 86], [1, 69], [28, 79], [22, 61], [21, 108], [26, 131], [34, 127], [41, 64], [38, 22], [7, 21], [0, 0]]","[0, 20, 8, 14, 13, 2, 6, 3, 18, 10, 19, 1, 9, 4, 12, 15, 17, 16, 5, 7, 11, 21]",479.95000454051024,17.575997352600098
