Id,Coordinates,Order,Distance,Time
8006,"[[0, 0], [32, 43], [33, 13], [12, 47], [19, 34], [5, 52], [5, 57], [20, 32], [8, 77], [24, 67], [19, 55], [23, 26], [20, 66], [1, 34], [38, 46], [27, 36], [15, 3], [24, 61], [29, 75], [21, 50], [34, 42], [0, 0]]","[0, 16, 2, 11, 7, 4, 15, 1, 20, 14, 19, 10, 17, 12, 9, 18, 8, 6, 5, 3, 13, 21]",241.56032948184424,21.77264142036438
