Id,Coordinates,Order,Distance,Time
8759,"[[0, 0], [97, 45], [117, 30], [174, 120], [87, 108], [1, 109], [172, 35], [140, 104], [70, 64], [16, 59], [113, 75], [34, 111], [92, 120], [136, 19], [40, 22], [159, 57], [59, 126], [121, 2], [177, 59], [135, 51], [92, 53], [0, 0]]","[0, 9, 5, 11, 16, 4, 12, 10, 20, 1, 2, 17, 13, 19, 15, 6, 18, 3, 7, 8, 14, 21]",769.6580658304802,20.65401816368103
