Id,Coordinates,Order,Distance,Time
1617,"[[0, 0], [17, 44], [9, 38], [25, 1], [21, 22], [2, 121], [25, 119], [7, 56], [2, 123], [23, 13], [13, 72], [17, 3], [7, 21], [14, 111], [26, 127], [1, 86], [18, 81], [14, 88], [19, 99], [9, 18], [11, 34], [0, 0]]","[0, 11, 3, 9, 4, 1, 10, 16, 17, 18, 13, 6, 14, 8, 5, 15, 7, 2, 20, 12, 19, 21]",313.49756022887533,14.170265436172485
