Id,Coordinates,Order,Distance,Time
4090,"[[0, 0], [42, 19], [59, 10], [48, 13], [85, 19], [24, 15], [20, 8], [33, 19], [82, 2], [52, 8], [45, 4], [15, 7], [58, 15], [72, 8], [79, 9], [85, 18], [19, 19], [87, 11], [89, 10], [41, 12], [50, 6], [0, 0]]","[0, 11, 6, 5, 16, 7, 1, 19, 3, 2, 13, 14, 8, 18, 17, 15, 4, 12, 9, 20, 10, 21]",222.55260027589563,14.717432498931885
