Id,Coordinates,Order,Distance,Time
525,"[[0, 0], [95, 16], [42, 8], [33, 11], [149, 9], [63, 38], [135, 42], [23, 44], [40, 49], [159, 38], [148, 15], [130, 10], [35, 44], [3, 10], [92, 21], [143, 24], [137, 28], [87, 16], [112, 17], [157, 15], [66, 22], [0, 0]]","[0, 13, 3, 2, 7, 8, 12, 5, 17, 14, 1, 18, 11, 10, 4, 19, 15, 16, 9, 6, 20, 21]",473.4051512341928,15.98374891281128
