Id,Coordinates,Order,Distance,Time
4242,"[[0, 0], [85, 74], [58, 8], [65, 87], [60, 19], [81, 38], [2, 83], [9, 73], [89, 46], [53, 30], [12, 70], [39, 7], [58, 31], [85, 83], [62, 63], [5, 47], [1, 68], [54, 48], [72, 34], [71, 85], [71, 26], [0, 0]]","[0, 11, 2, 4, 12, 17, 14, 3, 19, 13, 1, 8, 5, 18, 20, 9, 16, 6, 7, 10, 15, 21]",412.25558683389,14.23967719078064
