Id,Coordinates,Order,Distance,Time
8966,"[[0, 0], [169, 40], [159, 38], [129, 9], [147, 26], [4, 34], [86, 21], [72, 17], [33, 28], [120, 16], [93, 9], [15, 41], [179, 44], [125, 39], [123, 24], [37, 5], [72, 39], [158, 40], [34, 18], [137, 17], [82, 33], [0, 0]]","[0, 5, 11, 8, 18, 7, 6, 10, 9, 14, 3, 19, 4, 2, 1, 12, 17, 13, 20, 16, 15, 21]",455.8935999770873,16.165772199630737
