Id,Coordinates,Order,Distance,Time
4078,"[[0, 0], [11, 94], [82, 135], [55, 114], [62, 50], [65, 88], [15, 125], [1, 143], [120, 24], [31, 90], [94, 120], [26, 123], [109, 103], [33, 15], [98, 24], [81, 83], [102, 12], [107, 154], [50, 64], [118, 66], [105, 141], [0, 0]]","[0, 4, 18, 15, 12, 10, 20, 17, 2, 3, 11, 6, 7, 1, 9, 5, 19, 8, 16, 14, 13, 21]",697.3909775045234,14.39979100227356
