Id,Coordinates,Order,Distance,Time
8218,"[[0, 0], [2, 60], [63, 92], [53, 26], [46, 83], [16, 40], [47, 113], [42, 12], [48, 134], [6, 156], [43, 114], [23, 105], [16, 27], [21, 65], [60, 78], [24, 99], [12, 149], [1, 120], [28, 125], [46, 90], [5, 131], [0, 0]]","[0, 12, 5, 1, 13, 4, 19, 6, 10, 11, 15, 17, 20, 9, 16, 18, 8, 2, 14, 3, 7, 21]",481.1452571395585,18.756444692611694
