Id,Coordinates,Order,Distance,Time
4911,"[[0, 0], [2, 19], [37, 20], [8, 77], [27, 52], [11, 80], [26, 61], [13, 7], [41, 27], [36, 24], [4, 35], [6, 54], [45, 5], [2, 12], [16, 12], [45, 17], [9, 19], [41, 84], [47, 52], [10, 7], [40, 73], [0, 0]]","[0, 13, 14, 7, 19, 16, 1, 10, 11, 6, 20, 17, 5, 3, 4, 18, 8, 9, 2, 15, 12, 21]",326.33530698257414,17.088080644607544
