Id,Coordinates,Order,Distance,Time
5111,"[[0, 0], [47, 108], [35, 117], [46, 46], [52, 119], [40, 154], [35, 37], [18, 57], [38, 124], [53, 145], [3, 122], [35, 7], [15, 88], [9, 67], [32, 86], [43, 116], [46, 107], [33, 4], [26, 53], [13, 119], [9, 73], [0, 0]]","[0, 17, 11, 6, 3, 14, 16, 1, 15, 2, 8, 4, 9, 5, 19, 10, 12, 20, 13, 7, 18, 21]",424.69822854770706,19.286030769348145
