Id,Coordinates,Order,Distance,Time
8669,"[[0, 0], [18, 123], [111, 35], [116, 179], [131, 65], [68, 71], [133, 49], [111, 11], [24, 76], [34, 40], [114, 178], [95, 77], [113, 98], [92, 143], [44, 186], [62, 101], [103, 23], [159, 113], [5, 171], [82, 127], [86, 124], [0, 0]]","[0, 9, 8, 5, 11, 12, 20, 19, 13, 10, 3, 14, 18, 1, 15, 17, 4, 6, 2, 7, 16, 21]",845.9054459003363,19.981706619262695
