Id,Coordinates,Order,Distance,Time
603,"[[0, 0], [99, 22], [53, 59], [87, 42], [84, 44], [8, 24], [23, 49], [109, 71], [91, 5], [27, 79], [45, 75], [49, 19], [11, 56], [8, 37], [47, 44], [96, 75], [106, 46], [76, 30], [11, 29], [12, 79], [6, 33], [0, 0]]","[0, 5, 18, 20, 13, 6, 12, 19, 9, 10, 2, 14, 3, 8, 1, 16, 7, 15, 4, 17, 11, 21]",455.521332996378,21.805975675582886
