Id,Coordinates,Order,Distance,Time
3970,"[[0, 0], [84, 1], [151, 46], [100, 29], [73, 19], [34, 50], [191, 47], [75, 30], [75, 15], [69, 44], [171, 19], [169, 33], [141, 8], [181, 50], [155, 18], [65, 6], [102, 57], [97, 23], [109, 41], [10, 58], [96, 12], [0, 0]]","[0, 19, 5, 9, 7, 4, 8, 20, 17, 3, 18, 16, 2, 11, 13, 6, 10, 14, 12, 1, 15, 21]",534.6482641809771,16.106250524520874
