Id,Coordinates,Order,Distance,Time
6986,"[[0, 0], [110, 39], [75, 7], [109, 134], [85, 11], [24, 85], [115, 143], [93, 105], [6, 159], [53, 38], [93, 19], [59, 87], [72, 11], [20, 109], [40, 127], [95, 86], [36, 111], [8, 103], [8, 3], [94, 149], [9, 115], [0, 0]]","[0, 18, 9, 12, 2, 4, 10, 1, 15, 7, 3, 6, 19, 14, 8, 20, 17, 13, 16, 11, 5, 21]",632.4258707561585,18.726372480392456
