Id,Coordinates,Order,Distance,Time
6559,"[[0, 0], [160, 50], [151, 122], [90, 18], [123, 94], [110, 121], [121, 117], [144, 123], [161, 40], [1, 59], [117, 43], [111, 132], [104, 106], [29, 72], [145, 5], [2, 15], [102, 23], [168, 30], [72, 74], [69, 73], [8, 108], [0, 0]]","[0, 15, 9, 20, 19, 18, 12, 5, 11, 6, 7, 2, 4, 1, 8, 17, 14, 10, 16, 3, 13, 21]",700.0603759284941,15.74842095375061
