Id,Coordinates,Order,Distance,Time
8151,"[[0, 0], [20, 116], [44, 48], [47, 105], [34, 74], [29, 23], [26, 23], [40, 53], [24, 38], [40, 68], [31, 1], [17, 25], [11, 45], [43, 27], [25, 10], [47, 35], [45, 16], [15, 93], [7, 48], [6, 55], [25, 1], [0, 0]]","[0, 20, 10, 14, 6, 5, 8, 12, 18, 7, 2, 15, 13, 16, 9, 4, 3, 1, 17, 19, 11, 21]",413.9666221671407,15.458683013916016
