Id,Coordinates,Order,Distance,Time
3826,"[[0, 0], [101, 65], [8, 86], [50, 10], [5, 75], [13, 40], [103, 56], [49, 22], [92, 64], [38, 71], [61, 69], [14, 83], [67, 1], [98, 56], [43, 55], [54, 12], [64, 88], [94, 5], [96, 51], [49, 6], [76, 74], [0, 0]]","[0, 5, 14, 10, 16, 20, 8, 1, 6, 13, 18, 17, 12, 19, 3, 15, 7, 9, 11, 2, 4, 21]",464.7305824415359,17.839142084121704
