Id,Coordinates,Order,Distance,Time
9952,"[[0, 0], [25, 29], [126, 96], [40, 131], [80, 94], [49, 41], [51, 39], [51, 129], [63, 184], [41, 13], [98, 147], [73, 5], [100, 117], [28, 158], [32, 76], [27, 192], [79, 72], [62, 90], [7, 1], [98, 65], [99, 52], [0, 0]]","[0, 18, 1, 6, 5, 14, 17, 16, 19, 2, 12, 7, 3, 13, 15, 8, 10, 4, 20, 11, 9, 21]",707.0397003686736,15.96248722076416
