Id,Coordinates,Order,Distance,Time
339,"[[0, 0], [11, 4], [78, 7], [88, 8], [180, 10], [90, 11], [51, 2], [13, 16], [107, 7], [146, 16], [184, 4], [167, 8], [165, 16], [150, 7], [36, 11], [100, 13], [176, 13], [86, 13], [54, 8], [134, 7], [37, 7], [0, 0]]","[0, 1, 7, 14, 20, 6, 18, 2, 17, 5, 15, 8, 19, 9, 12, 16, 4, 10, 11, 13, 3, 21]",399.49279610066475,13.780498027801514
