Id,Coordinates,Order,Distance,Time
7190,"[[0, 0], [50, 8], [52, 8], [30, 15], [92, 13], [121, 3], [99, 12], [104, 2], [25, 4], [26, 11], [102, 9], [6, 1], [87, 19], [63, 13], [66, 13], [99, 19], [132, 9], [43, 4], [134, 14], [14, 2], [164, 15], [0, 0]]","[0, 9, 3, 1, 2, 13, 14, 4, 6, 10, 7, 5, 16, 20, 18, 15, 12, 17, 8, 19, 11, 21]",345.0554372447313,16.187738180160522
