Id,Coordinates,Order,Distance,Time
8742,"[[0, 0], [40, 33], [19, 136], [49, 79], [93, 98], [61, 105], [18, 160], [108, 126], [75, 72], [27, 106], [75, 49], [89, 140], [5, 132], [59, 151], [112, 101], [80, 59], [84, 132], [80, 132], [38, 83], [89, 128], [79, 177], [0, 0]]","[0, 1, 10, 15, 8, 3, 18, 9, 2, 12, 6, 13, 20, 11, 19, 16, 7, 14, 4, 17, 5, 21]",646.7030333403552,15.41552209854126
