Id,Coordinates,Order,Distance,Time
330,"[[0, 0], [50, 116], [52, 26], [37, 95], [28, 147], [36, 34], [42, 42], [2, 67], [23, 19], [16, 169], [22, 43], [13, 188], [40, 70], [27, 95], [48, 134], [25, 30], [10, 40], [8, 146], [12, 189], [29, 70], [50, 92], [0, 0]]","[0, 8, 15, 5, 2, 6, 10, 19, 12, 20, 3, 13, 1, 14, 4, 9, 11, 18, 17, 7, 16, 21]",505.52312356293373,17.51178741455078
