Id,Coordinates,Order,Distance,Time
3969,"[[0, 0], [7, 22], [37, 35], [1, 3], [59, 15], [106, 2], [13, 39], [59, 42], [18, 11], [73, 60], [6, 60], [86, 21], [74, 43], [2, 40], [85, 31], [32, 4], [104, 49], [74, 5], [86, 41], [79, 33], [52, 14], [0, 0]]","[0, 3, 1, 6, 13, 10, 2, 7, 12, 19, 14, 11, 17, 5, 18, 16, 9, 4, 20, 15, 8, 21]",438.92355600912913,14.560868740081787
