Id,Coordinates,Order,Distance,Time
5067,"[[0, 0], [116, 48], [39, 16], [135, 20], [18, 51], [54, 43], [38, 58], [166, 9], [163, 27], [48, 7], [105, 46], [149, 41], [65, 59], [153, 18], [144, 58], [21, 13], [75, 39], [91, 17], [59, 21], [11, 19], [156, 14], [0, 0]]","[0, 15, 2, 9, 18, 16, 10, 1, 14, 11, 8, 7, 20, 13, 3, 17, 12, 5, 6, 4, 19, 21]",469.086331983813,22.049000024795532
