Id,Coordinates,Order,Distance,Time
468,"[[0, 0], [7, 33], [9, 27], [42, 86], [45, 99], [14, 92], [2, 17], [7, 58], [40, 33], [30, 92], [7, 12], [21, 85], [28, 70], [26, 104], [46, 15], [18, 58], [2, 63], [39, 115], [5, 95], [44, 29], [43, 123], [0, 0]]","[0, 10, 6, 2, 1, 16, 7, 15, 12, 11, 5, 18, 9, 13, 17, 20, 4, 3, 8, 19, 14, 21]",360.9868485007972,19.09710955619812
