Id,Coordinates,Order,Distance,Time
807,"[[0, 0], [14, 56], [35, 47], [56, 9], [4, 17], [43, 22], [105, 34], [65, 3], [26, 12], [111, 34], [65, 43], [83, 33], [107, 65], [95, 28], [114, 18], [12, 43], [12, 11], [35, 10], [80, 46], [7, 5], [57, 26], [0, 0]]","[0, 19, 16, 8, 17, 5, 20, 3, 7, 11, 13, 6, 9, 14, 12, 18, 10, 2, 15, 1, 4, 21]",397.74288001037576,14.669045209884644
