Id,Coordinates,Order,Distance,Time
9890,"[[0, 0], [71, 66], [17, 17], [66, 34], [21, 99], [28, 2], [65, 1], [9, 78], [163, 15], [52, 46], [78, 10], [117, 105], [178, 42], [15, 6], [69, 52], [10, 59], [150, 93], [116, 50], [33, 32], [150, 39], [94, 49], [0, 0]]","[0, 13, 5, 18, 20, 17, 19, 8, 12, 16, 11, 1, 14, 3, 10, 6, 9, 4, 7, 15, 2, 21]",685.1463127407706,14.521628141403198
