Id,Coordinates,Order,Distance,Time
9806,"[[0, 0], [10, 134], [37, 120], [19, 138], [38, 151], [16, 51], [32, 145], [41, 13], [12, 66], [5, 169], [8, 65], [19, 120], [23, 137], [18, 94], [25, 70], [1, 126], [9, 98], [4, 61], [5, 138], [24, 78], [12, 146], [0, 0]]","[0, 7, 5, 8, 14, 19, 13, 2, 11, 1, 18, 20, 3, 12, 6, 4, 9, 15, 16, 10, 17, 21]",470.6319839653398,16.600436210632324
