Id,Coordinates,Order,Distance,Time
4873,"[[0, 0], [3, 147], [23, 101], [15, 8], [44, 35], [17, 53], [52, 99], [36, 123], [55, 74], [32, 28], [33, 97], [3, 148], [48, 27], [46, 189], [2, 154], [9, 156], [50, 55], [14, 42], [10, 118], [41, 123], [1, 12], [0, 0]]","[0, 3, 9, 4, 12, 16, 8, 6, 10, 2, 7, 19, 13, 15, 14, 11, 1, 18, 5, 17, 20, 21]",479.8901048785257,16.33751368522644
