Id,Coordinates,Order,Distance,Time
7014,"[[0, 0], [42, 58], [31, 127], [34, 118], [37, 35], [65, 47], [35, 137], [71, 104], [64, 130], [14, 60], [28, 77], [76, 28], [10, 25], [66, 58], [12, 81], [73, 38], [38, 90], [77, 108], [65, 148], [27, 133], [26, 79], [0, 0]]","[0, 12, 4, 1, 9, 14, 20, 10, 16, 3, 2, 19, 6, 18, 8, 17, 7, 13, 5, 15, 11, 21]",458.25785489366524,20.274991750717163
