Id,Coordinates,Order,Distance,Time
2836,"[[0, 0], [13, 37], [83, 19], [12, 48], [9, 47], [60, 40], [79, 36], [38, 4], [11, 35], [63, 40], [16, 45], [12, 11], [13, 24], [33, 24], [10, 20], [88, 24], [65, 7], [25, 45], [62, 14], [37, 32], [84, 43], [0, 0]]","[0, 11, 14, 12, 8, 1, 4, 3, 10, 17, 19, 13, 18, 16, 2, 15, 20, 6, 9, 5, 7, 21]",292.9829173109021,16.37219262123108
