Id,Coordinates,Order,Distance,Time
6992,"[[0, 0], [7, 4], [13, 34], [14, 26], [6, 24], [7, 37], [1, 12], [12, 11], [5, 32], [6, 6], [14, 44], [4, 53], [10, 21], [1, 12], [2, 16], [6, 24], [5, 11], [3, 46], [7, 56], [8, 30], [12, 10], [0, 0]]","[0, 1, 9, 16, 6, 13, 14, 4, 15, 19, 8, 5, 17, 18, 11, 10, 2, 3, 12, 7, 20, 21]",136.5523479396701,17.417316198349
