Id,Coordinates,Order,Distance,Time
6089,"[[0, 0], [51, 106], [44, 86], [74, 179], [121, 177], [36, 64], [53, 156], [120, 119], [87, 151], [90, 11], [8, 139], [23, 5], [84, 175], [30, 56], [93, 80], [45, 165], [18, 57], [72, 63], [19, 148], [49, 62], [117, 166], [0, 0]]","[0, 13, 5, 19, 17, 14, 8, 12, 3, 6, 15, 18, 10, 16, 2, 1, 4, 20, 7, 9, 11, 21]",834.5417140997621,19.84528923034668
