Id,Coordinates,Order,Distance,Time
3495,"[[0, 0], [92, 114], [57, 27], [49, 64], [4, 54], [39, 35], [65, 126], [18, 60], [47, 125], [111, 121], [7, 62], [34, 135], [93, 80], [100, 76], [13, 139], [87, 22], [99, 89], [34, 137], [34, 9], [9, 86], [58, 116], [0, 0]]","[0, 18, 2, 15, 13, 12, 16, 9, 1, 6, 20, 8, 11, 17, 14, 19, 10, 4, 7, 3, 5, 21]",533.4436694923119,14.493995189666748
