Id,Coordinates,Order,Distance,Time
1648,"[[0, 0], [41, 19], [25, 11], [29, 2], [55, 30], [38, 19], [12, 12], [25, 9], [11, 9], [63, 4], [35, 27], [49, 19], [50, 6], [63, 7], [8, 25], [4, 29], [5, 24], [48, 16], [41, 17], [9, 2], [7, 4], [0, 0]]","[0, 20, 19, 8, 6, 2, 7, 3, 5, 1, 18, 11, 17, 12, 9, 13, 4, 10, 14, 15, 16, 21]",212.349081008062,11.069847106933594
