Id,Coordinates,Order,Distance,Time
4595,"[[0, 0], [43, 88], [39, 19], [5, 117], [35, 92], [31, 38], [19, 104], [6, 22], [59, 47], [7, 75], [11, 155], [49, 15], [51, 98], [36, 150], [15, 83], [45, 37], [41, 44], [21, 150], [36, 108], [47, 64], [35, 10], [0, 0]]","[0, 7, 5, 16, 15, 8, 19, 1, 4, 18, 12, 13, 17, 10, 3, 6, 14, 9, 2, 11, 20, 21]",473.65950904656586,16.941368103027344
