Id,Coordinates,Order,Distance,Time
6113,"[[0, 0], [16, 4], [24, 188], [17, 171], [12, 40], [30, 75], [26, 70], [44, 77], [16, 58], [35, 105], [33, 169], [46, 167], [39, 90], [46, 167], [46, 30], [39, 36], [42, 147], [7, 83], [5, 63], [38, 45], [8, 47], [0, 0]]","[0, 4, 20, 8, 6, 5, 7, 12, 9, 16, 11, 13, 10, 2, 3, 17, 18, 19, 15, 14, 1, 21]",464.3024324190651,14.167725086212158
