Id,Coordinates,Order,Distance,Time
2697,"[[0, 0], [119, 6], [57, 26], [156, 18], [24, 22], [168, 41], [105, 8], [13, 25], [154, 1], [133, 41], [45, 13], [95, 27], [140, 28], [69, 33], [5, 38], [19, 27], [124, 13], [118, 15], [110, 19], [146, 28], [97, 40], [0, 0]]","[0, 7, 15, 4, 10, 2, 13, 11, 18, 6, 1, 17, 16, 12, 19, 8, 3, 5, 9, 20, 14, 21]",480.80826100117974,19.313719034194946
