Id,Coordinates,Order,Distance,Time
2110,"[[0, 0], [70, 10], [32, 10], [62, 9], [54, 10], [14, 4], [38, 4], [40, 1], [3, 9], [9, 6], [45, 5], [30, 3], [66, 9], [39, 6], [26, 9], [52, 12], [34, 11], [24, 6], [46, 1], [41, 9], [11, 4], [0, 0]]","[0, 8, 9, 20, 5, 17, 14, 2, 16, 6, 7, 18, 10, 4, 3, 12, 1, 15, 19, 13, 11, 21]",164.17232865907968,15.298628091812134
