Id,Coordinates,Order,Distance,Time
4577,"[[0, 0], [153, 46], [108, 16], [95, 49], [73, 46], [133, 16], [121, 30], [70, 23], [141, 12], [60, 27], [16, 48], [16, 1], [154, 5], [174, 6], [46, 35], [115, 23], [84, 16], [21, 53], [42, 29], [153, 26], [24, 2], [0, 0]]","[0, 11, 20, 18, 14, 9, 7, 16, 2, 15, 6, 5, 8, 12, 13, 19, 1, 3, 4, 17, 10, 21]",450.0117565049121,17.011649131774902
