Id,Coordinates,Order,Distance,Time
1672,"[[0, 0], [128, 53], [143, 18], [158, 86], [11, 131], [15, 32], [102, 146], [121, 121], [65, 28], [122, 113], [101, 130], [152, 164], [131, 23], [108, 99], [89, 178], [155, 3], [105, 91], [49, 76], [42, 178], [36, 178], [124, 101], [0, 0]]","[0, 5, 17, 16, 13, 20, 9, 7, 10, 6, 4, 18, 19, 14, 11, 3, 2, 15, 12, 1, 8, 21]",869.8663882942475,17.759998321533203
