Id,Coordinates,Order,Distance,Time
560,"[[0, 0], [5, 34], [101, 89], [16, 108], [76, 37], [32, 35], [19, 105], [65, 32], [75, 28], [64, 95], [91, 75], [92, 69], [118, 7], [12, 151], [105, 17], [9, 147], [114, 17], [44, 153], [94, 35], [116, 160], [109, 123], [0, 0]]","[0, 5, 7, 4, 8, 14, 12, 16, 18, 11, 10, 2, 20, 19, 17, 13, 15, 3, 6, 9, 1, 21]",635.2568333456124,16.942781686782837
