Id,Coordinates,Order,Distance,Time
1631,"[[0, 0], [72, 24], [55, 1], [70, 5], [62, 13], [156, 16], [165, 24], [134, 7], [25, 6], [26, 16], [157, 7], [76, 18], [120, 5], [4, 19], [9, 23], [155, 12], [62, 16], [139, 13], [132, 3], [56, 15], [25, 14], [0, 0]]","[0, 13, 14, 20, 9, 19, 16, 4, 1, 11, 12, 18, 7, 17, 15, 5, 10, 6, 3, 2, 8, 21]",393.4453082561099,13.719338655471802
