Id,Coordinates,Order,Distance,Time
7457,"[[0, 0], [44, 29], [37, 21], [15, 32], [32, 29], [17, 9], [23, 41], [23, 32], [23, 11], [13, 10], [42, 25], [43, 12], [14, 14], [35, 28], [34, 23], [20, 5], [19, 13], [20, 12], [9, 36], [31, 2], [7, 42], [0, 0]]","[0, 9, 5, 8, 17, 16, 12, 3, 18, 20, 6, 7, 4, 13, 14, 2, 10, 1, 11, 19, 15, 21]",189.0151346583936,16.17223811149597
