Id,Coordinates,Order,Distance,Time
6522,"[[0, 0], [48, 50], [17, 27], [32, 100], [8, 91], [81, 26], [12, 74], [66, 29], [95, 17], [65, 52], [5, 94], [55, 111], [63, 111], [2, 102], [104, 15], [34, 11], [19, 27], [72, 40], [98, 80], [63, 24], [14, 77], [0, 0]]","[0, 2, 16, 15, 19, 7, 1, 9, 17, 5, 8, 14, 18, 12, 11, 3, 13, 10, 4, 20, 6, 21]",475.806878158985,14.247514724731445
