Id,Coordinates,Order,Distance,Time
2290,"[[0, 0], [1, 57], [16, 115], [5, 39], [16, 99], [20, 66], [8, 72], [2, 93], [13, 48], [15, 83], [17, 97], [2, 29], [7, 55], [17, 19], [21, 124], [9, 7], [20, 82], [8, 121], [22, 97], [5, 27], [21, 122], [0, 0]]","[0, 19, 11, 3, 12, 1, 6, 9, 16, 18, 10, 4, 2, 20, 14, 17, 7, 5, 8, 13, 15, 21]",295.45449518814837,15.167258024215698
