Id,Coordinates,Order,Distance,Time
5492,"[[0, 0], [19, 32], [24, 10], [1, 18], [10, 21], [14, 17], [10, 8], [14, 24], [12, 46], [2, 2], [27, 20], [17, 12], [14, 52], [22, 9], [7, 33], [10, 40], [25, 56], [20, 41], [12, 31], [9, 5], [9, 26], [0, 0]]","[0, 9, 3, 4, 7, 20, 18, 14, 15, 8, 12, 16, 17, 1, 10, 2, 13, 11, 5, 6, 19, 21]",167.85136723339173,18.31489634513855
