Id,Coordinates,Order,Distance,Time
6732,"[[0, 0], [21, 14], [17, 3], [9, 3], [15, 16], [7, 1], [29, 9], [8, 18], [12, 17], [3, 7], [11, 8], [20, 18], [13, 11], [16, 18], [19, 6], [33, 9], [9, 21], [16, 19], [14, 20], [26, 5], [8, 21], [0, 0]]","[0, 5, 3, 10, 12, 4, 13, 8, 7, 20, 16, 18, 17, 11, 1, 6, 15, 19, 14, 2, 9, 21]",107.68780464951723,21.822006225585938
