Id,Coordinates,Order,Distance,Time
2075,"[[0, 0], [40, 149], [16, 148], [14, 145], [14, 96], [19, 131], [45, 2], [25, 9], [57, 147], [43, 150], [11, 42], [49, 85], [6, 115], [18, 95], [19, 50], [64, 96], [76, 100], [56, 16], [12, 130], [33, 100], [22, 161], [0, 0]]","[0, 7, 6, 17, 11, 15, 16, 8, 9, 1, 20, 2, 3, 5, 18, 12, 4, 13, 19, 14, 10, 21]",458.1970381491742,17.93036127090454
