Id,Coordinates,Order,Distance,Time
1866,"[[0, 0], [35, 61], [127, 162], [127, 68], [155, 131], [50, 86], [88, 92], [33, 52], [64, 15], [131, 115], [165, 58], [129, 150], [119, 43], [144, 10], [178, 2], [123, 13], [94, 141], [75, 54], [1, 77], [185, 38], [47, 115], [0, 0]]","[0, 7, 1, 17, 8, 15, 13, 14, 19, 10, 12, 3, 9, 4, 11, 2, 16, 6, 20, 5, 18, 21]",817.5582399563873,17.254354238510132
