Id,Coordinates,Order,Distance,Time
6820,"[[0, 0], [8, 18], [10, 12], [10, 16], [11, 17], [12, 7], [6, 17], [3, 5], [12, 8], [5, 16], [1, 14], [12, 3], [3, 8], [8, 9], [7, 8], [9, 1], [11, 7], [2, 10], [10, 10], [13, 17], [9, 8], [0, 0]]","[0, 7, 12, 17, 10, 9, 6, 1, 3, 4, 19, 2, 18, 13, 14, 20, 16, 8, 5, 11, 15, 21]",63.34763506814697,15.50794529914856
