Id,Coordinates,Order,Distance,Time
4906,"[[0, 0], [77, 116], [37, 108], [36, 83], [71, 105], [109, 156], [130, 50], [107, 31], [60, 106], [85, 71], [115, 84], [34, 111], [85, 20], [58, 17], [58, 166], [9, 77], [119, 107], [103, 71], [122, 1], [43, 174], [123, 32], [0, 0]]","[0, 13, 12, 7, 18, 20, 6, 10, 1, 4, 8, 2, 11, 3, 9, 17, 16, 5, 14, 19, 15, 21]",768.0251272075252,16.735986709594727
