Id,Coordinates,Order,Distance,Time
3631,"[[0, 0], [26, 26], [16, 45], [22, 33], [48, 169], [5, 11], [24, 52], [25, 114], [21, 51], [25, 91], [18, 112], [30, 164], [45, 134], [8, 4], [47, 85], [18, 168], [44, 143], [31, 160], [9, 92], [19, 33], [23, 93], [0, 0]]","[0, 13, 1, 3, 2, 8, 9, 20, 18, 10, 7, 12, 16, 4, 11, 15, 17, 14, 6, 19, 5, 21]",436.893274970027,14.996173620223999
