Id,Coordinates,Order,Distance,Time
1624,"[[0, 0], [78, 17], [2, 129], [66, 84], [77, 84], [7, 108], [50, 124], [53, 31], [9, 25], [19, 134], [26, 142], [30, 68], [22, 106], [11, 48], [16, 141], [40, 146], [6, 37], [65, 11], [54, 137], [57, 74], [52, 157], [0, 0]]","[0, 8, 16, 13, 11, 19, 6, 18, 20, 15, 10, 14, 9, 2, 5, 12, 3, 4, 1, 17, 7, 21]",518.6441546725522,12.264178037643433
