Id,Coordinates,Order,Distance,Time
1552,"[[0, 0], [25, 8], [22, 19], [8, 5], [21, 12], [79, 29], [48, 14], [28, 1], [50, 17], [19, 70], [32, 23], [7, 77], [38, 62], [83, 18], [72, 81], [65, 28], [82, 26], [62, 50], [44, 20], [40, 74], [16, 66], [0, 0]]","[0, 3, 7, 1, 4, 2, 10, 18, 8, 6, 15, 5, 16, 13, 17, 14, 19, 12, 9, 11, 20, 21]",363.39330592453354,17.770162343978882
