Id,Coordinates,Order,Distance,Time
1921,"[[0, 0], [95, 115], [54, 43], [78, 146], [24, 85], [48, 84], [72, 16], [129, 120], [108, 20], [153, 60], [125, 16], [76, 95], [25, 42], [36, 33], [157, 131], [172, 5], [136, 137], [49, 74], [86, 55], [1, 42], [169, 46], [0, 0]]","[0, 19, 12, 13, 4, 17, 5, 11, 3, 1, 7, 16, 14, 9, 20, 15, 10, 8, 6, 18, 2, 21]",741.1026944552281,15.421666145324707
