Id,Coordinates,Order,Distance,Time
720,"[[0, 0], [158, 43], [101, 41], [52, 6], [95, 5], [99, 11], [151, 24], [31, 6], [42, 27], [153, 40], [80, 28], [147, 33], [99, 33], [3, 38], [23, 19], [120, 27], [95, 43], [14, 40], [91, 29], [150, 40], [24, 27], [0, 0]]","[0, 14, 20, 17, 13, 8, 10, 18, 12, 2, 16, 5, 15, 11, 19, 9, 1, 6, 4, 3, 7, 21]",455.2978137507553,17.99541664123535
