Id,Coordinates,Order,Distance,Time
4433,"[[0, 0], [27, 8], [16, 15], [38, 44], [76, 54], [18, 34], [1, 11], [49, 20], [9, 64], [24, 37], [59, 39], [48, 2], [10, 15], [59, 12], [20, 39], [17, 58], [62, 20], [60, 5], [76, 42], [30, 44], [13, 17], [0, 0]]","[0, 12, 20, 2, 1, 11, 17, 13, 16, 7, 10, 18, 4, 3, 19, 15, 8, 14, 9, 5, 6, 21]",305.37370824339826,16.88752579689026
