Id,Coordinates,Order,Distance,Time
3156,"[[0, 0], [116, 66], [13, 113], [34, 2], [41, 129], [132, 56], [42, 160], [61, 10], [13, 56], [71, 9], [72, 104], [103, 25], [92, 20], [31, 76], [61, 10], [86, 66], [59, 1], [18, 28], [98, 21], [116, 51], [112, 76], [0, 0]]","[0, 17, 8, 13, 2, 6, 4, 10, 15, 20, 1, 5, 19, 11, 18, 12, 9, 7, 14, 16, 3, 21]",513.2149649896012,19.976709842681885
