Id,Coordinates,Order,Distance,Time
3527,"[[0, 0], [45, 17], [20, 93], [25, 33], [6, 152], [48, 142], [37, 148], [4, 151], [5, 137], [34, 140], [22, 100], [51, 18], [51, 27], [26, 17], [37, 72], [25, 92], [4, 12], [29, 31], [9, 91], [6, 43], [42, 144], [0, 0]]","[0, 16, 17, 3, 19, 18, 2, 15, 10, 8, 7, 4, 9, 6, 20, 5, 14, 12, 11, 1, 13, 21]",433.76858784052763,14.912732362747192
