Id,Coordinates,Order,Distance,Time
5186,"[[0, 0], [17, 17], [47, 44], [90, 39], [36, 19], [93, 98], [42, 70], [16, 98], [46, 21], [39, 94], [97, 17], [21, 7], [94, 33], [18, 92], [147, 46], [43, 18], [15, 29], [54, 28], [102, 98], [17, 27], [96, 71], [0, 0]]","[0, 1, 19, 16, 4, 15, 8, 17, 2, 6, 13, 7, 9, 5, 18, 20, 14, 10, 12, 3, 11, 21]",514.332308507908,17.997345209121704
