Id,Coordinates,Order,Distance,Time
5403,"[[0, 0], [21, 53], [5, 135], [20, 148], [24, 99], [16, 36], [17, 143], [10, 47], [11, 127], [25, 73], [10, 27], [4, 12], [14, 152], [6, 96], [8, 104], [18, 132], [15, 139], [18, 114], [11, 35], [15, 129], [7, 97], [0, 0]]","[0, 11, 10, 18, 5, 1, 9, 4, 17, 19, 15, 16, 6, 3, 12, 2, 8, 14, 20, 13, 7, 21]",324.05692810892174,14.866053342819214
