Id,Coordinates,Order,Distance,Time
7663,"[[0, 0], [29, 71], [41, 62], [27, 98], [45, 88], [12, 2], [24, 10], [2, 52], [26, 89], [31, 57], [15, 8], [8, 99], [20, 46], [13, 25], [31, 38], [4, 85], [9, 28], [2, 71], [38, 8], [4, 88], [25, 10], [0, 0]]","[0, 5, 10, 6, 20, 18, 14, 12, 9, 2, 1, 4, 8, 3, 11, 19, 15, 17, 7, 16, 13, 21]",303.8682795927289,14.007160425186157
