Id,Coordinates,Order,Distance,Time
5313,"[[0, 0], [11, 31], [44, 36], [29, 32], [14, 26], [26, 49], [26, 52], [35, 18], [13, 42], [29, 24], [15, 39], [41, 26], [16, 23], [40, 32], [13, 49], [38, 29], [13, 15], [29, 59], [6, 39], [4, 44], [20, 53], [0, 0]]","[0, 16, 12, 4, 1, 10, 8, 14, 20, 17, 6, 5, 3, 9, 7, 11, 15, 13, 2, 19, 18, 21]",228.76361234064439,15.14671516418457
