Id,Coordinates,Order,Distance,Time
5098,"[[0, 0], [122, 102], [62, 72], [16, 43], [89, 72], [10, 56], [2, 77], [114, 49], [105, 35], [24, 95], [127, 22], [22, 56], [82, 79], [134, 47], [41, 19], [71, 105], [36, 18], [72, 85], [53, 54], [42, 25], [48, 117], [0, 0]]","[0, 16, 14, 19, 18, 2, 17, 12, 4, 7, 8, 10, 13, 1, 15, 20, 9, 6, 5, 11, 3, 21]",530.6411891226777,15.201907396316528
