Id,Coordinates,Order,Distance,Time
9394,"[[0, 0], [86, 33], [111, 16], [102, 8], [102, 33], [106, 11], [129, 28], [4, 27], [4, 9], [177, 11], [116, 18], [83, 5], [119, 11], [36, 24], [159, 2], [155, 2], [82, 27], [31, 20], [183, 5], [28, 30], [162, 27], [0, 0]]","[0, 8, 7, 19, 13, 17, 16, 1, 4, 2, 10, 6, 20, 9, 18, 14, 15, 12, 5, 3, 11, 21]",432.26249244886395,18.253195762634277
