Id,Coordinates,Order,Distance,Time
1908,"[[0, 0], [12, 100], [56, 10], [47, 69], [20, 97], [19, 1], [30, 33], [20, 94], [44, 107], [44, 21], [23, 30], [25, 69], [11, 49], [39, 47], [58, 46], [2, 39], [4, 8], [4, 34], [21, 115], [25, 51], [58, 45], [0, 0]]","[0, 16, 5, 10, 17, 15, 12, 11, 3, 14, 20, 9, 2, 13, 7, 4, 1, 18, 8, 19, 6, 21]",476.21632369273266,15.501299142837524
