Id,Coordinates,Order,Distance,Time
7800,"[[0, 0], [156, 42], [160, 76], [69, 34], [97, 61], [77, 32], [129, 48], [51, 69], [156, 77], [159, 70], [83, 60], [187, 54], [147, 27], [31, 21], [165, 26], [114, 69], [166, 30], [66, 77], [101, 50], [33, 18], [70, 44], [0, 0]]","[0, 13, 19, 3, 5, 20, 10, 4, 18, 6, 1, 12, 14, 16, 11, 9, 8, 2, 15, 17, 7, 21]",517.1846195962897,18.100855588912964
