Id,Coordinates,Order,Distance,Time
8057,"[[0, 0], [10, 2], [176, 18], [27, 17], [54, 21], [81, 29], [173, 20], [52, 10], [149, 10], [123, 28], [100, 6], [171, 11], [120, 25], [61, 35], [152, 38], [68, 36], [125, 33], [160, 34], [178, 25], [17, 36], [32, 36], [0, 0]]","[0, 1, 3, 19, 20, 4, 13, 15, 5, 12, 9, 16, 14, 17, 18, 2, 6, 11, 8, 10, 7, 21]",430.22638238470734,14.572396755218506
