Id,Coordinates,Order,Distance,Time
4081,"[[0, 0], [21, 36], [29, 75], [58, 54], [48, 24], [30, 17], [41, 7], [78, 37], [13, 83], [37, 66], [42, 42], [39, 108], [21, 52], [62, 72], [6, 97], [49, 27], [49, 72], [47, 18], [42, 49], [64, 103], [5, 52], [0, 0]]","[0, 5, 6, 17, 4, 15, 10, 18, 7, 3, 9, 2, 8, 14, 11, 19, 13, 16, 12, 20, 1, 21]",446.7000775836493,17.077385425567627
