Id,Coordinates,Order,Distance,Time
7610,"[[0, 0], [37, 75], [101, 55], [42, 37], [54, 86], [144, 81], [9, 53], [124, 52], [76, 31], [90, 44], [149, 51], [98, 21], [83, 3], [151, 92], [1, 44], [148, 63], [167, 102], [67, 9], [92, 24], [123, 78], [56, 100], [0, 0]]","[0, 14, 6, 1, 4, 20, 9, 18, 11, 12, 17, 8, 7, 10, 15, 16, 13, 5, 19, 2, 3, 21]",617.1038139579001,19.490192651748657
