Id,Coordinates,Order,Distance,Time
4445,"[[0, 0], [6, 86], [7, 138], [12, 38], [1, 156], [14, 47], [15, 9], [12, 87], [11, 89], [2, 104], [6, 143], [5, 22], [10, 26], [12, 18], [8, 98], [12, 92], [8, 49], [3, 64], [2, 159], [8, 66], [15, 33], [0, 0]]","[0, 6, 13, 12, 20, 3, 5, 19, 8, 7, 15, 14, 2, 10, 4, 18, 9, 1, 17, 16, 11, 21]",338.8290257033443,15.168559789657593
