Id,Coordinates,Order,Distance,Time
3853,"[[0, 0], [85, 10], [77, 30], [170, 32], [189, 34], [64, 24], [10, 5], [121, 39], [176, 21], [155, 29], [104, 38], [190, 18], [115, 20], [98, 34], [143, 17], [182, 45], [169, 4], [39, 1], [44, 15], [45, 18], [136, 46], [0, 0]]","[0, 6, 18, 19, 5, 2, 13, 10, 7, 20, 9, 3, 15, 4, 11, 8, 16, 14, 12, 1, 17, 21]",440.18946517522915,15.162026643753052
