Id,Coordinates,Order,Distance,Time
7543,"[[0, 0], [88, 11], [14, 41], [86, 34], [52, 43], [50, 26], [33, 55], [34, 109], [133, 32], [115, 48], [16, 53], [87, 78], [34, 102], [125, 97], [49, 24], [41, 5], [80, 25], [109, 55], [79, 9], [119, 55], [86, 31], [0, 0]]","[0, 15, 14, 5, 4, 6, 10, 2, 12, 7, 11, 13, 9, 19, 8, 17, 3, 16, 20, 1, 18, 21]",584.6248777950074,16.38126301765442
