Id,Coordinates,Order,Distance,Time
8556,"[[0, 0], [34, 38], [85, 30], [2, 2], [65, 43], [57, 6], [127, 6], [92, 3], [98, 42], [12, 27], [105, 31], [17, 16], [128, 21], [54, 13], [139, 31], [107, 41], [95, 45], [115, 26], [140, 32], [78, 44], [1, 3], [0, 0]]","[0, 20, 9, 1, 4, 19, 2, 16, 8, 15, 10, 17, 18, 14, 12, 6, 7, 5, 13, 11, 3, 21]",361.31954006319944,17.553160190582275
