Id,Coordinates,Order,Distance,Time
1233,"[[0, 0], [137, 108], [90, 43], [115, 3], [124, 25], [48, 55], [38, 70], [36, 110], [68, 42], [92, 78], [19, 95], [130, 1], [104, 111], [25, 42], [7, 102], [63, 58], [147, 24], [189, 102], [18, 5], [91, 26], [165, 70], [0, 0]]","[0, 18, 13, 5, 15, 8, 2, 19, 4, 3, 11, 16, 20, 17, 1, 12, 9, 7, 14, 10, 6, 21]",682.9032491523901,12.701882362365723
