Id,Coordinates,Order,Distance,Time
9273,"[[0, 0], [5, 53], [180, 64], [49, 103], [26, 61], [55, 30], [132, 62], [100, 50], [4, 43], [54, 37], [162, 91], [172, 42], [69, 102], [131, 77], [140, 83], [87, 89], [24, 54], [2, 18], [61, 103], [28, 30], [182, 37], [0, 0]]","[0, 17, 8, 1, 9, 5, 7, 13, 14, 10, 2, 20, 11, 6, 15, 12, 18, 3, 4, 16, 19, 21]",566.1407046458748,15.050359010696411
