Id,Coordinates,Order,Distance,Time
8747,"[[0, 0], [6, 2], [36, 19], [48, 2], [29, 16], [44, 11], [48, 8], [1, 8], [47, 2], [13, 11], [13, 2], [48, 17], [21, 16], [40, 13], [21, 18], [26, 14], [43, 14], [12, 2], [16, 13], [32, 11], [11, 10], [0, 0]]","[0, 1, 17, 10, 9, 18, 12, 15, 19, 13, 16, 5, 8, 3, 6, 11, 2, 4, 14, 20, 7, 21]",142.00608145040263,18.919147491455078
