Id,Coordinates,Order,Distance,Time
4943,"[[0, 0], [29, 40], [101, 185], [51, 163], [56, 138], [73, 113], [145, 106], [89, 76], [13, 35], [140, 24], [65, 178], [140, 84], [124, 146], [122, 48], [29, 67], [137, 88], [76, 128], [55, 1], [69, 28], [68, 121], [62, 96], [0, 0]]","[0, 8, 1, 14, 20, 5, 19, 16, 4, 3, 10, 2, 12, 6, 15, 11, 9, 13, 7, 18, 17, 21]",655.2451585946856,18.97126007080078
