Id,Coordinates,Order,Distance,Time
2840,"[[0, 0], [11, 32], [57, 70], [43, 91], [29, 7], [68, 60], [17, 74], [2, 87], [51, 56], [56, 79], [21, 103], [42, 34], [82, 114], [70, 57], [68, 29], [75, 5], [74, 19], [42, 31], [51, 21], [39, 7], [32, 60], [0, 0]]","[0, 4, 19, 18, 17, 11, 8, 9, 12, 3, 10, 7, 6, 20, 14, 16, 15, 13, 5, 2, 1, 21]",537.5975315042541,13.91391134262085
