Id,Coordinates,Order,Distance,Time
2188,"[[0, 0], [86, 22], [14, 47], [8, 42], [82, 47], [20, 35], [9, 58], [106, 22], [23, 39], [136, 9], [8, 38], [153, 67], [113, 10], [67, 22], [150, 45], [29, 13], [69, 44], [76, 54], [63, 20], [17, 28], [55, 2], [0, 0]]","[0, 19, 5, 8, 10, 3, 2, 6, 16, 17, 4, 18, 13, 1, 7, 12, 9, 14, 11, 20, 15, 21]",518.1767613644577,15.686653852462769
