Id,Coordinates,Order,Distance,Time
5970,"[[0, 0], [9, 18], [14, 49], [30, 58], [7, 3], [2, 12], [17, 26], [1, 58], [28, 116], [8, 53], [20, 132], [32, 131], [21, 125], [16, 17], [19, 142], [25, 79], [14, 78], [30, 102], [22, 79], [20, 51], [24, 70], [0, 0]]","[0, 4, 5, 1, 13, 6, 2, 9, 7, 16, 18, 15, 17, 8, 12, 10, 14, 11, 20, 3, 19, 21]",341.3397592202,13.698458194732666
