Id,Coordinates,Order,Distance,Time
2642,"[[0, 0], [57, 29], [52, 56], [37, 25], [54, 30], [77, 28], [54, 73], [18, 38], [21, 54], [67, 37], [60, 2], [31, 25], [31, 17], [78, 25], [66, 1], [48, 15], [39, 57], [60, 57], [39, 36], [81, 35], [35, 26], [0, 0]]","[0, 12, 11, 20, 3, 4, 1, 9, 5, 13, 19, 17, 6, 16, 8, 7, 2, 18, 15, 14, 10, 21]",387.5113361250658,18.241012811660767
