Id,Coordinates,Order,Distance,Time
2558,"[[0, 0], [7, 32], [10, 24], [8, 42], [57, 39], [50, 43], [17, 34], [13, 8], [15, 35], [51, 11], [28, 41], [1, 1], [32, 41], [46, 41], [17, 5], [2, 3], [30, 32], [9, 27], [22, 3], [21, 41], [31, 45], [0, 0]]","[0, 15, 2, 17, 1, 3, 8, 6, 19, 10, 20, 12, 16, 13, 5, 4, 9, 18, 14, 7, 11, 21]",204.51818101592926,14.94394326210022
