Id,Coordinates,Order,Distance,Time
1565,"[[0, 0], [22, 28], [48, 66], [66, 37], [30, 77], [68, 30], [66, 106], [84, 45], [16, 23], [61, 105], [28, 12], [68, 100], [1, 78], [45, 65], [52, 67], [3, 50], [47, 112], [61, 1], [7, 21], [45, 78], [94, 107], [0, 0]]","[0, 18, 8, 1, 10, 17, 5, 3, 7, 14, 2, 13, 19, 16, 9, 6, 20, 11, 4, 12, 15, 21]",467.3187530464611,15.752671003341675
