Id,Coordinates,Order,Distance,Time
4830,"[[0, 0], [31, 122], [9, 109], [26, 11], [46, 66], [36, 111], [28, 34], [24, 38], [48, 110], [1, 85], [37, 130], [48, 68], [53, 14], [27, 71], [25, 101], [38, 17], [32, 102], [3, 142], [28, 45], [46, 140], [16, 51], [0, 0]]","[0, 3, 15, 12, 6, 7, 18, 4, 11, 13, 14, 16, 8, 5, 1, 10, 19, 17, 2, 9, 20, 21]",448.4825687936107,13.635891437530518
