Id,Coordinates,Order,Distance,Time
8165,"[[0, 0], [131, 65], [131, 63], [109, 36], [37, 37], [77, 26], [9, 28], [91, 29], [176, 50], [44, 52], [43, 67], [6, 47], [154, 24], [176, 47], [40, 46], [110, 8], [119, 26], [112, 20], [80, 44], [50, 10], [90, 3], [0, 0]]","[0, 6, 11, 4, 14, 9, 10, 18, 5, 7, 3, 16, 17, 15, 2, 1, 8, 13, 12, 20, 19, 21]",545.012959361153,14.120853900909424
