Id,Coordinates,Order,Distance,Time
3040,"[[0, 0], [26, 114], [47, 74], [36, 127], [63, 153], [63, 57], [66, 108], [56, 110], [54, 13], [2, 152], [2, 88], [74, 128], [26, 58], [19, 65], [72, 98], [6, 88], [63, 135], [38, 13], [20, 54], [67, 4], [42, 36], [0, 0]]","[0, 17, 19, 8, 12, 18, 13, 10, 15, 7, 6, 14, 11, 16, 4, 9, 3, 1, 2, 5, 20, 21]",599.9358427728592,18.722678184509277
