Id,Coordinates,Order,Distance,Time
4455,"[[0, 0], [5, 139], [6, 125], [86, 124], [22, 47], [77, 137], [84, 92], [42, 112], [96, 59], [71, 33], [82, 133], [73, 9], [25, 135], [26, 21], [38, 29], [75, 39], [82, 37], [46, 80], [47, 10], [15, 99], [64, 137], [0, 0]]","[0, 13, 14, 18, 11, 9, 15, 16, 8, 6, 3, 10, 5, 20, 7, 12, 1, 2, 19, 17, 4, 21]",507.87209003603766,18.039543390274048
