Id,Coordinates,Order,Distance,Time
5273,"[[0, 0], [1, 96], [2, 75], [24, 61], [5, 28], [3, 35], [18, 22], [9, 115], [28, 72], [21, 45], [9, 5], [19, 99], [27, 7], [9, 109], [26, 71], [3, 103], [25, 51], [24, 59], [17, 81], [10, 113], [6, 56], [0, 0]]","[0, 10, 12, 6, 4, 9, 16, 17, 3, 14, 8, 18, 1, 15, 13, 19, 7, 11, 2, 20, 5, 21]",294.5755990173565,14.904059410095215
