Id,Coordinates,Order,Distance,Time
1716,"[[0, 0], [70, 39], [17, 55], [6, 34], [89, 31], [169, 43], [70, 21], [94, 10], [159, 59], [166, 40], [101, 16], [121, 12], [133, 31], [78, 57], [100, 55], [130, 58], [89, 22], [48, 57], [165, 23], [2, 14], [145, 8], [0, 0]]","[0, 19, 3, 2, 17, 1, 4, 16, 7, 10, 11, 12, 20, 18, 9, 5, 8, 15, 14, 13, 6, 21]",493.7380399011609,21.45500373840332
