Id,Coordinates,Order,Distance,Time
7401,"[[0, 0], [34, 100], [47, 45], [29, 67], [49, 107], [46, 83], [40, 54], [40, 23], [40, 23], [22, 108], [30, 83], [2, 26], [22, 101], [55, 38], [25, 31], [23, 25], [20, 88], [56, 35], [27, 45], [13, 102], [44, 94], [0, 0]]","[0, 15, 14, 18, 2, 13, 17, 7, 8, 6, 3, 10, 16, 19, 9, 12, 1, 4, 20, 5, 11, 21]",367.72678721520555,14.42504072189331
