Id,Coordinates,Order,Distance,Time
9411,"[[0, 0], [32, 17], [22, 17], [4, 48], [77, 25], [80, 21], [92, 27], [6, 12], [28, 59], [81, 38], [6, 59], [60, 58], [39, 32], [66, 13], [80, 9], [38, 25], [38, 20], [74, 49], [43, 54], [7, 55], [23, 7], [0, 0]]","[0, 7, 2, 1, 16, 15, 3, 19, 10, 8, 13, 14, 5, 4, 6, 9, 17, 11, 18, 12, 20, 21]",370.820272601283,17.39310932159424
