Id,Coordinates,Order,Distance,Time
4314,"[[0, 0], [14, 70], [30, 52], [56, 5], [15, 98], [18, 12], [54, 71], [52, 69], [8, 24], [10, 51], [31, 82], [51, 45], [41, 123], [47, 1], [28, 70], [49, 29], [2, 133], [5, 24], [37, 126], [23, 28], [28, 86], [0, 0]]","[0, 5, 8, 19, 2, 14, 10, 20, 11, 15, 3, 13, 7, 6, 12, 18, 16, 4, 1, 9, 17, 21]",512.2926023105342,14.894176244735718
