Id,Coordinates,Order,Distance,Time
1121,"[[0, 0], [10, 44], [17, 2], [14, 8], [16, 80], [9, 46], [13, 89], [4, 64], [12, 79], [5, 41], [10, 56], [17, 95], [14, 80], [4, 33], [13, 54], [7, 42], [5, 9], [5, 78], [12, 2], [8, 1], [10, 91], [0, 0]]","[0, 19, 18, 2, 3, 13, 9, 15, 1, 5, 10, 7, 17, 8, 12, 6, 20, 11, 4, 14, 16, 21]",227.28222144492497,16.187116384506226
