Id,Coordinates,Order,Distance,Time
8291,"[[0, 0], [48, 1], [15, 102], [48, 53], [7, 139], [113, 16], [4, 5], [165, 8], [109, 133], [19, 128], [190, 49], [187, 137], [162, 123], [68, 54], [187, 69], [9, 120], [52, 97], [89, 31], [119, 13], [158, 12], [101, 89], [0, 0]]","[0, 1, 17, 5, 18, 19, 7, 10, 14, 11, 12, 8, 20, 13, 3, 16, 9, 4, 15, 2, 6, 21]",759.4230736893154,14.706732988357544
