Id,Coordinates,Order,Distance,Time
1041,"[[0, 0], [58, 9], [23, 5], [25, 24], [29, 87], [85, 31], [34, 48], [35, 23], [11, 98], [83, 72], [66, 86], [13, 54], [77, 73], [93, 63], [2, 35], [12, 21], [33, 76], [71, 88], [4, 64], [24, 13], [47, 16], [0, 0]]","[0, 2, 19, 3, 7, 20, 1, 5, 13, 9, 12, 17, 10, 16, 4, 8, 18, 11, 6, 14, 15, 21]",400.7355099309675,19.235244274139404
