Id,Coordinates,Order,Distance,Time
3485,"[[0, 0], [136, 14], [147, 64], [134, 68], [31, 16], [54, 80], [97, 70], [157, 47], [37, 114], [94, 114], [9, 112], [132, 93], [41, 33], [182, 71], [95, 132], [158, 4], [39, 90], [147, 108], [63, 114], [43, 71], [141, 47], [0, 0]]","[0, 4, 12, 19, 5, 18, 9, 14, 17, 11, 3, 2, 13, 7, 20, 15, 1, 6, 16, 8, 10, 21]",758.100875295136,21.47557544708252
