Id,Coordinates,Order,Distance,Time
5045,"[[0, 0], [62, 97], [42, 30], [110, 77], [28, 29], [86, 109], [138, 9], [27, 96], [12, 53], [117, 90], [98, 95], [70, 11], [56, 45], [74, 2], [132, 55], [23, 26], [128, 70], [68, 112], [133, 106], [126, 69], [8, 94], [0, 0]]","[0, 15, 4, 2, 11, 13, 6, 14, 19, 16, 18, 9, 10, 5, 17, 20, 7, 1, 3, 12, 8, 21]",671.4060061698473,20.00503373146057
