Id,Coordinates,Order,Distance,Time
6041,"[[0, 0], [26, 64], [40, 92], [49, 65], [84, 145], [66, 92], [65, 89], [73, 81], [6, 123], [63, 104], [39, 97], [15, 149], [78, 48], [40, 53], [63, 28], [65, 78], [54, 38], [82, 141], [62, 72], [41, 66], [29, 48], [0, 0]]","[0, 20, 13, 3, 18, 15, 6, 5, 10, 2, 19, 16, 14, 12, 7, 9, 17, 4, 11, 8, 1, 21]",578.2290059552497,15.507262229919434
