Id,Coordinates,Order,Distance,Time
8708,"[[0, 0], [43, 75], [25, 43], [61, 71], [61, 89], [50, 39], [69, 2], [67, 72], [4, 57], [34, 100], [32, 23], [50, 97], [39, 11], [73, 75], [69, 23], [2, 50], [24, 119], [28, 128], [17, 22], [31, 65], [1, 21], [0, 0]]","[0, 18, 10, 12, 6, 14, 5, 2, 19, 1, 3, 7, 13, 4, 11, 9, 17, 16, 8, 15, 20, 21]",437.1320752091243,26.87179207801819
