Id,Coordinates,Order,Distance,Time
8500,"[[0, 0], [107, 99], [69, 165], [97, 142], [46, 154], [66, 157], [62, 148], [35, 82], [135, 178], [69, 137], [80, 33], [11, 119], [34, 152], [117, 173], [46, 49], [14, 13], [24, 138], [75, 2], [135, 43], [115, 69], [81, 129], [0, 0]]","[0, 15, 14, 7, 11, 16, 12, 4, 2, 5, 6, 9, 20, 3, 13, 8, 1, 19, 18, 10, 17, 21]",655.0828963929335,15.553065776824951
