Id,Coordinates,Order,Distance,Time
5946,"[[0, 0], [2, 176], [5, 149], [2, 27], [5, 141], [3, 46], [2, 155], [2, 88], [4, 99], [3, 31], [5, 126], [4, 56], [5, 100], [11, 167], [6, 140], [6, 40], [7, 99], [9, 124], [1, 83], [5, 160], [3, 64], [0, 0]]","[0, 3, 9, 5, 11, 20, 18, 7, 8, 12, 10, 14, 4, 2, 6, 19, 1, 13, 17, 16, 15, 21]",358.6858684772718,19.6561918258667
