Id,Coordinates,Order,Distance,Time
2757,"[[0, 0], [68, 34], [108, 18], [62, 42], [13, 19], [92, 4], [156, 71], [46, 62], [153, 18], [47, 25], [27, 25], [4, 40], [88, 29], [97, 12], [122, 68], [142, 27], [5, 79], [145, 12], [1, 1], [17, 1], [83, 70], [0, 0]]","[0, 18, 19, 10, 9, 3, 1, 12, 5, 13, 2, 17, 8, 15, 6, 14, 20, 7, 16, 11, 4, 21]",511.1576981679302,15.189212322235107
