Id,Coordinates,Order,Distance,Time
2951,"[[0, 0], [41, 32], [15, 45], [12, 21], [57, 106], [48, 105], [21, 40], [51, 119], [36, 140], [30, 138], [70, 146], [36, 136], [70, 66], [41, 116], [9, 39], [75, 69], [20, 148], [66, 138], [37, 13], [35, 12], [15, 111], [0, 0]]","[0, 3, 14, 6, 19, 18, 1, 12, 15, 4, 5, 13, 11, 8, 9, 16, 10, 17, 7, 20, 2, 21]",498.77904652576575,18.82434368133545
