Id,Coordinates,Order,Distance,Time
7520,"[[0, 0], [28, 52], [39, 17], [17, 47], [37, 57], [8, 47], [19, 46], [51, 46], [36, 46], [11, 69], [20, 60], [9, 66], [21, 56], [2, 26], [13, 28], [27, 15], [52, 39], [60, 59], [22, 26], [53, 49], [44, 48], [0, 0]]","[0, 13, 14, 15, 2, 16, 7, 19, 17, 4, 1, 12, 10, 9, 11, 5, 3, 6, 8, 20, 18, 21]",298.54599466106515,15.153149843215942
