Id,Coordinates,Order,Distance,Time
8142,"[[0, 0], [68, 64], [123, 71], [64, 45], [150, 144], [81, 24], [49, 129], [156, 87], [138, 173], [96, 120], [117, 35], [92, 125], [76, 22], [27, 40], [57, 36], [63, 62], [115, 39], [41, 35], [147, 137], [161, 48], [68, 133], [0, 0]]","[0, 17, 14, 3, 15, 1, 12, 5, 16, 10, 2, 19, 7, 18, 4, 8, 9, 11, 20, 6, 13, 21]",661.2476456107169,18.459944009780884
