Id,Coordinates,Order,Distance,Time
6195,"[[0, 0], [21, 73], [66, 97], [28, 108], [3, 131], [21, 20], [40, 9], [62, 122], [25, 58], [19, 31], [25, 103], [49, 111], [50, 141], [51, 100], [39, 116], [72, 138], [10, 91], [19, 146], [35, 30], [23, 127], [64, 99], [0, 0]]","[0, 6, 18, 8, 1, 10, 3, 14, 11, 13, 20, 2, 7, 15, 12, 17, 19, 4, 16, 9, 5, 21]",473.830983702022,19.44892454147339
