Id,Coordinates,Order,Distance,Time
5437,"[[0, 0], [44, 161], [74, 138], [22, 178], [27, 57], [92, 92], [78, 112], [24, 146], [5, 53], [41, 185], [21, 128], [61, 160], [43, 171], [43, 87], [18, 3], [22, 16], [51, 45], [57, 171], [22, 83], [81, 72], [89, 174], [0, 0]]","[0, 14, 15, 8, 4, 18, 13, 5, 2, 20, 11, 17, 1, 12, 9, 3, 7, 10, 6, 19, 16, 21]",641.286769348699,15.777959108352661
