Id,Coordinates,Order,Distance,Time
7029,"[[0, 0], [146, 4], [61, 45], [152, 23], [129, 44], [81, 35], [41, 40], [115, 45], [80, 41], [136, 8], [57, 5], [124, 42], [2, 30], [59, 24], [60, 8], [14, 18], [111, 35], [1, 16], [9, 22], [11, 33], [5, 2], [0, 0]]","[0, 17, 18, 15, 12, 19, 6, 2, 8, 5, 16, 7, 11, 4, 3, 1, 9, 13, 14, 10, 20, 21]",408.6849630459571,15.654463768005371
