Id,Coordinates,Order,Distance,Time
8002,"[[0, 0], [15, 6], [44, 11], [4, 5], [54, 5], [70, 7], [23, 16], [23, 10], [18, 4], [43, 1], [5, 11], [51, 15], [46, 13], [70, 21], [27, 3], [41, 17], [27, 2], [75, 2], [29, 21], [60, 15], [13, 9], [0, 0]]","[0, 3, 10, 20, 1, 8, 7, 6, 18, 15, 12, 2, 14, 16, 9, 4, 5, 17, 13, 19, 11, 21]",234.6330808477669,16.469667434692383
