Id,Coordinates,Order,Distance,Time
8198,"[[0, 0], [84, 146], [59, 37], [39, 140], [77, 27], [47, 117], [71, 181], [8, 4], [16, 80], [24, 106], [58, 153], [67, 158], [69, 152], [11, 159], [57, 54], [46, 38], [92, 19], [94, 155], [62, 166], [75, 50], [47, 110], [0, 0]]","[0, 7, 15, 2, 4, 16, 19, 14, 20, 5, 3, 10, 11, 18, 6, 17, 1, 12, 13, 9, 8, 21]",597.9416207666604,16.08811116218567
