Id,Coordinates,Order,Distance,Time
9728,"[[0, 0], [20, 13], [137, 51], [37, 33], [163, 59], [13, 34], [27, 84], [16, 80], [153, 102], [171, 75], [20, 88], [80, 87], [142, 28], [71, 72], [129, 92], [116, 107], [124, 43], [43, 28], [62, 28], [107, 54], [21, 56], [0, 0]]","[0, 5, 20, 7, 10, 6, 13, 11, 15, 14, 8, 9, 4, 2, 12, 16, 19, 18, 17, 3, 1, 21]",524.1053893289103,16.575329303741455
