Id,Coordinates,Order,Distance,Time
3467,"[[0, 0], [95, 77], [71, 2], [67, 26], [135, 50], [1, 71], [58, 15], [143, 22], [111, 2], [132, 40], [125, 45], [61, 17], [111, 21], [52, 5], [83, 9], [45, 20], [133, 66], [70, 59], [120, 55], [92, 11], [102, 19], [0, 0]]","[0, 13, 6, 11, 2, 14, 19, 20, 12, 8, 7, 9, 10, 4, 16, 18, 1, 17, 3, 15, 5, 21]",518.8517241690715,24.213969945907593
