Id,Coordinates,Order,Distance,Time
946,"[[0, 0], [29, 8], [29, 16], [20, 15], [1, 2], [28, 30], [12, 20], [22, 23], [13, 24], [21, 4], [5, 12], [21, 10], [25, 6], [23, 7], [3, 27], [32, 1], [31, 28], [38, 4], [5, 13], [39, 31], [1, 31], [0, 0]]","[0, 4, 10, 18, 6, 3, 11, 13, 9, 12, 1, 15, 17, 2, 16, 19, 5, 7, 8, 14, 20, 21]",178.87663139430356,16.20354723930359
