Id,Coordinates,Order,Distance,Time
8427,"[[0, 0], [66, 35], [76, 15], [10, 26], [58, 30], [43, 28], [52, 32], [3, 17], [31, 70], [55, 62], [43, 32], [65, 79], [67, 29], [23, 7], [14, 19], [31, 46], [36, 44], [48, 43], [74, 40], [20, 65], [32, 65], [0, 0]]","[0, 7, 14, 13, 5, 10, 6, 4, 12, 2, 18, 1, 17, 16, 15, 20, 9, 11, 8, 19, 3, 21]",365.4212874739813,13.3802649974823
