Id,Coordinates,Order,Distance,Time
817,"[[0, 0], [6, 54], [28, 54], [38, 55], [34, 4], [55, 8], [30, 23], [54, 55], [57, 49], [36, 19], [8, 61], [4, 42], [71, 60], [75, 50], [66, 14], [55, 56], [46, 46], [55, 3], [77, 5], [44, 34], [27, 14], [0, 0]]","[0, 20, 6, 9, 4, 17, 5, 18, 14, 19, 16, 7, 15, 12, 13, 8, 3, 2, 10, 1, 11, 21]",337.1285788162035,16.352262496948242
