Id,Coordinates,Order,Distance,Time
4904,"[[0, 0], [7, 42], [24, 34], [9, 37], [9, 42], [31, 43], [1, 21], [11, 80], [6, 14], [4, 117], [19, 104], [18, 68], [26, 119], [31, 91], [32, 55], [9, 22], [25, 96], [29, 103], [11, 43], [1, 116], [30, 62], [0, 0]]","[0, 8, 15, 3, 4, 1, 18, 2, 5, 14, 20, 13, 16, 17, 10, 12, 9, 19, 7, 11, 6, 21]",314.43838637079523,15.427905559539795
