Id,Coordinates,Order,Distance,Time
7141,"[[0, 0], [29, 19], [33, 15], [114, 18], [9, 13], [136, 14], [32, 33], [63, 18], [42, 30], [80, 33], [20, 21], [61, 20], [148, 15], [18, 14], [11, 24], [104, 6], [34, 31], [147, 4], [66, 4], [125, 24], [139, 30], [0, 0]]","[0, 4, 14, 10, 1, 16, 6, 8, 11, 7, 18, 15, 3, 19, 5, 17, 12, 20, 9, 2, 13, 21]",381.2993557765679,20.40904974937439
