Id,Coordinates,Order,Distance,Time
2312,"[[0, 0], [15, 12], [29, 6], [4, 19], [41, 35], [41, 3], [2, 7], [13, 15], [21, 27], [26, 12], [50, 8], [51, 36], [5, 11], [53, 26], [7, 1], [22, 13], [45, 28], [53, 18], [53, 24], [2, 22], [3, 27], [0, 0]]","[0, 6, 12, 3, 19, 20, 7, 15, 9, 2, 5, 10, 17, 18, 13, 11, 16, 4, 8, 1, 14, 21]",191.45253406663616,17.434215307235718
