Id,Coordinates,Order,Distance,Time
113,"[[0, 0], [61, 112], [99, 44], [106, 24], [75, 69], [44, 60], [40, 122], [30, 5], [40, 69], [24, 26], [12, 119], [68, 37], [105, 15], [42, 65], [61, 31], [29, 82], [52, 93], [93, 2], [33, 83], [2, 37], [25, 88], [0, 0]]","[0, 19, 9, 5, 13, 8, 18, 15, 20, 10, 6, 1, 16, 4, 11, 14, 2, 3, 12, 17, 7, 21]",499.80179078379376,16.91499924659729
