Id,Coordinates,Order,Distance,Time
8242,"[[0, 0], [122, 158], [14, 19], [29, 78], [39, 140], [144, 66], [92, 107], [22, 167], [139, 41], [138, 100], [18, 61], [134, 132], [149, 160], [128, 111], [39, 36], [156, 67], [103, 118], [104, 182], [30, 11], [84, 180], [156, 25], [0, 0]]","[0, 2, 10, 3, 4, 7, 19, 17, 1, 12, 11, 13, 9, 15, 20, 8, 5, 16, 6, 14, 18, 21]",746.0697465976367,13.19321346282959
