Id,Coordinates,Order,Distance,Time
5337,"[[0, 0], [31, 69], [111, 45], [61, 125], [5, 100], [32, 17], [110, 36], [15, 54], [13, 123], [33, 93], [13, 103], [84, 141], [27, 155], [32, 21], [114, 148], [72, 141], [45, 125], [98, 10], [81, 104], [113, 160], [3, 104], [0, 0]]","[0, 5, 1, 7, 9, 10, 4, 20, 8, 12, 16, 3, 15, 11, 14, 19, 18, 2, 6, 17, 13, 21]",642.7199160352758,16.947685718536377
