Id,Coordinates,Order,Distance,Time
6488,"[[0, 0], [48, 2], [90, 5], [108, 5], [21, 8], [53, 6], [41, 9], [104, 9], [71, 4], [81, 8], [26, 6], [38, 9], [7, 2], [56, 2], [77, 3], [7, 12], [48, 1], [17, 1], [84, 4], [42, 6], [34, 8], [0, 0]]","[0, 15, 4, 10, 20, 11, 6, 19, 1, 16, 13, 8, 14, 18, 2, 7, 3, 9, 5, 17, 12, 21]",231.14223857315267,14.546310901641846
