Id,Coordinates,Order,Distance,Time
3619,"[[0, 0], [11, 26], [11, 12], [35, 29], [7, 32], [36, 47], [5, 44], [37, 25], [13, 28], [37, 5], [22, 1], [14, 47], [22, 21], [19, 12], [22, 35], [14, 21], [33, 26], [28, 49], [24, 41], [6, 32], [37, 24], [0, 0]]","[0, 2, 13, 15, 1, 8, 4, 19, 6, 11, 18, 14, 16, 20, 7, 3, 5, 17, 12, 9, 10, 21]",228.50497348685656,15.93343710899353
