Id,Coordinates,Order,Distance,Time
5417,"[[0, 0], [30, 41], [78, 58], [53, 115], [27, 107], [16, 43], [46, 98], [48, 68], [47, 29], [23, 87], [85, 66], [65, 22], [76, 71], [76, 25], [17, 39], [22, 59], [104, 61], [10, 4], [100, 17], [62, 43], [59, 53], [0, 0]]","[0, 17, 1, 20, 19, 8, 11, 13, 18, 16, 10, 2, 12, 7, 6, 3, 4, 9, 15, 5, 14, 21]",473.7814176274011,16.335707426071167
