Id,Coordinates,Order,Distance,Time
7303,"[[0, 0], [179, 18], [172, 45], [165, 42], [151, 81], [87, 67], [28, 94], [192, 8], [164, 72], [133, 70], [43, 84], [107, 52], [74, 57], [137, 57], [180, 8], [30, 38], [58, 70], [116, 3], [128, 3], [94, 46], [82, 24], [0, 0]]","[0, 15, 6, 10, 16, 12, 5, 19, 11, 13, 9, 4, 8, 2, 3, 1, 7, 14, 18, 17, 20, 21]",577.993312045594,21.020766735076904
