Id,Coordinates,Order,Distance,Time
2677,"[[0, 0], [22, 25], [19, 6], [81, 30], [38, 4], [41, 24], [86, 16], [50, 31], [18, 22], [35, 18], [93, 27], [31, 13], [120, 5], [5, 29], [60, 21], [6, 10], [83, 28], [29, 1], [5, 3], [37, 9], [58, 27], [0, 0]]","[0, 18, 2, 17, 4, 19, 11, 9, 5, 7, 20, 3, 16, 10, 12, 6, 14, 1, 8, 13, 15, 21]",309.13629110280675,17.83541750907898
