Id,Coordinates,Order,Distance,Time
16,"[[0, 0], [19, 45], [40, 6], [28, 32], [22, 89], [41, 3], [29, 93], [31, 32], [12, 114], [14, 80], [16, 14], [42, 34], [10, 14], [10, 50], [7, 3], [4, 110], [22, 107], [13, 115], [14, 39], [7, 4], [42, 56], [0, 0]]","[0, 14, 19, 12, 10, 3, 7, 1, 18, 13, 9, 4, 15, 17, 8, 16, 6, 20, 11, 2, 5, 21]",328.9913059200941,17.967000484466553
