Id,Coordinates,Order,Distance,Time
5321,"[[0, 0], [9, 40], [16, 59], [6, 22], [3, 49], [12, 51], [10, 26], [25, 65], [10, 48], [9, 103], [26, 58], [23, 14], [22, 48], [39, 13], [6, 2], [13, 33], [38, 96], [19, 7], [37, 90], [30, 7], [37, 26], [0, 0]]","[0, 14, 17, 11, 19, 13, 20, 15, 6, 1, 8, 5, 2, 10, 12, 7, 18, 16, 9, 4, 3, 21]",334.47915547464913,14.974756240844727
