Id,Coordinates,Order,Distance,Time
4973,"[[0, 0], [63, 41], [12, 49], [28, 48], [67, 54], [64, 61], [34, 27], [4, 43], [12, 40], [3, 60], [14, 28], [56, 47], [67, 61], [13, 8], [8, 40], [12, 1], [5, 32], [5, 19], [49, 30], [66, 43], [19, 18], [0, 0]]","[0, 15, 13, 17, 10, 16, 14, 8, 7, 9, 2, 3, 1, 19, 4, 12, 5, 11, 18, 6, 20, 21]",276.46795614170907,16.18377661705017
