Id,Coordinates,Order,Distance,Time
2147,"[[0, 0], [106, 10], [30, 38], [41, 11], [91, 39], [37, 1], [62, 20], [119, 11], [14, 29], [4, 23], [29, 13], [119, 4], [62, 24], [112, 22], [92, 36], [101, 3], [97, 14], [75, 15], [96, 15], [32, 37], [101, 27], [0, 0]]","[0, 9, 8, 2, 19, 10, 3, 6, 17, 18, 16, 15, 1, 11, 7, 13, 20, 14, 4, 12, 5, 21]",336.413224771138,14.0322105884552
