Id,Coordinates,Order,Distance,Time
268,"[[0, 0], [86, 11], [103, 34], [60, 58], [7, 61], [63, 133], [74, 121], [52, 69], [60, 9], [83, 33], [93, 136], [78, 23], [7, 71], [50, 36], [83, 115], [30, 57], [66, 63], [97, 5], [13, 35], [4, 108], [27, 135], [0, 0]]","[0, 18, 15, 7, 3, 16, 13, 8, 11, 9, 1, 17, 2, 14, 6, 10, 5, 20, 19, 12, 4, 21]",597.7713883116681,18.731971740722656
