Id,Coordinates,Order,Distance,Time
6995,"[[0, 0], [103, 21], [36, 71], [94, 1], [48, 45], [10, 81], [96, 11], [60, 57], [9, 87], [40, 59], [49, 91], [109, 89], [66, 78], [80, 59], [31, 94], [1, 11], [35, 45], [3, 16], [1, 87], [43, 82], [116, 53], [0, 0]]","[0, 15, 17, 16, 9, 2, 19, 14, 8, 5, 18, 10, 12, 11, 20, 1, 6, 3, 13, 7, 4, 21]",526.2283770818942,15.169386863708496
