Id,Coordinates,Order,Distance,Time
703,"[[0, 0], [72, 47], [46, 110], [12, 85], [12, 100], [42, 100], [58, 10], [81, 157], [96, 31], [71, 80], [54, 118], [55, 135], [75, 146], [40, 64], [40, 88], [70, 95], [104, 163], [96, 135], [73, 146], [78, 38], [108, 6], [0, 0]]","[0, 6, 20, 8, 19, 1, 9, 15, 2, 5, 14, 3, 4, 10, 11, 18, 12, 7, 16, 17, 13, 21]",625.4605052602258,17.271355628967285
