Id,Coordinates,Order,Distance,Time
2152,"[[0, 0], [53, 81], [100, 72], [38, 36], [58, 77], [104, 27], [69, 43], [130, 21], [36, 79], [87, 22], [148, 33], [107, 55], [92, 38], [99, 25], [115, 60], [136, 11], [4, 46], [134, 7], [139, 41], [37, 6], [129, 82], [0, 0]]","[0, 19, 3, 6, 9, 13, 5, 11, 14, 2, 20, 18, 10, 15, 17, 7, 12, 4, 1, 8, 16, 21]",538.5390930304862,13.400397300720215
