Id,Coordinates,Order,Distance,Time
1359,"[[0, 0], [5, 189], [36, 39], [49, 109], [64, 155], [47, 133], [68, 175], [1, 131], [31, 74], [31, 131], [69, 153], [28, 82], [73, 90], [60, 165], [12, 23], [78, 111], [22, 175], [9, 191], [70, 141], [6, 120], [62, 152], [0, 0]]","[0, 14, 2, 8, 11, 3, 5, 9, 19, 7, 16, 17, 1, 13, 4, 20, 10, 6, 18, 15, 12, 21]",591.3928760770616,13.6409273147583
