Id,Coordinates,Order,Distance,Time
7079,"[[0, 0], [115, 31], [10, 35], [16, 94], [49, 99], [145, 116], [165, 24], [144, 76], [159, 70], [38, 74], [22, 120], [80, 69], [128, 96], [177, 7], [126, 29], [10, 129], [50, 34], [133, 135], [138, 140], [135, 61], [118, 64], [0, 0]]","[0, 2, 9, 3, 10, 15, 4, 11, 20, 19, 7, 8, 5, 17, 18, 12, 14, 6, 13, 1, 16, 21]",778.3313942798213,13.966500043869019
