Id,Coordinates,Order,Distance,Time
4201,"[[0, 0], [10, 119], [3, 1], [16, 110], [35, 68], [32, 31], [1, 82], [10, 20], [13, 10], [22, 133], [15, 6], [16, 139], [36, 35], [36, 98], [46, 20], [27, 45], [45, 133], [18, 88], [4, 114], [9, 103], [27, 47], [0, 0]]","[0, 2, 10, 14, 5, 12, 15, 20, 6, 17, 19, 3, 18, 1, 11, 9, 16, 13, 4, 7, 8, 21]",397.05481942067894,15.247462749481201
