Id,Coordinates,Order,Distance,Time
5943,"[[0, 0], [51, 61], [45, 54], [34, 53], [51, 51], [11, 21], [41, 73], [32, 111], [17, 54], [47, 34], [42, 64], [13, 41], [21, 108], [27, 68], [29, 12], [37, 6], [15, 87], [12, 84], [13, 87], [11, 116], [12, 108], [0, 0]]","[0, 5, 11, 8, 3, 2, 10, 13, 17, 18, 16, 20, 19, 12, 7, 6, 1, 4, 9, 15, 14, 21]",344.2772873664096,13.4839928150177
