Id,Coordinates,Order,Distance,Time
39,"[[0, 0], [63, 13], [16, 13], [9, 10], [55, 38], [20, 42], [48, 13], [66, 25], [57, 17], [46, 27], [29, 37], [47, 29], [25, 16], [66, 26], [13, 19], [47, 21], [39, 42], [53, 10], [55, 43], [20, 10], [54, 20], [0, 0]]","[0, 3, 14, 5, 10, 11, 9, 15, 20, 8, 6, 17, 1, 7, 13, 4, 18, 16, 12, 19, 2, 21]",235.7248943054222,25.410993576049805
