Id,Coordinates,Order,Distance,Time
9922,"[[0, 0], [6, 30], [23, 102], [11, 50], [2, 65], [3, 49], [20, 58], [17, 41], [4, 79], [23, 89], [8, 66], [9, 92], [6, 19], [11, 25], [28, 50], [6, 76], [4, 14], [30, 13], [15, 74], [20, 97], [16, 62], [0, 0]]","[0, 16, 12, 13, 1, 7, 3, 5, 4, 10, 15, 8, 11, 19, 2, 9, 18, 20, 6, 14, 17, 21]",264.7836587578263,16.523943662643433
