Id,Coordinates,Order,Distance,Time
3695,"[[0, 0], [15, 59], [11, 119], [121, 80], [31, 113], [27, 176], [60, 89], [131, 43], [87, 11], [124, 196], [92, 40], [137, 3], [47, 193], [55, 53], [142, 122], [73, 3], [34, 119], [32, 94], [73, 50], [140, 55], [118, 117], [0, 0]]","[0, 1, 17, 4, 16, 6, 13, 18, 10, 15, 8, 11, 7, 19, 3, 20, 14, 9, 12, 5, 2, 21]",855.2991274316907,14.359618902206421
