Id,Coordinates,Order,Distance,Time
1172,"[[0, 0], [16, 30], [38, 112], [43, 49], [8, 107], [49, 11], [2, 59], [55, 8], [35, 123], [32, 139], [53, 41], [35, 16], [41, 99], [38, 32], [48, 52], [46, 140], [1, 133], [36, 129], [50, 8], [49, 19], [19, 101], [0, 0]]","[0, 1, 13, 11, 19, 5, 18, 7, 10, 14, 3, 20, 4, 16, 9, 17, 15, 8, 2, 12, 6, 21]",466.6546417890627,15.621991395950317
