Id,Coordinates,Order,Distance,Time
8245,"[[0, 0], [1, 123], [80, 33], [85, 7], [32, 1], [5, 15], [36, 89], [52, 128], [89, 42], [87, 5], [33, 19], [68, 83], [88, 93], [91, 77], [55, 42], [65, 62], [89, 19], [48, 20], [81, 117], [14, 65], [1, 95], [0, 0]]","[0, 4, 10, 14, 15, 11, 12, 13, 8, 2, 16, 3, 9, 17, 19, 20, 1, 7, 18, 6, 5, 21]",633.1743218253487,15.460353136062622
