Id,Coordinates,Order,Distance,Time
4982,"[[0, 0], [56, 8], [97, 42], [32, 116], [37, 39], [58, 74], [5, 120], [79, 11], [76, 31], [138, 102], [46, 69], [132, 88], [119, 44], [157, 37], [112, 8], [118, 13], [73, 78], [82, 32], [132, 14], [151, 128], [27, 9], [0, 0]]","[0, 20, 1, 7, 8, 17, 2, 12, 14, 15, 18, 13, 11, 9, 19, 16, 5, 3, 6, 10, 4, 21]",675.0683343241728,17.214221715927124
