Id,Coordinates,Order,Distance,Time
41,"[[0, 0], [135, 9], [105, 64], [89, 62], [9, 11], [132, 21], [30, 66], [124, 8], [75, 9], [89, 51], [65, 10], [74, 63], [38, 49], [66, 32], [54, 50], [21, 49], [152, 63], [136, 39], [77, 3], [119, 11], [13, 31], [0, 0]]","[0, 4, 12, 14, 13, 10, 8, 18, 19, 7, 1, 5, 17, 16, 2, 3, 9, 11, 6, 15, 20, 21]",466.35551499481073,23.772000074386597
