Id,Coordinates,Order,Distance,Time
8721,"[[0, 0], [72, 157], [28, 3], [66, 132], [26, 75], [40, 141], [28, 121], [49, 116], [37, 139], [20, 161], [46, 164], [3, 109], [58, 19], [48, 73], [4, 2], [33, 37], [44, 36], [38, 175], [32, 27], [40, 146], [69, 176], [0, 0]]","[0, 14, 2, 18, 15, 4, 11, 6, 8, 5, 19, 9, 17, 10, 20, 1, 3, 7, 13, 16, 12, 21]",516.9434780232405,16.507218837738037
