Id,Coordinates,Order,Distance,Time
8761,"[[0, 0], [72, 15], [190, 41], [31, 56], [108, 43], [14, 42], [176, 20], [50, 33], [180, 60], [105, 53], [44, 5], [38, 65], [138, 46], [108, 52], [71, 73], [95, 39], [167, 66], [158, 20], [27, 41], [88, 65], [22, 57], [0, 0]]","[0, 5, 18, 3, 20, 11, 14, 19, 9, 13, 4, 12, 17, 6, 2, 8, 16, 15, 1, 7, 10, 21]",537.9548662466237,16.77823257446289
