Id,Coordinates,Order,Distance,Time
9667,"[[0, 0], [102, 3], [83, 10], [86, 1], [110, 34], [100, 36], [106, 16], [68, 8], [46, 5], [20, 32], [19, 28], [124, 16], [91, 6], [117, 6], [85, 33], [37, 30], [115, 2], [86, 42], [31, 2], [46, 17], [12, 5], [0, 0]]","[0, 20, 18, 15, 9, 10, 19, 7, 2, 3, 12, 1, 16, 13, 11, 6, 4, 5, 17, 14, 8, 21]",372.0507761129283,16.22242307662964
