Id,Coordinates,Order,Distance,Time
1009,"[[0, 0], [101, 78], [6, 40], [84, 73], [60, 1], [54, 51], [83, 54], [12, 41], [9, 2], [76, 81], [4, 36], [91, 49], [30, 26], [62, 24], [15, 53], [97, 20], [2, 7], [28, 10], [1, 3], [77, 59], [74, 27], [0, 0]]","[0, 18, 16, 8, 17, 12, 7, 2, 10, 14, 5, 19, 6, 3, 9, 1, 11, 15, 20, 13, 4, 21]",412.39029055792736,18.526407718658447
