Id,Coordinates,Order,Distance,Time
7056,"[[0, 0], [71, 7], [41, 37], [4, 2], [103, 30], [83, 30], [6, 14], [1, 10], [102, 42], [40, 2], [63, 34], [49, 21], [37, 25], [82, 43], [94, 33], [92, 28], [76, 15], [97, 16], [57, 7], [103, 37], [83, 45], [0, 0]]","[0, 7, 6, 9, 11, 18, 1, 16, 17, 15, 14, 4, 19, 8, 20, 13, 5, 10, 2, 12, 3, 21]",307.54077415936985,14.517050981521606
