Id,Coordinates,Order,Distance,Time
5027,"[[0, 0], [4, 5], [25, 22], [5, 27], [43, 13], [43, 24], [42, 2], [15, 23], [49, 18], [9, 11], [48, 3], [4, 20], [16, 10], [42, 20], [38, 14], [49, 19], [45, 22], [10, 16], [51, 27], [5, 23], [7, 1], [0, 0]]","[0, 1, 9, 17, 11, 19, 3, 7, 2, 14, 4, 13, 16, 5, 18, 15, 8, 10, 6, 12, 20, 21]",173.2825869174789,16.83106780052185
