Id,Coordinates,Order,Distance,Time
7263,"[[0, 0], [139, 91], [115, 117], [102, 35], [127, 118], [60, 108], [4, 78], [104, 8], [145, 27], [41, 1], [47, 20], [25, 149], [74, 95], [67, 140], [98, 103], [52, 5], [144, 31], [52, 65], [138, 120], [68, 117], [85, 125], [0, 0]]","[0, 9, 10, 17, 6, 11, 13, 20, 19, 5, 12, 14, 2, 4, 18, 1, 16, 8, 3, 7, 15, 21]",684.3321609092286,14.088550329208374
