Id,Coordinates,Order,Distance,Time
1113,"[[0, 0], [21, 65], [104, 55], [47, 1], [62, 3], [5, 20], [26, 80], [65, 79], [48, 44], [28, 64], [109, 38], [33, 60], [8, 80], [110, 66], [88, 72], [79, 11], [56, 38], [67, 77], [83, 54], [108, 53], [83, 7], [0, 0]]","[0, 3, 4, 15, 20, 10, 19, 2, 13, 14, 18, 17, 7, 9, 1, 12, 6, 11, 8, 16, 5, 21]",443.08067352961206,13.82778263092041
