Id,Coordinates,Order,Distance,Time
1641,"[[0, 0], [41, 86], [63, 139], [31, 150], [78, 18], [50, 82], [36, 102], [47, 30], [5, 132], [25, 141], [18, 18], [26, 112], [39, 23], [70, 54], [50, 131], [95, 6], [48, 117], [6, 44], [22, 134], [5, 152], [38, 88], [0, 0]]","[0, 10, 12, 7, 4, 15, 13, 5, 1, 20, 11, 8, 19, 18, 9, 3, 2, 14, 16, 6, 17, 21]",523.891453510638,11.100812673568726
