Id,Coordinates,Order,Distance,Time
5006,"[[0, 0], [30, 17], [160, 36], [95, 28], [103, 35], [142, 17], [82, 43], [25, 48], [66, 55], [139, 12], [93, 27], [41, 62], [115, 40], [56, 56], [3, 61], [133, 20], [115, 12], [69, 62], [140, 34], [74, 33], [113, 25], [0, 0]]","[0, 14, 7, 11, 13, 8, 17, 6, 10, 3, 20, 16, 15, 5, 9, 2, 18, 12, 4, 19, 1, 21]",452.86971617564177,21.36500334739685
