Id,Coordinates,Order,Distance,Time
139,"[[0, 0], [7, 131], [5, 45], [9, 173], [5, 155], [34, 19], [18, 161], [18, 152], [43, 102], [43, 105], [23, 35], [35, 64], [3, 146], [8, 109], [12, 39], [22, 135], [15, 21], [8, 116], [4, 83], [22, 106], [6, 83], [0, 0]]","[0, 16, 14, 2, 18, 20, 13, 17, 1, 12, 4, 3, 6, 7, 15, 19, 9, 8, 11, 10, 5, 21]",406.6517801304298,22.609975814819336
