Id,Coordinates,Order,Distance,Time
2098,"[[0, 0], [9, 25], [1, 20], [11, 64], [3, 66], [3, 57], [6, 72], [7, 41], [13, 13], [2, 66], [13, 52], [2, 16], [15, 69], [16, 41], [8, 54], [2, 71], [16, 70], [15, 39], [7, 37], [9, 16], [4, 30], [0, 0]]","[0, 19, 8, 1, 20, 18, 7, 17, 13, 10, 14, 5, 4, 9, 15, 6, 16, 12, 3, 2, 11, 21]",189.30182175633283,14.524994611740112
