Id,Coordinates,Order,Distance,Time
9864,"[[0, 0], [109, 78], [80, 81], [146, 78], [43, 15], [28, 47], [38, 99], [167, 9], [80, 48], [102, 82], [62, 33], [113, 75], [129, 33], [68, 59], [147, 18], [73, 80], [143, 21], [150, 105], [19, 100], [37, 54], [141, 8], [0, 0]]","[0, 4, 10, 13, 15, 2, 9, 1, 11, 17, 3, 12, 16, 14, 7, 20, 8, 6, 18, 19, 5, 21]",629.1089424100771,16.030181169509888
