Id,Coordinates,Order,Distance,Time
5239,"[[0, 0], [115, 37], [120, 98], [99, 61], [70, 77], [148, 7], [166, 10], [92, 174], [131, 162], [46, 175], [52, 58], [76, 68], [161, 164], [165, 111], [34, 183], [120, 174], [140, 150], [105, 162], [91, 118], [38, 12], [49, 102], [0, 0]]","[0, 19, 10, 11, 4, 18, 2, 3, 1, 5, 6, 13, 12, 16, 8, 15, 17, 7, 9, 14, 20, 21]",842.8216048749971,13.576029300689697
