Id,Coordinates,Order,Distance,Time
4262,"[[0, 0], [7, 12], [4, 13], [2, 39], [5, 28], [6, 55], [6, 64], [3, 33], [6, 3], [6, 40], [4, 55], [6, 67], [8, 20], [9, 29], [9, 3], [10, 47], [10, 40], [9, 48], [10, 4], [2, 12], [2, 16], [0, 0]]","[0, 8, 14, 18, 1, 2, 20, 4, 7, 3, 9, 15, 17, 5, 10, 6, 11, 16, 13, 12, 19, 21]",154.26734823338765,16.97585892677307
