Id,Coordinates,Order,Distance,Time
4466,"[[0, 0], [13, 171], [36, 92], [40, 150], [40, 64], [28, 172], [46, 8], [15, 31], [15, 127], [52, 145], [21, 23], [13, 130], [13, 139], [28, 40], [25, 107], [8, 87], [23, 171], [36, 118], [8, 82], [34, 143], [3, 68], [0, 0]]","[0, 6, 13, 4, 2, 14, 17, 19, 9, 3, 5, 16, 1, 12, 11, 8, 15, 18, 20, 7, 10, 21]",453.1513161061329,20.17878818511963
