Id,Coordinates,Order,Distance,Time
1977,"[[0, 0], [39, 50], [42, 79], [76, 82], [101, 9], [76, 8], [45, 62], [27, 83], [78, 52], [7, 74], [73, 94], [78, 26], [65, 1], [80, 7], [91, 30], [30, 54], [68, 34], [92, 42], [10, 74], [86, 1], [5, 84], [0, 0]]","[0, 15, 1, 6, 18, 9, 20, 7, 2, 10, 3, 8, 17, 14, 11, 16, 5, 13, 4, 19, 12, 21]",459.74096183262776,18.20478343963623
