Id,Coordinates,Order,Distance,Time
3057,"[[0, 0], [1, 24], [16, 10], [26, 80], [20, 42], [16, 43], [40, 85], [1, 17], [17, 67], [29, 86], [16, 62], [12, 12], [6, 18], [16, 43], [33, 65], [27, 111], [42, 72], [13, 87], [43, 79], [25, 95], [22, 3], [0, 0]]","[0, 20, 2, 11, 12, 7, 1, 5, 13, 4, 10, 17, 3, 9, 19, 15, 6, 18, 16, 14, 8, 21]",316.32946591485427,14.685061693191528
