Id,Coordinates,Order,Distance,Time
8855,"[[0, 0], [5, 10], [13, 16], [11, 4], [10, 27], [5, 7], [12, 6], [3, 16], [10, 9], [8, 25], [8, 28], [4, 22], [4, 5], [2, 2], [6, 20], [10, 14], [1, 11], [2, 5], [5, 3], [1, 26], [1, 6], [0, 0]]","[0, 20, 17, 12, 5, 1, 16, 7, 14, 9, 4, 10, 19, 11, 2, 15, 8, 6, 3, 18, 13, 21]",88.30837597161681,18.209624528884888
