Id,Coordinates,Order,Distance,Time
5422,"[[0, 0], [21, 16], [73, 101], [116, 96], [84, 35], [140, 89], [118, 149], [32, 81], [26, 19], [69, 149], [44, 8], [3, 14], [38, 154], [70, 88], [24, 79], [131, 136], [48, 126], [102, 125], [140, 100], [132, 1], [84, 53], [0, 0]]","[0, 1, 8, 10, 19, 4, 20, 2, 16, 12, 9, 17, 6, 15, 18, 5, 3, 13, 7, 14, 11, 21]",700.5024045298766,16.14115834236145
