Id,Coordinates,Order,Distance,Time
6850,"[[0, 0], [32, 96], [48, 116], [5, 19], [26, 8], [39, 145], [60, 119], [16, 81], [22, 33], [16, 45], [2, 5], [3, 138], [14, 110], [1, 91], [39, 96], [10, 103], [16, 135], [52, 90], [38, 37], [35, 7], [51, 99], [0, 0]]","[0, 10, 3, 8, 18, 19, 4, 9, 7, 15, 12, 1, 14, 17, 20, 2, 6, 5, 16, 11, 13, 21]",494.3162607367793,15.491663932800293
