Id,Coordinates,Order,Distance,Time
1346,"[[0, 0], [34, 64], [158, 4], [61, 51], [118, 43], [140, 55], [5, 41], [27, 3], [126, 28], [2, 64], [108, 9], [56, 45], [122, 50], [36, 32], [134, 68], [75, 36], [134, 54], [144, 49], [143, 66], [159, 34], [36, 55], [0, 0]]","[0, 7, 13, 11, 3, 15, 8, 4, 12, 16, 5, 14, 18, 17, 19, 2, 10, 20, 1, 9, 6, 21]",537.3347895633499,12.745436668395996
