Id,Coordinates,Order,Distance,Time
2357,"[[0, 0], [76, 4], [64, 48], [80, 71], [38, 28], [70, 51], [18, 75], [29, 63], [62, 24], [23, 46], [78, 74], [69, 54], [79, 67], [73, 59], [1, 42], [30, 26], [5, 24], [34, 41], [19, 69], [6, 12], [49, 70], [0, 0]]","[0, 19, 15, 9, 17, 4, 1, 8, 2, 5, 11, 13, 12, 3, 10, 20, 7, 18, 6, 14, 16, 21]",362.8030670577724,16.518577337265015
