Id,Coordinates,Order,Distance,Time
2574,"[[0, 0], [3, 78], [10, 19], [17, 68], [44, 5], [25, 66], [13, 26], [27, 64], [30, 78], [44, 18], [9, 86], [17, 59], [25, 59], [32, 29], [18, 19], [1, 35], [44, 88], [7, 44], [37, 45], [38, 74], [4, 102], [0, 0]]","[0, 2, 6, 14, 4, 9, 13, 18, 12, 7, 5, 3, 1, 10, 20, 16, 19, 8, 11, 17, 15, 21]",344.56260769606337,15.422946453094482
