Id,Coordinates,Order,Distance,Time
6233,"[[0, 0], [82, 11], [72, 1], [111, 7], [89, 2], [104, 3], [146, 10], [12, 7], [86, 13], [143, 11], [27, 10], [27, 6], [123, 1], [133, 4], [154, 6], [120, 11], [159, 9], [51, 3], [64, 7], [146, 4], [141, 9], [0, 0]]","[0, 7, 11, 10, 17, 18, 1, 8, 5, 3, 12, 13, 20, 9, 6, 16, 14, 19, 15, 4, 2, 21]",336.731101318098,15.841101169586182
