Id,Coordinates,Order,Distance,Time
2244,"[[0, 0], [35, 37], [57, 50], [17, 25], [28, 69], [25, 45], [20, 90], [83, 30], [56, 40], [63, 10], [36, 16], [8, 29], [37, 25], [99, 63], [39, 44], [7, 89], [59, 31], [90, 82], [62, 52], [20, 73], [71, 3], [0, 0]]","[0, 11, 3, 1, 14, 5, 4, 19, 6, 15, 2, 8, 16, 9, 20, 7, 13, 17, 18, 12, 10, 21]",474.31726359696074,15.320008039474487
