Id,Coordinates,Order,Distance,Time
9284,"[[0, 0], [41, 6], [26, 80], [44, 83], [58, 115], [38, 144], [30, 98], [54, 34], [17, 133], [32, 83], [23, 16], [48, 43], [42, 134], [13, 85], [26, 59], [58, 41], [13, 48], [57, 144], [44, 78], [8, 10], [32, 32], [0, 0]]","[0, 19, 10, 1, 11, 15, 7, 20, 14, 2, 9, 3, 18, 6, 8, 5, 12, 17, 4, 13, 16, 21]",483.01101829618915,15.648842334747314
