Id,Coordinates,Order,Distance,Time
3455,"[[0, 0], [8, 18], [7, 20], [4, 1], [6, 17], [1, 16], [2, 23], [8, 13], [10, 19], [1, 16], [12, 18], [5, 16], [10, 8], [12, 18], [9, 21], [2, 5], [10, 5], [9, 10], [7, 1], [10, 9], [10, 8], [0, 0]]","[0, 3, 18, 16, 12, 20, 19, 17, 7, 11, 4, 1, 13, 10, 8, 14, 2, 6, 9, 5, 15, 21]",67.6332685386832,20.855969429016113
