Id,Coordinates,Order,Distance,Time
4797,"[[0, 0], [33, 15], [1, 11], [7, 10], [22, 43], [3, 39], [18, 54], [25, 43], [1, 50], [31, 39], [24, 30], [5, 18], [29, 42], [33, 14], [22, 10], [33, 13], [28, 39], [15, 19], [6, 10], [1, 52], [16, 44], [0, 0]]","[0, 18, 3, 17, 14, 15, 13, 1, 10, 16, 9, 12, 7, 4, 20, 6, 19, 8, 5, 11, 2, 21]",176.35840334670053,14.935126304626465
