Id,Coordinates,Order,Distance,Time
8695,"[[0, 0], [82, 89], [43, 23], [167, 90], [134, 37], [111, 110], [43, 95], [19, 105], [53, 70], [23, 7], [148, 17], [82, 46], [120, 8], [52, 19], [51, 4], [58, 32], [2, 53], [169, 57], [24, 85], [47, 23], [77, 115], [0, 0]]","[0, 9, 2, 19, 8, 6, 7, 18, 16, 12, 10, 4, 17, 3, 5, 20, 1, 11, 15, 13, 14, 21]",737.4940572433042,14.315453290939331
