Id,Coordinates,Order,Distance,Time
7582,"[[0, 0], [25, 156], [60, 19], [29, 59], [36, 86], [69, 178], [74, 141], [80, 151], [70, 106], [62, 80], [53, 42], [9, 132], [74, 5], [72, 34], [47, 174], [5, 48], [80, 16], [78, 78], [54, 170], [61, 62], [15, 158], [0, 0]]","[0, 3, 4, 9, 19, 10, 2, 12, 16, 13, 17, 8, 6, 7, 5, 18, 14, 1, 20, 11, 15, 21]",607.2506181513627,15.864354610443115
