Id,Coordinates,Order,Distance,Time
8196,"[[0, 0], [23, 26], [30, 11], [51, 44], [35, 39], [6, 33], [3, 77], [49, 135], [44, 85], [2, 147], [42, 107], [2, 120], [44, 1], [37, 80], [1, 104], [50, 59], [30, 2], [44, 15], [18, 148], [57, 24], [38, 136], [0, 0]]","[0, 2, 16, 12, 17, 19, 3, 15, 13, 8, 10, 7, 20, 18, 9, 11, 14, 6, 4, 1, 5, 21]",443.7691737146839,16.46442723274231
