Id,Coordinates,Order,Distance,Time
4137,"[[0, 0], [42, 128], [9, 97], [11, 61], [107, 37], [70, 16], [140, 124], [143, 119], [10, 106], [106, 96], [146, 106], [21, 9], [24, 85], [117, 138], [134, 48], [93, 123], [44, 31], [55, 150], [1, 157], [72, 103], [89, 25], [0, 0]]","[0, 11, 16, 5, 20, 4, 14, 10, 7, 6, 13, 15, 9, 19, 1, 17, 18, 8, 2, 12, 3, 21]",642.2002894357715,15.533456087112427
