Id,Coordinates,Order,Distance,Time
3175,"[[0, 0], [13, 2], [77, 12], [31, 76], [146, 116], [110, 58], [136, 63], [26, 2], [17, 73], [77, 48], [72, 106], [31, 110], [102, 42], [101, 60], [87, 1], [130, 24], [135, 11], [97, 63], [75, 25], [113, 77], [38, 25], [0, 0]]","[0, 1, 7, 18, 2, 14, 12, 17, 13, 5, 6, 15, 16, 9, 3, 8, 11, 10, 4, 19, 20, 21]",746.8608126041614,15.220098972320557
