Id,Coordinates,Order,Distance,Time
4972,"[[0, 0], [142, 44], [26, 62], [100, 29], [119, 63], [124, 50], [74, 57], [126, 5], [107, 44], [49, 71], [103, 34], [67, 72], [119, 52], [97, 10], [90, 12], [30, 76], [125, 32], [112, 17], [96, 6], [35, 76], [5, 33], [0, 0]]","[0, 20, 2, 15, 19, 9, 11, 6, 10, 3, 14, 13, 18, 17, 7, 16, 1, 5, 4, 12, 8, 21]",470.8599788233856,16.69997811317444
