Id,Coordinates,Order,Distance,Time
3505,"[[0, 0], [5, 16], [5, 2], [4, 11], [17, 13], [4, 6], [2, 8], [17, 11], [13, 13], [3, 4], [11, 1], [4, 7], [14, 11], [17, 4], [11, 8], [14, 3], [16, 12], [7, 14], [10, 11], [7, 9], [14, 11], [0, 0]]","[0, 9, 5, 11, 19, 18, 12, 20, 8, 16, 4, 7, 13, 15, 10, 14, 17, 1, 3, 6, 2, 21]",78.86502786846621,13.65876293182373
