Id,Coordinates,Order,Distance,Time
4493,"[[0, 0], [50, 47], [52, 10], [46, 56], [15, 76], [28, 51], [21, 26], [50, 10], [4, 41], [19, 10], [18, 9], [29, 49], [70, 68], [58, 31], [36, 76], [6, 50], [24, 80], [17, 39], [3, 21], [33, 16], [43, 52], [0, 0]]","[0, 10, 9, 19, 6, 17, 5, 11, 20, 3, 1, 13, 2, 7, 12, 14, 16, 4, 15, 8, 18, 21]",351.1520610667724,15.068321228027344
