Id,Coordinates,Order,Distance,Time
5480,"[[0, 0], [32, 79], [78, 37], [39, 47], [38, 10], [3, 51], [15, 85], [61, 82], [35, 83], [27, 26], [18, 58], [40, 9], [39, 20], [74, 2], [4, 16], [63, 41], [3, 2], [53, 45], [62, 22], [11, 13], [54, 66], [0, 0]]","[0, 16, 14, 19, 9, 12, 4, 11, 17, 3, 10, 5, 6, 1, 8, 7, 20, 15, 2, 18, 13, 21]",427.19593047251084,15.429462432861328
