Id,Coordinates,Order,Distance,Time
2992,"[[0, 0], [32, 98], [48, 29], [21, 40], [19, 80], [27, 27], [7, 27], [10, 38], [41, 103], [8, 94], [45, 81], [47, 69], [19, 83], [39, 19], [23, 52], [46, 61], [26, 51], [49, 3], [26, 6], [2, 104], [44, 18], [0, 0]]","[0, 18, 13, 20, 5, 6, 7, 3, 14, 16, 15, 11, 10, 8, 1, 12, 4, 9, 19, 2, 17, 21]",416.96693561058083,16.42939591407776
