Id,Coordinates,Order,Distance,Time
1237,"[[0, 0], [79, 77], [55, 9], [71, 44], [29, 40], [69, 77], [76, 90], [21, 22], [67, 81], [27, 55], [43, 60], [47, 22], [55, 23], [16, 4], [58, 64], [40, 88], [1, 11], [70, 28], [26, 90], [71, 38], [82, 12], [0, 0]]","[0, 16, 7, 4, 9, 10, 14, 5, 8, 1, 6, 15, 18, 3, 19, 17, 20, 2, 12, 11, 13, 21]",399.6466318237814,15.139872550964355
