Id,Coordinates,Order,Distance,Time
408,"[[0, 0], [41, 11], [1, 34], [66, 134], [94, 40], [3, 34], [73, 122], [63, 110], [18, 62], [24, 118], [49, 72], [90, 109], [37, 7], [31, 65], [73, 56], [8, 23], [89, 23], [4, 123], [28, 109], [69, 26], [50, 71], [0, 0]]","[0, 15, 5, 2, 13, 10, 20, 14, 4, 16, 19, 1, 12, 8, 17, 9, 18, 3, 6, 11, 7, 21]",616.3279789194974,15.111218452453613
