Id,Coordinates,Order,Distance,Time
1478,"[[0, 0], [42, 2], [110, 17], [23, 16], [26, 15], [32, 10], [53, 7], [62, 6], [95, 17], [11, 14], [102, 14], [109, 1], [10, 1], [88, 15], [27, 4], [41, 2], [74, 2], [54, 9], [33, 1], [9, 17], [42, 5], [0, 0]]","[0, 9, 19, 3, 4, 5, 15, 1, 6, 17, 7, 13, 8, 10, 2, 11, 16, 20, 18, 14, 12, 21]",259.33190683291286,15.412927389144897
