Id,Coordinates,Order,Distance,Time
149,"[[0, 0], [83, 14], [132, 31], [114, 1], [115, 44], [20, 10], [19, 33], [88, 29], [87, 38], [56, 17], [149, 19], [8, 15], [19, 3], [60, 30], [71, 27], [139, 6], [17, 4], [21, 33], [51, 15], [20, 37], [111, 33], [0, 0]]","[0, 16, 12, 5, 6, 17, 19, 18, 9, 13, 14, 1, 3, 15, 10, 2, 20, 4, 8, 7, 11, 21]",406.0365246868856,19.036000728607178
