Id,Coordinates,Order,Distance,Time
9580,"[[0, 0], [5, 12], [47, 10], [26, 7], [48, 3], [63, 1], [6, 3], [64, 3], [66, 8], [73, 1], [29, 10], [39, 9], [42, 10], [55, 5], [42, 10], [27, 12], [71, 7], [48, 12], [38, 3], [41, 2], [24, 1], [0, 0]]","[0, 6, 1, 3, 10, 15, 18, 19, 2, 17, 12, 14, 11, 13, 5, 7, 9, 16, 8, 4, 20, 21]",197.620975879125,15.558745384216309
