Id,Coordinates,Order,Distance,Time
9161,"[[0, 0], [34, 68], [37, 38], [23, 107], [34, 71], [12, 26], [48, 23], [5, 63], [22, 61], [12, 55], [16, 139], [12, 29], [32, 55], [41, 44], [25, 95], [42, 97], [31, 91], [48, 48], [48, 41], [25, 34], [17, 81], [0, 0]]","[0, 5, 11, 19, 2, 13, 12, 8, 9, 7, 20, 14, 3, 10, 15, 16, 4, 1, 17, 18, 6, 21]",383.0600077126666,16.535608053207397
