Id,Coordinates,Order,Distance,Time
7680,"[[0, 0], [41, 83], [4, 170], [47, 74], [42, 139], [11, 31], [38, 42], [33, 94], [42, 52], [1, 186], [34, 87], [38, 93], [31, 7], [49, 155], [25, 83], [12, 185], [20, 6], [41, 22], [33, 100], [19, 14], [25, 5], [0, 0]]","[0, 16, 20, 12, 17, 6, 8, 3, 1, 10, 7, 11, 18, 4, 13, 15, 9, 2, 14, 5, 19, 21]",460.7252123124125,16.617143630981445
