Id,Coordinates,Order,Distance,Time
6913,"[[0, 0], [92, 5], [108, 46], [81, 88], [70, 155], [73, 160], [173, 45], [67, 144], [61, 132], [72, 121], [116, 148], [67, 181], [48, 102], [150, 1], [117, 43], [138, 160], [80, 148], [64, 170], [155, 32], [100, 136], [4, 41], [0, 0]]","[0, 20, 12, 9, 8, 7, 4, 17, 11, 5, 16, 15, 10, 19, 3, 2, 14, 6, 18, 13, 1, 21]",724.9248816072399,16.4287371635437
