Id,Coordinates,Order,Distance,Time
129,"[[0, 0], [112, 24], [94, 92], [133, 35], [60, 34], [103, 144], [61, 144], [39, 87], [107, 118], [39, 46], [89, 171], [76, 16], [114, 82], [93, 108], [35, 6], [24, 143], [125, 169], [11, 113], [39, 22], [109, 24], [118, 132], [0, 0]]","[0, 14, 18, 4, 11, 19, 1, 3, 12, 2, 13, 8, 20, 5, 16, 10, 6, 15, 17, 7, 9, 21]",620.7219564100311,17.41003155708313
