Id,Coordinates,Order,Distance,Time
4793,"[[0, 0], [103, 36], [6, 42], [6, 11], [24, 29], [37, 35], [94, 9], [160, 22], [134, 28], [173, 41], [37, 21], [143, 9], [95, 22], [131, 14], [50, 16], [152, 33], [115, 37], [93, 24], [131, 13], [109, 44], [27, 29], [0, 0]]","[0, 3, 4, 20, 10, 14, 17, 12, 1, 19, 16, 13, 18, 11, 7, 9, 15, 8, 6, 5, 2, 21]",457.01406387871947,14.830594539642334
