Id,Coordinates,Order,Distance,Time
8957,"[[0, 0], [23, 73], [51, 16], [75, 12], [51, 44], [137, 44], [118, 15], [5, 5], [111, 44], [66, 70], [139, 49], [87, 60], [72, 33], [7, 35], [137, 77], [60, 38], [63, 51], [91, 8], [135, 51], [105, 74], [15, 29], [0, 0]]","[0, 7, 20, 13, 1, 4, 15, 12, 16, 9, 11, 19, 14, 18, 10, 5, 8, 6, 17, 3, 2, 21]",478.927309264776,14.220204830169678
