Id,Coordinates,Order,Distance,Time
2102,"[[0, 0], [65, 79], [65, 111], [30, 105], [136, 48], [62, 120], [92, 70], [115, 22], [5, 110], [78, 51], [30, 103], [141, 2], [68, 136], [146, 98], [33, 99], [119, 37], [62, 74], [31, 72], [143, 35], [102, 22], [78, 40], [0, 0]]","[0, 17, 14, 10, 3, 8, 12, 5, 2, 1, 16, 9, 20, 19, 7, 15, 11, 18, 4, 13, 6, 21]",683.6471914173467,17.434576272964478
