Id,Coordinates,Order,Distance,Time
2695,"[[0, 0], [47, 24], [32, 44], [10, 36], [24, 38], [4, 9], [53, 59], [55, 54], [27, 18], [4, 3], [30, 52], [45, 51], [37, 40], [18, 18], [34, 15], [5, 51], [48, 11], [28, 32], [59, 55], [44, 43], [40, 56], [0, 0]]","[0, 9, 5, 13, 8, 14, 16, 1, 12, 2, 10, 20, 11, 6, 7, 18, 19, 17, 4, 15, 3, 21]",265.07155243657377,14.835434675216675
