Id,Coordinates,Order,Distance,Time
7349,"[[0, 0], [154, 53], [53, 32], [114, 157], [151, 48], [23, 140], [122, 97], [86, 149], [11, 26], [61, 110], [144, 172], [23, 122], [155, 153], [92, 139], [79, 115], [21, 70], [91, 181], [26, 3], [112, 97], [41, 126], [28, 85], [0, 0]]","[0, 8, 15, 20, 11, 5, 19, 9, 14, 13, 7, 16, 3, 10, 12, 18, 6, 1, 4, 2, 17, 21]",677.3565959924886,17.589787483215332
