Id,Coordinates,Order,Distance,Time
5757,"[[0, 0], [25, 46], [17, 139], [16, 74], [64, 29], [41, 46], [9, 102], [16, 104], [7, 101], [44, 137], [46, 113], [28, 96], [1, 91], [66, 88], [16, 25], [47, 40], [57, 13], [27, 26], [51, 21], [19, 88], [55, 6], [0, 0]]","[0, 17, 5, 15, 18, 20, 16, 4, 13, 10, 9, 2, 7, 6, 8, 12, 11, 19, 3, 1, 14, 21]",463.22410186410565,15.95163869857788
