Id,Coordinates,Order,Distance,Time
6576,"[[0, 0], [18, 18], [76, 25], [15, 13], [33, 29], [74, 9], [134, 31], [141, 2], [57, 4], [136, 20], [75, 6], [9, 25], [10, 5], [127, 22], [44, 8], [37, 6], [59, 16], [60, 7], [127, 21], [131, 23], [132, 20], [0, 0]]","[0, 12, 3, 1, 11, 4, 8, 17, 5, 10, 7, 13, 18, 19, 20, 9, 6, 2, 16, 14, 15, 21]",371.03788644071864,17.618029832839966
