Id,Coordinates,Order,Distance,Time
8741,"[[0, 0], [21, 67], [72, 162], [12, 127], [23, 154], [99, 29], [99, 60], [23, 60], [88, 17], [118, 64], [115, 113], [67, 44], [92, 32], [73, 2], [53, 123], [60, 109], [77, 50], [47, 127], [109, 38], [19, 1], [30, 124], [0, 0]]","[0, 19, 13, 8, 12, 5, 18, 7, 1, 15, 14, 17, 20, 3, 4, 2, 10, 9, 6, 16, 11, 21]",670.0691493195957,18.43526577949524
