Id,Coordinates,Order,Distance,Time
508,"[[0, 0], [3, 23], [8, 21], [6, 14], [10, 1], [5, 7], [1, 7], [11, 24], [7, 3], [9, 8], [11, 24], [4, 23], [11, 20], [11, 12], [7, 22], [7, 23], [11, 14], [5, 24], [11, 13], [4, 20], [9, 7], [0, 0]]","[0, 6, 5, 20, 9, 3, 19, 11, 1, 17, 15, 14, 2, 10, 7, 12, 16, 18, 13, 4, 8, 21]",77.49950266770871,17.079431772232056
