Id,Coordinates,Order,Distance,Time
7049,"[[0, 0], [67, 85], [19, 78], [20, 8], [49, 42], [22, 103], [64, 62], [16, 88], [22, 33], [49, 100], [39, 79], [96, 130], [61, 54], [88, 43], [49, 113], [1, 84], [26, 129], [9, 29], [16, 58], [67, 123], [72, 113], [0, 0]]","[0, 17, 8, 18, 2, 7, 15, 5, 16, 14, 9, 10, 6, 12, 13, 11, 19, 20, 1, 4, 3, 21]",571.3651130454374,16.43371272087097
