Id,Coordinates,Order,Distance,Time
7954,"[[0, 0], [23, 2], [3, 8], [21, 1], [6, 3], [14, 3], [16, 5], [22, 1], [7, 8], [2, 9], [5, 8], [22, 9], [9, 8], [12, 8], [16, 5], [4, 6], [12, 3], [2, 4], [12, 3], [8, 2], [6, 1], [0, 0]]","[0, 17, 15, 2, 9, 10, 8, 12, 13, 6, 14, 18, 16, 5, 3, 7, 1, 11, 19, 4, 20, 21]",74.32195584860224,18.430893421173096
