Id,Coordinates,Order,Distance,Time
5659,"[[0, 0], [50, 88], [36, 11], [57, 20], [14, 59], [26, 26], [66, 96], [133, 29], [52, 35], [158, 76], [104, 28], [154, 18], [148, 100], [15, 26], [75, 5], [145, 52], [132, 98], [121, 20], [99, 47], [37, 47], [81, 75], [0, 0]]","[0, 13, 5, 19, 4, 1, 6, 20, 10, 17, 7, 11, 15, 9, 12, 16, 18, 14, 3, 8, 2, 21]",608.848136008663,18.4967360496521
