Id,Coordinates,Order,Distance,Time
6330,"[[0, 0], [23, 16], [20, 24], [9, 37], [15, 38], [27, 22], [9, 6], [20, 21], [4, 41], [20, 29], [17, 12], [22, 38], [5, 21], [12, 32], [24, 13], [1, 27], [20, 39], [5, 1], [14, 38], [2, 27], [23, 37], [0, 0]]","[0, 17, 6, 10, 14, 1, 7, 2, 5, 9, 18, 4, 16, 11, 20, 13, 3, 8, 19, 15, 12, 21]",145.56939424910914,15.95527720451355
