Id,Coordinates,Order,Distance,Time
9252,"[[0, 0], [73, 3], [19, 99], [61, 73], [20, 14], [88, 64], [38, 31], [87, 54], [20, 40], [60, 41], [23, 114], [9, 10], [5, 118], [41, 15], [102, 93], [108, 69], [108, 82], [15, 69], [52, 78], [61, 79], [83, 49], [0, 0]]","[0, 11, 4, 6, 8, 17, 2, 10, 12, 18, 19, 3, 5, 7, 20, 15, 16, 14, 9, 1, 13, 21]",526.7690177322111,17.133102893829346
