Id,Coordinates,Order,Distance,Time
7074,"[[0, 0], [93, 82], [121, 32], [138, 85], [12, 77], [68, 85], [160, 55], [138, 63], [87, 62], [158, 66], [125, 90], [114, 68], [30, 91], [37, 94], [119, 55], [118, 9], [89, 90], [145, 79], [90, 79], [68, 87], [102, 16], [0, 0]]","[0, 4, 12, 13, 19, 5, 16, 1, 18, 8, 11, 10, 3, 17, 9, 6, 7, 14, 2, 15, 20, 21]",509.1523592612799,15.058240175247192
