Id,Coordinates,Order,Distance,Time
1236,"[[0, 0], [117, 5], [56, 63], [62, 21], [4, 39], [53, 82], [60, 68], [11, 18], [38, 65], [53, 27], [13, 74], [106, 70], [98, 84], [68, 80], [58, 75], [43, 8], [113, 3], [28, 92], [114, 63], [101, 45], [21, 28], [0, 0]]","[0, 7, 20, 4, 10, 17, 8, 2, 6, 14, 5, 13, 12, 11, 18, 19, 1, 16, 3, 9, 15, 21]",455.2623221125289,18.241170167922974
