Id,Coordinates,Order,Distance,Time
6039,"[[0, 0], [13, 18], [1, 5], [7, 7], [7, 10], [19, 10], [9, 8], [13, 27], [11, 24], [10, 7], [3, 27], [18, 19], [3, 11], [5, 7], [6, 20], [20, 23], [11, 7], [8, 13], [8, 21], [16, 22], [14, 21], [0, 0]]","[0, 13, 3, 6, 9, 16, 17, 14, 18, 10, 8, 7, 19, 20, 1, 11, 15, 5, 4, 12, 2, 21]",111.82233157394168,14.48414397239685
