Id,Coordinates,Order,Distance,Time
9250,"[[0, 0], [45, 20], [74, 104], [74, 184], [1, 61], [82, 151], [110, 52], [146, 141], [60, 4], [89, 162], [95, 43], [123, 126], [163, 115], [50, 105], [15, 150], [18, 9], [20, 156], [133, 160], [93, 124], [115, 18], [91, 168], [0, 0]]","[0, 15, 1, 8, 19, 6, 10, 2, 18, 5, 9, 20, 3, 16, 14, 11, 17, 7, 12, 13, 4, 21]",851.8906129576316,16.675986528396606
