Id,Coordinates,Order,Distance,Time
8544,"[[0, 0], [10, 63], [18, 34], [12, 66], [16, 73], [11, 36], [19, 60], [29, 65], [13, 22], [21, 12], [20, 85], [7, 81], [24, 47], [18, 7], [11, 5], [9, 79], [3, 29], [27, 48], [24, 8], [26, 51], [22, 30], [0, 0]]","[0, 14, 13, 18, 9, 8, 20, 2, 12, 17, 19, 6, 1, 3, 4, 15, 11, 10, 7, 5, 16, 21]",234.64754424414485,14.580185890197754
