Id,Coordinates,Order,Distance,Time
167,"[[0, 0], [60, 12], [29, 24], [40, 12], [79, 33], [28, 4], [43, 25], [21, 59], [83, 23], [122, 5], [39, 59], [32, 53], [65, 39], [85, 5], [108, 51], [118, 58], [28, 10], [55, 37], [44, 55], [120, 14], [121, 49], [0, 0]]","[0, 5, 16, 2, 6, 17, 12, 4, 8, 18, 10, 11, 7, 14, 15, 20, 19, 9, 13, 1, 3, 21]",471.14370604916525,16.455823183059692
