Id,Coordinates,Order,Distance,Time
5275,"[[0, 0], [8, 10], [6, 3], [53, 8], [55, 4], [13, 12], [121, 13], [71, 9], [25, 12], [78, 12], [33, 2], [85, 12], [74, 10], [112, 3], [122, 11], [77, 7], [138, 10], [133, 12], [16, 5], [96, 12], [126, 3], [0, 0]]","[0, 2, 1, 5, 8, 3, 4, 7, 12, 9, 11, 19, 14, 6, 17, 16, 20, 13, 15, 10, 18, 21]",292.6385897506343,18.14856266975403
