Id,Coordinates,Order,Distance,Time
5390,"[[0, 0], [172, 13], [101, 26], [165, 11], [182, 15], [125, 33], [133, 29], [154, 21], [98, 29], [77, 8], [89, 14], [89, 17], [45, 33], [158, 25], [141, 8], [62, 21], [41, 2], [2, 27], [6, 34], [143, 36], [171, 36], [0, 0]]","[0, 17, 18, 12, 15, 11, 8, 2, 5, 6, 19, 7, 3, 1, 4, 20, 13, 14, 10, 9, 16, 21]",445.67545015696857,16.300206184387207
