Id,Coordinates,Order,Distance,Time
8411,"[[0, 0], [62, 1], [26, 8], [69, 75], [63, 158], [39, 21], [73, 97], [59, 113], [80, 168], [90, 114], [67, 92], [39, 161], [98, 84], [82, 85], [54, 114], [96, 179], [18, 3], [47, 45], [56, 9], [47, 157], [42, 142], [0, 0]]","[0, 16, 2, 1, 18, 3, 10, 6, 7, 14, 20, 11, 19, 4, 8, 15, 9, 12, 13, 17, 5, 21]",540.8242970245601,21.777124166488647
