Id,Coordinates,Order,Distance,Time
9030,"[[0, 0], [69, 39], [63, 33], [150, 23], [56, 4], [122, 20], [14, 28], [70, 21], [1, 5], [161, 29], [4, 6], [75, 17], [158, 34], [93, 8], [1, 27], [98, 12], [19, 29], [63, 34], [85, 28], [77, 36], [18, 5], [0, 0]]","[0, 8, 10, 14, 6, 16, 7, 11, 18, 19, 1, 17, 2, 15, 5, 3, 9, 12, 13, 4, 20, 21]",424.72620197615686,13.764703512191772
