Id,Coordinates,Order,Distance,Time
8915,"[[0, 0], [184, 95], [158, 42], [25, 134], [56, 19], [144, 81], [122, 112], [156, 112], [179, 60], [176, 55], [14, 4], [3, 28], [73, 99], [168, 89], [187, 52], [105, 75], [39, 72], [96, 101], [3, 111], [127, 131], [25, 58], [0, 0]]","[0, 10, 4, 20, 16, 12, 17, 5, 13, 1, 7, 6, 19, 8, 9, 14, 2, 15, 3, 18, 11, 21]",815.8094724263811,15.353458642959595
