Id,Coordinates,Order,Distance,Time
405,"[[0, 0], [5, 1], [18, 1], [31, 1], [10, 8], [23, 4], [28, 3], [25, 1], [28, 7], [20, 5], [11, 3], [7, 10], [2, 7], [14, 7], [28, 8], [33, 10], [25, 10], [21, 1], [8, 2], [13, 5], [25, 9], [0, 0]]","[0, 1, 18, 10, 19, 13, 4, 11, 2, 17, 5, 7, 6, 3, 8, 14, 15, 16, 20, 9, 12, 21]",108.7389754852871,17.44243884086609
