Id,Coordinates,Order,Distance,Time
4111,"[[0, 0], [148, 54], [58, 57], [147, 25], [57, 60], [17, 80], [134, 69], [138, 104], [2, 48], [50, 105], [25, 95], [28, 92], [137, 60], [20, 51], [101, 92], [78, 7], [65, 3], [106, 71], [85, 5], [129, 29], [118, 72], [0, 0]]","[0, 8, 5, 10, 11, 4, 2, 17, 6, 12, 1, 3, 19, 18, 15, 16, 20, 7, 14, 9, 13, 21]",701.3442296341124,15.231771230697632
