Id,Coordinates,Order,Distance,Time
3349,"[[0, 0], [131, 108], [109, 91], [83, 138], [46, 115], [97, 36], [56, 62], [44, 93], [48, 150], [56, 5], [105, 131], [91, 6], [82, 25], [126, 62], [125, 156], [81, 39], [93, 14], [110, 21], [53, 139], [62, 37], [121, 166], [0, 0]]","[0, 9, 19, 15, 12, 11, 16, 17, 5, 13, 2, 1, 10, 18, 8, 20, 14, 3, 4, 7, 6, 21]",701.8427714984291,23.66100287437439
