Id,Coordinates,Order,Distance,Time
6096,"[[0, 0], [96, 83], [32, 61], [83, 27], [125, 99], [108, 99], [111, 37], [96, 80], [95, 9], [120, 55], [78, 10], [82, 8], [13, 62], [117, 22], [60, 16], [58, 56], [45, 26], [7, 22], [62, 21], [43, 83], [118, 97], [0, 0]]","[0, 16, 18, 14, 10, 11, 8, 3, 13, 6, 9, 7, 1, 5, 20, 4, 15, 19, 2, 12, 17, 21]",495.6290350757454,14.583230018615723
