Id,Coordinates,Order,Distance,Time
3012,"[[0, 0], [22, 39], [104, 13], [19, 44], [114, 91], [31, 54], [60, 18], [68, 37], [13, 75], [72, 48], [18, 81], [96, 75], [93, 67], [24, 17], [103, 89], [88, 47], [84, 53], [95, 2], [119, 90], [46, 62], [109, 53], [0, 0]]","[0, 13, 1, 5, 7, 6, 17, 2, 15, 12, 11, 14, 4, 18, 20, 16, 9, 19, 10, 8, 3, 21]",507.7005380103617,15.563237190246582
