Id,Coordinates,Order,Distance,Time
3011,"[[0, 0], [1, 30], [20, 14], [9, 76], [14, 96], [9, 109], [11, 88], [20, 79], [4, 50], [2, 37], [9, 6], [17, 45], [16, 37], [9, 8], [5, 54], [14, 96], [15, 62], [6, 4], [17, 39], [6, 12], [3, 58], [0, 0]]","[0, 17, 10, 13, 2, 12, 18, 11, 8, 14, 16, 7, 6, 4, 15, 5, 3, 20, 9, 1, 19, 21]",251.8725019298598,12.989022970199585
