Id,Coordinates,Order,Distance,Time
8849,"[[0, 0], [185, 9], [142, 16], [93, 19], [144, 24], [169, 22], [187, 20], [13, 11], [96, 7], [13, 2], [11, 20], [30, 10], [112, 14], [35, 6], [75, 5], [143, 14], [189, 20], [15, 24], [83, 24], [43, 2], [70, 6], [0, 0]]","[0, 7, 10, 17, 11, 13, 19, 18, 3, 12, 2, 4, 5, 6, 16, 1, 15, 8, 14, 20, 9, 21]",424.7598408028265,16.436559438705444
