Id,Coordinates,Order,Distance,Time
9134,"[[0, 0], [41, 71], [33, 49], [30, 57], [25, 28], [32, 14], [18, 17], [38, 57], [3, 57], [39, 26], [33, 44], [18, 64], [28, 10], [15, 59], [31, 44], [43, 4], [25, 38], [6, 48], [18, 72], [1, 43], [10, 3], [0, 0]]","[0, 20, 12, 5, 15, 9, 4, 16, 14, 10, 2, 3, 7, 1, 18, 11, 13, 8, 17, 19, 6, 21]",263.5257515576638,16.623782873153687
