Id,Coordinates,Order,Distance,Time
8434,"[[0, 0], [15, 12], [125, 40], [101, 30], [61, 2], [134, 28], [112, 23], [14, 26], [127, 26], [168, 29], [180, 51], [74, 28], [49, 23], [38, 33], [1, 25], [78, 35], [118, 22], [134, 1], [78, 54], [122, 1], [16, 49], [0, 0]]","[0, 1, 7, 14, 20, 13, 12, 11, 15, 18, 3, 6, 16, 19, 17, 9, 10, 5, 8, 2, 4, 21]",531.3731433931312,14.417850971221924
