Id,Coordinates,Order,Distance,Time
247,"[[0, 0], [20, 30], [18, 70], [8, 48], [63, 61], [23, 1], [17, 38], [50, 36], [4, 22], [66, 11], [61, 9], [47, 75], [54, 58], [42, 47], [25, 17], [30, 14], [38, 36], [1, 7], [25, 51], [28, 19], [68, 14], [0, 0]]","[0, 17, 8, 6, 18, 13, 16, 7, 12, 4, 11, 2, 3, 1, 19, 14, 15, 10, 9, 20, 5, 21]",360.0432323093908,16.206223249435425
