Id,Coordinates,Order,Distance,Time
5433,"[[0, 0], [14, 7], [6, 4], [19, 6], [6, 9], [6, 7], [22, 5], [10, 8], [25, 1], [7, 3], [15, 7], [27, 3], [21, 3], [22, 6], [27, 10], [11, 9], [1, 6], [17, 5], [1, 8], [2, 10], [25, 7], [0, 0]]","[0, 16, 18, 19, 4, 5, 7, 15, 1, 10, 3, 6, 12, 8, 11, 20, 14, 13, 17, 9, 2, 21]",80.81000706187785,17.373691082000732
