Id,Coordinates,Order,Distance,Time
6220,"[[0, 0], [32, 15], [12, 5], [32, 3], [27, 7], [1, 25], [14, 9], [21, 9], [32, 24], [9, 6], [24, 3], [12, 4], [22, 3], [30, 7], [22, 6], [5, 8], [17, 20], [32, 11], [6, 10], [2, 10], [7, 26], [0, 0]]","[0, 15, 18, 9, 11, 2, 6, 7, 14, 12, 10, 4, 3, 13, 17, 1, 8, 16, 20, 5, 19, 21]",131.75758656942767,16.906134128570557
