Id,Coordinates,Order,Distance,Time
7239,"[[0, 0], [4, 11], [7, 47], [15, 37], [13, 72], [15, 60], [6, 48], [10, 45], [9, 33], [11, 57], [11, 43], [4, 63], [10, 27], [14, 67], [18, 12], [6, 53], [11, 59], [3, 67], [17, 69], [14, 68], [11, 20], [0, 0]]","[0, 1, 20, 12, 8, 2, 6, 9, 16, 5, 13, 19, 18, 4, 17, 11, 15, 7, 10, 3, 14, 21]",174.17430618415864,16.387345790863037
