Id,Coordinates,Order,Distance,Time
3296,"[[0, 0], [67, 127], [12, 170], [3, 124], [29, 174], [73, 156], [105, 118], [107, 13], [106, 73], [75, 15], [95, 160], [98, 14], [1, 164], [21, 180], [108, 96], [58, 143], [54, 2], [38, 137], [27, 24], [62, 54], [30, 125], [0, 0]]","[0, 16, 9, 11, 7, 8, 14, 6, 10, 5, 17, 20, 3, 12, 2, 13, 4, 15, 1, 19, 18, 21]",654.1457498580024,13.681273460388184
