Id,Coordinates,Order,Distance,Time
494,"[[0, 0], [85, 2], [12, 20], [53, 17], [144, 24], [120, 38], [49, 16], [105, 21], [138, 14], [27, 40], [72, 1], [85, 40], [62, 38], [47, 41], [33, 4], [124, 53], [38, 30], [108, 44], [62, 1], [138, 30], [62, 3], [0, 0]]","[0, 2, 9, 16, 3, 6, 20, 18, 10, 1, 7, 5, 15, 19, 4, 8, 17, 11, 12, 13, 14, 21]",419.3976911564439,15.54345178604126
