Id,Coordinates,Order,Distance,Time
2308,"[[0, 0], [158, 82], [41, 61], [65, 112], [94, 43], [164, 97], [122, 146], [75, 34], [9, 17], [171, 150], [87, 9], [125, 89], [85, 6], [84, 79], [148, 52], [112, 74], [114, 29], [54, 81], [162, 49], [72, 27], [42, 74], [0, 0]]","[0, 8, 2, 20, 17, 13, 15, 11, 16, 4, 7, 19, 10, 12, 14, 18, 1, 5, 9, 6, 3, 21]",759.2299201492272,16.88978409767151
