Id,Coordinates,Order,Distance,Time
242,"[[0, 0], [88, 67], [17, 65], [14, 120], [66, 104], [86, 89], [106, 138], [115, 88], [98, 154], [103, 94], [74, 141], [136, 143], [138, 67], [14, 134], [40, 108], [61, 70], [70, 114], [51, 87], [86, 111], [86, 82], [131, 23], [0, 0]]","[0, 2, 17, 15, 1, 19, 5, 18, 16, 4, 14, 3, 13, 10, 8, 6, 11, 9, 7, 12, 20, 21]",710.8944399201752,13.773520469665527
