Id,Coordinates,Order,Distance,Time
8224,"[[0, 0], [36, 18], [1, 11], [85, 67], [77, 62], [79, 46], [50, 6], [22, 20], [10, 84], [30, 41], [64, 28], [82, 52], [39, 84], [39, 29], [10, 8], [61, 38], [43, 18], [15, 21], [47, 53], [31, 48], [56, 6], [0, 0]]","[0, 14, 17, 7, 1, 16, 13, 9, 19, 18, 6, 20, 10, 15, 5, 11, 3, 4, 12, 8, 2, 21]",400.0760354321351,14.94214415550232
