Id,Coordinates,Order,Distance,Time
9654,"[[0, 0], [35, 110], [89, 149], [118, 45], [4, 59], [1, 11], [18, 145], [79, 182], [9, 109], [84, 89], [114, 35], [61, 66], [119, 107], [107, 28], [100, 88], [67, 137], [81, 155], [117, 107], [32, 72], [64, 165], [116, 32], [0, 0]]","[0, 5, 4, 18, 9, 14, 17, 12, 2, 16, 7, 19, 15, 6, 8, 1, 11, 3, 10, 20, 13, 21]",686.2207725775672,19.52151870727539
