Id,Coordinates,Order,Distance,Time
9915,"[[0, 0], [144, 26], [140, 21], [109, 22], [36, 31], [52, 17], [119, 11], [30, 48], [10, 20], [115, 53], [25, 48], [1, 45], [61, 11], [3, 29], [83, 22], [111, 5], [128, 2], [88, 9], [79, 35], [130, 30], [113, 11], [0, 0]]","[0, 8, 13, 11, 10, 7, 4, 5, 12, 17, 15, 20, 6, 16, 2, 1, 19, 9, 3, 14, 18, 21]",432.1275149106483,14.204425811767578
