Id,Coordinates,Order,Distance,Time
5683,"[[0, 0], [14, 68], [38, 70], [16, 44], [30, 43], [45, 60], [26, 2], [4, 15], [30, 54], [24, 65], [31, 64], [36, 16], [7, 35], [8, 37], [35, 46], [30, 22], [42, 69], [39, 39], [24, 69], [34, 8], [42, 58], [0, 0]]","[0, 7, 12, 13, 3, 8, 9, 1, 18, 10, 2, 16, 5, 20, 14, 4, 17, 15, 11, 19, 6, 21]",234.49223325287886,17.31651520729065
