Id,Coordinates,Order,Distance,Time
8059,"[[0, 0], [38, 7], [35, 28], [47, 101], [4, 44], [66, 15], [72, 103], [6, 54], [53, 106], [10, 26], [83, 61], [51, 27], [46, 67], [94, 94], [3, 93], [62, 89], [61, 27], [51, 10], [35, 57], [88, 98], [76, 57], [0, 0]]","[0, 9, 18, 12, 15, 6, 19, 13, 10, 20, 11, 2, 1, 17, 5, 16, 8, 3, 14, 7, 4, 21]",536.6555821314951,15.4154953956604
