Id,Coordinates,Order,Distance,Time
2214,"[[0, 0], [11, 68], [63, 34], [25, 81], [36, 75], [40, 21], [10, 42], [63, 56], [26, 56], [37, 88], [29, 91], [45, 15], [8, 21], [39, 9], [18, 75], [22, 6], [27, 16], [36, 19], [59, 59], [66, 100], [13, 7], [0, 0]]","[0, 20, 15, 16, 17, 13, 11, 5, 6, 8, 1, 14, 3, 10, 9, 4, 19, 18, 7, 2, 12, 21]",385.41653409802353,13.625230073928833
