Id,Coordinates,Order,Distance,Time
1153,"[[0, 0], [113, 27], [75, 26], [134, 15], [20, 11], [101, 2], [103, 28], [31, 14], [90, 25], [18, 21], [44, 10], [67, 37], [47, 25], [112, 6], [3, 32], [134, 37], [12, 6], [45, 3], [130, 13], [128, 36], [21, 4], [0, 0]]","[0, 16, 20, 4, 12, 11, 2, 8, 6, 1, 19, 15, 3, 18, 13, 5, 17, 10, 7, 9, 14, 21]",357.72429077207704,18.856605529785156
