Id,Coordinates,Order,Distance,Time
2126,"[[0, 0], [8, 100], [9, 51], [16, 54], [9, 91], [16, 76], [17, 137], [12, 46], [2, 35], [12, 74], [19, 171], [5, 127], [1, 112], [1, 47], [9, 101], [17, 59], [18, 117], [18, 138], [4, 64], [13, 118], [19, 115], [0, 0]]","[0, 8, 13, 2, 3, 15, 9, 5, 4, 1, 14, 19, 16, 20, 6, 17, 10, 11, 12, 18, 7, 21]",373.4118357745908,17.782166957855225
