Id,Coordinates,Order,Distance,Time
1318,"[[0, 0], [75, 8], [101, 3], [104, 4], [46, 11], [69, 4], [16, 10], [79, 6], [70, 11], [100, 2], [13, 11], [68, 3], [40, 1], [94, 6], [78, 6], [102, 5], [73, 8], [86, 10], [92, 4], [87, 8], [51, 2], [0, 0]]","[0, 10, 6, 12, 20, 11, 5, 16, 1, 14, 7, 18, 9, 2, 3, 15, 13, 19, 17, 8, 4, 21]",219.69334814023514,12.393495798110962
