Id,Coordinates,Order,Distance,Time
2769,"[[0, 0], [49, 51], [111, 24], [109, 51], [46, 21], [37, 33], [78, 1], [58, 16], [5, 13], [114, 30], [116, 43], [71, 46], [56, 31], [43, 32], [76, 13], [54, 35], [30, 30], [9, 6], [76, 48], [103, 5], [60, 56], [0, 0]]","[0, 8, 16, 5, 13, 12, 15, 1, 20, 11, 18, 3, 10, 9, 2, 19, 6, 14, 7, 4, 17, 21]",327.18351293513257,20.367900371551514
