Id,Coordinates,Order,Distance,Time
3840,"[[0, 0], [15, 4], [28, 101], [16, 18], [35, 158], [24, 147], [19, 81], [33, 9], [13, 134], [18, 14], [30, 164], [28, 75], [26, 120], [9, 77], [2, 37], [25, 112], [26, 151], [17, 15], [12, 169], [14, 162], [24, 109], [0, 0]]","[0, 1, 9, 17, 3, 14, 13, 6, 2, 20, 15, 12, 5, 16, 4, 10, 18, 19, 8, 11, 7, 21]",412.6294764152308,15.705653667449951
