Id,Coordinates,Order,Distance,Time
6528,"[[0, 0], [5, 21], [6, 42], [9, 38], [8, 86], [4, 117], [12, 2], [12, 68], [4, 113], [7, 53], [7, 97], [13, 117], [9, 113], [6, 8], [12, 25], [6, 10], [3, 99], [12, 51], [9, 1], [3, 86], [11, 86], [0, 0]]","[0, 18, 6, 13, 15, 14, 3, 17, 7, 20, 4, 10, 16, 8, 5, 12, 11, 19, 9, 2, 1, 21]",267.6533928369836,14.362255573272705
