Id,Coordinates,Order,Distance,Time
110,"[[0, 0], [49, 57], [67, 6], [41, 43], [70, 36], [17, 27], [72, 47], [5, 31], [42, 37], [66, 8], [83, 3], [70, 2], [6, 4], [78, 5], [46, 28], [76, 27], [67, 29], [32, 37], [27, 47], [15, 21], [18, 6], [0, 0]]","[0, 12, 19, 5, 7, 18, 17, 3, 8, 14, 16, 1, 6, 4, 15, 9, 2, 11, 13, 10, 20, 21]",337.61801073927643,19.762999057769775
