Id,Coordinates,Order,Distance,Time
8493,"[[0, 0], [113, 92], [123, 86], [171, 45], [10, 94], [56, 15], [146, 13], [1, 13], [125, 103], [94, 18], [95, 94], [31, 68], [30, 21], [167, 18], [115, 55], [79, 3], [102, 61], [147, 8], [21, 111], [146, 77], [47, 108], [0, 0]]","[0, 7, 12, 14, 2, 8, 1, 10, 20, 18, 4, 11, 16, 19, 3, 13, 6, 17, 9, 15, 5, 21]",718.8507733405758,12.320574283599854
