Id,Coordinates,Order,Distance,Time
7248,"[[0, 0], [98, 120], [88, 78], [83, 63], [58, 63], [14, 79], [136, 72], [182, 131], [6, 36], [40, 80], [90, 86], [69, 124], [75, 116], [166, 124], [87, 41], [182, 112], [23, 133], [149, 27], [53, 13], [2, 128], [68, 54], [0, 0]]","[0, 8, 5, 9, 4, 20, 3, 2, 10, 12, 19, 16, 11, 1, 13, 7, 15, 6, 17, 14, 18, 21]",764.8295100785717,13.66859245300293
