Id,Coordinates,Order,Distance,Time
5667,"[[0, 0], [20, 15], [33, 3], [14, 5], [13, 27], [85, 51], [49, 43], [42, 37], [31, 48], [42, 35], [59, 13], [36, 50], [21, 22], [33, 40], [39, 52], [3, 10], [46, 29], [5, 36], [73, 29], [84, 21], [19, 54], [0, 0]]","[0, 15, 3, 1, 12, 4, 17, 20, 8, 11, 14, 13, 7, 9, 16, 6, 5, 19, 18, 10, 2, 21]",316.1241583131119,17.350763082504272
