Id,Coordinates,Order,Distance,Time
2407,"[[0, 0], [22, 29], [43, 188], [37, 61], [12, 67], [43, 129], [77, 50], [57, 109], [78, 47], [62, 147], [34, 8], [29, 119], [19, 140], [29, 175], [83, 20], [104, 131], [62, 155], [40, 79], [34, 158], [53, 108], [38, 143], [0, 0]]","[0, 1, 4, 3, 17, 11, 12, 20, 18, 13, 2, 16, 9, 5, 19, 7, 15, 6, 8, 14, 10, 21]",607.8887753421466,14.819141387939453
