Id,Coordinates,Order,Distance,Time
2466,"[[0, 0], [39, 9], [15, 20], [73, 16], [87, 18], [26, 7], [55, 19], [44, 3], [93, 11], [14, 1], [87, 16], [18, 23], [102, 2], [12, 8], [26, 19], [72, 10], [27, 10], [75, 12], [93, 16], [52, 18], [94, 17], [0, 0]]","[0, 13, 2, 11, 14, 16, 1, 19, 6, 3, 17, 10, 4, 18, 20, 8, 12, 15, 7, 5, 9, 21]",248.7693223137474,14.286147356033325
