Id,Coordinates,Order,Distance,Time
2851,"[[0, 0], [46, 130], [43, 97], [98, 51], [82, 63], [13, 9], [102, 4], [100, 25], [92, 154], [74, 117], [6, 99], [4, 158], [40, 128], [40, 126], [95, 114], [75, 134], [19, 30], [47, 78], [104, 50], [67, 56], [42, 111], [0, 0]]","[0, 5, 16, 19, 4, 3, 18, 7, 6, 17, 2, 20, 13, 12, 1, 9, 14, 8, 15, 11, 10, 21]",681.0073697015538,15.235607624053955
