Id,Coordinates,Order,Distance,Time
372,"[[0, 0], [59, 2], [63, 7], [59, 43], [42, 5], [30, 14], [74, 52], [44, 52], [9, 19], [28, 21], [35, 91], [32, 10], [76, 91], [54, 12], [6, 15], [45, 32], [61, 77], [53, 65], [9, 26], [77, 56], [16, 78], [0, 0]]","[0, 9, 5, 11, 4, 1, 2, 13, 15, 3, 6, 19, 17, 16, 12, 10, 20, 7, 18, 8, 14, 21]",387.68320752719984,21.51800012588501
