Id,Coordinates,Order,Distance,Time
8447,"[[0, 0], [35, 119], [43, 166], [20, 76], [26, 63], [22, 115], [13, 57], [43, 113], [24, 147], [51, 57], [28, 96], [57, 168], [15, 23], [31, 61], [22, 138], [6, 26], [52, 40], [19, 73], [12, 77], [62, 36], [26, 43], [0, 0]]","[0, 12, 20, 13, 4, 17, 3, 9, 16, 19, 10, 5, 1, 14, 8, 2, 11, 7, 18, 6, 15, 21]",511.373171384569,17.448996782302856
