Id,Coordinates,Order,Distance,Time
6796,"[[0, 0], [50, 3], [28, 69], [99, 110], [97, 58], [85, 48], [71, 122], [8, 148], [59, 46], [86, 28], [44, 53], [21, 50], [119, 171], [100, 168], [65, 58], [86, 129], [116, 89], [41, 60], [109, 66], [124, 39], [105, 95], [0, 0]]","[0, 1, 9, 19, 4, 18, 16, 20, 3, 12, 13, 15, 6, 7, 2, 17, 14, 5, 8, 10, 11, 21]",706.0210942027833,17.633002758026123
