Id,Coordinates,Order,Distance,Time
9753,"[[0, 0], [71, 29], [9, 95], [113, 59], [93, 4], [60, 120], [117, 25], [79, 54], [64, 53], [91, 20], [65, 130], [67, 74], [79, 22], [43, 119], [68, 126], [25, 104], [12, 19], [105, 45], [16, 25], [15, 2], [91, 13], [0, 0]]","[0, 19, 1, 12, 9, 20, 4, 6, 17, 3, 7, 8, 11, 14, 10, 5, 13, 15, 2, 18, 16, 21]",484.30811281418744,14.125633716583252
