Id,Coordinates,Order,Distance,Time
4465,"[[0, 0], [64, 83], [124, 64], [92, 61], [12, 75], [35, 8], [77, 75], [74, 19], [49, 11], [92, 39], [23, 8], [23, 70], [170, 67], [48, 37], [152, 60], [62, 92], [99, 6], [67, 16], [63, 43], [16, 46], [149, 70], [0, 0]]","[0, 10, 5, 8, 17, 7, 18, 13, 19, 11, 4, 15, 1, 6, 3, 2, 20, 12, 14, 9, 16, 21]",581.5221320295327,17.28546452522278
