Id,Coordinates,Order,Distance,Time
5123,"[[0, 0], [44, 58], [3, 36], [89, 81], [72, 10], [6, 30], [45, 96], [48, 78], [102, 62], [69, 94], [109, 29], [12, 28], [71, 76], [36, 26], [18, 72], [47, 15], [6, 73], [84, 27], [19, 39], [101, 57], [1, 96], [0, 0]]","[0, 11, 18, 13, 15, 4, 17, 10, 19, 8, 3, 12, 9, 6, 7, 1, 14, 20, 16, 2, 5, 21]",464.5049341628166,17.655999898910522
