Id,Coordinates,Order,Distance,Time
2025,"[[0, 0], [10, 135], [35, 55], [22, 138], [28, 107], [90, 123], [82, 118], [14, 99], [67, 78], [6, 11], [88, 71], [92, 100], [49, 129], [6, 17], [82, 125], [30, 11], [21, 64], [38, 126], [58, 26], [64, 1], [9, 112], [0, 0]]","[0, 9, 13, 15, 19, 18, 2, 16, 7, 4, 20, 1, 3, 17, 12, 14, 6, 5, 11, 10, 8, 21]",522.3306855534001,17.780467748641968
