Id,Coordinates,Order,Distance,Time
9396,"[[0, 0], [96, 37], [13, 1], [146, 20], [2, 111], [18, 44], [74, 4], [136, 119], [13, 113], [2, 48], [77, 143], [90, 119], [21, 140], [109, 89], [66, 24], [137, 101], [122, 141], [142, 112], [156, 143], [88, 37], [64, 17], [0, 0]]","[0, 2, 5, 9, 4, 8, 12, 10, 11, 13, 15, 17, 7, 16, 18, 3, 1, 19, 14, 6, 20, 21]",718.8798533905413,16.32046389579773
