Id,Coordinates,Order,Distance,Time
9166,"[[0, 0], [97, 111], [3, 69], [25, 31], [16, 31], [8, 64], [82, 103], [39, 34], [70, 106], [89, 169], [72, 144], [105, 66], [37, 114], [34, 171], [10, 32], [34, 144], [19, 52], [101, 136], [8, 8], [48, 31], [23, 150], [0, 0]]","[0, 18, 14, 4, 3, 16, 5, 2, 12, 15, 20, 13, 10, 9, 17, 6, 8, 1, 11, 19, 7, 21]",581.145698398444,17.424213647842407
