Id,Coordinates,Order,Distance,Time
7486,"[[0, 0], [36, 27], [53, 129], [66, 186], [83, 7], [28, 184], [80, 101], [89, 24], [71, 11], [38, 87], [10, 112], [84, 38], [38, 153], [89, 162], [88, 87], [55, 22], [41, 172], [80, 138], [45, 181], [31, 95], [67, 54], [0, 0]]","[0, 1, 15, 8, 4, 7, 11, 20, 14, 6, 17, 13, 3, 18, 5, 16, 12, 2, 10, 19, 9, 21]",585.9676570955256,14.809274673461914
