Id,Coordinates,Order,Distance,Time
2472,"[[0, 0], [18, 134], [31, 11], [2, 80], [8, 25], [15, 60], [33, 3], [47, 145], [50, 134], [58, 89], [55, 148], [3, 52], [40, 8], [13, 138], [58, 134], [6, 48], [36, 9], [19, 57], [25, 4], [10, 89], [39, 68], [0, 0]]","[0, 18, 6, 12, 16, 2, 5, 17, 20, 9, 14, 8, 10, 7, 1, 13, 19, 3, 11, 15, 4, 21]",415.4980767561411,12.745283126831055
