Id,Coordinates,Order,Distance,Time
2596,"[[0, 0], [172, 28], [146, 19], [1, 6], [106, 9], [77, 4], [76, 7], [43, 37], [100, 36], [93, 41], [163, 3], [120, 13], [70, 13], [162, 29], [58, 38], [80, 9], [24, 42], [4, 25], [25, 26], [103, 15], [26, 12], [0, 0]]","[0, 3, 17, 16, 7, 12, 6, 5, 15, 19, 4, 11, 2, 10, 1, 13, 8, 9, 14, 18, 20, 21]",439.41436721137325,15.025299787521362
