Id,Coordinates,Order,Distance,Time
1317,"[[0, 0], [59, 50], [33, 30], [73, 15], [50, 21], [23, 32], [67, 21], [12, 55], [32, 27], [59, 22], [61, 55], [48, 57], [44, 53], [66, 47], [27, 43], [40, 19], [56, 52], [18, 53], [40, 8], [50, 51], [63, 61], [0, 0]]","[0, 18, 15, 8, 2, 4, 9, 6, 3, 13, 1, 16, 10, 20, 11, 19, 12, 17, 7, 14, 5, 21]",297.0599951658342,15.30916714668274
