Id,Coordinates,Order,Distance,Time
6357,"[[0, 0], [39, 79], [21, 133], [15, 100], [15, 41], [1, 65], [26, 115], [18, 14], [49, 80], [32, 124], [27, 79], [43, 62], [8, 45], [5, 102], [36, 120], [42, 19], [50, 81], [26, 45], [28, 119], [22, 77], [9, 108], [0, 0]]","[0, 7, 17, 4, 12, 5, 19, 10, 1, 8, 16, 3, 13, 20, 6, 18, 9, 2, 14, 11, 15, 21]",415.8978672114052,16.707103967666626
