Id,Coordinates,Order,Distance,Time
7162,"[[0, 0], [102, 45], [64, 74], [53, 35], [46, 13], [33, 8], [13, 4], [97, 29], [41, 30], [104, 1], [84, 51], [62, 90], [73, 4], [30, 88], [46, 59], [33, 11], [2, 87], [56, 53], [29, 65], [29, 5], [44, 18], [0, 0]]","[0, 6, 19, 5, 20, 8, 3, 17, 14, 18, 16, 13, 11, 2, 10, 1, 7, 9, 12, 4, 15, 21]",435.46026290879206,14.210155248641968
