Id,Coordinates,Order,Distance,Time
4474,"[[0, 0], [37, 32], [48, 21], [69, 161], [41, 138], [34, 172], [37, 25], [53, 130], [42, 111], [66, 13], [55, 126], [28, 67], [1, 74], [44, 82], [5, 150], [14, 160], [60, 171], [62, 48], [46, 119], [42, 174], [21, 110], [0, 0]]","[0, 6, 1, 2, 9, 17, 11, 13, 8, 18, 10, 7, 4, 19, 16, 3, 5, 15, 14, 20, 12, 21]",549.7774667341384,16.5495023727417
