Id,Coordinates,Order,Distance,Time
8860,"[[0, 0], [107, 107], [18, 6], [40, 164], [67, 60], [2, 125], [16, 157], [82, 152], [11, 15], [70, 75], [66, 48], [44, 114], [81, 59], [42, 23], [43, 33], [89, 107], [68, 36], [104, 27], [49, 163], [99, 57], [70, 145], [0, 0]]","[0, 2, 13, 14, 10, 16, 17, 19, 12, 4, 9, 15, 1, 7, 20, 18, 3, 6, 5, 11, 8, 21]",595.6257948095298,16.503816843032837
