Id,Coordinates,Order,Distance,Time
5093,"[[0, 0], [57, 114], [9, 12], [115, 92], [105, 121], [25, 118], [7, 62], [136, 55], [5, 92], [82, 42], [110, 129], [81, 2], [127, 55], [127, 40], [88, 85], [107, 22], [39, 22], [9, 51], [142, 12], [39, 117], [1, 59], [0, 0]]","[0, 2, 17, 20, 6, 8, 5, 19, 1, 14, 4, 10, 3, 12, 7, 13, 18, 15, 11, 9, 16, 21]",593.7784724242943,16.037618160247803
