Id,Coordinates,Order,Distance,Time
6843,"[[0, 0], [14, 23], [14, 24], [4, 25], [15, 68], [2, 4], [20, 27], [7, 74], [41, 34], [38, 49], [35, 69], [50, 2], [31, 10], [7, 56], [43, 67], [1, 26], [44, 16], [11, 94], [8, 64], [19, 80], [37, 62], [0, 0]]","[0, 5, 3, 2, 1, 6, 12, 11, 16, 8, 9, 20, 14, 10, 19, 17, 7, 4, 18, 13, 15, 21]",300.23881780771546,15.805971145629883
