Id,Coordinates,Order,Distance,Time
7360,"[[0, 0], [51, 10], [46, 107], [24, 81], [36, 106], [104, 138], [69, 111], [31, 47], [46, 96], [40, 105], [98, 21], [23, 6], [2, 146], [2, 39], [85, 110], [97, 108], [87, 81], [11, 146], [16, 105], [41, 93], [58, 7], [0, 0]]","[0, 11, 1, 20, 10, 16, 15, 5, 14, 6, 9, 4, 19, 8, 2, 17, 12, 18, 3, 7, 13, 21]",569.8853622227185,16.939825296401978
