Id,Coordinates,Order,Distance,Time
7064,"[[0, 0], [22, 100], [3, 179], [19, 188], [6, 169], [15, 65], [14, 44], [17, 26], [21, 139], [4, 38], [22, 186], [17, 21], [13, 38], [32, 21], [15, 129], [12, 93], [29, 184], [4, 116], [11, 55], [25, 59], [19, 141], [0, 0]]","[0, 11, 7, 12, 6, 18, 5, 15, 17, 14, 8, 20, 4, 2, 3, 10, 16, 1, 19, 9, 13, 21]",452.63951256834196,18.174426317214966
