Id,Coordinates,Order,Distance,Time
8231,"[[0, 0], [12, 39], [75, 76], [47, 3], [94, 130], [11, 106], [72, 13], [146, 7], [41, 67], [99, 1], [136, 162], [75, 86], [117, 94], [39, 19], [76, 161], [51, 5], [76, 133], [76, 159], [80, 53], [57, 142], [153, 129], [0, 0]]","[0, 13, 3, 15, 6, 9, 7, 18, 5, 19, 16, 4, 17, 14, 10, 20, 12, 11, 2, 8, 1, 21]",781.7950526294277,17.750038385391235
