Id,Coordinates,Order,Distance,Time
8895,"[[0, 0], [29, 19], [5, 48], [36, 28], [32, 72], [36, 94], [9, 84], [1, 81], [12, 29], [4, 42], [7, 12], [11, 100], [9, 103], [25, 68], [4, 93], [10, 26], [25, 104], [21, 98], [2, 46], [26, 64], [42, 104], [0, 0]]","[0, 10, 15, 8, 9, 18, 2, 13, 4, 5, 20, 16, 17, 11, 12, 14, 7, 6, 19, 3, 1, 21]",304.3188257838864,15.3543119430542
