Id,Coordinates,Order,Distance,Time
5280,"[[0, 0], [9, 53], [6, 53], [6, 17], [27, 50], [4, 38], [4, 48], [24, 59], [17, 14], [14, 15], [27, 56], [21, 12], [13, 29], [11, 41], [18, 55], [3, 7], [7, 57], [1, 43], [11, 33], [15, 59], [13, 33], [0, 0]]","[0, 11, 8, 9, 12, 20, 18, 5, 17, 6, 2, 1, 16, 19, 14, 7, 10, 4, 13, 3, 15, 21]",175.60728072555452,16.195818662643433
