Id,Coordinates,Order,Distance,Time
7501,"[[0, 0], [4, 127], [16, 17], [34, 63], [42, 69], [7, 28], [31, 132], [37, 92], [38, 62], [36, 91], [19, 16], [34, 47], [40, 10], [43, 93], [44, 102], [22, 124], [26, 128], [41, 119], [14, 14], [41, 55], [20, 115], [0, 0]]","[0, 18, 2, 10, 12, 11, 19, 8, 3, 4, 9, 7, 13, 14, 17, 6, 16, 15, 1, 20, 5, 21]",357.41517629231686,20.586506128311157
