Id,Coordinates,Order,Distance,Time
180,"[[0, 0], [191, 11], [118, 48], [164, 2], [177, 74], [24, 58], [7, 25], [57, 26], [151, 31], [1, 57], [190, 33], [13, 18], [161, 17], [106, 28], [79, 23], [186, 7], [15, 36], [46, 24], [98, 1], [195, 36], [105, 6], [0, 0]]","[0, 11, 6, 16, 9, 5, 17, 7, 14, 18, 20, 13, 8, 12, 3, 15, 1, 10, 19, 4, 2, 21]",594.190966363318,14.839354515075684
