Id,Coordinates,Order,Distance,Time
7891,"[[0, 0], [70, 119], [12, 66], [63, 150], [41, 52], [20, 174], [51, 51], [1, 144], [31, 174], [19, 12], [57, 36], [63, 78], [25, 10], [74, 5], [13, 124], [76, 26], [26, 19], [9, 86], [52, 47], [44, 138], [58, 32], [0, 0]]","[0, 9, 16, 20, 10, 18, 6, 4, 2, 17, 14, 7, 5, 8, 19, 3, 1, 11, 15, 13, 12, 21]",541.7581644702057,18.423811435699463
