Id,Coordinates,Order,Distance,Time
263,"[[0, 0], [3, 25], [6, 90], [16, 106], [4, 101], [5, 41], [23, 73], [5, 149], [11, 104], [15, 142], [9, 49], [14, 98], [18, 113], [13, 53], [17, 148], [3, 146], [11, 90], [21, 32], [17, 37], [14, 158], [24, 6], [0, 0]]","[0, 20, 17, 18, 13, 6, 16, 2, 4, 8, 3, 12, 9, 14, 19, 7, 15, 11, 10, 5, 1, 21]",363.4373737656746,12.729553699493408
