Id,Coordinates,Order,Distance,Time
6254,"[[0, 0], [19, 14], [95, 28], [2, 7], [104, 65], [65, 54], [83, 43], [82, 25], [83, 55], [67, 26], [42, 71], [77, 70], [103, 15], [103, 30], [43, 3], [52, 28], [79, 6], [77, 39], [51, 16], [58, 30], [30, 38], [0, 0]]","[0, 3, 1, 14, 18, 15, 19, 9, 7, 2, 13, 12, 16, 17, 6, 8, 4, 11, 5, 10, 20, 21]",406.9179648853339,13.865031242370605
