Id,Coordinates,Order,Distance,Time
3947,"[[0, 0], [16, 38], [110, 129], [92, 20], [17, 56], [55, 67], [19, 127], [112, 26], [5, 42], [96, 51], [79, 117], [99, 125], [63, 18], [10, 7], [16, 87], [68, 46], [25, 96], [53, 125], [14, 126], [106, 40], [5, 25], [0, 0]]","[0, 20, 8, 4, 14, 16, 18, 6, 17, 10, 11, 2, 9, 19, 7, 3, 12, 15, 5, 1, 13, 21]",540.0543564323964,15.780661344528198
