Id,Coordinates,Order,Distance,Time
3210,"[[0, 0], [22, 139], [68, 156], [14, 38], [65, 132], [16, 89], [54, 56], [48, 166], [81, 19], [73, 126], [56, 172], [78, 158], [81, 88], [58, 43], [82, 5], [56, 92], [19, 159], [16, 26], [28, 60], [18, 37], [2, 12], [0, 0]]","[0, 20, 17, 19, 6, 13, 14, 8, 12, 15, 9, 4, 11, 2, 10, 7, 16, 1, 5, 18, 3, 21]",565.4044874957399,14.159947872161865
