Id,Coordinates,Order,Distance,Time
8671,"[[0, 0], [36, 1], [59, 15], [3, 1], [36, 5], [33, 10], [28, 9], [30, 1], [10, 21], [19, 23], [51, 20], [37, 8], [58, 10], [30, 15], [28, 6], [24, 1], [19, 15], [8, 9], [53, 1], [66, 23], [4, 5], [0, 0]]","[0, 3, 20, 17, 8, 9, 16, 6, 14, 7, 1, 4, 11, 5, 18, 12, 2, 19, 10, 13, 15, 21]",202.25650916499566,14.381136417388916
