Id,Coordinates,Order,Distance,Time
8366,"[[0, 0], [36, 39], [31, 29], [1, 52], [30, 71], [51, 28], [34, 70], [62, 65], [13, 14], [89, 41], [11, 64], [1, 28], [67, 51], [66, 56], [8, 26], [64, 61], [64, 6], [54, 13], [49, 8], [15, 23], [57, 70], [0, 0]]","[0, 8, 19, 14, 11, 3, 10, 4, 6, 20, 7, 15, 13, 12, 9, 16, 17, 18, 5, 1, 2, 21]",330.0263290543827,18.406965494155884
