Id,Coordinates,Order,Distance,Time
4872,"[[0, 0], [120, 9], [20, 24], [11, 23], [103, 15], [19, 14], [117, 6], [76, 10], [101, 18], [99, 10], [42, 2], [104, 16], [37, 5], [40, 17], [91, 19], [61, 17], [2, 8], [38, 20], [59, 24], [48, 10], [93, 11], [0, 0]]","[0, 16, 3, 2, 17, 13, 12, 10, 19, 15, 7, 20, 9, 4, 6, 1, 11, 8, 14, 18, 5, 21]",294.09820952415663,16.032577514648438
