Id,Coordinates,Order,Distance,Time
3781,"[[0, 0], [19, 4], [39, 39], [11, 45], [16, 57], [46, 35], [70, 4], [30, 28], [20, 11], [56, 57], [62, 20], [74, 28], [44, 56], [36, 12], [34, 18], [39, 18], [49, 17], [16, 1], [59, 40], [40, 8], [41, 14], [0, 0]]","[0, 17, 1, 14, 15, 20, 19, 6, 10, 11, 5, 2, 7, 3, 4, 12, 9, 18, 16, 13, 8, 21]",342.74207634554625,15.050156831741333
