Id,Coordinates,Order,Distance,Time
1586,"[[0, 0], [63, 6], [59, 4], [69, 2], [16, 4], [7, 4], [7, 2], [40, 6], [69, 1], [10, 7], [66, 1], [68, 8], [2, 1], [61, 8], [5, 3], [41, 8], [32, 5], [54, 5], [11, 9], [71, 5], [42, 7], [0, 0]]","[0, 12, 14, 5, 9, 18, 16, 7, 15, 20, 17, 2, 13, 1, 11, 19, 3, 8, 10, 4, 6, 21]",155.03453142538498,14.45643162727356
