Id,Coordinates,Order,Distance,Time
6706,"[[0, 0], [14, 32], [16, 53], [7, 168], [37, 136], [10, 25], [3, 5], [26, 90], [8, 28], [19, 121], [3, 116], [27, 17], [24, 108], [33, 127], [14, 76], [29, 72], [32, 46], [21, 23], [13, 142], [29, 133], [8, 42], [0, 0]]","[0, 6, 5, 8, 1, 17, 11, 16, 15, 7, 12, 9, 13, 19, 4, 3, 18, 10, 14, 2, 20, 21]",412.9305887246967,21.30799889564514
