Id,Coordinates,Order,Distance,Time
9932,"[[0, 0], [5, 122], [14, 45], [7, 83], [3, 40], [4, 146], [12, 138], [14, 124], [3, 7], [5, 29], [12, 11], [5, 10], [4, 151], [9, 114], [6, 78], [11, 156], [10, 51], [4, 42], [10, 146], [3, 100], [7, 41], [0, 0]]","[0, 8, 11, 9, 4, 17, 20, 16, 14, 3, 19, 13, 7, 6, 18, 15, 12, 5, 1, 2, 10, 21]",330.43331451597857,14.49362301826477
