Id,Coordinates,Order,Distance,Time
5407,"[[0, 0], [173, 27], [141, 23], [124, 5], [57, 14], [97, 35], [100, 29], [61, 30], [138, 39], [140, 13], [71, 4], [23, 29], [73, 14], [53, 43], [103, 22], [154, 16], [112, 19], [54, 41], [120, 36], [67, 25], [77, 33], [0, 0]]","[0, 11, 13, 17, 7, 19, 20, 6, 14, 16, 3, 9, 2, 15, 1, 8, 18, 5, 12, 10, 4, 21]",424.8123094822086,21.954730987548828
