Id,Coordinates,Order,Distance,Time
6666,"[[0, 0], [113, 99], [44, 83], [83, 5], [41, 119], [81, 82], [105, 30], [20, 17], [34, 28], [121, 108], [36, 28], [59, 3], [45, 10], [43, 48], [110, 31], [35, 85], [10, 12], [93, 65], [52, 3], [6, 83], [85, 101], [0, 0]]","[0, 16, 7, 8, 10, 12, 18, 11, 3, 6, 14, 17, 5, 1, 9, 20, 4, 19, 15, 2, 13, 21]",524.3817888650397,15.929528713226318
