Id,Coordinates,Order,Distance,Time
2941,"[[0, 0], [7, 115], [7, 54], [9, 71], [3, 82], [6, 133], [5, 94], [1, 3], [1, 102], [7, 107], [1, 101], [8, 64], [6, 28], [8, 61], [1, 100], [5, 40], [9, 11], [8, 31], [1, 4], [4, 92], [4, 49], [0, 0]]","[0, 7, 18, 16, 12, 17, 15, 20, 2, 13, 11, 3, 19, 14, 10, 8, 5, 1, 9, 6, 4, 21]",273.10871828719957,14.044147253036499
