Id,Coordinates,Order,Distance,Time
5014,"[[0, 0], [54, 115], [53, 5], [65, 24], [39, 94], [55, 160], [40, 141], [16, 55], [84, 24], [93, 106], [41, 114], [42, 63], [62, 107], [47, 88], [47, 163], [46, 111], [14, 51], [17, 100], [9, 88], [87, 29], [51, 144], [0, 0]]","[0, 16, 7, 13, 4, 10, 15, 1, 12, 9, 20, 5, 14, 6, 17, 18, 11, 19, 8, 3, 2, 21]",553.3751328217785,20.737001419067383
