Id,Coordinates,Order,Distance,Time
5370,"[[0, 0], [2, 16], [2, 11], [7, 4], [11, 4], [11, 20], [7, 18], [12, 12], [5, 14], [9, 19], [2, 16], [11, 13], [1, 9], [5, 12], [2, 13], [18, 7], [11, 1], [13, 20], [16, 14], [16, 6], [20, 5], [0, 0]]","[0, 3, 16, 4, 19, 20, 15, 18, 7, 11, 13, 1, 10, 6, 9, 5, 17, 8, 14, 2, 12, 21]",89.95920878068799,16.753188133239746
