Id,Coordinates,Order,Distance,Time
5849,"[[0, 0], [10, 150], [130, 40], [74, 113], [61, 103], [62, 149], [41, 19], [80, 98], [23, 26], [90, 62], [74, 131], [5, 134], [40, 153], [63, 112], [25, 32], [131, 150], [32, 17], [140, 133], [74, 42], [131, 38], [7, 102], [0, 0]]","[0, 8, 14, 18, 9, 7, 3, 10, 5, 12, 1, 11, 20, 4, 13, 15, 17, 2, 19, 6, 16, 21]",703.7201401396471,17.630306243896484
