Id,Coordinates,Order,Distance,Time
1147,"[[0, 0], [35, 62], [131, 70], [156, 61], [30, 48], [131, 4], [31, 48], [106, 4], [163, 32], [97, 71], [71, 40], [83, 13], [41, 14], [134, 38], [33, 15], [5, 35], [35, 28], [64, 84], [113, 64], [121, 23], [145, 35], [0, 0]]","[0, 15, 4, 6, 1, 16, 11, 7, 5, 19, 13, 20, 8, 3, 2, 18, 9, 17, 10, 12, 14, 21]",539.9246321176026,15.698455095291138
