Id,Coordinates,Order,Distance,Time
1072,"[[0, 0], [74, 83], [5, 106], [48, 133], [44, 112], [63, 16], [20, 15], [60, 35], [46, 15], [52, 59], [74, 34], [42, 6], [42, 124], [35, 76], [10, 54], [28, 86], [9, 97], [69, 150], [26, 48], [40, 21], [56, 106], [0, 0]]","[0, 6, 19, 8, 11, 5, 10, 7, 9, 13, 15, 16, 2, 4, 12, 3, 17, 20, 1, 18, 14, 21]",510.9121029264212,16.560929536819458
