Id,Coordinates,Order,Distance,Time
3487,"[[0, 0], [71, 14], [62, 24], [69, 65], [79, 9], [69, 59], [36, 61], [53, 12], [2, 62], [29, 52], [46, 59], [78, 39], [18, 4], [27, 12], [15, 19], [1, 38], [74, 33], [19, 43], [71, 36], [18, 27], [68, 28], [0, 0]]","[0, 12, 13, 14, 19, 9, 6, 10, 3, 5, 11, 16, 18, 20, 2, 1, 4, 7, 17, 8, 15, 21]",362.3402710570146,20.18834352493286
