Id,Coordinates,Order,Distance,Time
4782,"[[0, 0], [9, 112], [11, 60], [16, 116], [7, 76], [9, 51], [13, 88], [10, 92], [8, 103], [10, 53], [13, 67], [14, 107], [17, 136], [7, 15], [8, 97], [8, 21], [2, 12], [4, 29], [1, 52], [3, 106], [14, 150], [0, 0]]","[0, 13, 15, 5, 9, 2, 10, 6, 7, 14, 8, 19, 1, 20, 12, 3, 11, 4, 18, 17, 16, 21]",310.827625147114,13.855846166610718
