Id,Coordinates,Order,Distance,Time
6693,"[[0, 0], [33, 83], [122, 37], [37, 56], [22, 45], [73, 69], [134, 23], [130, 20], [39, 31], [62, 23], [69, 89], [3, 44], [116, 49], [10, 113], [26, 99], [36, 88], [66, 112], [117, 5], [46, 58], [130, 18], [61, 39], [0, 0]]","[0, 11, 4, 3, 18, 5, 10, 15, 1, 14, 13, 16, 12, 2, 6, 7, 19, 17, 9, 20, 8, 21]",557.8806839089495,19.982999324798584
