Id,Coordinates,Order,Distance,Time
5619,"[[0, 0], [157, 22], [137, 17], [35, 15], [146, 15], [66, 19], [71, 2], [109, 2], [13, 13], [145, 22], [18, 5], [44, 10], [117, 1], [102, 2], [10, 10], [16, 1], [32, 5], [146, 2], [67, 13], [119, 19], [105, 18], [0, 0]]","[0, 14, 8, 10, 15, 16, 3, 11, 18, 6, 13, 7, 12, 17, 4, 9, 1, 2, 19, 20, 5, 21]",371.02454628075327,18.605200052261353
