Id,Coordinates,Order,Distance,Time
1264,"[[0, 0], [115, 38], [19, 17], [23, 12], [66, 20], [115, 5], [9, 36], [29, 30], [115, 26], [100, 7], [113, 23], [113, 27], [51, 20], [51, 17], [2, 31], [35, 8], [90, 38], [49, 22], [63, 35], [73, 38], [28, 29], [0, 0]]","[0, 2, 3, 15, 13, 12, 18, 19, 16, 1, 11, 8, 10, 5, 9, 4, 17, 7, 20, 6, 14, 21]",323.2079429234391,18.13801884651184
