Id,Coordinates,Order,Distance,Time
5161,"[[0, 0], [39, 68], [31, 101], [107, 34], [48, 51], [108, 116], [102, 21], [78, 87], [108, 5], [49, 22], [59, 62], [119, 79], [87, 40], [40, 7], [103, 101], [116, 140], [120, 15], [69, 150], [79, 78], [116, 111], [67, 92], [0, 0]]","[0, 13, 9, 4, 10, 1, 2, 20, 18, 7, 17, 15, 5, 19, 14, 11, 3, 16, 8, 6, 12, 21]",633.4063339491906,16.20999765396118
