Id,Coordinates,Order,Distance,Time
7715,"[[0, 0], [7, 52], [107, 37], [102, 29], [133, 25], [102, 58], [101, 86], [49, 27], [79, 13], [69, 78], [64, 50], [73, 27], [62, 86], [162, 75], [123, 26], [30, 21], [99, 72], [151, 79], [18, 78], [141, 21], [3, 33], [0, 0]]","[0, 20, 1, 18, 12, 9, 10, 2, 14, 4, 19, 5, 16, 6, 17, 13, 3, 8, 11, 7, 15, 21]",590.7201353555158,15.886323690414429
