Id,Coordinates,Order,Distance,Time
9418,"[[0, 0], [196, 141], [80, 146], [171, 14], [50, 25], [70, 123], [148, 26], [43, 61], [74, 121], [153, 6], [69, 58], [18, 21], [167, 106], [117, 119], [181, 142], [2, 93], [156, 52], [145, 61], [198, 115], [48, 122], [37, 140], [0, 0]]","[0, 15, 7, 10, 8, 5, 19, 20, 2, 13, 14, 1, 18, 12, 17, 16, 6, 3, 9, 4, 11, 21]",813.4005197305166,13.640528678894043
