Id,Coordinates,Order,Distance,Time
9100,"[[0, 0], [128, 3], [5, 11], [129, 13], [69, 13], [90, 2], [86, 11], [16, 4], [18, 7], [137, 3], [100, 6], [30, 7], [14, 2], [98, 12], [145, 8], [119, 7], [72, 14], [113, 14], [89, 5], [102, 1], [105, 13], [0, 0]]","[0, 12, 7, 8, 11, 4, 16, 6, 18, 13, 20, 17, 15, 1, 9, 14, 3, 19, 10, 5, 2, 21]",319.28403019614296,14.626667261123657
