Id,Coordinates,Order,Distance,Time
4677,"[[0, 0], [2, 38], [47, 11], [47, 48], [36, 14], [16, 45], [8, 3], [80, 30], [23, 31], [86, 45], [18, 45], [15, 14], [80, 6], [53, 44], [67, 3], [76, 33], [34, 27], [86, 24], [32, 24], [66, 37], [29, 42], [0, 0]]","[0, 6, 11, 8, 18, 16, 4, 2, 14, 12, 17, 7, 15, 9, 19, 13, 3, 20, 5, 10, 1, 21]",295.2432382212078,16.293108463287354
