Id,Coordinates,Order,Distance,Time
9872,"[[0, 0], [63, 157], [23, 42], [37, 75], [38, 77], [9, 117], [52, 50], [45, 60], [9, 148], [18, 130], [2, 116], [30, 94], [7, 105], [9, 125], [13, 145], [29, 99], [50, 52], [62, 52], [7, 138], [6, 99], [11, 51], [0, 0]]","[0, 2, 16, 6, 17, 7, 3, 4, 11, 15, 19, 12, 10, 5, 13, 9, 18, 14, 8, 1, 20, 21]",469.9547329557671,13.828224182128906
