Id,Coordinates,Order,Distance,Time
9794,"[[0, 0], [29, 50], [43, 116], [9, 147], [95, 27], [64, 150], [49, 17], [2, 100], [48, 57], [75, 73], [82, 91], [36, 49], [27, 39], [74, 76], [84, 46], [12, 108], [78, 35], [86, 34], [70, 150], [14, 144], [1, 163], [0, 0]]","[0, 12, 1, 11, 8, 9, 13, 10, 14, 17, 4, 16, 6, 2, 5, 18, 20, 3, 19, 15, 7, 21]",640.1462050116739,17.74502730369568
