Id,Coordinates,Order,Distance,Time
7159,"[[0, 0], [10, 61], [11, 71], [9, 25], [3, 69], [22, 32], [18, 47], [37, 55], [3, 14], [27, 36], [15, 67], [49, 2], [35, 20], [6, 43], [31, 60], [12, 62], [44, 15], [16, 66], [38, 44], [19, 70], [29, 19], [0, 0]]","[0, 8, 3, 5, 9, 18, 7, 14, 19, 17, 10, 2, 4, 15, 1, 13, 6, 20, 12, 16, 11, 21]",269.5674120499871,14.614984273910522
