Id,Coordinates,Order,Distance,Time
9793,"[[0, 0], [32, 17], [53, 17], [20, 41], [30, 27], [73, 36], [59, 15], [46, 37], [42, 38], [44, 44], [20, 40], [62, 32], [3, 22], [68, 22], [58, 6], [18, 34], [17, 61], [3, 4], [16, 56], [51, 38], [10, 14], [0, 0]]","[0, 17, 20, 12, 15, 10, 3, 18, 16, 9, 8, 7, 19, 11, 5, 13, 6, 14, 2, 4, 1, 21]",264.6007878036358,17.956315517425537
