Id,Coordinates,Order,Distance,Time
5917,"[[0, 0], [58, 120], [56, 80], [81, 125], [27, 87], [53, 70], [12, 40], [40, 27], [20, 73], [28, 114], [21, 108], [65, 13], [18, 23], [73, 65], [45, 19], [45, 116], [42, 21], [39, 42], [72, 125], [48, 125], [26, 125], [0, 0]]","[0, 12, 17, 7, 16, 14, 11, 13, 5, 2, 10, 9, 20, 19, 1, 18, 3, 15, 4, 8, 6, 21]",470.91516980568053,19.81416630744934
