Id,Coordinates,Order,Distance,Time
5166,"[[0, 0], [64, 88], [92, 114], [77, 83], [53, 69], [11, 26], [38, 45], [17, 99], [96, 64], [3, 13], [19, 5], [37, 54], [93, 111], [53, 120], [105, 95], [2, 106], [63, 59], [8, 16], [69, 2], [89, 108], [81, 56], [0, 0]]","[0, 9, 17, 5, 11, 4, 16, 20, 8, 3, 1, 14, 12, 2, 19, 13, 7, 15, 6, 18, 10, 21]",540.1618289602978,15.880934000015259
