Id,Coordinates,Order,Distance,Time
1179,"[[0, 0], [44, 36], [77, 54], [14, 14], [88, 23], [58, 36], [1, 20], [6, 32], [56, 18], [12, 11], [71, 15], [78, 36], [33, 16], [48, 23], [83, 60], [55, 32], [44, 10], [101, 59], [18, 47], [15, 51], [76, 27], [0, 0]]","[0, 9, 3, 6, 7, 18, 19, 1, 5, 15, 13, 8, 20, 11, 2, 14, 17, 4, 10, 16, 12, 21]",352.3158860599316,18.516753911972046
