Id,Coordinates,Order,Distance,Time
8617,"[[0, 0], [95, 9], [23, 3], [25, 2], [18, 4], [17, 5], [131, 5], [107, 3], [7, 5], [129, 9], [79, 2], [81, 5], [17, 5], [123, 8], [11, 7], [136, 5], [83, 3], [16, 4], [28, 2], [104, 5], [14, 5], [0, 0]]","[0, 8, 14, 20, 5, 12, 2, 3, 18, 10, 16, 7, 13, 9, 15, 6, 19, 1, 11, 4, 17, 21]",278.18125240471863,13.802438735961914
