Id,Coordinates,Order,Distance,Time
5406,"[[0, 0], [61, 26], [21, 2], [65, 4], [65, 8], [46, 26], [63, 47], [51, 67], [27, 21], [7, 49], [52, 72], [30, 74], [77, 20], [51, 8], [15, 38], [77, 8], [17, 61], [7, 7], [54, 66], [20, 19], [42, 19], [0, 0]]","[0, 2, 19, 8, 20, 5, 1, 12, 15, 4, 3, 13, 6, 18, 7, 10, 11, 16, 9, 14, 17, 21]",323.94983940399766,14.00462794303894
