Id,Coordinates,Order,Distance,Time
3908,"[[0, 0], [51, 51], [164, 122], [121, 92], [21, 132], [131, 87], [22, 43], [16, 120], [103, 65], [28, 35], [141, 129], [160, 37], [90, 136], [138, 85], [158, 29], [51, 160], [35, 159], [112, 15], [122, 141], [86, 68], [22, 39], [0, 0]]","[0, 20, 6, 9, 1, 19, 8, 5, 2, 10, 18, 12, 15, 16, 4, 7, 3, 13, 11, 14, 17, 21]",759.0060852809434,14.183471202850342
