Id,Coordinates,Order,Distance,Time
5617,"[[0, 0], [8, 4], [172, 14], [151, 11], [174, 107], [86, 59], [5, 81], [49, 153], [147, 179], [46, 153], [118, 122], [92, 142], [117, 133], [129, 19], [148, 153], [16, 121], [170, 157], [179, 158], [10, 51], [57, 44], [36, 146], [0, 0]]","[0, 18, 6, 15, 20, 9, 7, 11, 12, 10, 14, 8, 16, 17, 4, 2, 3, 13, 5, 19, 1, 21]",714.5985460747779,16.293110132217407
