Id,Coordinates,Order,Distance,Time
998,"[[0, 0], [104, 161], [69, 138], [68, 82], [92, 35], [57, 47], [8, 28], [151, 58], [31, 80], [132, 128], [93, 163], [2, 31], [180, 84], [90, 171], [7, 30], [6, 38], [6, 22], [32, 1], [130, 100], [47, 53], [169, 31], [0, 0]]","[0, 16, 6, 14, 11, 15, 8, 19, 5, 3, 2, 10, 13, 1, 9, 18, 12, 20, 7, 4, 17, 21]",663.2808250180136,17.409397840499878
