Id,Coordinates,Order,Distance,Time
7459,"[[0, 0], [15, 79], [13, 148], [14, 141], [25, 61], [24, 87], [25, 51], [18, 112], [21, 52], [19, 145], [37, 138], [5, 47], [42, 24], [8, 27], [10, 77], [25, 138], [27, 113], [13, 41], [43, 125], [7, 153], [19, 130], [0, 0]]","[0, 13, 17, 11, 8, 6, 4, 14, 1, 5, 7, 16, 20, 3, 19, 2, 9, 15, 10, 18, 12, 21]",401.2343618393228,15.877515077590942
