Id,Coordinates,Order,Distance,Time
5042,"[[0, 0], [163, 40], [29, 51], [59, 18], [96, 2], [67, 41], [56, 44], [174, 47], [34, 50], [100, 58], [161, 10], [58, 35], [101, 64], [133, 3], [38, 60], [130, 58], [172, 15], [5, 42], [34, 54], [107, 51], [116, 50], [0, 0]]","[0, 17, 2, 8, 18, 14, 6, 3, 4, 13, 10, 16, 7, 1, 15, 20, 19, 9, 12, 5, 11, 21]",495.2244420227672,19.962996006011963
