Id,Coordinates,Order,Distance,Time
8531,"[[0, 0], [65, 74], [33, 16], [47, 118], [38, 8], [50, 34], [39, 74], [33, 112], [54, 110], [37, 154], [21, 35], [57, 1], [62, 106], [56, 45], [23, 66], [56, 66], [38, 115], [56, 150], [41, 91], [4, 86], [38, 142], [0, 0]]","[0, 2, 4, 11, 5, 13, 15, 1, 6, 18, 3, 8, 12, 17, 9, 20, 16, 7, 19, 14, 10, 21]",482.12505358963165,15.518264293670654
