Id,Coordinates,Order,Distance,Time
2583,"[[0, 0], [26, 34], [85, 54], [89, 2], [71, 77], [79, 112], [5, 35], [56, 65], [87, 118], [49, 94], [48, 107], [80, 148], [57, 6], [47, 55], [48, 69], [63, 66], [13, 150], [39, 148], [15, 114], [46, 99], [51, 138], [0, 0]]","[0, 6, 1, 13, 7, 14, 9, 19, 10, 18, 16, 17, 20, 11, 8, 5, 4, 15, 2, 3, 12, 21]",545.8229298178176,14.45268964767456
