Id,Coordinates,Order,Distance,Time
9015,"[[0, 0], [37, 54], [10, 157], [122, 39], [42, 183], [42, 185], [53, 15], [132, 40], [147, 37], [134, 74], [128, 113], [36, 53], [58, 73], [111, 65], [10, 31], [13, 12], [85, 124], [117, 131], [7, 161], [65, 73], [12, 15], [0, 0]]","[0, 6, 11, 1, 12, 19, 13, 3, 7, 8, 9, 10, 17, 16, 4, 5, 18, 2, 14, 20, 15, 21]",650.6650075422067,16.601909637451172
