Id,Coordinates,Order,Distance,Time
7831,"[[0, 0], [14, 92], [17, 84], [10, 118], [17, 19], [14, 31], [5, 3], [11, 95], [7, 58], [12, 115], [12, 16], [14, 51], [16, 127], [9, 55], [2, 120], [5, 109], [3, 76], [5, 109], [10, 4], [13, 94], [2, 12], [0, 0]]","[0, 6, 18, 10, 4, 5, 11, 2, 1, 19, 7, 15, 17, 14, 3, 12, 9, 16, 8, 13, 20, 21]",282.5944634382408,13.925717830657959
