Id,Coordinates,Order,Distance,Time
7914,"[[0, 0], [25, 138], [26, 140], [22, 171], [62, 119], [10, 5], [68, 80], [51, 141], [14, 118], [9, 152], [5, 34], [4, 120], [46, 136], [18, 171], [61, 5], [42, 29], [42, 76], [50, 49], [30, 87], [37, 163], [54, 175], [0, 0]]","[0, 5, 14, 15, 17, 16, 18, 8, 11, 1, 2, 12, 7, 9, 13, 3, 19, 20, 4, 6, 10, 21]",574.864451587872,14.97633409500122
