Id,Coordinates,Order,Distance,Time
1023,"[[0, 0], [6, 34], [60, 36], [54, 7], [119, 19], [34, 36], [157, 22], [4, 27], [22, 10], [5, 38], [137, 4], [148, 5], [41, 15], [139, 41], [154, 21], [86, 32], [120, 9], [109, 19], [120, 35], [80, 39], [73, 29], [0, 0]]","[0, 8, 12, 3, 5, 1, 9, 7, 20, 17, 4, 16, 10, 11, 14, 6, 13, 18, 15, 19, 2, 21]",491.64675160684004,21.74609065055847
