Id,Coordinates,Order,Distance,Time
3167,"[[0, 0], [34, 12], [13, 119], [22, 120], [35, 112], [16, 38], [4, 44], [10, 115], [42, 85], [1, 47], [1, 22], [22, 28], [6, 19], [32, 143], [35, 46], [3, 68], [9, 96], [8, 147], [14, 82], [15, 2], [38, 104], [0, 0]]","[0, 19, 12, 10, 11, 5, 6, 9, 15, 18, 16, 7, 2, 3, 4, 13, 17, 20, 8, 14, 1, 21]",429.4886786904087,15.749615907669067
