Id,Coordinates,Order,Distance,Time
6847,"[[0, 0], [39, 3], [54, 2], [28, 5], [4, 10], [53, 2], [34, 9], [8, 4], [42, 6], [6, 10], [49, 9], [55, 7], [16, 2], [53, 2], [28, 11], [54, 4], [30, 9], [39, 1], [7, 10], [21, 8], [36, 2], [0, 0]]","[0, 7, 18, 9, 4, 19, 14, 16, 6, 1, 8, 10, 11, 15, 2, 5, 13, 17, 20, 3, 12, 21]",134.97975651548035,17.59693741798401
