Id,Coordinates,Order,Distance,Time
9983,"[[0, 0], [57, 136], [159, 68], [102, 104], [103, 40], [17, 19], [168, 73], [11, 77], [130, 132], [65, 13], [149, 27], [127, 12], [61, 17], [58, 48], [78, 78], [1, 12], [47, 24], [67, 135], [93, 26], [94, 62], [87, 45], [0, 0]]","[0, 15, 5, 16, 20, 19, 14, 3, 8, 17, 1, 7, 13, 18, 11, 10, 6, 2, 4, 9, 12, 21]",766.2605637317981,13.689253568649292
