Id,Coordinates,Order,Distance,Time
1116,"[[0, 0], [95, 103], [83, 61], [2, 65], [32, 89], [68, 83], [61, 104], [24, 97], [9, 31], [31, 50], [68, 38], [71, 103], [84, 20], [81, 53], [74, 63], [78, 83], [40, 52], [51, 34], [118, 103], [13, 93], [62, 66], [0, 0]]","[0, 8, 9, 16, 17, 10, 13, 2, 14, 5, 11, 6, 4, 7, 19, 3, 20, 15, 1, 18, 12, 21]",590.9928668934892,16.79792618751526
