Id,Coordinates,Order,Distance,Time
5472,"[[0, 0], [17, 121], [60, 28], [47, 123], [24, 88], [15, 88], [67, 86], [20, 94], [15, 65], [29, 22], [62, 39], [48, 71], [54, 112], [75, 123], [68, 2], [19, 102], [22, 125], [37, 31], [14, 105], [47, 99], [5, 45], [0, 0]]","[0, 9, 17, 2, 11, 6, 19, 12, 13, 3, 16, 1, 18, 15, 7, 4, 5, 8, 20, 10, 14, 21]",515.8669833748091,17.881092309951782
