Id,Coordinates,Order,Distance,Time
2905,"[[0, 0], [7, 19], [9, 42], [7, 62], [6, 56], [2, 50], [5, 18], [5, 6], [11, 26], [6, 30], [1, 40], [9, 15], [7, 36], [8, 28], [11, 47], [8, 24], [3, 18], [3, 28], [5, 4], [8, 31], [8, 21], [0, 0]]","[0, 18, 7, 11, 1, 20, 15, 8, 13, 9, 19, 12, 2, 14, 3, 4, 5, 10, 17, 6, 16, 21]",137.5242903432501,16.053417444229126
