Id,Coordinates,Order,Distance,Time
1485,"[[0, 0], [10, 79], [92, 28], [97, 146], [23, 8], [92, 112], [45, 110], [142, 131], [131, 140], [108, 58], [112, 142], [49, 8], [179, 126], [89, 80], [107, 60], [58, 71], [68, 91], [148, 144], [128, 130], [86, 25], [70, 146], [0, 0]]","[0, 4, 11, 19, 2, 9, 14, 13, 16, 6, 20, 3, 10, 8, 17, 12, 7, 18, 5, 15, 1, 21]",645.4077663994091,20.396165132522583
