Id,Coordinates,Order,Distance,Time
8931,"[[0, 0], [119, 26], [39, 11], [43, 28], [114, 7], [77, 4], [14, 12], [74, 12], [72, 27], [115, 18], [33, 13], [82, 21], [97, 19], [122, 12], [62, 37], [91, 14], [60, 37], [77, 1], [87, 43], [63, 11], [71, 1], [0, 0]]","[0, 6, 10, 3, 16, 14, 18, 11, 15, 12, 9, 1, 13, 4, 5, 17, 20, 7, 8, 19, 2, 21]",349.47039148063897,13.975548505783081
