Id,Coordinates,Order,Distance,Time
2910,"[[0, 0], [47, 36], [6, 11], [78, 14], [23, 2], [68, 6], [4, 7], [48, 19], [66, 5], [25, 16], [3, 25], [4, 10], [1, 1], [71, 17], [49, 7], [57, 16], [3, 15], [37, 15], [30, 9], [55, 35], [17, 27], [0, 0]]","[0, 12, 6, 11, 2, 16, 10, 20, 9, 17, 14, 8, 5, 3, 13, 15, 19, 1, 7, 18, 4, 21]",233.15105772854199,16.670942544937134
