Id,Coordinates,Order,Distance,Time
223,"[[0, 0], [105, 3], [21, 27], [129, 11], [75, 10], [57, 5], [171, 3], [133, 24], [90, 20], [6, 12], [92, 22], [28, 5], [175, 9], [117, 2], [53, 26], [38, 16], [134, 16], [140, 17], [33, 19], [124, 4], [49, 10], [0, 0]]","[0, 9, 2, 18, 15, 20, 5, 4, 1, 13, 19, 3, 16, 17, 6, 12, 7, 10, 8, 14, 11, 21]",394.68905938037665,14.233810186386108
