Id,Coordinates,Order,Distance,Time
497,"[[0, 0], [12, 56], [12, 30], [13, 10], [15, 79], [11, 85], [5, 70], [8, 76], [6, 27], [19, 30], [9, 75], [16, 98], [7, 28], [19, 37], [18, 56], [17, 38], [9, 42], [15, 97], [3, 53], [7, 43], [16, 59], [0, 0]]","[0, 3, 8, 12, 2, 9, 13, 15, 16, 19, 1, 14, 20, 10, 7, 5, 17, 11, 4, 6, 18, 21]",236.64634367344507,15.172511339187622
