Id,Coordinates,Order,Distance,Time
2429,"[[0, 0], [80, 68], [42, 16], [92, 49], [71, 62], [33, 37], [39, 31], [55, 26], [51, 54], [63, 48], [33, 19], [95, 74], [65, 28], [61, 71], [97, 4], [71, 44], [87, 32], [24, 36], [63, 72], [50, 26], [41, 27], [0, 0]]","[0, 17, 5, 6, 20, 19, 7, 12, 15, 9, 8, 13, 18, 4, 1, 11, 3, 16, 14, 2, 10, 21]",366.210186382686,15.389246940612793
