Id,Coordinates,Order,Distance,Time
8301,"[[0, 0], [95, 67], [40, 67], [122, 32], [49, 94], [117, 17], [36, 98], [112, 74], [83, 64], [68, 91], [19, 59], [70, 44], [86, 76], [57, 77], [92, 12], [46, 55], [19, 67], [80, 6], [24, 116], [29, 50], [18, 70], [0, 0]]","[0, 10, 16, 20, 2, 13, 6, 18, 4, 9, 12, 8, 1, 7, 3, 5, 14, 17, 11, 15, 19, 21]",523.6087322016243,17.01388645172119
