Id,Coordinates,Order,Distance,Time
6116,"[[0, 0], [74, 38], [43, 11], [94, 5], [10, 21], [53, 25], [6, 4], [118, 5], [34, 39], [113, 64], [38, 54], [69, 23], [107, 20], [58, 31], [92, 45], [79, 58], [44, 49], [9, 8], [99, 60], [4, 52], [39, 42], [0, 0]]","[0, 6, 4, 19, 8, 20, 16, 10, 13, 5, 11, 1, 15, 18, 9, 14, 12, 7, 3, 2, 17, 21]",433.2917632174189,16.161966800689697
