Id,Coordinates,Order,Distance,Time
6906,"[[0, 0], [8, 50], [10, 38], [10, 104], [11, 59], [1, 126], [3, 72], [8, 101], [13, 130], [12, 95], [8, 12], [8, 97], [1, 194], [5, 22], [5, 155], [5, 93], [13, 50], [6, 107], [11, 64], [10, 193], [10, 49], [0, 0]]","[0, 10, 13, 2, 20, 16, 4, 18, 6, 15, 11, 7, 17, 5, 14, 19, 12, 8, 3, 9, 1, 21]",409.36575633941817,17.014570474624634
