Id,Coordinates,Order,Distance,Time
5775,"[[0, 0], [38, 141], [62, 75], [22, 10], [9, 4], [10, 87], [75, 5], [28, 104], [23, 47], [9, 42], [20, 79], [34, 53], [6, 122], [46, 7], [68, 11], [25, 61], [70, 45], [15, 138], [47, 89], [6, 20], [53, 48], [0, 0]]","[0, 4, 3, 19, 9, 8, 11, 18, 2, 20, 16, 14, 6, 13, 15, 5, 12, 17, 1, 7, 10, 21]",579.303435232988,14.916866779327393
