Id,Coordinates,Order,Distance,Time
1201,"[[0, 0], [39, 10], [32, 49], [47, 20], [4, 11], [5, 42], [9, 42], [34, 8], [59, 31], [12, 30], [58, 16], [46, 45], [14, 54], [19, 47], [43, 25], [7, 30], [10, 47], [21, 4], [49, 47], [23, 30], [61, 6], [0, 0]]","[0, 17, 7, 1, 14, 3, 20, 10, 8, 18, 11, 2, 13, 12, 16, 6, 5, 15, 9, 19, 4, 21]",249.25465027794456,12.966121196746826
