Id,Coordinates,Order,Distance,Time
8546,"[[0, 0], [164, 19], [124, 119], [104, 62], [58, 15], [70, 85], [49, 46], [7, 2], [128, 155], [190, 12], [64, 145], [171, 73], [167, 29], [11, 123], [132, 59], [134, 39], [141, 160], [154, 53], [153, 116], [5, 88], [66, 47], [0, 0]]","[0, 7, 4, 6, 20, 5, 3, 14, 15, 12, 1, 9, 17, 11, 18, 2, 16, 8, 10, 13, 19, 21]",768.2947026731983,15.754074096679688
