Id,Coordinates,Order,Distance,Time
9448,"[[0, 0], [85, 39], [24, 15], [73, 34], [73, 24], [80, 13], [87, 40], [14, 28], [62, 13], [82, 11], [3, 42], [46, 38], [83, 17], [86, 13], [96, 8], [17, 7], [57, 33], [3, 12], [73, 1], [100, 4], [10, 18], [0, 0]]","[0, 17, 20, 7, 10, 11, 16, 4, 18, 5, 9, 13, 14, 19, 12, 1, 6, 3, 8, 2, 15, 21]",335.55346472638536,15.731029987335205
