Id,Coordinates,Order,Distance,Time
6404,"[[0, 0], [28, 39], [5, 30], [67, 51], [103, 1], [158, 54], [12, 51], [134, 4], [148, 7], [57, 16], [79, 2], [9, 58], [36, 40], [53, 17], [150, 53], [6, 9], [4, 47], [177, 33], [71, 14], [71, 12], [179, 24], [0, 0]]","[0, 2, 16, 11, 6, 1, 13, 9, 18, 19, 10, 4, 7, 8, 20, 17, 5, 14, 3, 12, 15, 21]",472.8291979229012,13.833325624465942
