Id,Coordinates,Order,Distance,Time
1713,"[[0, 0], [96, 73], [67, 80], [85, 53], [94, 1], [85, 22], [83, 47], [96, 38], [20, 47], [22, 27], [63, 7], [83, 65], [108, 22], [40, 89], [32, 34], [117, 35], [83, 66], [116, 14], [118, 56], [63, 13], [61, 36], [0, 0]]","[0, 9, 14, 19, 10, 5, 7, 6, 3, 11, 16, 1, 18, 15, 12, 17, 4, 20, 2, 13, 8, 21]",505.6624081670726,21.592031002044678
