Id,Coordinates,Order,Distance,Time
6635,"[[0, 0], [20, 97], [85, 72], [30, 43], [69, 91], [32, 62], [61, 8], [135, 49], [131, 8], [49, 7], [85, 128], [12, 22], [13, 10], [90, 48], [31, 56], [109, 109], [130, 17], [62, 109], [120, 130], [16, 10], [100, 134], [0, 0]]","[0, 12, 19, 3, 14, 5, 4, 2, 7, 16, 8, 6, 9, 13, 15, 18, 20, 10, 17, 1, 11, 21]",679.8713203539876,17.451563835144043
