Id,Coordinates,Order,Distance,Time
6653,"[[0, 0], [113, 10], [45, 1], [186, 48], [82, 6], [24, 61], [64, 53], [137, 11], [164, 20], [71, 4], [164, 5], [50, 15], [63, 40], [17, 34], [72, 55], [3, 56], [67, 28], [87, 6], [48, 41], [151, 22], [74, 43], [0, 0]]","[0, 13, 15, 5, 18, 12, 6, 14, 20, 16, 9, 4, 17, 1, 7, 19, 8, 10, 3, 11, 2, 21]",565.8746628888249,11.855368375778198
