Id,Coordinates,Order,Distance,Time
9289,"[[0, 0], [46, 11], [14, 6], [47, 8], [11, 5], [31, 14], [10, 7], [41, 11], [9, 3], [33, 10], [14, 12], [7, 4], [34, 14], [49, 8], [8, 12], [8, 3], [25, 9], [12, 2], [41, 4], [18, 1], [16, 7], [0, 0]]","[0, 11, 15, 8, 4, 2, 20, 6, 14, 10, 16, 5, 12, 9, 7, 1, 3, 13, 18, 19, 17, 21]",130.0354403515834,18.950464487075806
