Id,Coordinates,Order,Distance,Time
8169,"[[0, 0], [71, 5], [51, 16], [19, 28], [86, 20], [13, 17], [123, 17], [75, 37], [50, 23], [38, 34], [91, 10], [71, 12], [105, 23], [90, 12], [114, 12], [110, 28], [18, 33], [53, 33], [50, 5], [68, 6], [84, 22], [0, 0]]","[0, 5, 3, 16, 9, 8, 2, 18, 19, 1, 11, 20, 4, 13, 10, 14, 6, 15, 12, 7, 17, 21]",326.4335851796633,14.319544553756714
