Id,Coordinates,Order,Distance,Time
2056,"[[0, 0], [55, 67], [20, 45], [55, 36], [85, 98], [8, 25], [46, 108], [18, 79], [121, 34], [33, 73], [63, 3], [61, 88], [36, 105], [6, 84], [130, 96], [29, 111], [31, 65], [131, 82], [120, 105], [90, 58], [76, 85], [0, 0]]","[0, 5, 2, 16, 9, 7, 13, 15, 12, 6, 11, 20, 4, 18, 14, 17, 8, 19, 1, 3, 10, 21]",535.6198282425825,16.01993727684021
