Id,Coordinates,Order,Distance,Time
7649,"[[0, 0], [89, 30], [5, 83], [42, 62], [84, 10], [23, 12], [6, 32], [26, 133], [85, 100], [81, 161], [143, 125], [60, 113], [5, 117], [106, 130], [101, 72], [72, 34], [23, 54], [139, 37], [98, 71], [119, 48], [100, 110], [0, 0]]","[0, 5, 16, 3, 15, 4, 1, 17, 19, 14, 18, 8, 20, 10, 13, 9, 11, 7, 12, 2, 6, 21]",690.8354926822775,17.857298851013184
