Id,Coordinates,Order,Distance,Time
2552,"[[0, 0], [31, 6], [50, 17], [94, 11], [45, 8], [64, 23], [10, 12], [86, 6], [22, 14], [56, 20], [113, 6], [84, 4], [45, 19], [79, 5], [32, 8], [94, 6], [105, 11], [30, 9], [34, 15], [41, 18], [51, 15], [0, 0]]","[0, 6, 8, 18, 19, 12, 2, 20, 9, 5, 13, 11, 7, 15, 10, 16, 3, 4, 14, 1, 17, 21]",251.40599486155054,17.960972785949707
