Id,Coordinates,Order,Distance,Time
4681,"[[0, 0], [26, 25], [16, 2], [23, 1], [89, 18], [7, 85], [108, 95], [10, 64], [78, 77], [41, 32], [14, 94], [72, 42], [34, 58], [62, 10], [115, 51], [97, 84], [17, 60], [50, 45], [12, 68], [25, 51], [105, 75], [0, 0]]","[0, 1, 9, 17, 12, 19, 16, 7, 18, 5, 10, 8, 15, 6, 20, 14, 4, 11, 13, 3, 2, 21]",469.5661383130405,19.841044187545776
