Id,Coordinates,Order,Distance,Time
5058,"[[0, 0], [46, 65], [5, 89], [34, 61], [95, 140], [102, 36], [72, 92], [133, 114], [143, 46], [129, 152], [81, 123], [1, 136], [3, 31], [41, 155], [22, 5], [62, 56], [36, 137], [41, 121], [7, 122], [57, 60], [61, 110], [0, 0]]","[0, 12, 3, 1, 19, 15, 6, 17, 16, 13, 11, 18, 2, 20, 10, 4, 9, 7, 8, 5, 14, 21]",711.4928169062891,23.636518955230713
