Id,Coordinates,Order,Distance,Time
6042,"[[0, 0], [5, 1], [11, 21], [15, 37], [16, 34], [16, 1], [8, 29], [20, 36], [20, 31], [1, 29], [7, 70], [14, 22], [18, 54], [5, 13], [15, 87], [17, 7], [14, 41], [1, 63], [19, 84], [12, 52], [16, 67], [0, 0]]","[0, 1, 5, 15, 2, 11, 6, 4, 3, 8, 7, 16, 19, 12, 20, 18, 14, 10, 17, 9, 13, 21]",227.36107612955567,15.334887504577637
