Id,Coordinates,Order,Distance,Time
8939,"[[0, 0], [41, 117], [79, 69], [45, 143], [37, 6], [26, 127], [34, 179], [82, 97], [67, 112], [54, 89], [43, 186], [74, 160], [45, 80], [35, 88], [72, 126], [25, 69], [36, 83], [3, 27], [67, 170], [30, 117], [1, 32], [0, 0]]","[0, 17, 20, 15, 16, 13, 12, 9, 8, 1, 19, 5, 3, 11, 18, 10, 6, 14, 7, 2, 4, 21]",546.91617379138,15.546698570251465
