Id,Coordinates,Order,Distance,Time
8387,"[[0, 0], [26, 36], [31, 18], [23, 140], [27, 133], [23, 7], [6, 60], [2, 47], [18, 158], [14, 33], [18, 131], [4, 52], [2, 30], [30, 19], [12, 32], [26, 79], [32, 148], [2, 132], [23, 173], [16, 62], [16, 106], [0, 0]]","[0, 5, 2, 13, 1, 9, 14, 19, 15, 20, 10, 4, 3, 16, 18, 8, 17, 6, 11, 7, 12, 21]",409.0308709780222,20.37385129928589
