Id,Coordinates,Order,Distance,Time
4037,"[[0, 0], [9, 31], [6, 86], [61, 52], [31, 86], [33, 95], [37, 83], [3, 28], [40, 32], [30, 69], [31, 13], [72, 4], [34, 102], [57, 72], [23, 87], [38, 52], [65, 11], [41, 34], [34, 26], [32, 104], [48, 96], [0, 0]]","[0, 7, 1, 8, 17, 15, 9, 6, 4, 14, 2, 5, 12, 19, 20, 13, 3, 11, 16, 18, 10, 21]",394.42545647892774,13.790976524353027
