Id,Coordinates,Order,Distance,Time
2346,"[[0, 0], [66, 78], [53, 126], [46, 132], [23, 64], [15, 63], [45, 100], [113, 142], [138, 85], [134, 72], [101, 41], [117, 24], [155, 39], [114, 8], [69, 139], [34, 121], [10, 38], [47, 76], [130, 130], [109, 128], [90, 90], [0, 0]]","[0, 16, 4, 17, 1, 20, 19, 7, 18, 8, 9, 12, 13, 11, 10, 6, 2, 14, 3, 15, 5, 21]",702.7118687179734,18.099164247512817
