Id,Coordinates,Order,Distance,Time
8145,"[[0, 0], [142, 52], [118, 14], [123, 31], [96, 63], [148, 2], [171, 3], [145, 37], [10, 2], [160, 39], [132, 1], [89, 6], [36, 12], [90, 30], [29, 60], [158, 4], [61, 61], [101, 67], [144, 62], [139, 19], [153, 52], [0, 0]]","[0, 8, 14, 16, 4, 17, 13, 2, 3, 19, 7, 9, 20, 1, 18, 15, 6, 5, 10, 11, 12, 21]",568.6782108439796,16.41249918937683
