Id,Coordinates,Order,Distance,Time
9432,"[[0, 0], [23, 26], [9, 147], [24, 41], [15, 131], [9, 83], [8, 79], [27, 126], [35, 129], [26, 26], [29, 102], [13, 126], [6, 30], [23, 30], [25, 151], [16, 30], [4, 46], [2, 78], [19, 126], [12, 114], [18, 122], [0, 0]]","[0, 15, 13, 1, 9, 3, 17, 6, 5, 19, 20, 18, 11, 4, 7, 8, 14, 2, 10, 16, 12, 21]",391.53062625190574,13.794233322143555
