Id,Coordinates,Order,Distance,Time
1396,"[[0, 0], [71, 40], [4, 27], [7, 73], [69, 57], [86, 41], [47, 82], [55, 2], [51, 45], [29, 97], [47, 89], [28, 56], [74, 78], [60, 86], [91, 91], [83, 79], [37, 54], [42, 69], [6, 40], [32, 2], [69, 57], [0, 0]]","[0, 2, 18, 11, 16, 17, 6, 10, 13, 12, 15, 14, 4, 20, 5, 1, 7, 19, 8, 9, 3, 21]",518.025671185966,16.556705951690674
