Id,Coordinates,Order,Distance,Time
2263,"[[0, 0], [61, 31], [25, 30], [27, 4], [97, 15], [133, 14], [72, 6], [92, 34], [38, 30], [8, 32], [34, 3], [27, 28], [51, 9], [134, 16], [83, 19], [15, 24], [62, 25], [22, 4], [117, 24], [122, 22], [19, 28], [0, 0]]","[0, 17, 3, 10, 12, 16, 8, 11, 2, 20, 15, 9, 1, 7, 18, 19, 13, 5, 4, 14, 6, 21]",403.9823961830765,18.481538772583008
