Id,Coordinates,Order,Distance,Time
9014,"[[0, 0], [118, 6], [64, 6], [155, 7], [10, 6], [155, 9], [39, 14], [47, 16], [175, 8], [152, 5], [140, 7], [182, 9], [41, 8], [114, 6], [184, 16], [59, 9], [68, 15], [131, 2], [165, 17], [32, 11], [90, 17], [0, 0]]","[0, 4, 19, 6, 7, 16, 20, 13, 1, 17, 10, 9, 3, 5, 8, 11, 14, 18, 2, 15, 12, 21]",384.8999782825945,18.712395668029785
