Id,Coordinates,Order,Distance,Time
1302,"[[0, 0], [174, 24], [110, 11], [137, 18], [161, 2], [117, 12], [6, 28], [104, 19], [139, 10], [21, 22], [6, 3], [128, 13], [45, 30], [26, 16], [32, 5], [98, 29], [181, 4], [73, 9], [37, 24], [145, 23], [166, 6], [0, 0]]","[0, 10, 13, 9, 18, 12, 15, 7, 2, 5, 11, 3, 8, 4, 20, 16, 1, 19, 17, 14, 6, 21]",447.870318662954,17.912187814712524
