Id,Coordinates,Order,Distance,Time
4506,"[[0, 0], [62, 19], [98, 7], [58, 59], [57, 58], [80, 56], [28, 54], [98, 5], [57, 69], [1, 21], [51, 49], [93, 17], [2, 37], [42, 2], [6, 36], [40, 22], [76, 5], [73, 42], [32, 36], [30, 25], [24, 50], [0, 0]]","[0, 9, 12, 14, 20, 6, 18, 15, 13, 1, 16, 7, 2, 11, 17, 5, 8, 3, 4, 10, 19, 21]",371.84019435609486,14.194920301437378
