Id,Coordinates,Order,Distance,Time
8114,"[[0, 0], [79, 131], [57, 132], [59, 132], [115, 75], [101, 131], [24, 46], [117, 59], [100, 149], [64, 94], [21, 84], [108, 93], [116, 15], [78, 81], [72, 130], [46, 107], [80, 130], [22, 104], [77, 86], [82, 40], [49, 131], [0, 0]]","[0, 6, 15, 9, 18, 13, 4, 7, 12, 19, 11, 5, 8, 16, 1, 14, 3, 2, 20, 17, 10, 21]",617.9002076128958,18.815603017807007
