Id,Coordinates,Order,Distance,Time
7870,"[[0, 0], [26, 21], [42, 19], [34, 9], [6, 16], [26, 1], [27, 16], [40, 1], [43, 21], [8, 8], [19, 6], [10, 23], [31, 10], [55, 22], [6, 17], [45, 3], [2, 12], [50, 5], [25, 13], [36, 20], [33, 18], [0, 0]]","[0, 16, 4, 14, 11, 1, 6, 18, 12, 3, 20, 19, 2, 8, 13, 17, 15, 7, 5, 10, 9, 21]",166.34115965399482,13.458528280258179
