Id,Coordinates,Order,Distance,Time
4099,"[[0, 0], [149, 29], [28, 33], [156, 76], [99, 3], [77, 74], [13, 51], [58, 108], [74, 2], [119, 52], [128, 57], [105, 111], [78, 17], [75, 72], [16, 57], [36, 66], [21, 10], [111, 104], [131, 21], [59, 58], [137, 82], [0, 0]]","[0, 2, 6, 14, 15, 19, 13, 5, 7, 11, 17, 20, 3, 10, 9, 1, 18, 4, 12, 8, 16, 21]",548.0078965072804,13.361891746520996
