Id,Coordinates,Order,Distance,Time
5853,"[[0, 0], [47, 100], [70, 46], [162, 31], [155, 43], [88, 69], [162, 16], [130, 52], [119, 28], [43, 110], [23, 102], [110, 57], [52, 91], [144, 53], [24, 29], [92, 2], [113, 114], [49, 66], [121, 23], [154, 69], [123, 28], [0, 0]]","[0, 14, 17, 12, 1, 9, 10, 5, 11, 7, 4, 3, 6, 18, 8, 20, 13, 19, 16, 2, 15, 21]",708.1621764788188,17.054317712783813
