Id,Coordinates,Order,Distance,Time
3625,"[[0, 0], [81, 4], [108, 4], [32, 15], [63, 22], [62, 12], [58, 26], [57, 2], [17, 11], [104, 8], [53, 6], [31, 2], [114, 20], [4, 20], [16, 4], [64, 19], [82, 25], [74, 8], [58, 7], [106, 3], [111, 26], [0, 0]]","[0, 14, 11, 10, 18, 7, 5, 17, 1, 9, 19, 2, 12, 20, 16, 15, 4, 6, 3, 8, 13, 21]",287.3574083933375,17.993058919906616
