Id,Coordinates,Order,Distance,Time
2483,"[[0, 0], [91, 67], [94, 62], [69, 64], [50, 66], [10, 38], [41, 26], [16, 31], [95, 33], [113, 55], [45, 28], [25, 34], [52, 45], [110, 23], [23, 36], [8, 32], [104, 29], [100, 56], [83, 39], [95, 5], [73, 33], [0, 0]]","[0, 15, 5, 7, 14, 11, 6, 10, 12, 4, 3, 1, 2, 17, 9, 13, 16, 8, 18, 20, 19, 21]",395.75663470757576,17.011546850204468
