Id,Coordinates,Order,Distance,Time
1200,"[[0, 0], [131, 40], [107, 6], [144, 40], [66, 38], [24, 25], [71, 16], [81, 38], [42, 23], [135, 19], [84, 1], [58, 27], [38, 15], [137, 12], [109, 34], [84, 37], [52, 7], [128, 11], [94, 21], [37, 21], [68, 14], [0, 0]]","[0, 5, 19, 8, 11, 6, 20, 4, 7, 15, 18, 2, 17, 13, 9, 3, 1, 14, 10, 16, 12, 21]",398.241696886515,14.426891803741455
