Id,Coordinates,Order,Distance,Time
8897,"[[0, 0], [84, 30], [70, 24], [42, 59], [32, 38], [47, 14], [68, 44], [143, 15], [125, 57], [133, 17], [108, 35], [115, 45], [143, 42], [122, 30], [32, 69], [130, 15], [7, 41], [139, 7], [116, 13], [38, 12], [102, 9], [0, 0]]","[0, 19, 5, 2, 3, 14, 6, 1, 20, 18, 15, 9, 7, 17, 13, 12, 8, 11, 10, 4, 16, 21]",523.1885857770138,13.89637303352356
