Id,Coordinates,Order,Distance,Time
5747,"[[0, 0], [3, 12], [11, 16], [13, 17], [4, 17], [9, 1], [9, 6], [12, 11], [7, 10], [9, 14], [14, 18], [5, 17], [11, 14], [11, 12], [9, 15], [8, 10], [3, 19], [17, 12], [9, 5], [13, 15], [13, 2], [0, 0]]","[0, 18, 6, 15, 8, 1, 4, 16, 11, 9, 14, 2, 3, 10, 19, 12, 13, 7, 17, 20, 5, 21]",79.80113494647381,12.89192819595337
