Id,Coordinates,Order,Distance,Time
2989,"[[0, 0], [58, 26], [20, 80], [53, 84], [47, 14], [58, 8], [51, 54], [92, 84], [25, 19], [60, 41], [87, 54], [11, 4], [29, 51], [46, 70], [86, 23], [33, 48], [67, 71], [29, 30], [57, 46], [84, 19], [101, 32], [0, 0]]","[0, 11, 8, 17, 15, 12, 6, 18, 9, 1, 4, 5, 19, 14, 20, 10, 7, 16, 3, 13, 2, 21]",428.28400513318786,15.888300895690918
