Id,Coordinates,Order,Distance,Time
1848,"[[0, 0], [56, 75], [34, 56], [34, 98], [146, 38], [8, 69], [55, 108], [152, 18], [23, 38], [71, 41], [46, 19], [18, 57], [36, 110], [40, 30], [48, 99], [21, 77], [74, 6], [12, 88], [136, 46], [51, 16], [45, 71], [0, 0]]","[0, 8, 13, 9, 1, 20, 2, 11, 5, 15, 17, 3, 12, 14, 6, 18, 4, 7, 16, 19, 10, 21]",582.9987642578709,16.314187049865723
