Id,Coordinates,Order,Distance,Time
195,"[[0, 0], [62, 176], [20, 61], [70, 173], [153, 167], [119, 129], [47, 8], [36, 123], [39, 152], [9, 118], [53, 90], [47, 176], [133, 16], [142, 185], [42, 88], [117, 1], [102, 185], [158, 62], [111, 40], [108, 103], [18, 100], [0, 0]]","[0, 2, 10, 14, 20, 9, 7, 8, 11, 1, 3, 16, 13, 4, 5, 19, 17, 12, 15, 18, 6, 21]",742.8489443108201,17.314955711364746
