Id,Coordinates,Order,Distance,Time
1466,"[[0, 0], [41, 100], [24, 114], [40, 114], [47, 53], [3, 98], [14, 112], [35, 19], [59, 63], [62, 92], [29, 1], [63, 36], [66, 60], [21, 70], [21, 64], [11, 100], [71, 21], [2, 100], [6, 112], [73, 28], [42, 100], [0, 0]]","[0, 10, 16, 19, 11, 12, 8, 14, 13, 15, 5, 17, 18, 6, 2, 3, 1, 20, 9, 4, 7, 21]",413.63193665205426,16.13526487350464
