Id,Coordinates,Order,Distance,Time
5939,"[[0, 0], [64, 3], [6, 11], [34, 8], [48, 6], [72, 6], [13, 3], [76, 2], [58, 3], [13, 5], [53, 1], [25, 1], [22, 9], [76, 4], [1, 5], [90, 11], [72, 9], [38, 1], [9, 4], [14, 2], [63, 6], [0, 0]]","[0, 14, 2, 18, 6, 9, 12, 3, 4, 10, 8, 1, 5, 13, 7, 15, 16, 20, 17, 11, 19, 21]",203.07662268737278,14.718808889389038
