Id,Coordinates,Order,Distance,Time
9882,"[[0, 0], [31, 104], [57, 92], [29, 46], [32, 26], [15, 107], [5, 85], [35, 46], [17, 85], [50, 31], [32, 59], [48, 28], [32, 44], [59, 41], [19, 2], [1, 78], [36, 40], [18, 50], [59, 44], [3, 51], [39, 8], [0, 0]]","[0, 4, 16, 7, 12, 3, 10, 17, 19, 15, 6, 8, 5, 1, 2, 18, 13, 9, 11, 20, 14, 21]",357.26295609446373,14.827479124069214
