Id,Coordinates,Order,Distance,Time
3488,"[[0, 0], [103, 27], [3, 42], [55, 34], [25, 42], [66, 8], [120, 30], [46, 4], [58, 5], [29, 45], [117, 43], [9, 7], [63, 39], [49, 10], [17, 42], [48, 34], [95, 14], [6, 29], [120, 2], [15, 34], [113, 17], [0, 0]]","[0, 17, 2, 19, 14, 4, 9, 15, 3, 12, 5, 8, 16, 18, 20, 6, 10, 1, 13, 7, 11, 21]",399.2751113624325,20.703619718551636
