Id,Coordinates,Order,Distance,Time
1827,"[[0, 0], [71, 59], [79, 102], [41, 75], [34, 105], [71, 96], [43, 69], [31, 24], [10, 12], [44, 65], [31, 113], [57, 32], [26, 69], [27, 45], [58, 32], [71, 96], [26, 10], [50, 110], [4, 3], [8, 99], [79, 58], [0, 0]]","[0, 16, 7, 13, 12, 3, 6, 9, 11, 14, 1, 20, 5, 15, 2, 17, 4, 10, 19, 8, 18, 21]",422.2103001540412,20.853105306625366
