Id,Coordinates,Order,Distance,Time
6739,"[[0, 0], [28, 87], [19, 78], [31, 98], [30, 104], [27, 5], [10, 102], [10, 136], [25, 121], [8, 1], [36, 22], [37, 164], [10, 116], [7, 94], [35, 88], [37, 128], [27, 76], [8, 55], [10, 80], [36, 1], [26, 145], [0, 0]]","[0, 9, 5, 19, 10, 17, 18, 2, 16, 1, 3, 4, 8, 15, 11, 20, 7, 12, 6, 13, 14, 21]",445.490277003931,22.30338430404663
