Id,Coordinates,Order,Distance,Time
9502,"[[0, 0], [10, 34], [25, 94], [29, 51], [25, 93], [18, 40], [6, 19], [16, 28], [8, 74], [10, 40], [30, 10], [21, 64], [17, 9], [23, 13], [2, 25], [5, 102], [9, 80], [5, 44], [19, 42], [15, 84], [14, 22], [0, 0]]","[0, 12, 10, 13, 20, 7, 1, 9, 5, 18, 3, 11, 19, 4, 2, 15, 16, 8, 17, 14, 6, 21]",273.2206612007832,19.054477214813232
