Id,Coordinates,Order,Distance,Time
8299,"[[0, 0], [59, 55], [113, 61], [77, 56], [137, 52], [146, 1], [119, 16], [95, 27], [113, 14], [135, 41], [77, 22], [117, 42], [31, 33], [57, 59], [86, 18], [107, 53], [132, 43], [1, 51], [141, 61], [82, 23], [90, 57], [0, 0]]","[0, 17, 13, 1, 3, 20, 15, 2, 11, 16, 9, 4, 18, 5, 8, 6, 7, 19, 10, 14, 12, 21]",487.90205124661964,18.451786994934082
