Id,Coordinates,Order,Distance,Time
6525,"[[0, 0], [132, 41], [74, 67], [37, 27], [39, 90], [54, 85], [123, 21], [115, 56], [3, 77], [124, 25], [109, 36], [81, 47], [147, 81], [57, 98], [29, 54], [50, 13], [86, 91], [126, 85], [140, 40], [112, 30], [60, 94], [0, 0]]","[0, 3, 2, 16, 20, 13, 5, 4, 8, 14, 11, 10, 19, 9, 6, 1, 18, 12, 17, 7, 15, 21]",619.401986196032,14.258320331573486
