Id,Coordinates,Order,Distance,Time
7778,"[[0, 0], [33, 145], [25, 136], [11, 116], [18, 45], [34, 57], [29, 87], [25, 147], [20, 76], [40, 111], [25, 72], [8, 107], [31, 75], [39, 1], [15, 48], [11, 120], [27, 111], [41, 60], [35, 145], [34, 126], [19, 93], [0, 0]]","[0, 4, 14, 5, 10, 8, 20, 11, 3, 15, 16, 19, 2, 7, 1, 18, 9, 6, 12, 17, 13, 21]",403.56638001889314,13.174570798873901
