Id,Coordinates,Order,Distance,Time
6607,"[[0, 0], [29, 113], [32, 73], [46, 68], [22, 43], [65, 88], [66, 103], [37, 10], [63, 85], [15, 87], [46, 100], [15, 119], [61, 93], [11, 29], [6, 38], [57, 79], [52, 87], [36, 27], [41, 115], [13, 7], [60, 95], [0, 0]]","[0, 19, 13, 14, 4, 17, 2, 9, 11, 1, 18, 10, 16, 15, 8, 5, 12, 20, 6, 3, 7, 21]",419.39405607472787,16.139386892318726
