Id,Coordinates,Order,Distance,Time
3182,"[[0, 0], [4, 78], [19, 103], [5, 55], [18, 46], [15, 13], [19, 26], [7, 15], [8, 104], [7, 34], [1, 103], [16, 130], [9, 46], [19, 93], [1, 62], [13, 44], [12, 14], [15, 7], [7, 107], [14, 72], [2, 52], [0, 0]]","[0, 7, 16, 5, 17, 6, 9, 15, 12, 3, 20, 14, 19, 13, 2, 11, 18, 10, 8, 1, 4, 21]",328.693853195972,13.81690502166748
