Id,Coordinates,Order,Distance,Time
1901,"[[0, 0], [56, 39], [17, 8], [11, 21], [25, 44], [14, 34], [5, 22], [87, 16], [15, 37], [79, 9], [31, 34], [12, 2], [15, 10], [73, 28], [57, 26], [45, 35], [38, 6], [42, 22], [81, 2], [78, 24], [55, 3], [0, 0]]","[0, 2, 12, 3, 6, 5, 8, 4, 10, 15, 1, 14, 20, 18, 9, 7, 19, 13, 17, 16, 11, 21]",291.2138326168346,18.940824270248413
