Id,Coordinates,Order,Distance,Time
6366,"[[0, 0], [5, 9], [64, 135], [10, 54], [21, 12], [82, 128], [32, 100], [80, 27], [70, 55], [17, 69], [52, 61], [63, 5], [64, 109], [24, 13], [3, 77], [71, 16], [45, 74], [40, 129], [75, 30], [95, 12], [43, 94], [0, 0]]","[0, 4, 13, 11, 15, 19, 7, 18, 8, 10, 16, 6, 17, 2, 5, 12, 20, 14, 9, 3, 1, 21]",477.2674399868965,14.703642845153809
