Id,Coordinates,Order,Distance,Time
1278,"[[0, 0], [29, 41], [93, 13], [57, 25], [103, 28], [130, 110], [41, 51], [93, 24], [11, 60], [93, 43], [86, 8], [88, 19], [5, 75], [52, 76], [10, 59], [115, 3], [107, 98], [66, 92], [63, 103], [87, 31], [15, 7], [0, 0]]","[0, 20, 6, 13, 17, 18, 16, 5, 9, 19, 7, 4, 15, 2, 10, 11, 3, 1, 14, 8, 12, 21]",561.2176374427995,16.35811972618103
