Id,Coordinates,Order,Distance,Time
6963,"[[0, 0], [155, 37], [129, 49], [117, 88], [25, 67], [165, 91], [10, 3], [188, 70], [14, 87], [77, 22], [159, 14], [128, 27], [171, 91], [69, 83], [3, 80], [74, 30], [121, 29], [141, 40], [64, 60], [187, 57], [174, 47], [0, 0]]","[0, 14, 8, 4, 18, 13, 3, 2, 17, 1, 20, 19, 7, 12, 5, 10, 11, 16, 9, 15, 6, 21]",631.5203472119175,16.32849955558777
