Id,Coordinates,Order,Distance,Time
4306,"[[0, 0], [4, 18], [15, 37], [11, 28], [42, 41], [11, 31], [33, 15], [32, 25], [9, 24], [13, 23], [8, 39], [23, 33], [2, 17], [12, 37], [36, 33], [6, 12], [36, 33], [30, 17], [31, 15], [10, 37], [1, 36], [0, 0]]","[0, 15, 1, 8, 9, 3, 5, 11, 17, 18, 6, 7, 14, 16, 4, 2, 13, 19, 10, 20, 12, 21]",180.80190177737015,18.104963064193726
