Id,Coordinates,Order,Distance,Time
6865,"[[0, 0], [20, 39], [15, 9], [45, 63], [88, 84], [2, 43], [70, 87], [42, 138], [7, 132], [44, 48], [81, 44], [71, 65], [12, 46], [127, 55], [101, 97], [126, 65], [64, 3], [58, 91], [51, 39], [89, 84], [29, 144], [0, 0]]","[0, 2, 1, 9, 11, 6, 4, 19, 14, 15, 13, 10, 16, 18, 3, 17, 7, 20, 8, 12, 5, 21]",628.2901590854284,14.011021852493286
