Id,Coordinates,Order,Distance,Time
7411,"[[0, 0], [32, 48], [16, 86], [51, 24], [35, 27], [5, 18], [28, 90], [24, 72], [18, 95], [8, 49], [40, 67], [52, 43], [18, 19], [2, 2], [47, 84], [36, 90], [16, 42], [15, 68], [13, 62], [7, 63], [22, 3], [0, 0]]","[0, 13, 20, 12, 4, 3, 11, 1, 9, 19, 18, 17, 7, 2, 8, 6, 15, 14, 10, 16, 5, 21]",328.5443297612453,18.096821308135986
