Id,Coordinates,Order,Distance,Time
4789,"[[0, 0], [70, 74], [22, 62], [78, 92], [16, 45], [24, 38], [17, 26], [41, 16], [82, 88], [34, 41], [17, 35], [50, 21], [57, 37], [75, 55], [2, 5], [49, 45], [15, 85], [45, 42], [43, 20], [49, 48], [5, 26], [0, 0]]","[0, 14, 20, 6, 10, 5, 9, 17, 15, 19, 18, 4, 2, 16, 3, 8, 1, 13, 12, 11, 7, 21]",395.5591843898911,17.834962844848633
