Id,Coordinates,Order,Distance,Time
9910,"[[0, 0], [133, 44], [78, 28], [183, 48], [118, 104], [49, 12], [175, 78], [42, 7], [132, 58], [109, 42], [9, 107], [146, 92], [18, 8], [175, 51], [77, 104], [70, 91], [99, 69], [86, 37], [23, 70], [52, 81], [116, 16], [0, 0]]","[0, 12, 7, 5, 2, 17, 9, 8, 16, 15, 19, 18, 10, 14, 4, 11, 6, 3, 13, 1, 20, 21]",714.1499158396234,13.331586122512817
