Id,Coordinates,Order,Distance,Time
2444,"[[0, 0], [2, 89], [7, 59], [6, 29], [3, 59], [1, 76], [6, 90], [4, 3], [9, 77], [6, 20], [1, 51], [5, 89], [5, 6], [5, 48], [9, 53], [10, 80], [5, 79], [10, 23], [7, 50], [2, 45], [7, 49], [0, 0]]","[0, 7, 12, 9, 17, 3, 13, 20, 18, 14, 2, 8, 15, 11, 6, 1, 16, 5, 4, 10, 19, 21]",194.63846406516512,17.307864665985107
