Id,Coordinates,Order,Distance,Time
1673,"[[0, 0], [158, 17], [148, 101], [54, 23], [157, 100], [152, 40], [98, 17], [109, 24], [148, 6], [73, 83], [74, 1], [33, 82], [120, 75], [62, 17], [73, 11], [161, 85], [128, 21], [34, 51], [48, 76], [142, 69], [48, 74], [0, 0]]","[0, 3, 13, 14, 10, 6, 7, 16, 8, 1, 5, 19, 15, 4, 2, 12, 9, 20, 18, 11, 17, 21]",518.0453139405299,18.7870352268219
