Id,Coordinates,Order,Distance,Time
4980,"[[0, 0], [178, 3], [5, 8], [67, 11], [74, 7], [118, 10], [79, 14], [74, 3], [94, 20], [30, 8], [7, 4], [76, 22], [14, 20], [83, 23], [3, 1], [122, 3], [47, 17], [118, 1], [57, 16], [15, 12], [80, 13], [0, 0]]","[0, 14, 2, 19, 12, 16, 18, 3, 4, 20, 6, 11, 13, 8, 5, 1, 15, 17, 7, 9, 10, 21]",394.2350447126536,20.330472946166992
