Id,Coordinates,Order,Distance,Time
2129,"[[0, 0], [3, 40], [7, 1], [5, 34], [35, 53], [28, 54], [34, 30], [6, 58], [14, 27], [35, 8], [28, 25], [13, 2], [17, 11], [35, 54], [8, 48], [15, 4], [32, 60], [17, 4], [19, 52], [16, 35], [21, 29], [0, 0]]","[0, 2, 12, 8, 20, 19, 3, 1, 14, 7, 18, 5, 16, 13, 4, 6, 10, 9, 17, 15, 11, 21]",212.67820942814353,13.239054441452026
