Id,Coordinates,Order,Distance,Time
1021,"[[0, 0], [63, 38], [57, 96], [63, 25], [46, 56], [14, 76], [60, 31], [66, 105], [49, 63], [5, 47], [46, 153], [48, 77], [48, 106], [3, 147], [47, 150], [22, 34], [11, 65], [62, 109], [54, 76], [23, 40], [21, 147], [0, 0]]","[0, 15, 19, 11, 8, 4, 1, 6, 3, 18, 2, 7, 17, 12, 14, 10, 20, 13, 5, 16, 9, 21]",496.0537834947642,16.477614879608154
