Id,Coordinates,Order,Distance,Time
1495,"[[0, 0], [12, 14], [7, 2], [40, 10], [36, 14], [15, 14], [47, 3], [36, 3], [56, 2], [13, 5], [32, 5], [61, 12], [25, 17], [49, 2], [10, 11], [56, 9], [53, 8], [21, 14], [8, 5], [47, 6], [55, 4], [0, 0]]","[0, 2, 18, 14, 1, 5, 17, 12, 4, 3, 19, 6, 13, 20, 8, 11, 15, 16, 7, 10, 9, 21]",147.584190490734,15.834653377532959
