Id,Coordinates,Order,Distance,Time
9720,"[[0, 0], [39, 67], [86, 15], [13, 90], [86, 30], [78, 59], [69, 32], [85, 62], [84, 98], [49, 29], [76, 51], [29, 37], [36, 33], [3, 57], [4, 4], [67, 4], [59, 26], [9, 52], [24, 68], [48, 21], [58, 50], [0, 0]]","[0, 14, 11, 12, 9, 19, 16, 15, 2, 4, 6, 20, 10, 5, 7, 8, 1, 18, 3, 13, 17, 21]",445.6857370454405,16.09061574935913
