Id,Coordinates,Order,Distance,Time
4960,"[[0, 0], [83, 71], [170, 23], [52, 75], [136, 14], [13, 20], [25, 98], [27, 105], [16, 84], [78, 90], [100, 13], [98, 84], [46, 62], [125, 108], [158, 38], [115, 77], [48, 56], [56, 49], [111, 28], [43, 19], [127, 74], [0, 0]]","[0, 19, 17, 16, 12, 3, 9, 11, 15, 13, 20, 14, 2, 4, 18, 10, 1, 7, 6, 8, 5, 21]",632.8358262042178,16.90438222885132
