Id,Coordinates,Order,Distance,Time
499,"[[0, 0], [75, 9], [146, 21], [32, 16], [127, 20], [12, 7], [1, 8], [8, 9], [54, 21], [50, 14], [54, 16], [112, 29], [14, 16], [132, 18], [148, 3], [8, 21], [121, 9], [28, 14], [81, 5], [47, 7], [110, 16], [0, 0]]","[0, 6, 7, 12, 15, 17, 3, 9, 10, 8, 1, 18, 20, 11, 4, 13, 2, 14, 16, 19, 5, 21]",365.8594403382229,14.312304019927979
