Id,Coordinates,Order,Distance,Time
598,"[[0, 0], [118, 18], [125, 8], [63, 27], [132, 36], [74, 17], [79, 3], [69, 11], [77, 15], [123, 26], [168, 4], [162, 18], [150, 34], [141, 6], [85, 16], [74, 25], [133, 36], [154, 23], [114, 21], [75, 4], [73, 3], [0, 0]]","[0, 3, 15, 5, 8, 20, 19, 6, 18, 1, 9, 4, 16, 12, 17, 11, 10, 13, 2, 14, 7, 21]",401.693555109291,15.678800582885742
