Id,Coordinates,Order,Distance,Time
1324,"[[0, 0], [80, 62], [73, 81], [50, 11], [14, 45], [16, 105], [24, 36], [32, 26], [76, 67], [99, 49], [53, 66], [61, 101], [15, 50], [48, 42], [52, 88], [115, 126], [91, 29], [166, 52], [157, 13], [60, 100], [138, 34], [0, 0]]","[0, 7, 6, 4, 12, 5, 14, 19, 11, 2, 8, 1, 9, 16, 20, 18, 17, 15, 10, 13, 3, 21]",669.390665715694,16.599207162857056
