Id,Coordinates,Order,Distance,Time
7127,"[[0, 0], [176, 41], [74, 92], [69, 80], [36, 46], [36, 67], [174, 35], [15, 169], [98, 147], [45, 140], [154, 42], [125, 152], [159, 84], [11, 161], [119, 11], [72, 123], [90, 3], [99, 16], [171, 60], [120, 76], [99, 45], [0, 0]]","[0, 4, 5, 3, 2, 15, 9, 13, 7, 8, 11, 12, 18, 1, 6, 10, 14, 16, 17, 20, 19, 21]",803.2381821711992,15.000366449356079
