Id,Coordinates,Order,Distance,Time
433,"[[0, 0], [7, 139], [9, 124], [3, 173], [11, 15], [6, 112], [3, 71], [8, 64], [2, 76], [6, 152], [4, 54], [13, 178], [14, 142], [1, 185], [1, 186], [5, 104], [10, 121], [9, 114], [11, 98], [2, 90], [15, 138], [0, 0]]","[0, 10, 6, 8, 19, 15, 5, 17, 16, 2, 1, 9, 3, 13, 14, 11, 12, 20, 18, 7, 4, 21]",384.62882800505514,16.04453444480896
