Id,Coordinates,Order,Distance,Time
7028,"[[0, 0], [23, 9], [14, 2], [30, 6], [27, 3], [12, 7], [4, 10], [30, 3], [11, 6], [31, 5], [21, 6], [16, 12], [20, 13], [5, 10], [23, 8], [9, 13], [22, 1], [22, 3], [14, 12], [21, 15], [4, 11], [0, 0]]","[0, 6, 20, 13, 15, 18, 11, 12, 19, 1, 14, 10, 4, 7, 9, 3, 17, 16, 2, 5, 8, 21]",92.08980816007286,21.755647897720337
