Id,Coordinates,Order,Distance,Time
6217,"[[0, 0], [28, 91], [8, 1], [24, 92], [9, 64], [12, 156], [19, 91], [23, 3], [13, 40], [26, 84], [19, 68], [9, 42], [14, 94], [24, 81], [23, 89], [25, 151], [17, 11], [2, 110], [10, 28], [25, 47], [2, 52], [0, 0]]","[0, 2, 7, 16, 8, 11, 20, 4, 10, 13, 14, 3, 6, 12, 17, 5, 15, 1, 9, 19, 18, 21]",378.20487225269744,15.82585859298706
