Id,Coordinates,Order,Distance,Time
9458,"[[0, 0], [53, 92], [76, 8], [63, 122], [26, 9], [64, 70], [10, 69], [33, 29], [61, 41], [29, 72], [47, 14], [13, 68], [44, 77], [24, 99], [85, 100], [24, 71], [38, 138], [60, 38], [55, 71], [37, 53], [76, 128], [0, 0]]","[0, 4, 7, 17, 8, 19, 9, 15, 11, 6, 13, 12, 18, 5, 1, 16, 3, 20, 14, 2, 10, 21]",548.3459336491187,13.886175394058228
