Id,Coordinates,Order,Distance,Time
3841,"[[0, 0], [86, 13], [37, 63], [84, 76], [26, 2], [25, 108], [39, 8], [10, 54], [82, 1], [13, 1], [61, 10], [25, 53], [5, 63], [5, 98], [90, 57], [23, 99], [22, 66], [37, 1], [46, 10], [19, 92], [6, 26], [0, 0]]","[0, 9, 4, 17, 6, 18, 10, 8, 1, 14, 3, 2, 11, 16, 19, 15, 5, 13, 12, 7, 20, 21]",409.0902442195263,14.988664865493774
