Id,Coordinates,Order,Distance,Time
298,"[[0, 0], [43, 111], [29, 98], [48, 116], [16, 17], [44, 129], [27, 95], [35, 90], [25, 15], [66, 107], [48, 138], [67, 98], [31, 4], [58, 56], [29, 112], [31, 127], [57, 131], [36, 87], [8, 106], [50, 130], [23, 138], [0, 0]]","[0, 4, 17, 7, 6, 2, 1, 3, 19, 16, 10, 5, 15, 20, 18, 14, 9, 11, 13, 8, 12, 21]",449.6868517070671,18.155279636383057
