Id,Coordinates,Order,Distance,Time
334,"[[0, 0], [66, 24], [15, 32], [84, 11], [12, 3], [76, 21], [69, 13], [19, 28], [85, 23], [23, 20], [31, 24], [1, 30], [17, 17], [42, 3], [31, 8], [54, 11], [47, 20], [77, 24], [57, 5], [70, 8], [9, 19], [0, 0]]","[0, 4, 12, 7, 2, 11, 20, 14, 13, 15, 18, 19, 6, 5, 3, 8, 17, 1, 16, 10, 9, 21]",276.94000240616083,16.40654468536377
