Id,Coordinates,Order,Distance,Time
6390,"[[0, 0], [21, 79], [77, 122], [108, 19], [69, 45], [112, 44], [12, 133], [38, 45], [123, 134], [46, 130], [94, 101], [14, 47], [104, 134], [47, 135], [101, 77], [121, 20], [24, 40], [59, 43], [41, 15], [144, 148], [88, 141], [0, 0]]","[0, 18, 7, 16, 17, 4, 3, 15, 5, 14, 10, 2, 20, 12, 8, 19, 13, 9, 6, 1, 11, 21]",662.6442999752079,13.569074153900146
