Id,Coordinates,Order,Distance,Time
8941,"[[0, 0], [19, 83], [36, 84], [38, 161], [84, 169], [61, 53], [46, 133], [87, 115], [23, 33], [93, 84], [93, 20], [4, 150], [71, 125], [84, 7], [90, 57], [70, 177], [31, 96], [7, 106], [95, 148], [36, 103], [67, 135], [0, 0]]","[0, 8, 5, 9, 7, 12, 20, 3, 11, 17, 1, 2, 16, 19, 6, 15, 4, 18, 14, 10, 13, 21]",721.2279790961509,13.092365980148315
