Id,Coordinates,Order,Distance,Time
4821,"[[0, 0], [5, 2], [5, 4], [1, 6], [5, 8], [2, 1], [1, 2], [6, 11], [7, 3], [8, 8], [4, 3], [8, 3], [10, 5], [12, 6], [1, 11], [6, 4], [5, 8], [11, 11], [11, 5], [9, 11], [5, 11], [0, 0]]","[0, 5, 1, 10, 2, 15, 8, 11, 12, 18, 13, 9, 4, 16, 17, 19, 7, 20, 14, 3, 6, 21]",51.30003487690547,14.042394876480103
