Id,Coordinates,Order,Distance,Time
4664,"[[0, 0], [79, 70], [91, 6], [45, 84], [84, 54], [8, 83], [44, 16], [7, 2], [65, 16], [29, 40], [103, 78], [28, 60], [98, 2], [55, 54], [158, 86], [12, 27], [73, 23], [92, 33], [74, 46], [77, 73], [168, 30], [0, 0]]","[0, 7, 15, 9, 13, 19, 1, 4, 18, 17, 16, 8, 2, 12, 20, 14, 10, 3, 5, 11, 6, 21]",642.4702816176364,16.778321981430054
