Id,Coordinates,Order,Distance,Time
3680,"[[0, 0], [139, 1], [105, 17], [153, 137], [98, 91], [15, 66], [174, 117], [26, 23], [123, 69], [88, 33], [27, 150], [63, 179], [146, 5], [138, 140], [115, 67], [43, 180], [85, 72], [29, 142], [23, 102], [29, 36], [57, 161], [0, 0]]","[0, 7, 19, 5, 18, 17, 10, 15, 11, 20, 13, 3, 6, 8, 14, 4, 16, 9, 2, 12, 1, 21]",749.6670642676122,15.297325372695923
