Id,Coordinates,Order,Distance,Time
4546,"[[0, 0], [140, 4], [156, 19], [42, 43], [44, 36], [4, 41], [119, 33], [63, 92], [99, 10], [22, 80], [146, 16], [79, 28], [57, 3], [109, 41], [69, 14], [40, 56], [30, 82], [24, 82], [99, 49], [146, 37], [22, 84], [0, 0]]","[0, 5, 4, 3, 15, 9, 20, 17, 16, 7, 18, 13, 6, 19, 2, 10, 1, 8, 11, 14, 12, 21]",490.5910813513326,14.860267639160156
