Id,Coordinates,Order,Distance,Time
3930,"[[0, 0], [40, 36], [8, 9], [41, 13], [26, 16], [35, 28], [17, 36], [42, 11], [41, 57], [34, 6], [5, 21], [1, 5], [25, 56], [6, 65], [26, 11], [23, 59], [25, 57], [37, 50], [9, 55], [18, 45], [33, 5], [0, 0]]","[0, 11, 10, 6, 19, 12, 16, 18, 13, 15, 8, 17, 1, 5, 4, 20, 9, 7, 3, 14, 2, 21]",243.81979156746212,16.34254240989685
