Id,Coordinates,Order,Distance,Time
1303,"[[0, 0], [51, 15], [52, 8], [13, 23], [59, 9], [105, 1], [121, 23], [5, 19], [22, 7], [34, 27], [45, 2], [61, 20], [34, 18], [129, 13], [105, 27], [48, 16], [116, 1], [80, 8], [94, 22], [8, 6], [2, 18], [0, 0]]","[0, 19, 7, 20, 3, 9, 12, 15, 1, 2, 4, 11, 18, 14, 6, 13, 16, 5, 17, 10, 8, 21]",321.8215774267024,17.348393440246582
