Id,Coordinates,Order,Distance,Time
7278,"[[0, 0], [94, 112], [73, 13], [94, 62], [40, 111], [82, 93], [4, 147], [85, 101], [98, 126], [88, 152], [14, 64], [92, 97], [35, 7], [114, 66], [74, 94], [92, 46], [83, 7], [75, 99], [113, 101], [112, 115], [33, 65], [0, 0]]","[0, 12, 2, 16, 15, 3, 13, 18, 19, 8, 1, 7, 11, 5, 14, 17, 9, 6, 4, 20, 10, 21]",609.6932308137589,15.231194734573364
