Id,Coordinates,Order,Distance,Time
731,"[[0, 0], [73, 115], [150, 23], [7, 52], [76, 31], [122, 46], [126, 103], [21, 106], [26, 78], [132, 110], [39, 58], [59, 109], [85, 102], [28, 49], [26, 68], [54, 19], [33, 39], [148, 28], [67, 30], [142, 125], [88, 91], [0, 0]]","[0, 3, 13, 10, 14, 8, 7, 11, 1, 12, 20, 6, 9, 19, 17, 2, 5, 4, 18, 15, 16, 21]",584.6421279428118,14.017974138259888
