Id,Coordinates,Order,Distance,Time
7723,"[[0, 0], [51, 164], [24, 149], [69, 57], [42, 171], [18, 27], [88, 170], [95, 17], [65, 42], [75, 56], [28, 24], [111, 157], [114, 121], [60, 171], [55, 32], [95, 170], [84, 31], [72, 63], [36, 42], [80, 120], [39, 182], [0, 0]]","[0, 10, 18, 14, 8, 16, 7, 9, 3, 17, 19, 12, 11, 15, 6, 13, 1, 4, 20, 2, 5, 21]",595.9514580638486,16.175259828567505
