Id,Coordinates,Order,Distance,Time
6309,"[[0, 0], [134, 36], [137, 72], [48, 69], [50, 88], [9, 70], [19, 40], [142, 63], [105, 49], [76, 3], [57, 81], [51, 18], [89, 24], [128, 49], [75, 65], [124, 70], [79, 61], [10, 97], [63, 25], [59, 70], [59, 54], [0, 0]]","[0, 6, 5, 17, 4, 10, 19, 3, 20, 14, 16, 13, 1, 7, 2, 15, 8, 12, 9, 18, 11, 21]",511.32773248429805,16.81364917755127
