Id,Coordinates,Order,Distance,Time
1911,"[[0, 0], [23, 53], [110, 23], [142, 108], [18, 125], [124, 110], [38, 116], [133, 2], [25, 13], [57, 133], [170, 24], [58, 124], [54, 28], [53, 106], [41, 152], [135, 151], [131, 46], [106, 28], [46, 129], [147, 84], [97, 105], [0, 0]]","[0, 8, 1, 13, 6, 18, 9, 11, 4, 14, 15, 5, 3, 19, 20, 17, 2, 7, 10, 16, 12, 21]",833.7742436998997,16.127023935317993
