Id,Coordinates,Order,Distance,Time
8688,"[[0, 0], [21, 47], [4, 15], [21, 30], [15, 46], [49, 33], [34, 14], [34, 29], [36, 32], [50, 11], [54, 47], [22, 44], [5, 4], [35, 17], [8, 23], [22, 36], [25, 14], [40, 1], [37, 14], [18, 5], [38, 28], [0, 0]]","[0, 12, 2, 14, 3, 15, 4, 1, 11, 8, 7, 13, 6, 18, 17, 9, 5, 10, 20, 16, 19, 21]",246.3407887856347,17.59210777282715
