Id,Coordinates,Order,Distance,Time
5456,"[[0, 0], [32, 152], [57, 167], [63, 6], [78, 159], [66, 103], [137, 30], [115, 107], [137, 147], [117, 170], [1, 174], [36, 33], [51, 24], [98, 86], [163, 36], [150, 143], [28, 111], [111, 125], [189, 78], [12, 123], [52, 169], [0, 0]]","[0, 11, 12, 3, 6, 14, 18, 15, 8, 9, 4, 2, 20, 1, 10, 19, 16, 5, 7, 17, 13, 21]",843.4626976891036,13.922662019729614
