Id,Coordinates,Order,Distance,Time
2656,"[[0, 0], [102, 67], [164, 76], [26, 12], [100, 26], [155, 14], [129, 58], [135, 91], [164, 61], [10, 79], [192, 44], [150, 35], [85, 47], [141, 6], [165, 56], [81, 63], [30, 65], [8, 42], [123, 14], [144, 47], [126, 50], [0, 0]]","[0, 17, 9, 16, 12, 4, 18, 13, 5, 11, 6, 7, 2, 8, 14, 10, 19, 20, 1, 15, 3, 21]",638.0050576854637,16.11476707458496
