Id,Coordinates,Order,Distance,Time
5328,"[[0, 0], [35, 110], [71, 43], [97, 82], [83, 143], [40, 10], [53, 95], [132, 136], [126, 65], [55, 90], [51, 37], [49, 70], [134, 48], [125, 155], [106, 75], [9, 164], [129, 7], [60, 96], [50, 32], [125, 56], [134, 54], [0, 0]]","[0, 5, 18, 10, 11, 17, 4, 13, 7, 3, 14, 8, 19, 20, 12, 16, 2, 9, 6, 1, 15, 21]",781.6435778507553,18.10164189338684
