Id,Coordinates,Order,Distance,Time
2138,"[[0, 0], [18, 1], [30, 8], [3, 11], [1, 7], [38, 7], [6, 4], [22, 6], [27, 6], [16, 3], [16, 7], [30, 6], [42, 2], [24, 9], [45, 11], [41, 11], [13, 1], [28, 4], [1, 1], [6, 1], [21, 3], [0, 0]]","[0, 18, 4, 3, 10, 9, 1, 20, 7, 13, 8, 11, 2, 5, 15, 14, 12, 17, 16, 6, 19, 21]",123.61908857854507,18.557526350021362
