Id,Coordinates,Order,Distance,Time
412,"[[0, 0], [6, 119], [9, 150], [31, 55], [11, 19], [18, 32], [7, 83], [10, 48], [26, 156], [1, 1], [4, 6], [2, 17], [19, 7], [4, 125], [18, 116], [29, 149], [32, 43], [31, 108], [11, 40], [17, 137], [20, 64], [0, 0]]","[0, 9, 10, 11, 4, 5, 18, 7, 16, 3, 20, 6, 14, 1, 13, 19, 2, 8, 15, 17, 12, 21]",407.025479448908,15.378523111343384
