Id,Coordinates,Order,Distance,Time
8330,"[[0, 0], [16, 101], [28, 124], [14, 96], [5, 19], [15, 10], [5, 122], [21, 28], [13, 73], [38, 111], [29, 84], [15, 25], [14, 27], [30, 94], [16, 13], [20, 9], [12, 22], [16, 42], [33, 43], [11, 75], [37, 101], [0, 0]]","[0, 5, 15, 14, 16, 11, 12, 7, 18, 8, 10, 13, 20, 9, 2, 6, 1, 3, 19, 17, 4, 21]",324.1744223654124,15.56600046157837
