Id,Coordinates,Order,Distance,Time
1070,"[[0, 0], [47, 18], [32, 87], [92, 77], [50, 4], [91, 83], [48, 31], [36, 54], [56, 26], [104, 97], [95, 80], [111, 22], [35, 98], [45, 171], [51, 64], [41, 148], [85, 17], [52, 120], [81, 139], [50, 22], [33, 38], [0, 0]]","[0, 1, 19, 8, 6, 20, 7, 14, 2, 12, 17, 15, 13, 18, 9, 5, 10, 3, 11, 16, 4, 21]",540.860553362259,15.96339726448059
