Id,Coordinates,Order,Distance,Time
6419,"[[0, 0], [59, 64], [18, 27], [6, 91], [16, 121], [102, 88], [89, 64], [141, 110], [6, 6], [39, 127], [47, 64], [22, 51], [32, 90], [63, 101], [121, 18], [36, 124], [126, 79], [134, 106], [76, 101], [115, 45], [73, 102], [0, 0]]","[0, 8, 2, 11, 10, 1, 5, 16, 7, 17, 18, 20, 12, 3, 4, 15, 9, 13, 6, 19, 14, 21]",662.561745903553,14.215882778167725
