Id,Coordinates,Order,Distance,Time
7616,"[[0, 0], [22, 73], [20, 13], [9, 161], [34, 4], [30, 72], [17, 185], [37, 159], [33, 148], [5, 25], [6, 83], [25, 136], [30, 123], [27, 195], [35, 132], [3, 38], [36, 117], [3, 195], [17, 166], [27, 128], [26, 126], [0, 0]]","[0, 4, 2, 9, 15, 1, 5, 16, 12, 20, 19, 14, 8, 7, 18, 6, 13, 17, 3, 11, 10, 21]",510.0781602499293,17.08365249633789
