Id,Coordinates,Order,Distance,Time
5387,"[[0, 0], [33, 21], [36, 20], [53, 10], [38, 5], [4, 17], [33, 5], [10, 17], [14, 11], [55, 15], [9, 6], [15, 2], [57, 20], [49, 24], [15, 6], [44, 19], [14, 13], [50, 7], [16, 13], [29, 5], [3, 23], [0, 0]]","[0, 10, 8, 18, 16, 7, 5, 20, 1, 2, 15, 13, 12, 9, 3, 17, 4, 6, 19, 14, 11, 21]",166.10914358989612,18.11225652694702
