Id,Coordinates,Order,Distance,Time
83,"[[0, 0], [67, 17], [74, 25], [67, 25], [35, 19], [9, 3], [10, 26], [69, 9], [74, 1], [20, 4], [17, 25], [66, 1], [11, 20], [60, 13], [50, 9], [22, 17], [4, 16], [10, 23], [82, 26], [40, 3], [66, 11], [0, 0]]","[0, 16, 10, 6, 17, 12, 15, 4, 14, 13, 20, 7, 1, 3, 2, 18, 8, 11, 19, 9, 5, 21]",240.0113160610444,17.341813564300537
