Id,Coordinates,Order,Distance,Time
6110,"[[0, 0], [8, 111], [2, 89], [1, 96], [10, 140], [11, 142], [4, 153], [5, 141], [13, 65], [4, 59], [9, 77], [10, 89], [9, 39], [2, 44], [7, 87], [6, 90], [12, 80], [10, 30], [7, 123], [11, 107], [11, 82], [0, 0]]","[0, 17, 12, 8, 10, 16, 20, 14, 15, 2, 3, 1, 18, 4, 5, 6, 7, 19, 11, 9, 13, 21]",321.3701365641514,15.01583194732666
