Id,Coordinates,Order,Distance,Time
1287,"[[0, 0], [66, 71], [28, 61], [22, 79], [27, 130], [24, 101], [58, 5], [73, 40], [30, 33], [51, 80], [1, 64], [38, 94], [21, 37], [45, 80], [50, 75], [29, 42], [39, 21], [44, 99], [46, 86], [23, 120], [9, 13], [0, 0]]","[0, 20, 12, 15, 8, 16, 6, 7, 1, 14, 9, 13, 18, 11, 17, 4, 19, 5, 3, 2, 10, 21]",420.0209021095507,16.656709671020508
