Id,Coordinates,Order,Distance,Time
1310,"[[0, 0], [155, 61], [165, 7], [72, 52], [79, 80], [50, 82], [29, 32], [144, 59], [101, 46], [142, 4], [170, 104], [115, 96], [112, 56], [7, 66], [10, 104], [65, 61], [24, 30], [35, 62], [51, 87], [68, 55], [55, 19], [0, 0]]","[0, 16, 6, 3, 19, 15, 17, 13, 14, 18, 5, 4, 11, 12, 8, 7, 1, 10, 2, 9, 20, 21]",739.7216071684528,13.403533935546875
