Id,Coordinates,Order,Distance,Time
9381,"[[0, 0], [102, 54], [56, 3], [149, 9], [59, 34], [75, 7], [53, 32], [77, 42], [118, 11], [68, 47], [58, 36], [5, 53], [61, 42], [113, 37], [123, 63], [66, 38], [124, 61], [34, 40], [73, 51], [54, 22], [151, 62], [0, 0]]","[0, 6, 4, 10, 12, 15, 9, 18, 7, 1, 13, 16, 14, 20, 3, 8, 5, 2, 19, 17, 11, 21]",490.4210379173243,13.536637306213379
