Id,Coordinates,Order,Distance,Time
367,"[[0, 0], [40, 76], [12, 7], [46, 18], [4, 25], [13, 47], [19, 43], [49, 75], [52, 61], [75, 75], [67, 8], [51, 94], [63, 89], [11, 5], [37, 28], [26, 84], [66, 74], [63, 61], [44, 36], [29, 29], [64, 80], [0, 0]]","[0, 13, 2, 4, 5, 6, 19, 14, 3, 10, 8, 7, 1, 15, 11, 12, 20, 16, 9, 17, 18, 21]",391.6086359932926,16.360830783843994
