Id,Coordinates,Order,Distance,Time
7227,"[[0, 0], [47, 11], [36, 50], [41, 34], [38, 36], [24, 41], [7, 25], [35, 48], [48, 15], [13, 23], [7, 14], [25, 24], [15, 32], [7, 3], [34, 29], [44, 48], [3, 32], [1, 20], [42, 28], [5, 29], [20, 20], [0, 0]]","[0, 17, 16, 19, 6, 9, 20, 11, 14, 4, 3, 18, 8, 1, 15, 2, 7, 5, 12, 10, 13, 21]",217.78229492963163,18.357352256774902
