Id,Coordinates,Order,Distance,Time
3798,"[[0, 0], [37, 142], [30, 110], [49, 43], [4, 104], [85, 40], [41, 91], [64, 115], [35, 58], [6, 122], [102, 177], [19, 30], [70, 25], [54, 147], [102, 33], [91, 49], [57, 101], [44, 173], [104, 142], [32, 33], [72, 16], [0, 0]]","[0, 11, 19, 3, 8, 16, 7, 13, 17, 10, 18, 1, 2, 9, 4, 6, 15, 14, 5, 12, 20, 21]",697.8322437415803,14.810942649841309
