Id,Coordinates,Order,Distance,Time
1508,"[[0, 0], [61, 40], [172, 130], [193, 3], [180, 96], [135, 149], [175, 107], [54, 6], [96, 48], [64, 22], [38, 45], [6, 67], [165, 28], [123, 17], [17, 22], [70, 45], [49, 130], [42, 42], [20, 54], [32, 80], [135, 4], [0, 0]]","[0, 14, 10, 17, 18, 11, 19, 16, 5, 2, 6, 4, 12, 3, 20, 13, 8, 15, 1, 9, 7, 21]",705.8355849647339,20.434882402420044
