Id,Coordinates,Order,Distance,Time
9345,"[[0, 0], [10, 86], [3, 103], [44, 62], [18, 94], [49, 27], [1, 125], [43, 68], [22, 128], [11, 4], [26, 109], [4, 15], [6, 30], [18, 112], [10, 15], [53, 16], [2, 47], [25, 16], [27, 16], [4, 96], [52, 27], [0, 0]]","[0, 9, 14, 17, 18, 5, 20, 15, 3, 7, 4, 1, 19, 2, 13, 10, 8, 6, 16, 12, 11, 21]",389.29058342225613,17.17705774307251
