Id,Coordinates,Order,Distance,Time
8628,"[[0, 0], [28, 154], [34, 82], [101, 164], [21, 34], [84, 40], [85, 77], [32, 138], [21, 174], [90, 93], [115, 7], [125, 54], [18, 180], [15, 114], [55, 102], [123, 146], [126, 74], [50, 88], [109, 8], [49, 188], [59, 149], [0, 0]]","[0, 4, 2, 17, 14, 9, 6, 5, 18, 10, 11, 16, 15, 3, 20, 19, 12, 8, 1, 7, 13, 21]",731.4757180471704,15.763468980789185
