Id,Coordinates,Order,Distance,Time
1603,"[[0, 0], [174, 96], [26, 108], [101, 52], [62, 120], [180, 41], [16, 39], [105, 113], [76, 68], [113, 159], [133, 7], [141, 150], [59, 70], [143, 103], [155, 79], [101, 78], [164, 97], [21, 4], [85, 103], [91, 136], [181, 149], [0, 0]]","[0, 17, 12, 8, 7, 19, 9, 11, 20, 1, 16, 13, 14, 5, 10, 3, 15, 18, 4, 2, 6, 21]",800.3653771217836,15.30174970626831
