Id,Coordinates,Order,Distance,Time
440,"[[0, 0], [3, 38], [4, 28], [4, 38], [5, 58], [14, 30], [14, 14], [6, 29], [13, 50], [14, 44], [6, 13], [2, 5], [12, 40], [11, 1], [5, 2], [2, 10], [16, 12], [1, 25], [4, 57], [13, 35], [7, 38], [0, 0]]","[0, 14, 13, 16, 6, 2, 7, 5, 19, 12, 9, 8, 4, 18, 3, 1, 20, 17, 10, 15, 11, 21]",153.06622213990917,14.85947871208191
