Id,Coordinates,Order,Distance,Time
9690,"[[0, 0], [77, 38], [26, 46], [7, 156], [33, 93], [115, 101], [45, 133], [116, 47], [48, 47], [101, 20], [124, 168], [149, 182], [151, 3], [76, 32], [104, 153], [120, 72], [43, 165], [143, 48], [11, 22], [39, 99], [39, 80], [0, 0]]","[0, 18, 2, 8, 1, 13, 9, 7, 15, 5, 14, 10, 11, 16, 3, 6, 19, 4, 20, 17, 12, 21]",882.2926096160696,19.435702323913574
