Id,Coordinates,Order,Distance,Time
1011,"[[0, 0], [28, 24], [111, 43], [45, 2], [109, 19], [4, 35], [70, 75], [18, 35], [101, 30], [90, 67], [19, 11], [95, 46], [108, 6], [58, 1], [101, 66], [14, 11], [97, 20], [72, 7], [85, 50], [68, 70], [96, 75], [0, 0]]","[0, 15, 10, 1, 3, 13, 17, 16, 12, 4, 8, 2, 11, 18, 14, 20, 9, 6, 19, 7, 5, 21]",389.870934265912,19.444493293762207
