Id,Coordinates,Order,Distance,Time
3045,"[[0, 0], [53, 100], [147, 84], [90, 20], [144, 23], [8, 36], [97, 89], [67, 89], [136, 84], [158, 33], [160, 60], [85, 65], [94, 62], [156, 34], [20, 42], [98, 18], [110, 102], [11, 100], [49, 45], [40, 91], [103, 56], [0, 0]]","[0, 14, 18, 11, 6, 16, 8, 2, 10, 13, 9, 4, 15, 3, 20, 12, 7, 1, 19, 17, 5, 21]",583.4594392440562,14.794538497924805
