Id,Coordinates,Order,Distance,Time
8094,"[[0, 0], [150, 93], [63, 85], [133, 67], [154, 30], [166, 78], [123, 2], [55, 11], [102, 70], [102, 50], [72, 34], [109, 14], [187, 27], [83, 6], [189, 49], [140, 12], [182, 3], [69, 62], [98, 86], [114, 68], [151, 33], [0, 0]]","[0, 7, 13, 11, 6, 15, 16, 12, 14, 5, 1, 3, 19, 8, 18, 2, 17, 9, 20, 4, 10, 21]",687.878238657189,15.810600280761719
