Id,Coordinates,Order,Distance,Time
9095,"[[0, 0], [51, 14], [41, 145], [84, 53], [51, 114], [4, 177], [60, 25], [23, 50], [8, 48], [4, 38], [4, 145], [61, 80], [16, 7], [81, 114], [44, 58], [3, 66], [22, 127], [22, 138], [37, 78], [74, 92], [3, 108], [0, 0]]","[0, 12, 9, 8, 7, 14, 18, 11, 19, 13, 4, 16, 17, 2, 5, 10, 20, 15, 3, 6, 1, 21]",623.1073390309324,16.475155115127563
