Id,Coordinates,Order,Distance,Time
6018,"[[0, 0], [93, 131], [70, 89], [9, 138], [62, 13], [11, 147], [70, 56], [11, 153], [55, 77], [71, 106], [10, 86], [37, 126], [4, 155], [28, 74], [96, 97], [26, 130], [60, 116], [19, 112], [20, 71], [15, 110], [27, 114], [0, 0]]","[0, 4, 6, 2, 9, 16, 11, 17, 19, 10, 18, 13, 20, 15, 3, 5, 12, 7, 1, 14, 8, 21]",635.6615390261458,16.907472372055054
