Id,Coordinates,Order,Distance,Time
8972,"[[0, 0], [37, 92], [50, 80], [10, 125], [1, 37], [24, 118], [53, 93], [49, 43], [24, 47], [16, 83], [80, 94], [10, 109], [34, 46], [60, 32], [26, 50], [63, 122], [33, 87], [2, 142], [55, 157], [60, 116], [15, 100], [0, 0]]","[0, 4, 8, 14, 12, 2, 6, 1, 16, 9, 20, 11, 5, 3, 17, 18, 15, 19, 10, 7, 13, 21]",513.5327431072237,14.888899326324463
