Id,Coordinates,Order,Distance,Time
9934,"[[0, 0], [50, 37], [112, 45], [192, 20], [145, 32], [66, 51], [193, 48], [40, 54], [135, 33], [160, 38], [53, 27], [109, 49], [109, 37], [145, 44], [178, 57], [115, 18], [55, 32], [155, 12], [38, 36], [143, 55], [180, 46], [0, 0]]","[0, 18, 10, 16, 1, 7, 5, 11, 2, 12, 8, 4, 13, 19, 9, 20, 14, 6, 3, 17, 15, 21]",540.2922757547444,16.653723001480103
