Id,Coordinates,Order,Distance,Time
3943,"[[0, 0], [32, 2], [57, 72], [26, 46], [49, 61], [12, 72], [14, 28], [51, 60], [23, 72], [27, 53], [16, 66], [12, 22], [23, 6], [34, 43], [66, 12], [38, 59], [58, 32], [21, 47], [1, 31], [14, 29], [29, 22], [0, 0]]","[0, 20, 6, 19, 11, 18, 17, 3, 9, 15, 4, 7, 2, 8, 5, 10, 13, 16, 14, 1, 12, 21]",349.6115480724862,15.694724321365356
