Id,Coordinates,Order,Distance,Time
2088,"[[0, 0], [10, 61], [61, 71], [31, 56], [55, 16], [9, 101], [54, 73], [12, 96], [59, 101], [8, 7], [35, 43], [53, 41], [29, 168], [26, 160], [26, 128], [61, 89], [62, 96], [54, 160], [45, 65], [11, 6], [26, 129], [0, 0]]","[0, 9, 10, 18, 6, 2, 15, 16, 8, 14, 20, 17, 12, 13, 5, 7, 1, 3, 11, 4, 19, 21]",482.45833768983744,18.074506521224976
