Id,Coordinates,Order,Distance,Time
9523,"[[0, 0], [20, 105], [28, 24], [13, 50], [29, 26], [32, 28], [16, 172], [18, 187], [2, 36], [26, 15], [35, 102], [14, 164], [21, 31], [21, 89], [21, 146], [21, 30], [6, 197], [12, 61], [13, 50], [37, 63], [32, 111], [0, 0]]","[0, 9, 2, 4, 5, 15, 12, 3, 18, 17, 19, 10, 20, 14, 11, 6, 7, 16, 1, 13, 8, 21]",457.98615200624516,18.22012186050415
