Id,Coordinates,Order,Distance,Time
4643,"[[0, 0], [59, 2], [18, 34], [59, 12], [44, 20], [64, 8], [39, 36], [23, 27], [16, 20], [61, 33], [28, 31], [106, 21], [30, 36], [7, 14], [57, 18], [105, 5], [38, 4], [50, 27], [82, 37], [90, 18], [69, 5], [0, 0]]","[0, 13, 2, 7, 10, 12, 6, 17, 4, 14, 3, 5, 9, 18, 19, 11, 15, 20, 1, 16, 8, 21]",336.01460623408695,14.577786207199097
