Id,Coordinates,Order,Distance,Time
9827,"[[0, 0], [75, 6], [78, 19], [54, 21], [49, 2], [1, 20], [37, 16], [4, 5], [8, 19], [11, 9], [61, 18], [32, 19], [77, 2], [54, 4], [36, 16], [6, 17], [79, 5], [53, 13], [73, 11], [29, 15], [39, 5], [0, 0]]","[0, 7, 15, 5, 8, 19, 11, 14, 6, 20, 4, 13, 18, 1, 16, 12, 2, 10, 3, 17, 9, 21]",229.35583718327388,17.22574210166931
