Id,Coordinates,Order,Distance,Time
2452,"[[0, 0], [40, 21], [80, 6], [133, 29], [51, 4], [67, 24], [91, 4], [28, 14], [158, 20], [6, 36], [25, 24], [49, 5], [70, 26], [7, 17], [157, 25], [112, 36], [79, 20], [2, 7], [44, 26], [109, 3], [79, 9], [0, 0]]","[0, 17, 13, 9, 10, 1, 18, 11, 4, 5, 12, 16, 20, 2, 6, 19, 8, 14, 3, 15, 7, 21]",409.45666054356343,15.50384783744812
