Id,Coordinates,Order,Distance,Time
637,"[[0, 0], [4, 87], [70, 57], [45, 6], [64, 84], [57, 58], [44, 56], [28, 28], [60, 57], [24, 18], [48, 47], [61, 19], [53, 86], [12, 31], [65, 72], [31, 43], [31, 78], [24, 71], [6, 59], [1, 32], [25, 16], [0, 0]]","[0, 20, 9, 7, 15, 10, 6, 5, 8, 2, 14, 4, 12, 16, 17, 1, 18, 19, 13, 11, 3, 21]",391.60566401306403,16.564328908920288
