Id,Coordinates,Order,Distance,Time
8182,"[[0, 0], [3, 62], [2, 27], [7, 128], [13, 118], [9, 44], [11, 88], [13, 41], [2, 124], [11, 103], [13, 98], [5, 74], [7, 195], [9, 186], [3, 102], [15, 134], [4, 121], [2, 73], [2, 140], [2, 170], [3, 103], [0, 0]]","[0, 2, 5, 1, 17, 11, 6, 10, 20, 14, 16, 8, 3, 18, 19, 13, 12, 15, 4, 9, 7, 21]",411.7922366945966,14.537205934524536
