Id,Coordinates,Order,Distance,Time
3504,"[[0, 0], [11, 94], [73, 91], [79, 80], [145, 41], [145, 60], [114, 47], [91, 80], [156, 21], [64, 13], [30, 132], [124, 60], [160, 147], [26, 91], [38, 54], [132, 91], [63, 70], [149, 61], [70, 114], [154, 110], [81, 58], [0, 0]]","[0, 9, 20, 3, 2, 18, 10, 1, 13, 16, 6, 11, 5, 17, 4, 8, 15, 19, 12, 7, 14, 21]",816.9019525507751,14.742805480957031
