Id,Coordinates,Order,Distance,Time
5957,"[[0, 0], [94, 28], [58, 28], [19, 7], [22, 14], [11, 23], [39, 41], [34, 29], [161, 44], [122, 24], [166, 13], [9, 39], [128, 34], [34, 33], [11, 13], [154, 31], [70, 21], [147, 12], [144, 23], [21, 36], [23, 26], [0, 0]]","[0, 14, 4, 5, 11, 19, 20, 7, 13, 6, 2, 16, 1, 9, 18, 17, 10, 15, 8, 12, 3, 21]",450.88695911318626,14.494383573532104
