Id,Coordinates,Order,Distance,Time
4839,"[[0, 0], [60, 14], [78, 6], [74, 9], [27, 5], [84, 15], [66, 2], [33, 16], [18, 19], [6, 6], [36, 6], [59, 19], [56, 3], [60, 14], [77, 16], [53, 4], [81, 10], [44, 19], [19, 1], [34, 14], [71, 11], [0, 0]]","[0, 18, 4, 19, 7, 17, 11, 1, 13, 20, 3, 2, 16, 5, 14, 6, 12, 15, 10, 8, 9, 21]",206.53307128972614,13.193155288696289
