Id,Coordinates,Order,Distance,Time
2193,"[[0, 0], [129, 66], [133, 18], [85, 28], [112, 128], [167, 90], [79, 83], [15, 125], [101, 79], [111, 46], [58, 108], [71, 19], [124, 106], [107, 20], [116, 69], [94, 125], [33, 46], [148, 80], [80, 116], [95, 77], [73, 6], [0, 0]]","[0, 20, 11, 3, 13, 2, 9, 14, 1, 17, 5, 12, 4, 15, 18, 8, 19, 6, 10, 7, 16, 21]",657.4022912952945,15.473567247390747
