Id,Coordinates,Order,Distance,Time
4154,"[[0, 0], [23, 8], [8, 16], [48, 8], [39, 12], [14, 8], [28, 17], [15, 11], [7, 5], [31, 9], [40, 12], [5, 15], [44, 17], [6, 14], [28, 8], [1, 11], [39, 18], [48, 17], [19, 12], [14, 6], [40, 10], [0, 0]]","[0, 8, 19, 5, 1, 14, 9, 4, 10, 20, 3, 17, 12, 16, 6, 18, 7, 2, 13, 11, 15, 21]",126.73618325385559,17.563357830047607
