Id,Coordinates,Order,Distance,Time
7514,"[[0, 0], [43, 168], [45, 50], [4, 63], [5, 62], [36, 135], [37, 125], [5, 124], [18, 36], [43, 75], [26, 160], [31, 70], [32, 70], [27, 112], [22, 171], [30, 89], [13, 114], [8, 52], [43, 8], [17, 50], [15, 16], [0, 0]]","[0, 20, 8, 19, 17, 4, 3, 11, 12, 15, 16, 7, 10, 14, 1, 5, 6, 13, 9, 2, 18, 21]",453.25869459833194,15.897804975509644
