Id,Coordinates,Order,Distance,Time
6350,"[[0, 0], [5, 14], [56, 43], [41, 39], [124, 29], [44, 15], [93, 37], [33, 14], [117, 13], [105, 43], [42, 42], [70, 48], [81, 13], [126, 41], [106, 7], [112, 42], [127, 31], [72, 2], [115, 35], [105, 29], [87, 7], [0, 0]]","[0, 1, 3, 10, 2, 11, 6, 9, 15, 13, 16, 4, 18, 19, 8, 14, 20, 12, 17, 5, 7, 21]",337.9023962290151,14.629291534423828
