Id,Coordinates,Order,Distance,Time
9787,"[[0, 0], [56, 47], [92, 46], [93, 102], [32, 14], [87, 15], [133, 69], [59, 64], [91, 133], [33, 83], [66, 109], [47, 39], [134, 109], [108, 35], [91, 107], [55, 52], [95, 124], [91, 115], [40, 22], [125, 21], [57, 129], [0, 0]]","[0, 4, 18, 11, 1, 15, 7, 9, 10, 20, 8, 16, 17, 14, 3, 12, 6, 19, 13, 2, 5, 21]",548.2715146490069,14.35503625869751
