Id,Coordinates,Order,Distance,Time
9208,"[[0, 0], [117, 120], [135, 96], [99, 61], [50, 55], [90, 6], [139, 72], [114, 137], [135, 43], [132, 64], [14, 129], [115, 118], [116, 14], [117, 149], [127, 6], [77, 140], [121, 121], [137, 2], [39, 106], [31, 130], [121, 51], [0, 0]]","[0, 4, 3, 20, 8, 9, 6, 2, 11, 1, 16, 7, 13, 15, 19, 10, 18, 12, 14, 17, 5, 21]",706.4652519511675,14.866167783737183
