Id,Coordinates,Order,Distance,Time
5222,"[[0, 0], [74, 130], [53, 60], [48, 57], [77, 84], [113, 146], [31, 39], [83, 145], [112, 27], [16, 119], [114, 43], [87, 24], [108, 68], [98, 151], [101, 135], [28, 3], [74, 161], [19, 81], [9, 47], [21, 41], [117, 118], [0, 0]]","[0, 15, 6, 3, 2, 4, 12, 10, 8, 11, 20, 14, 5, 13, 7, 16, 1, 9, 17, 18, 19, 21]",641.4087373435045,20.809379816055298
