Id,Coordinates,Order,Distance,Time
7013,"[[0, 0], [53, 4], [123, 22], [44, 33], [16, 74], [70, 68], [138, 20], [58, 59], [106, 11], [52, 3], [127, 65], [36, 73], [144, 27], [10, 36], [63, 66], [88, 67], [105, 74], [67, 79], [106, 67], [115, 17], [63, 9], [0, 0]]","[0, 7, 14, 5, 17, 15, 16, 18, 10, 12, 6, 2, 19, 8, 20, 1, 9, 3, 11, 4, 13, 21]",489.3289683648859,17.304558992385864
