Id,Coordinates,Order,Distance,Time
191,"[[0, 0], [93, 61], [97, 83], [24, 35], [73, 22], [140, 104], [183, 20], [123, 114], [180, 55], [161, 39], [52, 30], [43, 69], [71, 64], [25, 33], [186, 67], [15, 21], [2, 11], [8, 62], [18, 110], [128, 14], [172, 39], [0, 0]]","[0, 15, 13, 3, 10, 4, 1, 2, 7, 5, 14, 8, 20, 6, 9, 19, 12, 11, 18, 17, 16, 21]",666.5627976455023,19.24426293373108
