Id,Coordinates,Order,Distance,Time
3758,"[[0, 0], [146, 31], [35, 20], [32, 39], [119, 14], [106, 60], [36, 11], [53, 43], [56, 45], [145, 19], [102, 58], [103, 38], [48, 33], [88, 35], [20, 64], [82, 72], [11, 44], [46, 21], [104, 34], [148, 9], [50, 49], [0, 0]]","[0, 2, 12, 7, 8, 20, 3, 16, 14, 15, 10, 5, 11, 18, 1, 9, 19, 4, 13, 17, 6, 21]",489.046178287108,14.376259803771973
