Id,Coordinates,Order,Distance,Time
1518,"[[0, 0], [5, 47], [2, 192], [10, 83], [1, 39], [11, 31], [6, 68], [9, 18], [10, 64], [11, 159], [3, 53], [10, 115], [11, 124], [11, 146], [1, 12], [9, 161], [3, 90], [10, 119], [8, 130], [6, 80], [10, 26], [0, 0]]","[0, 7, 20, 5, 1, 10, 8, 6, 19, 3, 11, 17, 12, 18, 13, 9, 15, 2, 16, 4, 14, 21]",395.1743763038297,15.232325792312622
