Id,Coordinates,Order,Distance,Time
4652,"[[0, 0], [41, 11], [25, 49], [48, 18], [1, 36], [27, 50], [8, 52], [49, 36], [7, 36], [14, 17], [5, 34], [44, 18], [49, 45], [30, 24], [46, 23], [25, 27], [12, 30], [17, 30], [50, 35], [6, 3], [13, 58], [0, 0]]","[0, 19, 9, 17, 15, 13, 1, 11, 3, 14, 18, 7, 12, 5, 2, 20, 6, 4, 10, 8, 16, 21]",219.13638440915287,15.820766925811768
