Id,Coordinates,Order,Distance,Time
4420,"[[0, 0], [52, 19], [79, 32], [106, 6], [71, 35], [11, 25], [32, 44], [144, 2], [80, 60], [17, 14], [89, 55], [142, 9], [40, 15], [70, 49], [131, 2], [32, 44], [174, 16], [129, 37], [24, 44], [95, 18], [87, 57], [0, 0]]","[0, 9, 5, 18, 6, 15, 13, 8, 20, 10, 19, 3, 14, 7, 11, 16, 17, 2, 4, 1, 12, 21]",448.98996188022954,16.345343828201294
