Id,Coordinates,Order,Distance,Time
2157,"[[0, 0], [76, 7], [19, 1], [13, 2], [23, 8], [46, 5], [79, 9], [50, 4], [41, 6], [91, 4], [57, 9], [14, 4], [40, 4], [78, 3], [22, 6], [91, 1], [38, 5], [45, 7], [19, 2], [87, 6], [53, 9], [0, 0]]","[0, 3, 11, 18, 14, 4, 16, 8, 17, 20, 10, 1, 6, 19, 9, 15, 13, 7, 5, 12, 2, 21]",192.18173150038606,19.680649280548096
