Id,Coordinates,Order,Distance,Time
5743,"[[0, 0], [51, 18], [1, 1], [120, 4], [160, 31], [144, 49], [12, 32], [71, 44], [153, 34], [97, 22], [157, 51], [69, 24], [50, 47], [20, 26], [39, 46], [123, 5], [33, 3], [121, 4], [124, 41], [12, 60], [63, 12], [0, 0]]","[0, 2, 13, 6, 19, 14, 12, 7, 9, 3, 17, 15, 18, 5, 10, 8, 4, 11, 20, 1, 16, 21]",469.4442277070315,16.353498935699463
