Id,Coordinates,Order,Distance,Time
4462,"[[0, 0], [156, 49], [42, 43], [40, 39], [41, 59], [47, 8], [35, 17], [112, 8], [82, 37], [78, 51], [115, 42], [117, 28], [55, 51], [84, 58], [131, 40], [85, 11], [107, 32], [67, 19], [101, 4], [156, 3], [70, 37], [0, 0]]","[0, 6, 20, 8, 9, 13, 12, 4, 2, 3, 17, 15, 18, 7, 11, 16, 10, 14, 1, 19, 5, 21]",552.6070952364411,13.64698052406311
