Id,Coordinates,Order,Distance,Time
9478,"[[0, 0], [10, 81], [25, 46], [11, 35], [78, 7], [27, 12], [10, 100], [68, 25], [22, 30], [2, 96], [20, 45], [7, 27], [82, 82], [2, 62], [16, 25], [28, 46], [13, 9], [28, 94], [6, 30], [77, 54], [33, 36], [0, 0]]","[0, 16, 5, 8, 14, 3, 10, 2, 15, 20, 7, 4, 19, 12, 17, 6, 9, 1, 13, 18, 11, 21]",416.42171216462975,16.860334634780884
