Id,Coordinates,Order,Distance,Time
5479,"[[0, 0], [14, 56], [59, 47], [18, 79], [54, 51], [44, 33], [46, 28], [48, 24], [5, 69], [25, 58], [7, 13], [51, 8], [51, 77], [56, 74], [25, 59], [26, 33], [58, 57], [21, 53], [43, 74], [49, 46], [48, 40], [0, 0]]","[0, 11, 7, 6, 5, 20, 19, 4, 2, 16, 13, 12, 18, 14, 9, 3, 8, 1, 17, 15, 10, 21]",295.2826988716478,16.39500641822815
