Id,Coordinates,Order,Distance,Time
1890,"[[0, 0], [74, 28], [92, 26], [82, 20], [40, 1], [30, 16], [82, 2], [38, 14], [84, 11], [94, 28], [74, 10], [3, 26], [74, 31], [36, 26], [63, 12], [11, 11], [79, 9], [59, 10], [32, 6], [25, 27], [60, 16], [0, 0]]","[0, 15, 11, 19, 13, 5, 7, 17, 14, 20, 10, 16, 3, 1, 12, 2, 9, 8, 6, 4, 18, 21]",295.8843851435713,15.262809753417969
