Id,Coordinates,Order,Distance,Time
287,"[[0, 0], [52, 10], [11, 71], [48, 70], [13, 32], [56, 15], [54, 35], [55, 52], [3, 3], [31, 14], [39, 51], [39, 74], [27, 28], [18, 43], [63, 62], [4, 54], [30, 29], [48, 2], [26, 64], [8, 38], [4, 44], [0, 0]]","[0, 8, 12, 16, 4, 19, 20, 15, 13, 7, 14, 3, 11, 2, 18, 10, 6, 5, 1, 17, 9, 21]",354.1830512867918,16.067514896392822
