Id,Coordinates,Order,Distance,Time
162,"[[0, 0], [71, 7], [92, 41], [2, 37], [80, 7], [26, 18], [82, 41], [70, 8], [20, 43], [142, 44], [1, 3], [33, 54], [26, 15], [32, 58], [132, 35], [4, 57], [57, 30], [61, 22], [62, 11], [125, 10], [59, 55], [0, 0]]","[0, 10, 12, 5, 8, 11, 16, 17, 18, 7, 1, 4, 19, 14, 9, 2, 6, 20, 13, 15, 3, 21]",432.3899483410428,23.09503197669983
