Id,Coordinates,Order,Distance,Time
507,"[[0, 0], [2, 12], [9, 47], [11, 32], [10, 52], [1, 4], [12, 20], [6, 40], [7, 46], [4, 30], [6, 63], [5, 58], [13, 43], [11, 26], [3, 13], [9, 64], [5, 23], [14, 49], [2, 62], [9, 20], [9, 30], [0, 0]]","[0, 5, 1, 14, 19, 6, 13, 20, 3, 7, 8, 2, 12, 17, 4, 11, 18, 10, 15, 9, 16, 21]",157.76446134358838,15.098004817962646
