Id,Coordinates,Order,Distance,Time
9262,"[[0, 0], [111, 59], [71, 54], [21, 127], [127, 62], [110, 96], [100, 54], [80, 63], [123, 136], [43, 20], [6, 64], [53, 99], [120, 158], [110, 138], [66, 63], [96, 77], [104, 94], [105, 18], [19, 86], [126, 62], [5, 124], [0, 0]]","[0, 9, 2, 14, 7, 15, 16, 5, 1, 19, 4, 17, 6, 18, 20, 3, 13, 8, 12, 11, 10, 21]",781.0446746660633,17.610817670822144
