Id,Coordinates,Order,Distance,Time
1897,"[[0, 0], [4, 20], [30, 45], [8, 93], [9, 14], [49, 90], [37, 29], [10, 44], [24, 37], [22, 22], [35, 113], [2, 109], [24, 14], [4, 75], [7, 68], [10, 58], [27, 64], [48, 108], [29, 48], [13, 111], [43, 81], [0, 0]]","[0, 4, 12, 9, 6, 8, 2, 18, 15, 14, 13, 3, 11, 19, 10, 17, 5, 20, 16, 7, 1, 21]",329.69579210931414,14.903363704681396
