Id,Coordinates,Order,Distance,Time
9656,"[[0, 0], [4, 45], [7, 113], [4, 115], [6, 101], [14, 86], [3, 110], [16, 32], [16, 50], [12, 40], [13, 80], [9, 39], [11, 178], [7, 45], [18, 180], [6, 162], [18, 39], [4, 38], [7, 123], [6, 27], [8, 73], [0, 0]]","[0, 19, 17, 11, 9, 1, 13, 20, 10, 5, 4, 6, 3, 18, 15, 12, 14, 2, 8, 16, 7, 21]",390.1971584746158,15.251011371612549
