Id,Coordinates,Order,Distance,Time
8069,"[[0, 0], [8, 50], [11, 39], [51, 33], [18, 43], [54, 48], [48, 7], [62, 8], [8, 48], [46, 29], [33, 34], [52, 46], [1, 69], [64, 22], [56, 22], [16, 7], [62, 10], [40, 1], [27, 43], [49, 13], [1, 71], [0, 0]]","[0, 15, 17, 6, 19, 14, 13, 16, 7, 9, 3, 11, 5, 10, 18, 4, 20, 12, 1, 8, 2, 21]",291.59271888312713,16.3160719871521
