Id,Coordinates,Order,Distance,Time
4121,"[[0, 0], [3, 77], [19, 60], [21, 57], [2, 36], [3, 33], [23, 16], [26, 54], [16, 20], [23, 37], [17, 69], [8, 67], [15, 54], [15, 12], [20, 59], [24, 48], [23, 75], [19, 23], [4, 23], [7, 12], [19, 30], [0, 0]]","[0, 13, 6, 8, 17, 20, 9, 15, 7, 3, 14, 2, 10, 16, 1, 11, 12, 4, 5, 18, 19, 21]",205.83164543266687,16.974299430847168
