Id,Coordinates,Order,Distance,Time
6799,"[[0, 0], [121, 15], [132, 104], [115, 128], [99, 148], [41, 39], [110, 146], [132, 124], [99, 133], [22, 39], [164, 138], [84, 74], [75, 50], [103, 114], [33, 147], [113, 133], [108, 26], [159, 164], [29, 69], [136, 176], [59, 165], [0, 0]]","[0, 9, 5, 11, 13, 8, 4, 6, 15, 3, 7, 2, 10, 17, 19, 20, 14, 18, 12, 16, 1, 21]",780.4375880808418,16.966000080108643
