Id,Coordinates,Order,Distance,Time
7591,"[[0, 0], [43, 53], [142, 29], [122, 76], [68, 6], [166, 54], [133, 46], [187, 132], [141, 98], [53, 83], [172, 124], [152, 23], [55, 58], [68, 131], [77, 29], [50, 2], [183, 57], [132, 75], [172, 133], [160, 34], [110, 55], [0, 0]]","[0, 1, 12, 9, 13, 3, 17, 8, 10, 18, 7, 16, 5, 19, 11, 2, 6, 20, 14, 4, 15, 21]",649.5736387276459,16.20543336868286
