Id,Coordinates,Order,Distance,Time
5865,"[[0, 0], [14, 28], [6, 115], [16, 26], [19, 122], [16, 117], [11, 9], [12, 106], [2, 87], [14, 121], [2, 84], [7, 73], [12, 16], [8, 101], [14, 84], [19, 33], [1, 29], [3, 71], [19, 118], [26, 42], [25, 116], [0, 0]]","[0, 6, 12, 3, 1, 15, 19, 17, 10, 8, 13, 7, 2, 9, 5, 18, 4, 20, 14, 11, 16, 21]",288.27894846052277,14.82105302810669
