Id,Coordinates,Order,Distance,Time
5856,"[[0, 0], [6, 13], [1, 7], [28, 15], [21, 13], [7, 17], [18, 14], [13, 14], [24, 15], [2, 6], [3, 15], [6, 13], [24, 13], [30, 15], [29, 1], [22, 13], [24, 11], [26, 15], [6, 6], [30, 1], [2, 8], [0, 0]]","[0, 9, 2, 20, 1, 11, 10, 5, 7, 6, 4, 15, 8, 17, 3, 13, 12, 16, 19, 14, 18, 21]",100.34164770653888,14.623065710067749
