Id,Coordinates,Order,Distance,Time
9650,"[[0, 0], [124, 104], [128, 103], [14, 89], [38, 39], [126, 98], [42, 67], [26, 51], [7, 67], [18, 14], [60, 75], [109, 22], [36, 59], [37, 20], [4, 86], [11, 87], [33, 4], [53, 5], [58, 95], [29, 73], [30, 64], [0, 0]]","[0, 9, 13, 4, 7, 12, 20, 19, 6, 10, 3, 15, 14, 8, 18, 5, 2, 1, 11, 17, 16, 21]",550.3137658871681,17.262534856796265
