Id,Coordinates,Order,Distance,Time
6655,"[[0, 0], [8, 10], [57, 29], [43, 15], [30, 21], [31, 23], [51, 3], [60, 4], [21, 5], [43, 29], [3, 30], [57, 24], [7, 10], [8, 4], [72, 6], [59, 29], [16, 17], [72, 10], [53, 4], [11, 7], [16, 9], [0, 0]]","[0, 13, 12, 1, 19, 20, 8, 4, 5, 9, 2, 15, 11, 6, 18, 7, 14, 17, 3, 16, 10, 21]",238.73134113293966,14.800481796264648
