Id,Coordinates,Order,Distance,Time
4098,"[[0, 0], [18, 64], [41, 18], [14, 57], [23, 44], [48, 7], [4, 61], [40, 33], [30, 22], [4, 9], [29, 22], [7, 51], [38, 22], [24, 81], [21, 58], [27, 74], [44, 39], [40, 40], [25, 55], [12, 69], [38, 41], [0, 0]]","[0, 9, 10, 8, 12, 2, 5, 7, 16, 17, 20, 4, 18, 14, 1, 19, 13, 15, 3, 6, 11, 21]",269.51039466910004,13.662014245986938
