Id,Coordinates,Order,Distance,Time
407,"[[0, 0], [14, 7], [11, 3], [22, 8], [21, 86], [21, 76], [19, 52], [19, 37], [1, 100], [24, 43], [2, 30], [9, 76], [22, 20], [16, 69], [17, 44], [22, 25], [23, 36], [19, 99], [4, 72], [9, 78], [7, 43], [0, 0]]","[0, 2, 1, 3, 12, 15, 16, 7, 9, 14, 6, 13, 5, 4, 17, 8, 19, 11, 18, 20, 10, 21]",250.7679765320914,15.54167890548706
