Id,Coordinates,Order,Distance,Time
6256,"[[0, 0], [17, 93], [60, 46], [54, 5], [9, 127], [15, 119], [137, 105], [37, 117], [8, 6], [46, 90], [92, 126], [144, 67], [90, 70], [130, 119], [63, 60], [42, 41], [6, 52], [75, 9], [8, 68], [139, 22], [72, 23], [0, 0]]","[0, 8, 20, 2, 15, 16, 18, 1, 5, 4, 7, 9, 14, 12, 10, 13, 6, 11, 19, 17, 3, 21]",692.8843737004674,15.645586490631104
