Id,Coordinates,Order,Distance,Time
7007,"[[0, 0], [1, 6], [4, 38], [19, 33], [11, 10], [18, 13], [4, 29], [21, 18], [14, 31], [14, 28], [1, 24], [3, 18], [19, 1], [8, 35], [22, 41], [7, 8], [4, 1], [2, 16], [11, 38], [23, 28], [21, 14], [0, 0]]","[0, 16, 1, 15, 4, 5, 20, 7, 19, 3, 8, 14, 18, 13, 2, 6, 10, 11, 17, 9, 12, 21]",176.81326701365225,14.90908145904541
