Id,Coordinates,Order,Distance,Time
5885,"[[0, 0], [18, 79], [12, 97], [1, 85], [12, 106], [13, 60], [27, 105], [14, 51], [26, 86], [17, 45], [23, 7], [9, 63], [5, 110], [6, 79], [3, 71], [27, 42], [23, 62], [9, 52], [10, 22], [16, 58], [24, 102], [0, 0]]","[0, 18, 9, 7, 17, 19, 5, 11, 14, 13, 3, 2, 12, 4, 6, 20, 8, 1, 16, 15, 10, 21]",285.71637855606076,16.35904335975647
