Id,Coordinates,Order,Distance,Time
3108,"[[0, 0], [5, 23], [29, 60], [7, 112], [19, 54], [6, 11], [5, 153], [11, 54], [2, 23], [12, 48], [17, 154], [16, 68], [14, 75], [26, 103], [19, 106], [32, 96], [31, 70], [33, 131], [8, 23], [10, 74], [20, 141], [0, 0]]","[0, 5, 1, 18, 9, 7, 4, 2, 16, 11, 12, 15, 13, 14, 17, 20, 10, 6, 3, 19, 8, 21]",379.0540436291854,15.083852767944336
