Id,Coordinates,Order,Distance,Time
1700,"[[0, 0], [1, 43], [44, 16], [30, 65], [59, 88], [12, 18], [14, 70], [25, 82], [8, 31], [22, 70], [44, 6], [15, 13], [24, 44], [15, 59], [28, 18], [49, 24], [1, 15], [52, 11], [64, 95], [18, 86], [13, 59], [0, 0]]","[0, 5, 11, 14, 2, 10, 17, 15, 12, 13, 20, 6, 9, 7, 19, 4, 18, 3, 1, 8, 16, 21]",358.06297300803936,22.430001735687256
