Id,Coordinates,Order,Distance,Time
480,"[[0, 0], [120, 14], [31, 136], [40, 95], [15, 45], [105, 19], [129, 153], [3, 30], [71, 125], [52, 74], [147, 147], [26, 110], [20, 64], [17, 84], [18, 7], [62, 83], [65, 47], [30, 69], [133, 48], [145, 77], [23, 138], [0, 0]]","[0, 7, 4, 12, 13, 11, 2, 20, 15, 9, 16, 5, 1, 18, 19, 10, 6, 8, 3, 17, 14, 21]",700.6001605027866,19.368159294128418
