Id,Coordinates,Order,Distance,Time
6590,"[[0, 0], [3, 33], [4, 63], [4, 87], [45, 52], [37, 33], [12, 57], [20, 35], [7, 50], [13, 93], [56, 16], [11, 30], [51, 52], [20, 95], [12, 5], [18, 85], [42, 13], [53, 1], [14, 29], [6, 86], [60, 94], [0, 0]]","[0, 14, 18, 11, 7, 4, 12, 10, 17, 16, 5, 6, 2, 19, 3, 9, 13, 15, 20, 8, 1, 21]",435.02136704919786,14.420175790786743
