Id,Coordinates,Order,Distance,Time
5532,"[[0, 0], [100, 12], [80, 64], [19, 42], [105, 11], [26, 43], [14, 25], [85, 28], [77, 31], [36, 47], [61, 23], [44, 42], [17, 31], [37, 53], [34, 29], [109, 20], [47, 34], [74, 7], [69, 15], [64, 21], [106, 52], [0, 0]]","[0, 6, 12, 3, 5, 9, 13, 11, 10, 19, 18, 17, 8, 7, 1, 4, 15, 20, 2, 16, 14, 21]",362.449812255757,20.482330799102783
