Id,Coordinates,Order,Distance,Time
1727,"[[0, 0], [10, 98], [8, 26], [12, 103], [26, 50], [11, 79], [6, 49], [16, 50], [29, 21], [1, 99], [14, 85], [34, 77], [10, 59], [22, 93], [30, 126], [28, 87], [18, 108], [19, 136], [16, 14], [10, 100], [3, 106], [0, 0]]","[0, 18, 8, 4, 7, 6, 12, 5, 10, 1, 19, 3, 9, 20, 16, 14, 17, 13, 15, 11, 2, 21]",359.25695908839435,21.15536594390869
