Id,Coordinates,Order,Distance,Time
9675,"[[0, 0], [155, 4], [110, 8], [58, 90], [65, 77], [136, 59], [73, 71], [42, 66], [123, 98], [16, 10], [141, 105], [56, 44], [5, 55], [63, 34], [66, 55], [39, 19], [17, 20], [150, 51], [131, 98], [22, 43], [115, 33], [0, 0]]","[0, 9, 16, 15, 13, 11, 14, 6, 4, 20, 2, 1, 17, 5, 18, 8, 10, 3, 7, 19, 12, 21]",619.7812384561448,14.229436159133911
