Id,Coordinates,Order,Distance,Time
6019,"[[0, 0], [3, 6], [27, 7], [18, 13], [70, 10], [15, 4], [78, 10], [69, 4], [15, 2], [59, 2], [74, 2], [77, 3], [32, 7], [70, 4], [13, 1], [67, 7], [78, 4], [71, 8], [15, 1], [11, 3], [43, 8], [0, 0]]","[0, 19, 14, 18, 8, 5, 2, 12, 20, 15, 4, 17, 6, 16, 11, 10, 13, 7, 9, 3, 1, 21]",176.38228817066113,25.179916620254517
