Id,Coordinates,Order,Distance,Time
7747,"[[0, 0], [9, 17], [15, 22], [3, 16], [1, 23], [5, 18], [15, 4], [3, 7], [15, 25], [9, 22], [2, 24], [6, 22], [16, 22], [14, 17], [11, 4], [8, 7], [8, 25], [7, 11], [19, 2], [15, 1], [10, 6], [0, 0]]","[0, 7, 15, 20, 14, 6, 19, 18, 1, 5, 3, 4, 10, 11, 16, 9, 8, 12, 2, 13, 17, 21]",110.35204253040924,14.962292671203613
