Id,Coordinates,Order,Distance,Time
5577,"[[0, 0], [31, 3], [84, 123], [14, 129], [31, 40], [73, 85], [37, 77], [73, 106], [69, 27], [84, 32], [45, 137], [40, 90], [22, 8], [39, 122], [49, 40], [17, 61], [11, 15], [15, 12], [3, 67], [50, 158], [57, 5], [0, 0]]","[0, 16, 17, 12, 1, 20, 8, 9, 14, 15, 18, 6, 11, 13, 3, 10, 19, 2, 7, 5, 4, 21]",559.8832654688495,14.85440444946289
