Id,Coordinates,Order,Distance,Time
6172,"[[0, 0], [144, 25], [31, 190], [87, 130], [44, 3], [121, 39], [35, 150], [132, 119], [117, 78], [98, 162], [142, 6], [140, 77], [122, 21], [113, 145], [89, 82], [10, 18], [126, 104], [43, 107], [153, 40], [17, 128], [63, 63], [0, 0]]","[0, 15, 20, 14, 8, 11, 16, 7, 13, 9, 3, 2, 6, 19, 17, 5, 18, 1, 10, 12, 4, 21]",813.272512609223,15.780850410461426
