Id,Coordinates,Order,Distance,Time
2491,"[[0, 0], [44, 113], [3, 104], [15, 11], [40, 56], [33, 114], [26, 102], [12, 45], [24, 93], [45, 90], [28, 65], [1, 46], [34, 50], [17, 104], [40, 98], [44, 98], [23, 115], [30, 66], [15, 6], [11, 50], [4, 27], [0, 0]]","[0, 18, 3, 20, 11, 19, 12, 4, 17, 8, 6, 13, 2, 16, 5, 1, 15, 14, 9, 10, 7, 21]",350.0749313662903,16.55229425430298
