Id,Coordinates,Order,Distance,Time
1007,"[[0, 0], [188, 34], [167, 58], [42, 75], [121, 86], [12, 106], [86, 50], [139, 97], [82, 49], [74, 109], [97, 56], [76, 87], [69, 109], [142, 49], [133, 97], [2, 20], [157, 91], [36, 93], [82, 78], [145, 121], [108, 47], [0, 0]]","[0, 15, 3, 17, 5, 12, 9, 11, 18, 8, 6, 10, 20, 13, 1, 2, 16, 19, 14, 7, 4, 21]",671.7299097060743,16.58170485496521
