Id,Coordinates,Order,Distance,Time
7207,"[[0, 0], [68, 31], [10, 101], [159, 10], [95, 73], [32, 18], [14, 26], [114, 63], [184, 93], [51, 102], [97, 80], [70, 70], [26, 99], [83, 82], [142, 86], [177, 45], [195, 94], [34, 80], [190, 80], [154, 3], [148, 14], [0, 0]]","[0, 5, 1, 11, 10, 14, 8, 16, 18, 15, 3, 19, 20, 7, 4, 13, 9, 12, 2, 17, 6, 21]",647.7050889528824,15.134595155715942
