Id,Coordinates,Order,Distance,Time
6947,"[[0, 0], [53, 52], [5, 23], [20, 20], [21, 112], [37, 64], [9, 24], [17, 142], [31, 114], [30, 109], [9, 104], [29, 131], [36, 74], [19, 99], [28, 58], [53, 116], [50, 19], [1, 34], [5, 137], [49, 118], [8, 19], [0, 0]]","[0, 20, 2, 6, 17, 14, 5, 12, 13, 10, 4, 9, 8, 18, 7, 11, 19, 15, 1, 16, 3, 21]",416.7118295004791,15.244828701019287
