Id,Coordinates,Order,Distance,Time
5359,"[[0, 0], [25, 28], [86, 33], [84, 19], [65, 39], [95, 27], [82, 26], [49, 21], [57, 35], [86, 17], [61, 14], [121, 8], [15, 30], [103, 1], [30, 25], [99, 29], [68, 7], [121, 11], [29, 37], [95, 15], [86, 37], [0, 0]]","[0, 12, 18, 1, 14, 7, 10, 3, 9, 5, 15, 2, 20, 4, 8, 6, 19, 17, 11, 13, 16, 21]",385.2034483980357,16.239272594451904
