Id,Coordinates,Order,Distance,Time
8380,"[[0, 0], [53, 27], [76, 18], [31, 1], [77, 22], [136, 25], [38, 1], [157, 12], [76, 9], [120, 30], [20, 31], [156, 27], [16, 9], [118, 26], [4, 3], [25, 9], [120, 31], [78, 32], [61, 5], [122, 18], [90, 34], [0, 0]]","[0, 14, 12, 15, 3, 6, 18, 8, 2, 4, 13, 9, 16, 5, 11, 7, 19, 20, 17, 1, 10, 21]",373.3783200073443,21.67800283432007
