Id,Coordinates,Order,Distance,Time
9850,"[[0, 0], [48, 31], [49, 71], [55, 22], [71, 76], [21, 78], [80, 28], [79, 25], [48, 43], [45, 11], [62, 5], [29, 9], [19, 12], [48, 1], [10, 37], [80, 56], [79, 22], [28, 59], [75, 11], [50, 75], [87, 104], [0, 0]]","[0, 12, 11, 9, 13, 10, 18, 16, 7, 6, 3, 1, 17, 5, 2, 19, 20, 4, 15, 8, 14, 21]",442.50614558315795,15.511783599853516
