Id,Coordinates,Order,Distance,Time
9415,"[[0, 0], [36, 42], [21, 25], [48, 58], [28, 19], [50, 40], [53, 17], [78, 6], [62, 93], [26, 112], [49, 95], [50, 23], [69, 24], [14, 72], [50, 35], [36, 80], [16, 32], [16, 12], [22, 19], [68, 59], [20, 53], [0, 0]]","[0, 17, 18, 4, 2, 1, 5, 14, 11, 6, 7, 12, 19, 3, 15, 8, 10, 9, 13, 20, 16, 21]",421.16106458498155,15.899667263031006
