Id,Coordinates,Order,Distance,Time
7665,"[[0, 0], [33, 49], [84, 31], [91, 33], [121, 66], [89, 33], [29, 50], [73, 36], [118, 75], [66, 62], [94, 20], [103, 80], [24, 77], [99, 13], [65, 60], [3, 23], [77, 55], [73, 47], [41, 79], [52, 52], [66, 4], [0, 0]]","[0, 15, 6, 1, 19, 14, 9, 16, 17, 7, 2, 5, 3, 12, 18, 11, 8, 4, 10, 13, 20, 21]",499.83479552861405,19.31863260269165
