Id,Coordinates,Order,Distance,Time
6177,"[[0, 0], [116, 90], [66, 108], [85, 142], [122, 121], [43, 123], [68, 10], [80, 161], [31, 157], [135, 20], [129, 175], [25, 19], [23, 185], [70, 16], [113, 2], [67, 68], [125, 47], [100, 157], [137, 125], [94, 159], [133, 19], [0, 0]]","[0, 6, 13, 14, 20, 9, 16, 1, 4, 18, 10, 17, 19, 3, 7, 12, 8, 5, 2, 15, 11, 21]",687.9924943366025,14.754122495651245
