Id,Coordinates,Order,Distance,Time
8325,"[[0, 0], [3, 59], [6, 164], [2, 108], [10, 61], [6, 155], [7, 19], [4, 72], [10, 51], [2, 44], [7, 1], [3, 128], [9, 32], [9, 120], [5, 160], [2, 28], [6, 95], [7, 19], [7, 11], [2, 86], [9, 25], [0, 0]]","[0, 10, 18, 6, 17, 20, 12, 8, 4, 7, 19, 3, 11, 5, 14, 2, 13, 16, 1, 9, 15, 21]",336.0182139570532,13.207828998565674
