Id,Coordinates,Order,Distance,Time
5802,"[[0, 0], [130, 88], [94, 20], [129, 106], [57, 121], [19, 104], [146, 69], [122, 31], [46, 61], [140, 88], [27, 99], [18, 15], [23, 63], [100, 65], [110, 75], [104, 20], [150, 20], [38, 73], [134, 15], [78, 82], [45, 112], [0, 0]]","[0, 11, 12, 19, 13, 14, 6, 9, 1, 3, 4, 20, 5, 10, 17, 8, 15, 7, 16, 18, 2, 21]",698.495090488399,15.556731462478638
