Id,Coordinates,Order,Distance,Time
5246,"[[0, 0], [59, 26], [35, 41], [65, 98], [119, 20], [60, 97], [58, 117], [19, 17], [109, 29], [52, 23], [99, 14], [28, 94], [1, 45], [49, 87], [54, 65], [55, 116], [80, 109], [101, 3], [32, 10], [50, 89], [86, 86], [0, 0]]","[0, 7, 18, 9, 1, 14, 13, 19, 11, 5, 3, 6, 15, 16, 20, 8, 4, 10, 17, 2, 12, 21]",530.171396403766,12.361841678619385
