Id,Coordinates,Order,Distance,Time
1589,"[[0, 0], [18, 23], [13, 49], [4, 52], [6, 33], [11, 43], [37, 56], [18, 45], [2, 5], [52, 10], [22, 6], [43, 14], [32, 59], [38, 28], [3, 10], [33, 48], [9, 20], [34, 36], [6, 28], [12, 31], [46, 20], [0, 0]]","[0, 8, 14, 16, 18, 4, 19, 11, 9, 20, 13, 17, 15, 6, 12, 7, 2, 3, 5, 1, 10, 21]",253.50362576063245,16.969366312026978
