Id,Coordinates,Order,Distance,Time
4749,"[[0, 0], [13, 42], [158, 89], [143, 120], [100, 42], [13, 142], [24, 111], [104, 52], [136, 132], [92, 49], [26, 107], [56, 57], [155, 120], [90, 122], [139, 23], [78, 77], [135, 44], [86, 45], [172, 57], [116, 22], [80, 46], [0, 0]]","[0, 11, 20, 17, 9, 7, 4, 19, 14, 16, 18, 2, 12, 3, 8, 13, 15, 5, 6, 10, 1, 21]",676.1252255126346,15.533722400665283
