Id,Coordinates,Order,Distance,Time
2971,"[[0, 0], [26, 147], [56, 102], [30, 89], [4, 11], [21, 60], [43, 45], [8, 146], [27, 79], [41, 143], [43, 34], [3, 89], [8, 65], [44, 35], [7, 9], [45, 3], [44, 148], [22, 75], [7, 76], [48, 29], [16, 87], [0, 0]]","[0, 14, 15, 19, 10, 13, 6, 5, 17, 8, 3, 2, 9, 16, 1, 7, 11, 20, 18, 12, 4, 21]",428.1795745811,14.07567310333252
