Id,Coordinates,Order,Distance,Time
1798,"[[0, 0], [42, 48], [46, 54], [49, 88], [80, 82], [12, 82], [59, 54], [13, 13], [47, 88], [1, 117], [2, 1], [56, 59], [49, 17], [35, 46], [4, 24], [58, 87], [35, 101], [47, 16], [13, 31], [23, 115], [42, 29], [0, 0]]","[0, 10, 14, 18, 13, 1, 2, 11, 6, 4, 15, 3, 8, 16, 19, 9, 5, 20, 12, 17, 7, 21]",386.9270207486524,23.470999717712402
