Id,Coordinates,Order,Distance,Time
1406,"[[0, 0], [21, 58], [54, 182], [2, 140], [10, 179], [26, 18], [36, 126], [47, 86], [45, 100], [20, 161], [20, 49], [42, 90], [22, 125], [56, 103], [34, 44], [50, 161], [61, 5], [3, 76], [52, 101], [44, 154], [1, 135], [0, 0]]","[0, 5, 14, 10, 1, 17, 11, 18, 13, 12, 20, 3, 9, 4, 2, 15, 19, 6, 8, 7, 16, 21]",573.964165683169,18.89137291908264
