Id,Coordinates,Order,Distance,Time
1560,"[[0, 0], [100, 48], [49, 62], [84, 61], [83, 37], [4, 63], [7, 52], [90, 36], [74, 52], [83, 69], [82, 11], [29, 16], [7, 9], [80, 8], [61, 43], [97, 61], [17, 45], [86, 5], [105, 38], [7, 70], [32, 61], [0, 0]]","[0, 12, 16, 6, 5, 19, 20, 2, 14, 8, 3, 9, 15, 1, 18, 7, 4, 10, 17, 13, 11, 21]",369.92193431204856,15.654231071472168
