Id,Coordinates,Order,Distance,Time
6931,"[[0, 0], [5, 9], [46, 18], [65, 9], [97, 4], [41, 3], [57, 18], [73, 18], [39, 1], [38, 10], [79, 18], [10, 9], [31, 18], [50, 16], [93, 1], [80, 13], [7, 7], [10, 18], [67, 3], [77, 16], [12, 13], [0, 0]]","[0, 16, 1, 11, 20, 17, 12, 9, 2, 13, 6, 7, 19, 10, 15, 14, 4, 18, 3, 5, 8, 21]",235.29380823044264,16.930920362472534
