Id,Coordinates,Order,Distance,Time
4027,"[[0, 0], [117, 21], [103, 8], [62, 89], [10, 112], [159, 122], [42, 121], [4, 119], [17, 46], [16, 58], [62, 10], [1, 106], [66, 110], [141, 119], [75, 11], [19, 51], [48, 122], [121, 91], [63, 65], [78, 41], [113, 116], [0, 0]]","[0, 8, 15, 9, 3, 12, 16, 6, 4, 7, 11, 19, 10, 14, 2, 1, 17, 5, 13, 20, 18, 21]",744.8705828035124,15.513023853302002
