Id,Coordinates,Order,Distance,Time
3888,"[[0, 0], [39, 92], [55, 82], [3, 100], [5, 150], [65, 31], [6, 167], [84, 16], [51, 47], [87, 145], [11, 100], [84, 56], [13, 49], [21, 33], [48, 73], [79, 147], [47, 36], [20, 152], [16, 119], [4, 152], [100, 166], [0, 0]]","[0, 13, 16, 8, 5, 7, 11, 1, 10, 3, 18, 4, 19, 6, 17, 15, 20, 9, 2, 14, 12, 21]",637.436844210613,14.896706819534302
