Id,Coordinates,Order,Distance,Time
511,"[[0, 0], [56, 81], [45, 100], [60, 42], [12, 81], [48, 98], [26, 106], [5, 82], [38, 48], [22, 116], [68, 129], [24, 58], [32, 10], [48, 56], [47, 34], [15, 71], [59, 137], [19, 87], [35, 73], [29, 3], [51, 125], [0, 0]]","[0, 19, 12, 14, 3, 13, 11, 15, 7, 4, 17, 6, 9, 2, 5, 20, 16, 10, 1, 18, 8, 21]",443.44904570231733,14.753704071044922
