Id,Coordinates,Order,Distance,Time
299,"[[0, 0], [72, 61], [39, 62], [74, 94], [12, 128], [88, 5], [88, 62], [9, 5], [10, 39], [12, 83], [27, 132], [2, 94], [5, 83], [41, 14], [66, 11], [77, 136], [78, 115], [75, 53], [61, 120], [24, 106], [88, 95], [0, 0]]","[0, 7, 13, 14, 5, 17, 1, 6, 20, 3, 16, 15, 18, 10, 4, 19, 11, 12, 9, 2, 8, 21]",508.4706822061304,20.175475358963013
