Id,Coordinates,Order,Distance,Time
4670,"[[0, 0], [3, 59], [144, 20], [37, 36], [80, 5], [45, 47], [127, 17], [48, 44], [115, 63], [57, 17], [132, 47], [7, 31], [103, 34], [69, 43], [129, 30], [100, 19], [86, 24], [53, 6], [13, 4], [137, 8], [152, 8], [0, 0]]","[0, 11, 1, 3, 5, 7, 13, 16, 15, 6, 19, 20, 2, 14, 10, 8, 12, 4, 9, 17, 18, 21]",467.6246667472139,16.778855085372925
