Id,Coordinates,Order,Distance,Time
4730,"[[0, 0], [131, 52], [180, 46], [45, 140], [47, 138], [153, 1], [62, 53], [61, 28], [148, 153], [169, 93], [100, 37], [7, 154], [63, 137], [33, 81], [42, 148], [81, 167], [193, 103], [115, 95], [9, 7], [90, 133], [61, 71], [0, 0]]","[0, 18, 7, 6, 13, 11, 14, 3, 4, 12, 19, 15, 8, 16, 9, 2, 5, 10, 1, 17, 20, 21]",894.2366072649327,15.005491256713867
