Id,Coordinates,Order,Distance,Time
8490,"[[0, 0], [120, 71], [64, 14], [25, 114], [107, 105], [110, 5], [130, 100], [12, 16], [106, 102], [126, 39], [50, 48], [79, 78], [107, 97], [79, 106], [9, 99], [77, 28], [125, 113], [58, 26], [20, 53], [66, 62], [126, 87], [0, 0]]","[0, 7, 10, 19, 11, 13, 8, 12, 4, 16, 6, 20, 1, 9, 5, 15, 2, 17, 3, 14, 18, 21]",606.004783991367,21.289999961853027
