Id,Coordinates,Order,Distance,Time
8863,"[[0, 0], [62, 1], [80, 12], [4, 6], [25, 14], [59, 17], [16, 11], [53, 9], [97, 8], [38, 2], [2, 21], [50, 11], [89, 19], [94, 21], [54, 19], [38, 15], [17, 3], [39, 7], [69, 14], [24, 15], [5, 9], [0, 0]]","[0, 20, 10, 6, 4, 19, 15, 17, 11, 7, 14, 5, 18, 2, 12, 13, 8, 1, 9, 16, 3, 21]",255.6179465269638,14.376878499984741
