Id,Coordinates,Order,Distance,Time
2089,"[[0, 0], [36, 26], [6, 61], [20, 3], [18, 13], [64, 35], [5, 31], [39, 35], [85, 58], [37, 66], [25, 16], [33, 46], [63, 75], [87, 67], [6, 59], [35, 36], [65, 43], [54, 38], [34, 80], [51, 50], [75, 28], [0, 0]]","[0, 3, 4, 10, 1, 7, 15, 11, 19, 17, 16, 5, 20, 8, 13, 12, 18, 9, 2, 14, 6, 21]",342.4090879209687,16.128803491592407
