Id,Coordinates,Order,Distance,Time
4237,"[[0, 0], [26, 35], [51, 22], [76, 5], [49, 18], [119, 18], [90, 27], [27, 9], [34, 10], [4, 25], [95, 28], [38, 36], [108, 32], [91, 26], [43, 8], [67, 5], [138, 9], [135, 4], [45, 24], [155, 25], [111, 2], [0, 0]]","[0, 9, 1, 11, 18, 2, 4, 15, 3, 13, 6, 10, 12, 5, 19, 17, 16, 20, 14, 8, 7, 21]",392.55772487765086,13.475769758224487
