Id,Coordinates,Order,Distance,Time
6321,"[[0, 0], [189, 65], [141, 1], [58, 43], [101, 16], [105, 15], [165, 83], [78, 56], [41, 62], [110, 36], [179, 85], [106, 2], [100, 76], [87, 79], [98, 1], [79, 98], [150, 1], [185, 30], [51, 18], [11, 29], [93, 22], [0, 0]]","[0, 19, 3, 8, 15, 12, 13, 7, 20, 4, 5, 11, 14, 2, 16, 17, 1, 10, 6, 9, 18, 21]",655.0345205748602,15.780055522918701
