Id,Coordinates,Order,Distance,Time
4674,"[[0, 0], [1, 38], [24, 51], [75, 101], [17, 75], [33, 106], [126, 7], [63, 34], [80, 15], [110, 34], [104, 87], [90, 12], [160, 66], [113, 91], [30, 96], [38, 79], [128, 33], [72, 105], [50, 41], [39, 58], [38, 3], [0, 0]]","[0, 20, 19, 18, 7, 8, 11, 6, 9, 16, 12, 13, 10, 3, 17, 5, 14, 15, 4, 2, 1, 21]",574.1399120999371,15.94696307182312
