Id,Coordinates,Order,Distance,Time
9248,"[[0, 0], [1, 30], [49, 4], [74, 22], [6, 26], [15, 18], [5, 24], [76, 42], [1, 27], [45, 18], [81, 29], [20, 18], [52, 12], [70, 22], [59, 5], [97, 22], [95, 14], [77, 37], [67, 9], [43, 12], [32, 28], [0, 0]]","[0, 5, 11, 19, 2, 14, 13, 3, 10, 17, 7, 15, 16, 18, 12, 9, 20, 4, 6, 8, 1, 21]",292.3780950491072,16.137816667556763
