Id,Coordinates,Order,Distance,Time
3946,"[[0, 0], [89, 2], [25, 40], [52, 4], [121, 57], [150, 64], [165, 67], [25, 24], [55, 68], [43, 4], [11, 19], [165, 68], [162, 70], [57, 11], [47, 39], [128, 16], [24, 15], [167, 47], [68, 2], [41, 8], [86, 18], [0, 0]]","[0, 10, 16, 7, 13, 3, 9, 19, 18, 1, 20, 15, 17, 12, 11, 6, 5, 4, 8, 14, 2, 21]",496.4892773674825,17.746396780014038
