Id,Coordinates,Order,Distance,Time
7770,"[[0, 0], [140, 48], [50, 133], [152, 131], [142, 188], [72, 188], [19, 2], [64, 56], [77, 150], [102, 20], [11, 69], [92, 26], [76, 186], [11, 36], [2, 194], [27, 141], [130, 19], [47, 172], [151, 176], [25, 164], [81, 194], [0, 0]]","[0, 6, 7, 11, 9, 16, 1, 3, 18, 4, 20, 12, 5, 17, 14, 19, 15, 8, 2, 10, 13, 21]",787.8236858570815,17.887134313583374
