Id,Coordinates,Order,Distance,Time
4971,"[[0, 0], [106, 9], [79, 1], [4, 5], [78, 5], [135, 9], [53, 9], [34, 10], [104, 7], [26, 10], [69, 8], [95, 1], [35, 10], [12, 10], [41, 7], [45, 3], [104, 5], [78, 9], [116, 1], [65, 8], [26, 4], [0, 0]]","[0, 3, 13, 9, 7, 12, 14, 6, 19, 10, 4, 2, 11, 16, 18, 5, 1, 8, 17, 15, 20, 21]",282.25431099248414,15.022228002548218
