Id,Coordinates,Order,Distance,Time
1599,"[[0, 0], [31, 74], [60, 171], [49, 137], [7, 61], [29, 107], [35, 105], [4, 122], [42, 75], [4, 101], [38, 78], [29, 55], [46, 170], [50, 8], [8, 110], [65, 43], [34, 114], [57, 79], [64, 33], [28, 156], [70, 181], [0, 0]]","[0, 13, 18, 15, 17, 8, 10, 1, 9, 14, 7, 5, 16, 19, 12, 2, 20, 3, 6, 11, 4, 21]",563.8956111238816,18.901171684265137
