Id,Coordinates,Order,Distance,Time
8734,"[[0, 0], [64, 149], [27, 79], [77, 23], [62, 155], [37, 39], [140, 30], [17, 43], [24, 41], [61, 21], [25, 124], [111, 1], [62, 90], [117, 155], [117, 104], [129, 19], [54, 107], [71, 7], [28, 115], [90, 110], [97, 145], [0, 0]]","[0, 8, 5, 9, 3, 17, 11, 15, 6, 14, 19, 16, 18, 10, 1, 4, 13, 20, 12, 2, 7, 21]",697.7898463796566,18.034796237945557
