Id,Coordinates,Order,Distance,Time
431,"[[0, 0], [60, 14], [19, 31], [117, 19], [182, 23], [56, 28], [101, 29], [149, 22], [135, 15], [84, 15], [82, 10], [10, 25], [87, 9], [103, 32], [170, 31], [163, 13], [94, 26], [115, 12], [184, 29], [67, 7], [119, 23], [0, 0]]","[0, 11, 2, 5, 1, 19, 10, 9, 16, 6, 13, 20, 3, 8, 7, 14, 18, 4, 15, 17, 12, 21]",430.43436235831877,13.54275131225586
