Id,Coordinates,Order,Distance,Time
8017,"[[0, 0], [1, 24], [45, 17], [38, 19], [8, 14], [117, 32], [17, 32], [135, 21], [30, 8], [32, 42], [132, 32], [6, 6], [31, 4], [137, 6], [129, 26], [4, 8], [38, 28], [66, 4], [118, 44], [116, 17], [136, 35], [0, 0]]","[0, 11, 15, 4, 1, 6, 9, 16, 3, 2, 5, 18, 20, 10, 14, 7, 13, 19, 17, 12, 8, 21]",383.0629925446337,16.20736527442932
