Id,Coordinates,Order,Distance,Time
127,"[[0, 0], [41, 16], [27, 36], [109, 61], [125, 48], [4, 91], [8, 4], [133, 38], [109, 64], [49, 80], [54, 80], [117, 88], [82, 5], [135, 54], [64, 88], [34, 22], [63, 57], [148, 73], [31, 105], [122, 41], [14, 81], [0, 0]]","[0, 2, 16, 10, 9, 20, 5, 18, 14, 3, 4, 19, 7, 13, 17, 11, 8, 12, 1, 15, 6, 21]",580.1826787115674,23.205003261566162
