Id,Coordinates,Order,Distance,Time
1378,"[[0, 0], [111, 3], [39, 14], [76, 20], [21, 6], [70, 8], [114, 16], [123, 5], [34, 19], [28, 32], [77, 19], [103, 33], [58, 4], [75, 25], [33, 12], [115, 8], [116, 14], [124, 3], [102, 18], [121, 5], [88, 35], [0, 0]]","[0, 4, 14, 2, 12, 10, 3, 13, 20, 11, 18, 6, 16, 15, 19, 7, 17, 1, 5, 8, 9, 21]",320.1463393976176,19.739205598831177
