Id,Coordinates,Order,Distance,Time
5893,"[[0, 0], [2, 44], [69, 25], [30, 48], [9, 42], [8, 29], [42, 42], [82, 16], [5, 49], [73, 34], [40, 16], [17, 44], [51, 20], [1, 18], [49, 47], [21, 5], [31, 24], [44, 2], [71, 10], [55, 3], [4, 21], [0, 0]]","[0, 13, 20, 5, 4, 1, 8, 11, 3, 6, 14, 10, 17, 19, 18, 7, 2, 9, 12, 16, 15, 21]",308.0552355476737,13.987210750579834
