Id,Coordinates,Order,Distance,Time
7856,"[[0, 0], [48, 29], [12, 77], [53, 15], [67, 22], [49, 11], [83, 78], [45, 72], [25, 17], [80, 46], [52, 52], [43, 6], [44, 54], [17, 22], [53, 48], [45, 1], [83, 15], [6, 39], [15, 64], [50, 24], [39, 5], [0, 0]]","[0, 13, 8, 20, 11, 15, 5, 3, 19, 1, 14, 10, 12, 18, 4, 16, 9, 6, 7, 2, 17, 21]",455.5448260880669,13.594542503356934
