Id,Coordinates,Order,Distance,Time
8583,"[[0, 0], [52, 77], [106, 81], [51, 105], [104, 86], [3, 58], [30, 79], [97, 80], [64, 95], [27, 8], [27, 2], [48, 24], [43, 36], [81, 104], [36, 89], [12, 45], [105, 8], [2, 92], [101, 115], [89, 46], [30, 81], [0, 0]]","[0, 9, 11, 12, 15, 5, 17, 6, 20, 14, 1, 3, 8, 13, 18, 4, 2, 7, 19, 16, 10, 21]",523.0769721881946,15.623291015625
