Id,Coordinates,Order,Distance,Time
7016,"[[0, 0], [1, 99], [14, 42], [37, 12], [28, 93], [50, 104], [10, 62], [23, 31], [23, 95], [24, 57], [46, 130], [2, 62], [25, 73], [39, 118], [18, 35], [23, 78], [16, 90], [13, 60], [2, 93], [44, 124], [32, 53], [0, 0]]","[0, 7, 14, 2, 12, 15, 16, 8, 4, 5, 10, 19, 13, 1, 18, 11, 6, 17, 9, 20, 3, 21]",374.98289809212935,14.544296264648438
