Id,Coordinates,Order,Distance,Time
6472,"[[0, 0], [14, 37], [1, 105], [4, 63], [20, 24], [13, 74], [7, 3], [5, 100], [20, 24], [12, 95], [8, 69], [12, 33], [3, 107], [4, 32], [4, 109], [6, 24], [11, 89], [1, 13], [16, 65], [12, 57], [19, 93], [0, 0]]","[0, 6, 17, 15, 4, 8, 11, 1, 19, 18, 10, 5, 16, 9, 20, 7, 2, 12, 14, 3, 13, 21]",270.7985608224184,16.42055106163025
