Id,Coordinates,Order,Distance,Time
6236,"[[0, 0], [1, 19], [52, 64], [66, 22], [60, 55], [14, 93], [2, 87], [53, 67], [71, 53], [16, 64], [23, 92], [11, 10], [59, 63], [51, 24], [5, 7], [59, 59], [55, 4], [43, 70], [66, 67], [8, 100], [58, 6], [0, 0]]","[0, 14, 1, 9, 6, 19, 5, 10, 17, 7, 2, 12, 15, 4, 18, 8, 3, 13, 20, 16, 11, 21]",342.74096466573343,16.728527545928955
