Id,Coordinates,Order,Distance,Time
1353,"[[0, 0], [17, 16], [101, 23], [127, 78], [1, 34], [34, 43], [5, 64], [85, 59], [65, 44], [87, 49], [57, 65], [40, 5], [107, 87], [34, 54], [149, 20], [57, 35], [70, 2], [6, 14], [7, 22], [154, 72], [42, 42], [0, 0]]","[0, 17, 18, 4, 6, 13, 5, 20, 15, 8, 10, 9, 7, 12, 3, 19, 14, 2, 16, 11, 1, 21]",512.9445421098236,19.141001224517822
