Id,Coordinates,Order,Distance,Time
7798,"[[0, 0], [57, 17], [156, 47], [6, 15], [13, 14], [179, 4], [125, 33], [54, 54], [155, 2], [96, 43], [120, 23], [139, 96], [65, 46], [72, 46], [26, 67], [29, 10], [9, 94], [144, 25], [39, 50], [114, 43], [22, 83], [0, 0]]","[0, 3, 4, 15, 1, 18, 14, 20, 16, 7, 9, 19, 6, 10, 17, 8, 5, 2, 11, 13, 12, 21]",652.2863906261023,15.833380699157715
