Id,Coordinates,Order,Distance,Time
2551,"[[0, 0], [74, 34], [5, 9], [27, 33], [58, 20], [98, 24], [116, 32], [39, 31], [28, 20], [23, 31], [63, 6], [121, 26], [4, 17], [140, 29], [34, 18], [50, 27], [11, 31], [104, 24], [17, 34], [135, 29], [139, 3], [0, 0]]","[0, 2, 12, 16, 18, 9, 3, 7, 15, 4, 1, 5, 17, 6, 11, 19, 13, 20, 10, 14, 8, 21]",354.4068229855401,13.608510971069336
