Id,Coordinates,Order,Distance,Time
3931,"[[0, 0], [1, 54], [7, 31], [9, 37], [3, 22], [4, 41], [1, 21], [9, 16], [3, 23], [1, 4], [5, 53], [4, 29], [13, 25], [13, 33], [9, 54], [7, 57], [4, 61], [6, 25], [9, 33], [6, 55], [5, 44], [0, 0]]","[0, 9, 6, 8, 4, 17, 11, 2, 18, 3, 5, 20, 10, 19, 15, 16, 1, 14, 13, 12, 7, 21]",144.3375746300715,12.247003555297852
