Id,Coordinates,Order,Distance,Time
6690,"[[0, 0], [83, 17], [87, 9], [121, 1], [63, 10], [93, 1], [90, 4], [136, 18], [110, 5], [115, 2], [19, 10], [67, 16], [6, 11], [122, 2], [83, 1], [51, 12], [95, 1], [63, 14], [108, 8], [52, 13], [103, 6], [0, 0]]","[0, 12, 10, 15, 19, 17, 11, 1, 2, 6, 5, 16, 8, 9, 3, 13, 7, 18, 20, 14, 4, 21]",302.1772532225502,19.803000926971436
