Id,Coordinates,Order,Distance,Time
9195,"[[0, 0], [9, 86], [103, 20], [38, 51], [159, 74], [78, 36], [83, 5], [151, 17], [73, 42], [59, 22], [96, 96], [57, 32], [39, 48], [92, 45], [127, 44], [171, 60], [47, 60], [150, 147], [4, 125], [46, 141], [115, 148], [0, 0]]","[0, 12, 3, 16, 11, 9, 8, 5, 13, 6, 2, 14, 7, 15, 4, 17, 20, 10, 19, 18, 1, 21]",769.3930713024997,16.23589563369751
