Id,Coordinates,Order,Distance,Time
7135,"[[0, 0], [101, 56], [59, 118], [150, 18], [79, 39], [122, 43], [2, 74], [154, 69], [23, 89], [52, 47], [19, 45], [51, 39], [11, 144], [3, 122], [159, 28], [134, 108], [7, 21], [5, 144], [90, 75], [141, 115], [67, 72], [0, 0]]","[0, 16, 10, 11, 9, 18, 20, 8, 6, 13, 17, 12, 2, 15, 19, 7, 14, 3, 5, 1, 4, 21]",728.9147684207006,13.373300313949585
