Id,Coordinates,Order,Distance,Time
7118,"[[0, 0], [7, 4], [39, 97], [51, 109], [47, 45], [40, 10], [49, 68], [44, 47], [18, 58], [9, 28], [42, 87], [10, 128], [42, 101], [6, 65], [26, 13], [11, 3], [8, 8], [3, 126], [51, 128], [27, 134], [45, 71], [0, 0]]","[0, 1, 15, 14, 5, 4, 7, 6, 20, 10, 2, 12, 3, 18, 19, 11, 17, 13, 8, 9, 16, 21]",359.8496658822347,15.97291350364685
