Id,Coordinates,Order,Distance,Time
5316,"[[0, 0], [163, 27], [39, 82], [127, 28], [68, 50], [80, 45], [56, 60], [44, 37], [122, 62], [125, 44], [95, 11], [149, 83], [160, 52], [78, 12], [106, 56], [118, 18], [75, 12], [59, 20], [122, 26], [178, 44], [177, 7], [0, 0]]","[0, 17, 16, 13, 10, 15, 18, 3, 5, 4, 6, 2, 14, 8, 11, 12, 19, 20, 1, 9, 7, 21]",661.5897063355803,13.330611228942871
