Id,Coordinates,Order,Distance,Time
2934,"[[0, 0], [54, 73], [8, 167], [83, 86], [48, 64], [22, 47], [78, 49], [49, 125], [45, 170], [87, 76], [51, 147], [20, 3], [61, 19], [100, 79], [56, 116], [68, 103], [6, 159], [76, 91], [92, 128], [88, 112], [39, 95], [0, 0]]","[0, 11, 12, 6, 9, 3, 17, 15, 14, 7, 10, 8, 2, 16, 20, 18, 19, 13, 1, 4, 5, 21]",606.5063048134693,14.51523494720459
