Id,Coordinates,Order,Distance,Time
3006,"[[0, 0], [7, 41], [3, 1], [9, 21], [8, 52], [23, 16], [8, 17], [8, 30], [11, 35], [7, 11], [1, 8], [17, 51], [24, 7], [19, 4], [20, 1], [2, 19], [24, 51], [20, 4], [14, 20], [25, 28], [8, 11], [0, 0]]","[0, 10, 6, 3, 18, 12, 17, 14, 13, 20, 9, 15, 7, 8, 1, 4, 11, 16, 19, 5, 2, 21]",194.7443164824345,17.251959085464478
