Id,Coordinates,Order,Distance,Time
7990,"[[0, 0], [181, 52], [183, 55], [121, 28], [32, 39], [141, 43], [155, 55], [129, 11], [121, 3], [64, 54], [138, 51], [26, 59], [28, 32], [97, 30], [76, 11], [71, 13], [80, 15], [156, 12], [98, 2], [156, 14], [56, 3], [0, 0]]","[0, 12, 4, 11, 9, 16, 14, 18, 8, 7, 5, 10, 6, 1, 2, 19, 17, 3, 13, 15, 20, 21]",523.5010196298911,14.64517593383789
