Id,Coordinates,Order,Distance,Time
4726,"[[0, 0], [6, 19], [34, 15], [29, 29], [36, 1], [36, 29], [5, 25], [37, 38], [34, 22], [30, 23], [16, 9], [21, 7], [40, 38], [18, 33], [18, 1], [13, 20], [20, 25], [7, 12], [26, 14], [24, 5], [19, 20], [0, 0]]","[0, 17, 1, 6, 15, 20, 16, 13, 3, 9, 18, 11, 19, 4, 2, 8, 5, 7, 12, 10, 14, 21]",211.71345238363386,14.877575397491455
