Id,Coordinates,Order,Distance,Time
3019,"[[0, 0], [9, 124], [3, 100], [7, 80], [1, 43], [4, 124], [14, 107], [14, 34], [14, 152], [7, 39], [23, 149], [14, 12], [10, 123], [20, 132], [25, 134], [1, 120], [5, 75], [21, 117], [25, 51], [9, 23], [13, 55], [0, 0]]","[0, 11, 19, 9, 4, 20, 16, 3, 2, 6, 12, 1, 5, 15, 13, 8, 10, 14, 17, 18, 7, 21]",366.6710152213235,16.608678102493286
