Id,Coordinates,Order,Distance,Time
9698,"[[0, 0], [2, 27], [99, 20], [94, 3], [53, 5], [155, 13], [167, 37], [166, 18], [183, 11], [156, 3], [183, 15], [89, 9], [71, 10], [104, 3], [69, 11], [18, 18], [45, 28], [105, 17], [90, 2], [92, 18], [43, 3], [0, 0]]","[0, 1, 15, 16, 4, 14, 12, 11, 18, 3, 13, 17, 5, 9, 7, 10, 8, 6, 2, 19, 20, 21]",471.9078279556709,19.135873079299927
