Id,Coordinates,Order,Distance,Time
1824,"[[0, 0], [48, 90], [5, 45], [16, 168], [36, 114], [22, 171], [37, 170], [18, 98], [26, 50], [28, 157], [13, 90], [13, 150], [31, 114], [28, 88], [30, 57], [2, 174], [36, 121], [15, 86], [6, 111], [16, 126], [38, 18], [0, 0]]","[0, 20, 8, 14, 17, 10, 7, 13, 1, 4, 12, 16, 6, 9, 5, 3, 15, 11, 19, 18, 2, 21]",486.4113410743202,15.248029470443726
