Id,Coordinates,Order,Distance,Time
9920,"[[0, 0], [23, 42], [53, 21], [22, 29], [24, 30], [71, 8], [77, 33], [19, 36], [45, 14], [50, 12], [4, 9], [66, 24], [27, 6], [14, 21], [17, 21], [28, 8], [55, 34], [62, 37], [34, 5], [74, 24], [64, 17], [0, 0]]","[0, 10, 13, 14, 3, 4, 7, 1, 16, 17, 20, 5, 19, 6, 11, 2, 9, 8, 18, 15, 12, 21]",245.27044361139127,20.14583921432495
