Id,Coordinates,Order,Distance,Time
239,"[[0, 0], [53, 80], [91, 28], [114, 51], [33, 14], [58, 61], [44, 95], [127, 5], [21, 56], [136, 15], [56, 107], [104, 74], [38, 45], [97, 75], [101, 83], [128, 28], [90, 19], [42, 90], [120, 81], [84, 36], [45, 57], [0, 0]]","[0, 8, 12, 20, 5, 1, 17, 6, 10, 14, 13, 11, 18, 3, 15, 9, 7, 16, 2, 19, 4, 21]",484.77185286569966,15.196081161499023
