Id,Coordinates,Order,Distance,Time
7841,"[[0, 0], [41, 104], [23, 16], [175, 14], [87, 104], [72, 94], [118, 79], [129, 72], [28, 28], [181, 106], [29, 41], [162, 41], [45, 29], [39, 92], [49, 103], [163, 76], [106, 39], [15, 23], [63, 64], [181, 33], [51, 49], [0, 0]]","[0, 17, 2, 8, 10, 20, 18, 13, 1, 14, 5, 4, 6, 7, 15, 9, 11, 19, 3, 16, 12, 21]",624.6605403120592,13.422868490219116
