Id,Coordinates,Order,Distance,Time
4858,"[[0, 0], [70, 7], [8, 5], [87, 7], [61, 7], [34, 2], [101, 3], [29, 10], [16, 11], [109, 12], [104, 5], [53, 4], [82, 13], [110, 5], [62, 11], [5, 5], [49, 6], [91, 7], [87, 13], [12, 8], [110, 11], [0, 0]]","[0, 15, 2, 19, 8, 7, 16, 11, 4, 1, 12, 3, 17, 6, 10, 13, 20, 9, 18, 14, 5, 21]",238.11068539504296,15.883801698684692
