Id,Coordinates,Order,Distance,Time
7440,"[[0, 0], [1, 87], [13, 95], [14, 44], [1, 185], [4, 7], [4, 136], [5, 81], [6, 158], [14, 8], [10, 88], [2, 14], [13, 36], [2, 144], [4, 118], [18, 138], [20, 134], [5, 23], [7, 183], [15, 31], [16, 11], [0, 0]]","[0, 5, 11, 17, 9, 20, 19, 12, 3, 7, 1, 10, 2, 14, 6, 15, 16, 18, 4, 8, 13, 21]",444.7264816775478,13.183219194412231
