Id,Coordinates,Order,Distance,Time
690,"[[0, 0], [102, 76], [118, 193], [30, 146], [115, 100], [121, 46], [189, 75], [59, 49], [120, 117], [130, 23], [188, 146], [154, 145], [13, 175], [44, 3], [23, 184], [66, 165], [11, 183], [31, 46], [195, 72], [192, 118], [138, 96], [0, 0]]","[0, 13, 17, 7, 1, 4, 8, 11, 10, 19, 6, 18, 5, 9, 20, 2, 15, 12, 16, 14, 3, 21]",964.7126776863894,14.436569452285767
