Id,Coordinates,Order,Distance,Time
2556,"[[0, 0], [31, 53], [46, 56], [4, 110], [18, 48], [46, 51], [51, 121], [44, 52], [57, 48], [18, 36], [56, 56], [47, 122], [44, 58], [7, 63], [64, 89], [21, 11], [60, 12], [27, 41], [5, 64], [24, 128], [19, 124], [0, 0]]","[0, 9, 17, 4, 1, 7, 5, 2, 12, 13, 18, 3, 20, 19, 11, 6, 14, 10, 8, 16, 15, 21]",413.7774697247888,17.64524555206299
