Id,Coordinates,Order,Distance,Time
6680,"[[0, 0], [4, 58], [19, 31], [32, 69], [18, 58], [7, 53], [3, 55], [32, 71], [9, 48], [8, 39], [12, 12], [15, 11], [19, 17], [14, 24], [18, 38], [26, 18], [14, 71], [23, 62], [10, 16], [23, 74], [32, 12], [0, 0]]","[0, 10, 18, 13, 9, 8, 5, 6, 1, 4, 17, 3, 7, 19, 16, 14, 2, 15, 20, 12, 11, 21]",223.69925163413095,19.788000106811523
