Id,Coordinates,Order,Distance,Time
1570,"[[0, 0], [89, 94], [5, 2], [63, 58], [2, 20], [47, 73], [67, 93], [12, 54], [15, 5], [27, 48], [99, 11], [106, 54], [57, 4], [18, 18], [55, 10], [66, 18], [104, 17], [57, 71], [97, 35], [37, 70], [92, 94], [0, 0]]","[0, 4, 7, 9, 19, 5, 17, 3, 6, 1, 20, 11, 18, 16, 10, 15, 12, 14, 13, 8, 2, 21]",404.3188835168682,17.020802974700928
