Id,Coordinates,Order,Distance,Time
7787,"[[0, 0], [15, 2], [14, 4], [24, 22], [12, 14], [23, 18], [28, 27], [19, 18], [20, 3], [39, 9], [7, 7], [26, 6], [19, 25], [16, 20], [7, 17], [31, 17], [11, 30], [35, 8], [17, 9], [11, 27], [36, 7], [0, 0]]","[0, 2, 1, 8, 11, 17, 20, 9, 15, 5, 7, 13, 3, 6, 12, 16, 19, 14, 4, 18, 10, 21]",148.89708238282492,17.637593269348145
