Id,Coordinates,Order,Distance,Time
5470,"[[0, 0], [68, 95], [73, 100], [118, 94], [94, 26], [111, 59], [122, 72], [39, 57], [72, 6], [59, 115], [144, 126], [59, 164], [27, 193], [67, 149], [3, 183], [2, 64], [33, 107], [99, 98], [29, 169], [103, 138], [107, 13], [0, 0]]","[0, 15, 1, 2, 9, 16, 13, 11, 12, 14, 18, 19, 10, 17, 3, 6, 5, 4, 20, 8, 7, 21]",816.2609953835699,17.039854049682617
