Id,Coordinates,Order,Distance,Time
6571,"[[0, 0], [18, 25], [9, 57], [13, 1], [30, 53], [36, 41], [7, 4], [10, 18], [9, 54], [13, 36], [37, 33], [21, 33], [27, 1], [21, 50], [28, 37], [2, 38], [35, 16], [33, 28], [35, 54], [21, 12], [33, 21], [0, 0]]","[0, 6, 7, 1, 11, 14, 10, 17, 20, 16, 19, 9, 15, 8, 2, 13, 4, 18, 5, 12, 3, 21]",258.31176921262744,15.252567529678345
