Id,Coordinates,Order,Distance,Time
7380,"[[0, 0], [23, 49], [11, 96], [65, 48], [15, 17], [24, 39], [66, 16], [17, 80], [34, 21], [54, 98], [60, 34], [19, 30], [7, 88], [48, 25], [30, 9], [34, 120], [24, 43], [12, 71], [49, 79], [23, 61], [54, 23], [0, 0]]","[0, 4, 11, 5, 16, 1, 19, 17, 7, 12, 2, 15, 9, 18, 3, 10, 6, 20, 13, 8, 14, 21]",344.6567220760215,17.53358769416809
