Id,Coordinates,Order,Distance,Time
8062,"[[0, 0], [123, 7], [65, 10], [142, 7], [139, 1], [161, 11], [113, 9], [99, 10], [46, 4], [100, 7], [166, 2], [64, 3], [158, 5], [39, 9], [149, 3], [4, 5], [23, 6], [61, 3], [43, 5], [66, 2], [30, 7], [0, 0]]","[0, 15, 16, 20, 18, 8, 17, 11, 19, 9, 6, 1, 3, 14, 12, 5, 10, 4, 7, 2, 13, 21]",347.1501084199612,18.832558631896973
