Id,Coordinates,Order,Distance,Time
6773,"[[0, 0], [43, 154], [57, 51], [37, 152], [13, 111], [30, 102], [46, 67], [39, 109], [28, 94], [12, 107], [34, 77], [34, 60], [55, 3], [46, 85], [51, 61], [49, 146], [56, 65], [1, 92], [51, 129], [21, 45], [5, 116], [0, 0]]","[0, 12, 2, 16, 14, 6, 10, 13, 8, 5, 7, 18, 15, 1, 3, 20, 4, 9, 17, 11, 19, 21]",452.7535255580786,20.760000467300415
