Id,Coordinates,Order,Distance,Time
587,"[[0, 0], [10, 14], [53, 41], [26, 47], [47, 181], [59, 166], [44, 87], [39, 178], [35, 111], [9, 43], [47, 105], [60, 60], [1, 42], [29, 111], [55, 173], [10, 107], [14, 182], [49, 144], [15, 105], [49, 68], [62, 65], [0, 0]]","[0, 1, 3, 2, 11, 20, 19, 6, 10, 8, 13, 17, 5, 14, 4, 7, 16, 15, 18, 9, 12, 21]",485.6715543786159,19.533417224884033
