Id,Coordinates,Order,Distance,Time
3985,"[[0, 0], [16, 15], [102, 44], [1, 24], [30, 44], [149, 50], [99, 4], [95, 22], [69, 10], [117, 50], [94, 29], [177, 18], [159, 33], [42, 31], [38, 45], [169, 52], [74, 50], [74, 54], [180, 23], [84, 54], [4, 45], [0, 0]]","[0, 3, 20, 4, 14, 8, 2, 9, 5, 15, 18, 11, 12, 6, 7, 10, 19, 17, 16, 13, 1, 21]",523.7374749068375,18.185415029525757
