Id,Coordinates,Order,Distance,Time
6238,"[[0, 0], [20, 44], [26, 32], [12, 50], [14, 12], [31, 98], [46, 51], [8, 36], [37, 125], [46, 130], [44, 151], [7, 114], [9, 12], [49, 136], [51, 40], [43, 104], [33, 134], [14, 120], [24, 127], [44, 151], [37, 89], [0, 0]]","[0, 12, 4, 2, 14, 6, 20, 15, 8, 16, 18, 17, 11, 9, 13, 10, 19, 5, 3, 1, 7, 21]",432.54859322059656,17.097089052200317
