Id,Coordinates,Order,Distance,Time
9528,"[[0, 0], [18, 5], [15, 13], [39, 23], [14, 31], [18, 2], [43, 8], [45, 21], [24, 21], [35, 32], [13, 6], [25, 13], [28, 36], [40, 29], [33, 18], [45, 16], [4, 5], [4, 2], [42, 11], [13, 29], [33, 33], [0, 0]]","[0, 16, 2, 11, 14, 3, 13, 9, 20, 12, 4, 19, 8, 7, 15, 18, 6, 1, 5, 10, 17, 21]",180.82987125844443,20.301950454711914
