Id,Coordinates,Order,Distance,Time
6984,"[[0, 0], [98, 9], [36, 54], [89, 136], [11, 48], [104, 57], [14, 93], [100, 28], [45, 30], [40, 57], [2, 92], [42, 99], [11, 86], [138, 87], [74, 29], [22, 98], [103, 136], [39, 66], [129, 1], [102, 19], [14, 54], [0, 0]]","[0, 2, 9, 17, 15, 6, 10, 12, 8, 14, 7, 19, 1, 18, 5, 13, 16, 3, 11, 20, 4, 21]",668.6934762392865,16.43921709060669
