Id,Coordinates,Order,Distance,Time
8246,"[[0, 0], [86, 38], [167, 14], [19, 15], [78, 26], [178, 24], [64, 20], [152, 6], [75, 3], [171, 6], [49, 27], [70, 36], [190, 6], [36, 38], [59, 9], [96, 4], [38, 23], [182, 9], [175, 29], [130, 29], [25, 15], [0, 0]]","[0, 3, 20, 16, 10, 6, 14, 8, 15, 7, 2, 9, 17, 12, 5, 18, 19, 1, 4, 11, 13, 21]",455.8575202960992,15.626617193222046
