Id,Coordinates,Order,Distance,Time
3199,"[[0, 0], [88, 26], [84, 13], [37, 15], [25, 12], [55, 4], [130, 15], [20, 1], [42, 6], [112, 6], [107, 6], [104, 26], [107, 22], [123, 11], [9, 22], [16, 5], [100, 26], [31, 11], [38, 14], [20, 22], [59, 20], [0, 0]]","[0, 15, 7, 4, 17, 3, 18, 8, 5, 1, 16, 11, 12, 6, 13, 9, 10, 2, 20, 19, 14, 21]",303.9803677006108,15.808896780014038
