Id,Coordinates,Order,Distance,Time
9500,"[[0, 0], [40, 26], [28, 10], [40, 26], [68, 15], [56, 43], [10, 18], [42, 8], [6, 28], [27, 13], [88, 43], [52, 9], [25, 25], [39, 32], [15, 1], [93, 2], [56, 20], [74, 33], [66, 37], [40, 5], [39, 15], [0, 0]]","[0, 14, 2, 9, 1, 3, 20, 7, 19, 11, 16, 5, 18, 17, 10, 15, 4, 13, 12, 6, 8, 21]",333.5316848657646,15.893481254577637
