Id,Coordinates,Order,Distance,Time
8313,"[[0, 0], [44, 111], [4, 11], [33, 16], [43, 12], [55, 14], [50, 50], [33, 4], [43, 117], [45, 36], [4, 97], [35, 64], [47, 33], [5, 35], [44, 24], [58, 17], [57, 67], [11, 57], [17, 40], [37, 72], [31, 52], [0, 0]]","[0, 2, 18, 20, 11, 19, 9, 12, 14, 3, 7, 4, 5, 15, 6, 16, 1, 8, 10, 17, 13, 21]",433.50566879090513,12.759638547897339
