Id,Coordinates,Order,Distance,Time
4425,"[[0, 0], [68, 121], [134, 108], [105, 116], [146, 18], [110, 9], [11, 53], [28, 67], [90, 82], [83, 112], [75, 98], [102, 134], [7, 39], [70, 91], [142, 62], [73, 47], [87, 8], [105, 82], [114, 121], [35, 118], [50, 62], [0, 0]]","[0, 12, 6, 7, 20, 15, 8, 17, 9, 10, 13, 19, 1, 11, 3, 18, 2, 14, 4, 5, 16, 21]",645.5723726234731,19.587198734283447
