Id,Coordinates,Order,Distance,Time
1339,"[[0, 0], [22, 5], [23, 9], [37, 4], [26, 16], [17, 12], [16, 15], [71, 13], [71, 12], [19, 2], [63, 10], [34, 15], [18, 16], [10, 11], [10, 7], [61, 16], [64, 8], [16, 16], [55, 4], [16, 3], [37, 5], [0, 0]]","[0, 14, 13, 5, 6, 17, 12, 2, 1, 9, 3, 20, 18, 16, 10, 8, 7, 15, 11, 4, 19, 21]",182.07875284405125,18.50219488143921
