Id,Coordinates,Order,Distance,Time
7925,"[[0, 0], [30, 62], [88, 38], [26, 80], [57, 11], [39, 57], [6, 12], [1, 88], [11, 9], [77, 22], [48, 53], [72, 65], [5, 49], [20, 32], [45, 34], [22, 32], [55, 92], [66, 22], [61, 81], [65, 40], [52, 76], [0, 0]]","[0, 6, 13, 15, 14, 10, 5, 1, 12, 7, 3, 20, 16, 18, 11, 19, 2, 9, 17, 4, 8, 21]",423.3923450427827,16.27063226699829
