Id,Coordinates,Order,Distance,Time
103,"[[0, 0], [84, 25], [50, 166], [39, 2], [83, 190], [96, 100], [54, 120], [16, 103], [84, 84], [70, 144], [84, 90], [87, 170], [35, 176], [74, 9], [4, 122], [68, 77], [53, 141], [3, 45], [35, 16], [45, 154], [68, 1], [0, 0]]","[0, 18, 3, 20, 13, 1, 15, 8, 10, 5, 6, 19, 2, 12, 4, 11, 9, 16, 14, 7, 17, 21]",614.426467918916,16.04690408706665
