Id,Coordinates,Order,Distance,Time
536,"[[0, 0], [14, 174], [7, 65], [19, 73], [21, 56], [27, 98], [25, 122], [3, 161], [7, 147], [10, 45], [7, 26], [3, 16], [1, 125], [28, 68], [27, 109], [5, 100], [12, 145], [19, 155], [10, 14], [22, 66], [30, 118], [0, 0]]","[0, 11, 18, 10, 9, 4, 19, 13, 3, 5, 14, 20, 6, 8, 16, 17, 1, 7, 12, 15, 2, 21]",396.4090648595115,15.620077848434448
