Id,Coordinates,Order,Distance,Time
9697,"[[0, 0], [52, 14], [130, 18], [42, 5], [46, 24], [117, 14], [105, 31], [140, 25], [141, 3], [8, 19], [4, 29], [92, 23], [143, 10], [34, 24], [45, 30], [140, 3], [5, 22], [24, 23], [112, 7], [148, 7], [80, 25], [0, 0]]","[0, 9, 16, 10, 17, 13, 14, 4, 20, 11, 6, 5, 2, 7, 12, 19, 8, 15, 18, 1, 3, 21]",363.1653840257959,15.483906745910645
