Id,Coordinates,Order,Distance,Time
7054,"[[0, 0], [61, 9], [115, 105], [68, 148], [98, 171], [84, 73], [88, 145], [29, 107], [78, 91], [95, 72], [69, 41], [22, 83], [46, 129], [35, 113], [37, 55], [16, 111], [92, 99], [94, 148], [81, 85], [17, 124], [33, 131], [0, 0]]","[0, 1, 10, 14, 7, 13, 12, 3, 4, 17, 6, 2, 16, 9, 5, 18, 8, 20, 19, 15, 11, 21]",640.5426213550753,14.13444185256958
