Id,Coordinates,Order,Distance,Time
2470,"[[0, 0], [7, 155], [36, 55], [8, 132], [73, 82], [16, 124], [14, 124], [71, 65], [78, 128], [76, 115], [42, 18], [9, 140], [46, 141], [36, 144], [2, 160], [27, 99], [16, 173], [32, 118], [52, 122], [63, 148], [20, 108], [0, 0]]","[0, 10, 7, 4, 9, 8, 19, 12, 18, 17, 5, 6, 3, 11, 1, 14, 16, 13, 20, 15, 2, 21]",522.1628335951705,17.513604640960693
