Id,Coordinates,Order,Distance,Time
7347,"[[0, 0], [76, 59], [45, 62], [152, 60], [127, 81], [65, 85], [57, 53], [116, 19], [120, 13], [153, 42], [103, 39], [68, 54], [80, 8], [9, 33], [106, 11], [123, 83], [117, 59], [22, 11], [169, 16], [36, 20], [84, 111], [0, 0]]","[0, 13, 2, 6, 11, 1, 5, 20, 15, 4, 16, 10, 7, 8, 18, 9, 3, 14, 12, 19, 17, 21]",585.3489521808359,21.263375759124756
