Id,Coordinates,Order,Distance,Time
5706,"[[0, 0], [70, 22], [48, 41], [36, 125], [6, 27], [58, 121], [9, 57], [65, 6], [63, 34], [62, 8], [5, 40], [61, 132], [73, 125], [6, 105], [64, 121], [63, 27], [11, 127], [59, 82], [57, 42], [71, 22], [3, 82], [0, 0]]","[0, 4, 10, 6, 20, 13, 16, 3, 11, 12, 14, 5, 17, 2, 18, 8, 15, 1, 19, 7, 9, 21]",409.73780373224906,13.976415634155273
