Id,Coordinates,Order,Distance,Time
7538,"[[0, 0], [101, 48], [74, 63], [66, 3], [83, 3], [102, 30], [10, 46], [5, 23], [64, 65], [10, 50], [8, 40], [51, 60], [67, 51], [84, 67], [125, 58], [120, 16], [83, 66], [12, 59], [70, 46], [4, 34], [120, 31], [0, 0]]","[0, 7, 19, 10, 6, 9, 17, 11, 8, 2, 13, 16, 12, 18, 1, 14, 20, 15, 5, 4, 3, 21]",401.8345336657722,22.993414878845215
