Id,Coordinates,Order,Distance,Time
4766,"[[0, 0], [4, 13], [10, 29], [7, 43], [3, 57], [11, 25], [21, 37], [22, 31], [21, 57], [19, 2], [11, 14], [2, 41], [19, 25], [10, 58], [23, 1], [17, 29], [18, 21], [11, 29], [4, 59], [7, 2], [14, 23], [0, 0]]","[0, 1, 10, 20, 5, 17, 2, 15, 3, 11, 4, 18, 13, 8, 6, 7, 12, 16, 14, 9, 19, 21]",183.6829647160582,16.211753368377686
