Id,Coordinates,Order,Distance,Time
9400,"[[0, 0], [3, 143], [5, 43], [8, 86], [2, 153], [8, 37], [5, 40], [7, 45], [10, 92], [8, 42], [2, 108], [8, 112], [1, 105], [12, 43], [4, 34], [2, 118], [10, 14], [3, 155], [13, 154], [9, 110], [11, 31], [0, 0]]","[0, 16, 20, 5, 6, 2, 9, 13, 3, 8, 12, 10, 15, 1, 4, 17, 18, 11, 19, 7, 14, 21]",335.50958475868515,17.27812695503235
