Id,Coordinates,Order,Distance,Time
3548,"[[0, 0], [54, 9], [12, 18], [39, 2], [4, 22], [49, 24], [44, 5], [23, 39], [9, 38], [44, 25], [48, 29], [40, 31], [13, 2], [33, 38], [12, 24], [31, 21], [29, 8], [34, 1], [34, 37], [20, 35], [5, 37], [0, 0]]","[0, 2, 14, 4, 20, 8, 19, 7, 13, 18, 11, 10, 5, 9, 15, 16, 1, 6, 3, 17, 12, 21]",216.4827484505512,15.904173851013184
