Id,Coordinates,Order,Distance,Time
7437,"[[0, 0], [49, 109], [22, 43], [35, 95], [100, 84], [36, 97], [61, 83], [90, 83], [59, 59], [128, 115], [67, 95], [44, 108], [13, 70], [12, 133], [131, 23], [127, 25], [165, 37], [81, 31], [25, 50], [118, 43], [120, 73], [0, 0]]","[0, 2, 18, 3, 5, 11, 1, 6, 8, 17, 19, 15, 14, 16, 20, 9, 4, 7, 10, 13, 12, 21]",689.746588868782,18.361132621765137
