Id,Coordinates,Order,Distance,Time
524,"[[0, 0], [4, 108], [41, 111], [57, 6], [38, 129], [20, 95], [25, 17], [15, 131], [34, 66], [2, 24], [68, 96], [17, 144], [33, 69], [32, 62], [15, 108], [37, 49], [36, 143], [20, 63], [65, 21], [39, 160], [33, 189], [0, 0]]","[0, 9, 6, 3, 18, 15, 13, 8, 12, 17, 5, 14, 1, 7, 11, 16, 20, 19, 4, 2, 10, 21]",561.5507412125394,13.705223321914673
