Id,Coordinates,Order,Distance,Time
1956,"[[0, 0], [28, 125], [3, 108], [16, 40], [31, 78], [5, 87], [32, 115], [9, 106], [6, 103], [11, 126], [15, 20], [9, 28], [8, 10], [31, 77], [20, 5], [28, 12], [10, 120], [5, 29], [28, 10], [21, 58], [12, 125], [0, 0]]","[0, 12, 10, 11, 17, 3, 5, 8, 7, 2, 16, 20, 9, 1, 6, 4, 13, 19, 15, 18, 14, 21]",315.11577769229973,14.177816152572632
