Id,Coordinates,Order,Distance,Time
170,"[[0, 0], [54, 51], [1, 47], [44, 23], [8, 2], [104, 16], [103, 26], [47, 60], [101, 3], [29, 68], [89, 3], [52, 47], [101, 20], [99, 17], [99, 34], [43, 51], [51, 43], [54, 36], [68, 28], [22, 43], [97, 51], [0, 0]]","[0, 17, 16, 11, 7, 9, 2, 19, 15, 1, 20, 14, 6, 12, 13, 5, 8, 10, 18, 3, 4, 21]",415.6354738019048,14.267208576202393
