Id,Coordinates,Order,Distance,Time
9841,"[[0, 0], [94, 37], [107, 141], [52, 77], [36, 28], [89, 113], [111, 108], [23, 161], [15, 142], [83, 43], [83, 94], [108, 127], [33, 105], [47, 60], [64, 152], [79, 162], [18, 67], [19, 38], [112, 120], [103, 37], [80, 34], [0, 0]]","[0, 4, 13, 3, 9, 20, 1, 19, 10, 5, 6, 18, 11, 2, 15, 14, 7, 8, 12, 16, 17, 21]",581.1342684276376,15.673614978790283
