Id,Coordinates,Order,Distance,Time
304,"[[0, 0], [115, 26], [182, 14], [79, 18], [13, 22], [13, 7], [124, 16], [8, 11], [58, 14], [65, 20], [107, 12], [78, 8], [134, 26], [23, 12], [88, 12], [79, 5], [154, 17], [30, 15], [97, 9], [16, 18], [139, 12], [0, 0]]","[0, 7, 5, 13, 19, 4, 17, 8, 9, 3, 11, 15, 14, 18, 10, 6, 20, 16, 2, 12, 1, 21]",422.0496714324097,16.700007915496826
