Id,Coordinates,Order,Distance,Time
9908,"[[0, 0], [35, 8], [35, 72], [18, 77], [38, 27], [34, 37], [33, 41], [17, 31], [2, 48], [2, 51], [45, 39], [12, 13], [27, 38], [3, 69], [39, 85], [21, 11], [18, 70], [17, 1], [19, 27], [44, 32], [30, 44], [0, 0]]","[0, 17, 15, 11, 18, 7, 12, 6, 5, 10, 19, 4, 8, 9, 13, 16, 3, 14, 2, 20, 1, 21]",326.7465902105909,14.93830156326294
