Id,Coordinates,Order,Distance,Time
3109,"[[0, 0], [13, 17], [10, 5], [50, 6], [47, 2], [75, 13], [72, 22], [46, 17], [18, 7], [14, 11], [64, 23], [25, 13], [47, 15], [37, 2], [20, 5], [28, 10], [61, 14], [21, 5], [61, 17], [56, 2], [57, 20], [0, 0]]","[0, 2, 8, 14, 17, 13, 4, 3, 19, 16, 18, 5, 6, 10, 20, 12, 7, 15, 11, 1, 9, 21]",189.97860847741939,13.986631631851196
