Id,Coordinates,Order,Distance,Time
3999,"[[0, 0], [22, 170], [45, 181], [50, 40], [26, 9], [21, 117], [21, 34], [10, 176], [35, 101], [22, 187], [20, 131], [22, 96], [42, 97], [28, 123], [35, 175], [25, 25], [56, 125], [34, 87], [35, 136], [25, 167], [2, 90], [0, 0]]","[0, 4, 15, 3, 17, 12, 8, 5, 13, 10, 18, 19, 1, 7, 9, 14, 2, 16, 11, 20, 6, 21]",517.422862783766,15.55683159828186
