Id,Coordinates,Order,Distance,Time
8620,"[[0, 0], [51, 68], [20, 58], [23, 13], [151, 9], [151, 1], [105, 131], [49, 42], [66, 167], [86, 83], [78, 164], [14, 85], [149, 15], [136, 138], [38, 14], [142, 28], [13, 101], [130, 23], [116, 71], [155, 124], [144, 27], [0, 0]]","[0, 3, 14, 7, 1, 9, 18, 15, 20, 12, 4, 5, 17, 19, 13, 6, 10, 8, 16, 11, 2, 21]",681.351043005999,15.920631408691406
