Id,Coordinates,Order,Distance,Time
9969,"[[0, 0], [23, 32], [65, 52], [71, 9], [40, 35], [24, 21], [78, 35], [47, 3], [28, 62], [77, 75], [24, 46], [36, 37], [21, 2], [4, 46], [84, 16], [30, 66], [5, 47], [72, 36], [28, 61], [17, 39], [37, 70], [0, 0]]","[0, 12, 5, 1, 10, 18, 8, 15, 20, 9, 2, 17, 6, 14, 3, 7, 4, 11, 19, 16, 13, 21]",361.04265712993487,17.530184984207153
