Id,Coordinates,Order,Distance,Time
5582,"[[0, 0], [16, 6], [155, 4], [26, 10], [134, 6], [107, 3], [72, 3], [80, 2], [20, 4], [27, 4], [24, 5], [37, 4], [110, 5], [127, 8], [153, 9], [124, 8], [72, 6], [34, 3], [27, 6], [120, 4], [82, 3], [0, 0]]","[0, 8, 10, 18, 9, 17, 11, 6, 7, 20, 5, 12, 15, 13, 4, 14, 2, 19, 16, 3, 1, 21]",319.1250176600614,14.758426427841187
