Id,Coordinates,Order,Distance,Time
1154,"[[0, 0], [3, 65], [10, 11], [14, 18], [7, 54], [15, 9], [20, 49], [8, 27], [23, 4], [18, 24], [9, 38], [3, 54], [23, 14], [29, 32], [2, 23], [3, 17], [28, 38], [28, 47], [17, 3], [23, 42], [11, 35], [0, 0]]","[0, 2, 5, 18, 8, 12, 3, 9, 20, 10, 19, 16, 13, 17, 6, 4, 1, 11, 7, 14, 15, 21]",220.3367722258357,19.764477252960205
