Id,Coordinates,Order,Distance,Time
1239,"[[0, 0], [74, 174], [104, 33], [40, 46], [191, 17], [8, 93], [115, 99], [10, 130], [94, 155], [178, 88], [100, 48], [43, 149], [7, 87], [173, 175], [53, 6], [15, 181], [28, 44], [156, 166], [178, 142], [26, 25], [135, 78], [0, 0]]","[0, 19, 16, 3, 10, 20, 6, 1, 15, 7, 5, 12, 11, 8, 17, 13, 18, 9, 4, 2, 14, 21]",1005.0510005271186,14.847313404083252
