Id,Coordinates,Order,Distance,Time
9268,"[[0, 0], [119, 46], [73, 56], [150, 45], [101, 61], [101, 6], [4, 15], [70, 18], [34, 42], [16, 25], [103, 67], [66, 43], [70, 4], [101, 55], [34, 26], [136, 32], [44, 53], [65, 73], [72, 49], [130, 24], [70, 61], [0, 0]]","[0, 6, 9, 14, 8, 16, 11, 18, 2, 20, 17, 10, 4, 13, 1, 3, 15, 19, 5, 12, 7, 21]",420.106714919253,16.723437786102295
