Id,Coordinates,Order,Distance,Time
3817,"[[0, 0], [9, 158], [1, 147], [13, 185], [9, 111], [4, 28], [4, 187], [4, 62], [5, 76], [6, 72], [5, 117], [13, 79], [4, 152], [15, 118], [10, 53], [5, 184], [14, 191], [13, 66], [7, 165], [13, 167], [13, 168], [0, 0]]","[0, 5, 14, 7, 9, 8, 4, 10, 2, 12, 1, 18, 19, 20, 3, 16, 6, 15, 13, 11, 17, 21]",402.1702966235313,15.761880159378052
