Id,Coordinates,Order,Distance,Time
3514,"[[0, 0], [13, 11], [91, 2], [18, 76], [76, 59], [111, 68], [89, 83], [46, 54], [15, 91], [55, 80], [81, 67], [70, 75], [61, 84], [61, 19], [32, 43], [33, 20], [90, 42], [77, 88], [106, 78], [115, 21], [100, 91], [0, 0]]","[0, 1, 15, 14, 7, 9, 12, 11, 10, 4, 16, 13, 2, 19, 5, 20, 18, 6, 17, 8, 3, 21]",546.5789550548099,17.168528079986572
