Id,Coordinates,Order,Distance,Time
2921,"[[0, 0], [172, 19], [11, 60], [158, 18], [189, 23], [70, 26], [182, 22], [54, 30], [19, 26], [38, 57], [114, 68], [45, 18], [81, 21], [24, 57], [3, 61], [148, 34], [88, 63], [49, 36], [22, 29], [41, 7], [78, 67], [0, 0]]","[0, 8, 18, 19, 11, 7, 17, 5, 12, 3, 1, 6, 4, 15, 10, 16, 20, 9, 13, 2, 14, 21]",508.46554348119616,16.41273307800293
