Id,Coordinates,Order,Distance,Time
2762,"[[0, 0], [12, 173], [57, 172], [79, 189], [6, 53], [84, 94], [48, 5], [80, 53], [65, 15], [22, 7], [34, 161], [79, 62], [74, 1], [76, 121], [22, 152], [87, 127], [77, 37], [47, 116], [83, 116], [86, 10], [75, 116], [0, 0]]","[0, 9, 6, 8, 12, 19, 16, 7, 11, 5, 18, 15, 13, 20, 14, 1, 10, 2, 3, 17, 4, 21]",610.9676914107594,14.797443389892578
