Id,Coordinates,Order,Distance,Time
7548,"[[0, 0], [89, 102], [50, 23], [38, 47], [127, 57], [125, 58], [61, 20], [127, 93], [6, 64], [9, 106], [150, 142], [28, 119], [13, 107], [3, 8], [4, 45], [24, 13], [96, 133], [88, 28], [19, 96], [94, 85], [58, 49], [0, 0]]","[0, 13, 15, 2, 6, 17, 20, 3, 18, 12, 9, 11, 1, 19, 5, 4, 7, 10, 16, 8, 14, 21]",692.4521442991395,18.84312868118286
