Id,Coordinates,Order,Distance,Time
2233,"[[0, 0], [74, 50], [66, 133], [144, 51], [104, 89], [75, 2], [118, 47], [90, 117], [62, 36], [90, 40], [30, 6], [110, 31], [139, 136], [134, 80], [42, 45], [44, 23], [58, 106], [60, 104], [45, 89], [33, 90], [141, 11], [0, 0]]","[0, 10, 15, 14, 8, 1, 9, 11, 20, 3, 13, 12, 7, 2, 16, 17, 19, 18, 4, 6, 5, 21]",714.1638485202253,17.525402545928955
