Id,Coordinates,Order,Distance,Time
8724,"[[0, 0], [45, 42], [36, 12], [71, 13], [39, 45], [94, 2], [53, 29], [48, 21], [70, 1], [17, 14], [86, 31], [56, 43], [80, 90], [21, 15], [92, 77], [30, 21], [103, 20], [12, 57], [78, 53], [71, 31], [52, 32], [0, 0]]","[0, 9, 13, 15, 2, 7, 6, 20, 1, 4, 11, 10, 16, 5, 8, 3, 19, 18, 14, 12, 17, 21]",439.5512063750859,17.763170957565308
