Id,Coordinates,Order,Distance,Time
5663,"[[0, 0], [19, 69], [102, 66], [37, 96], [95, 26], [56, 44], [34, 74], [104, 58], [2, 84], [66, 51], [115, 90], [33, 80], [108, 94], [70, 33], [37, 1], [9, 103], [52, 29], [36, 87], [95, 87], [15, 77], [97, 46], [0, 0]]","[0, 14, 16, 5, 9, 13, 4, 20, 7, 2, 10, 12, 18, 3, 17, 11, 6, 15, 8, 19, 1, 21]",467.5318996302761,16.289618492126465
