Id,Coordinates,Order,Distance,Time
956,"[[0, 0], [92, 114], [24, 112], [24, 95], [37, 77], [136, 107], [60, 25], [111, 67], [169, 7], [78, 51], [72, 62], [15, 74], [108, 1], [155, 35], [40, 26], [101, 89], [79, 60], [104, 117], [3, 36], [127, 100], [84, 73], [0, 0]]","[0, 18, 14, 6, 9, 16, 10, 20, 15, 19, 5, 17, 1, 3, 2, 11, 4, 7, 13, 8, 12, 21]",745.1298378594537,17.036820650100708
