Id,Coordinates,Order,Distance,Time
4738,"[[0, 0], [52, 27], [75, 21], [39, 31], [76, 34], [55, 27], [35, 29], [20, 31], [32, 18], [34, 2], [75, 29], [38, 1], [28, 16], [11, 13], [65, 33], [19, 3], [30, 7], [66, 10], [10, 6], [36, 16], [21, 15], [0, 0]]","[0, 18, 13, 20, 12, 8, 19, 16, 7, 6, 3, 1, 5, 14, 10, 4, 2, 17, 11, 9, 15, 21]",239.5543531280318,14.78078818321228
