Id,Coordinates,Order,Distance,Time
2389,"[[0, 0], [56, 93], [104, 7], [70, 48], [92, 38], [48, 47], [127, 72], [20, 103], [21, 55], [51, 36], [80, 35], [129, 85], [114, 116], [39, 28], [94, 59], [135, 110], [68, 14], [16, 103], [133, 28], [125, 6], [136, 79], [0, 0]]","[0, 13, 9, 10, 14, 6, 20, 11, 15, 12, 1, 7, 17, 8, 5, 3, 4, 18, 19, 2, 16, 21]",640.9759128098289,13.696999549865723
