Id,Coordinates,Order,Distance,Time
923,"[[0, 0], [26, 24], [11, 38], [11, 57], [7, 52], [21, 8], [1, 38], [9, 22], [28, 45], [2, 37], [3, 51], [19, 49], [11, 41], [7, 27], [6, 52], [26, 9], [25, 6], [26, 47], [15, 37], [19, 54], [1, 20], [0, 0]]","[0, 20, 7, 13, 9, 6, 2, 18, 12, 10, 4, 14, 3, 19, 11, 17, 8, 1, 15, 16, 5, 21]",179.8854782286869,17.591224193572998
