Id,Coordinates,Order,Distance,Time
8987,"[[0, 0], [78, 37], [38, 46], [52, 12], [40, 39], [61, 9], [60, 5], [41, 23], [28, 19], [55, 34], [12, 4], [36, 25], [71, 27], [7, 13], [11, 68], [23, 59], [25, 33], [5, 36], [2, 9], [24, 14], [75, 65], [0, 0]]","[0, 18, 13, 10, 19, 8, 11, 7, 3, 5, 6, 12, 1, 20, 9, 4, 16, 2, 15, 14, 17, 21]",347.4529647219493,14.882285594940186
