Id,Coordinates,Order,Distance,Time
4931,"[[0, 0], [7, 6], [13, 33], [15, 22], [7, 5], [8, 18], [2, 11], [15, 8], [11, 22], [10, 23], [3, 6], [7, 13], [5, 4], [9, 29], [12, 2], [16, 5], [9, 32], [1, 8], [6, 18], [11, 26], [12, 8], [0, 0]]","[0, 12, 4, 1, 10, 17, 6, 11, 18, 5, 8, 9, 19, 13, 16, 2, 3, 20, 7, 15, 14, 21]",100.24519311573775,17.322125911712646
