Id,Coordinates,Order,Distance,Time
4436,"[[0, 0], [40, 90], [98, 121], [98, 13], [66, 30], [6, 48], [112, 99], [56, 157], [111, 134], [20, 149], [44, 118], [72, 17], [43, 152], [100, 106], [121, 2], [21, 128], [11, 164], [42, 40], [106, 167], [124, 165], [25, 155], [0, 0]]","[0, 17, 4, 11, 3, 14, 6, 13, 2, 8, 19, 18, 7, 12, 20, 16, 9, 15, 10, 1, 5, 21]",639.7732058826839,16.505863666534424
