Id,Coordinates,Order,Distance,Time
1192,"[[0, 0], [13, 10], [4, 60], [19, 74], [1, 69], [18, 97], [3, 69], [3, 8], [11, 62], [12, 42], [20, 116], [20, 13], [20, 32], [5, 77], [14, 34], [20, 51], [19, 9], [2, 75], [13, 13], [11, 73], [6, 76], [0, 0]]","[0, 1, 18, 16, 11, 12, 14, 9, 8, 2, 6, 4, 17, 13, 20, 19, 10, 5, 3, 15, 7, 21]",282.46286491238465,15.848368883132935
