Id,Coordinates,Order,Distance,Time
1621,"[[0, 0], [54, 53], [91, 119], [88, 100], [56, 88], [54, 112], [10, 63], [60, 50], [78, 16], [28, 136], [14, 79], [64, 34], [81, 10], [80, 81], [94, 105], [47, 15], [97, 141], [44, 77], [92, 103], [28, 149], [23, 94], [0, 0]]","[0, 11, 7, 1, 4, 5, 19, 9, 20, 10, 6, 17, 3, 18, 14, 16, 2, 13, 8, 12, 15, 21]",636.4904731737925,13.52151608467102
