Id,Coordinates,Order,Distance,Time
6876,"[[0, 0], [121, 28], [35, 8], [121, 42], [43, 74], [17, 8], [81, 36], [33, 109], [94, 112], [158, 33], [39, 114], [127, 71], [171, 52], [123, 1], [90, 26], [132, 71], [9, 56], [151, 111], [159, 90], [159, 110], [22, 1], [0, 0]]","[0, 5, 2, 6, 14, 1, 3, 11, 15, 18, 19, 17, 8, 10, 7, 16, 4, 12, 9, 13, 20, 21]",783.7014325437203,15.186281442642212
