Id,Coordinates,Order,Distance,Time
4060,"[[0, 0], [30, 11], [43, 10], [41, 12], [47, 10], [49, 16], [49, 10], [21, 5], [29, 16], [32, 8], [18, 11], [30, 3], [47, 18], [30, 17], [39, 8], [11, 7], [57, 1], [33, 6], [44, 8], [1, 11], [30, 1], [0, 0]]","[0, 15, 7, 11, 20, 17, 9, 1, 8, 13, 3, 2, 4, 12, 5, 6, 16, 18, 14, 10, 19, 21]",168.446674833555,21.400988340377808
