Id,Coordinates,Order,Distance,Time
9719,"[[0, 0], [77, 88], [71, 27], [136, 88], [67, 23], [12, 56], [135, 31], [154, 30], [101, 50], [137, 63], [79, 14], [178, 96], [110, 87], [71, 77], [167, 18], [171, 7], [52, 105], [19, 117], [9, 93], [138, 98], [142, 32], [0, 0]]","[0, 5, 18, 17, 16, 1, 13, 12, 3, 19, 11, 9, 6, 7, 14, 15, 20, 8, 4, 10, 2, 21]",679.6211572629663,17.04322075843811
