Id,Coordinates,Order,Distance,Time
5365,"[[0, 0], [6, 37], [94, 10], [142, 47], [172, 8], [92, 41], [134, 14], [142, 38], [185, 8], [106, 36], [184, 29], [30, 50], [56, 18], [1, 19], [114, 11], [123, 6], [181, 37], [147, 10], [158, 2], [71, 30], [145, 54], [0, 0]]","[0, 13, 1, 11, 19, 5, 9, 6, 17, 18, 4, 8, 10, 16, 20, 3, 7, 15, 14, 2, 12, 21]",490.4231635030064,15.304884672164917
