Id,Coordinates,Order,Distance,Time
8175,"[[0, 0], [96, 16], [4, 89], [27, 40], [124, 17], [25, 10], [124, 58], [107, 48], [49, 59], [47, 99], [36, 89], [86, 31], [5, 79], [55, 36], [74, 66], [87, 15], [60, 23], [55, 9], [24, 94], [138, 94], [138, 70], [0, 0]]","[0, 5, 17, 16, 13, 11, 15, 1, 4, 7, 6, 20, 19, 14, 8, 9, 10, 18, 2, 12, 3, 21]",554.1964355113357,13.537703037261963
