Id,Coordinates,Order,Distance,Time
7023,"[[0, 0], [50, 109], [50, 66], [3, 144], [49, 90], [29, 161], [1, 155], [62, 143], [44, 40], [64, 66], [13, 80], [38, 152], [29, 50], [34, 22], [39, 145], [53, 74], [57, 80], [54, 132], [22, 35], [39, 20], [16, 121], [0, 0]]","[0, 13, 19, 8, 2, 9, 15, 16, 4, 1, 17, 7, 14, 11, 5, 6, 3, 20, 10, 12, 18, 21]",437.8968216520469,14.478132963180542
