Id,Coordinates,Order,Distance,Time
9145,"[[0, 0], [84, 10], [69, 4], [112, 13], [66, 5], [110, 41], [109, 60], [29, 24], [24, 34], [15, 40], [74, 6], [6, 46], [95, 32], [117, 10], [142, 12], [82, 49], [143, 1], [104, 23], [88, 3], [115, 31], [109, 7], [0, 0]]","[0, 8, 9, 11, 7, 4, 2, 10, 1, 18, 20, 3, 17, 12, 15, 6, 5, 19, 14, 16, 13, 21]",486.4345503361486,17.10008716583252
