Id,Coordinates,Order,Distance,Time
6716,"[[0, 0], [17, 1], [85, 8], [16, 4], [50, 5], [50, 10], [2, 4], [41, 4], [101, 11], [24, 5], [87, 7], [31, 1], [101, 5], [76, 12], [110, 2], [98, 9], [93, 2], [81, 1], [102, 7], [6, 8], [34, 6], [0, 0]]","[0, 6, 19, 3, 9, 20, 7, 5, 13, 2, 10, 12, 14, 18, 8, 15, 16, 17, 4, 11, 1, 21]",237.4083522082182,20.385997772216797
