Id,Coordinates,Order,Distance,Time
9888,"[[0, 0], [101, 6], [138, 6], [12, 11], [79, 5], [23, 2], [143, 24], [88, 29], [56, 23], [92, 10], [9, 2], [23, 10], [18, 29], [33, 29], [113, 1], [150, 28], [110, 3], [55, 27], [126, 30], [6, 22], [80, 19], [0, 0]]","[0, 3, 19, 12, 13, 17, 8, 4, 9, 1, 16, 14, 2, 6, 15, 18, 7, 20, 11, 5, 10, 21]",365.05803730043874,14.594866037368774
