Id,Coordinates,Order,Distance,Time
2024,"[[0, 0], [111, 11], [32, 4], [24, 5], [89, 4], [99, 12], [80, 11], [26, 7], [72, 11], [122, 6], [8, 2], [40, 2], [39, 8], [113, 8], [11, 6], [60, 7], [85, 5], [8, 12], [7, 5], [72, 11], [111, 3], [0, 0]]","[0, 10, 18, 14, 3, 7, 12, 15, 8, 19, 6, 16, 4, 5, 1, 13, 9, 20, 11, 2, 17, 21]",265.0914658425561,16.70222306251526
