Id,Coordinates,Order,Distance,Time
7051,"[[0, 0], [26, 14], [95, 120], [62, 85], [73, 27], [18, 70], [22, 63], [26, 84], [44, 87], [75, 40], [4, 38], [25, 107], [27, 89], [58, 26], [113, 49], [77, 24], [45, 44], [135, 35], [26, 17], [42, 35], [62, 21], [0, 0]]","[0, 1, 18, 19, 16, 13, 20, 4, 15, 9, 14, 17, 2, 3, 8, 7, 5, 6, 12, 11, 10, 21]",550.0023024219498,14.024999380111694
