Id,Coordinates,Order,Distance,Time
9263,"[[0, 0], [93, 96], [147, 141], [137, 67], [134, 121], [175, 129], [28, 134], [101, 81], [106, 177], [58, 87], [18, 69], [85, 95], [143, 28], [87, 35], [156, 98], [123, 143], [75, 167], [45, 16], [132, 177], [146, 165], [17, 92], [0, 0]]","[0, 7, 1, 11, 9, 10, 20, 6, 16, 8, 18, 19, 15, 4, 2, 5, 14, 3, 12, 13, 17, 21]",799.6447355316949,17.77885890007019
