Id,Coordinates,Order,Distance,Time
6979,"[[0, 0], [23, 7], [68, 4], [11, 10], [63, 3], [11, 11], [8, 6], [39, 10], [70, 4], [5, 6], [46, 1], [44, 2], [39, 3], [42, 7], [46, 8], [28, 7], [29, 4], [71, 8], [11, 11], [13, 9], [61, 8], [0, 0]]","[0, 9, 6, 3, 5, 18, 19, 1, 16, 12, 11, 10, 4, 2, 8, 17, 20, 14, 13, 7, 15, 21]",154.8984907234373,13.98434829711914
