Id,Coordinates,Order,Distance,Time
5752,"[[0, 0], [39, 30], [156, 15], [57, 30], [176, 39], [135, 30], [166, 4], [110, 4], [18, 42], [22, 13], [81, 6], [88, 4], [56, 10], [180, 6], [88, 7], [150, 31], [87, 42], [126, 35], [154, 38], [150, 19], [170, 24], [0, 0]]","[0, 9, 1, 12, 10, 14, 11, 7, 5, 15, 19, 2, 6, 13, 20, 4, 18, 17, 16, 3, 8, 21]",476.91832168991516,15.660449743270874
