Id,Coordinates,Order,Distance,Time
5837,"[[0, 0], [21, 95], [17, 82], [2, 22], [21, 101], [3, 41], [15, 95], [18, 57], [18, 53], [6, 63], [3, 39], [10, 88], [3, 54], [21, 97], [6, 19], [6, 31], [1, 131], [21, 19], [6, 61], [13, 52], [10, 99], [0, 0]]","[0, 14, 3, 15, 10, 5, 12, 18, 9, 7, 2, 1, 13, 4, 16, 20, 6, 11, 8, 19, 17, 21]",312.55099027991844,19.45426368713379
