Id,Coordinates,Order,Distance,Time
1420,"[[0, 0], [48, 17], [54, 27], [30, 84], [23, 22], [31, 52], [42, 10], [13, 63], [14, 2], [52, 77], [47, 102], [30, 90], [31, 42], [12, 104], [51, 86], [30, 89], [38, 63], [6, 90], [53, 19], [54, 112], [63, 53], [0, 0]]","[0, 4, 12, 5, 16, 9, 14, 19, 10, 3, 15, 11, 13, 17, 7, 20, 2, 18, 1, 6, 8, 21]",383.7600734441769,14.830736875534058
