Id,Coordinates,Order,Distance,Time
9632,"[[0, 0], [98, 39], [38, 181], [36, 149], [55, 20], [59, 145], [52, 45], [19, 69], [28, 10], [63, 27], [58, 52], [33, 101], [35, 128], [42, 51], [52, 70], [25, 115], [45, 9], [15, 17], [18, 102], [56, 7], [59, 103], [0, 0]]","[0, 17, 8, 16, 19, 4, 9, 1, 10, 13, 7, 18, 15, 11, 12, 3, 2, 5, 20, 14, 6, 21]",567.8555400038903,17.11539936065674
