Id,Coordinates,Order,Distance,Time
1855,"[[0, 0], [62, 62], [52, 2], [32, 36], [39, 33], [69, 14], [153, 50], [31, 34], [5, 10], [24, 52], [102, 50], [72, 41], [115, 43], [76, 7], [24, 49], [139, 21], [159, 19], [94, 1], [46, 45], [88, 37], [56, 44], [0, 0]]","[0, 8, 7, 3, 4, 20, 1, 11, 19, 10, 12, 6, 16, 15, 17, 13, 5, 2, 18, 9, 14, 21]",481.56533021774715,18.129832983016968
