Id,Coordinates,Order,Distance,Time
1883,"[[0, 0], [8, 53], [111, 47], [45, 71], [81, 82], [63, 12], [24, 8], [58, 29], [92, 89], [101, 13], [68, 34], [73, 17], [85, 22], [2, 39], [120, 49], [45, 77], [114, 79], [112, 62], [61, 27], [36, 30], [122, 24], [0, 0]]","[0, 6, 19, 7, 18, 10, 5, 11, 12, 9, 20, 14, 2, 17, 16, 8, 4, 15, 3, 1, 13, 21]",415.12027065182076,13.761851072311401
