Id,Coordinates,Order,Distance,Time
4259,"[[0, 0], [48, 19], [7, 16], [44, 30], [42, 29], [60, 3], [27, 11], [48, 5], [57, 23], [22, 11], [21, 8], [54, 3], [50, 8], [2, 7], [9, 16], [40, 31], [10, 10], [55, 4], [18, 30], [17, 3], [57, 10], [0, 0]]","[0, 13, 16, 14, 2, 18, 15, 4, 3, 1, 8, 20, 5, 11, 17, 12, 7, 6, 9, 10, 19, 21]",181.05920858817674,14.639142751693726
