Id,Coordinates,Order,Distance,Time
1056,"[[0, 0], [33, 10], [60, 1], [9, 7], [100, 7], [133, 6], [51, 11], [36, 2], [150, 7], [28, 7], [2, 9], [39, 9], [161, 10], [59, 7], [38, 11], [39, 11], [36, 1], [140, 6], [91, 8], [102, 11], [90, 6], [0, 0]]","[0, 10, 3, 9, 1, 14, 15, 11, 6, 13, 20, 18, 4, 5, 17, 8, 12, 19, 2, 7, 16, 21]",336.531029357577,17.0868239402771
