Id,Coordinates,Order,Distance,Time
3007,"[[0, 0], [158, 2], [173, 3], [86, 4], [38, 22], [27, 5], [162, 13], [88, 2], [29, 18], [18, 15], [171, 7], [165, 13], [3, 11], [64, 9], [64, 17], [124, 20], [67, 16], [45, 16], [183, 21], [141, 24], [104, 3], [0, 0]]","[0, 12, 9, 8, 4, 17, 14, 16, 3, 7, 20, 15, 19, 6, 11, 18, 2, 10, 1, 13, 5, 21]",407.9605369437407,14.485095739364624
