Id,Coordinates,Order,Distance,Time
5991,"[[0, 0], [19, 26], [74, 53], [93, 6], [100, 19], [98, 16], [105, 84], [43, 30], [86, 42], [46, 17], [31, 82], [89, 81], [104, 79], [64, 85], [54, 73], [70, 12], [82, 27], [8, 48], [23, 25], [91, 44], [100, 17], [0, 0]]","[0, 1, 18, 7, 9, 15, 16, 8, 19, 11, 12, 6, 4, 20, 5, 3, 2, 13, 14, 10, 17, 21]",486.0618135815649,14.856515884399414
