Id,Coordinates,Order,Distance,Time
1562,"[[0, 0], [29, 19], [16, 28], [3, 34], [15, 52], [31, 32], [15, 95], [3, 61], [3, 52], [22, 44], [9, 79], [14, 66], [4, 91], [25, 84], [30, 78], [1, 49], [18, 13], [2, 72], [5, 42], [20, 33], [24, 38], [0, 0]]","[0, 16, 1, 5, 20, 9, 15, 18, 2, 19, 8, 7, 17, 10, 12, 6, 13, 14, 11, 4, 3, 21]",308.90956724619264,16.386407613754272
