Id,Coordinates,Order,Distance,Time
9356,"[[0, 0], [23, 33], [12, 77], [148, 52], [33, 73], [150, 52], [174, 65], [44, 27], [73, 22], [92, 17], [167, 65], [176, 6], [138, 79], [75, 21], [50, 42], [145, 80], [45, 18], [152, 33], [13, 40], [174, 42], [175, 64], [0, 0]]","[0, 1, 7, 16, 14, 8, 13, 9, 3, 10, 6, 20, 19, 11, 17, 5, 15, 12, 4, 2, 18, 21]",596.7328339580965,15.143290758132935
