Id,Coordinates,Order,Distance,Time
4589,"[[0, 0], [68, 55], [91, 67], [1, 122], [29, 127], [95, 76], [34, 28], [80, 85], [112, 20], [112, 136], [13, 16], [73, 98], [38, 54], [67, 111], [56, 54], [86, 40], [86, 85], [100, 49], [3, 85], [58, 78], [64, 74], [0, 0]]","[0, 10, 6, 14, 1, 20, 11, 7, 16, 5, 2, 15, 8, 17, 9, 13, 4, 3, 18, 19, 12, 21]",668.6837734919841,16.598705530166626
