Id,Coordinates,Order,Distance,Time
5478,"[[0, 0], [3, 2], [4, 2], [3, 1], [4, 4], [9, 12], [3, 15], [4, 16], [3, 13], [8, 14], [8, 12], [4, 11], [5, 18], [5, 2], [9, 17], [5, 19], [1, 15], [7, 9], [9, 7], [5, 17], [7, 15], [0, 0]]","[0, 3, 1, 2, 13, 4, 18, 17, 5, 10, 9, 20, 14, 15, 12, 19, 7, 6, 16, 8, 11, 21]",54.97567471255431,16.696903705596924
