Id,Coordinates,Order,Distance,Time
8082,"[[0, 0], [170, 116], [62, 80], [69, 150], [89, 58], [2, 129], [119, 123], [164, 121], [127, 88], [158, 173], [118, 128], [63, 83], [38, 120], [124, 12], [157, 3], [126, 173], [2, 40], [18, 22], [93, 22], [116, 153], [117, 41], [0, 0]]","[0, 17, 2, 11, 4, 18, 13, 14, 20, 8, 6, 10, 19, 15, 9, 1, 7, 3, 12, 5, 16, 21]",840.8093052184796,17.194218397140503
