Id,Coordinates,Order,Distance,Time
5356,"[[0, 0], [68, 113], [157, 125], [78, 80], [169, 50], [114, 46], [116, 86], [59, 120], [38, 13], [54, 74], [37, 31], [79, 74], [5, 66], [52, 118], [108, 15], [137, 18], [48, 36], [56, 87], [145, 13], [9, 22], [2, 123], [0, 0]]","[0, 8, 10, 16, 9, 17, 3, 11, 5, 14, 15, 18, 4, 2, 6, 1, 7, 13, 20, 12, 19, 21]",690.728452474432,17.700733184814453
