Id,Coordinates,Order,Distance,Time
7688,"[[0, 0], [2, 54], [10, 78], [2, 61], [19, 64], [9, 23], [12, 132], [17, 130], [20, 128], [2, 11], [4, 83], [6, 72], [18, 116], [10, 135], [14, 17], [15, 17], [17, 109], [5, 121], [14, 30], [12, 65], [10, 50], [0, 0]]","[0, 9, 14, 15, 18, 20, 1, 3, 11, 10, 16, 12, 8, 7, 6, 13, 17, 2, 19, 4, 5, 21]",303.0421646669655,15.83146071434021
