Id,Coordinates,Order,Distance,Time
8962,"[[0, 0], [36, 38], [164, 87], [32, 48], [117, 41], [21, 38], [60, 95], [115, 87], [161, 56], [87, 96], [81, 76], [97, 70], [58, 112], [29, 38], [114, 2], [7, 4], [57, 95], [85, 35], [171, 33], [175, 58], [174, 66], [0, 0]]","[0, 5, 13, 1, 3, 16, 6, 12, 9, 10, 4, 14, 18, 8, 19, 20, 2, 7, 11, 17, 15, 21]",623.0496424016396,13.448174715042114
