Id,Coordinates,Order,Distance,Time
1038,"[[0, 0], [103, 42], [58, 4], [17, 98], [6, 24], [55, 112], [1, 11], [108, 46], [42, 103], [41, 33], [78, 15], [121, 58], [58, 34], [122, 70], [66, 120], [119, 75], [117, 127], [80, 59], [119, 127], [53, 130], [105, 15], [0, 0]]","[0, 6, 4, 9, 12, 2, 10, 20, 1, 7, 11, 13, 15, 17, 18, 16, 14, 19, 5, 8, 3, 21]",575.31334723544,14.38689923286438
