Id,Coordinates,Order,Distance,Time
2405,"[[0, 0], [64, 2], [2, 20], [117, 19], [102, 21], [106, 12], [139, 3], [96, 10], [127, 9], [82, 16], [14, 2], [75, 8], [106, 18], [64, 13], [105, 1], [32, 19], [135, 6], [66, 15], [26, 15], [94, 18], [105, 4], [0, 0]]","[0, 2, 18, 15, 13, 17, 9, 19, 4, 12, 5, 3, 8, 16, 6, 14, 20, 7, 11, 1, 10, 21]",320.3200653594734,19.455925226211548
