Id,Coordinates,Order,Distance,Time
1645,"[[0, 0], [48, 135], [27, 167], [29, 98], [127, 95], [46, 99], [57, 61], [73, 117], [98, 105], [153, 11], [94, 22], [86, 159], [54, 135], [164, 92], [151, 110], [104, 106], [139, 7], [68, 119], [112, 68], [53, 141], [124, 65], [0, 0]]","[0, 6, 5, 1, 19, 12, 17, 7, 8, 4, 14, 13, 9, 16, 10, 20, 18, 15, 11, 2, 3, 21]",841.666665480396,11.05551791191101
