Id,Coordinates,Order,Distance,Time
5266,"[[0, 0], [7, 46], [55, 50], [3, 67], [46, 32], [17, 55], [41, 66], [27, 6], [42, 55], [25, 26], [42, 69], [48, 63], [11, 37], [53, 5], [25, 48], [30, 51], [18, 60], [32, 49], [16, 51], [55, 63], [6, 68], [0, 0]]","[0, 7, 9, 18, 5, 14, 15, 17, 8, 11, 19, 2, 13, 4, 6, 10, 16, 20, 3, 1, 12, 21]",361.9120397256013,14.52225399017334
