Id,Coordinates,Order,Distance,Time
8425,"[[0, 0], [119, 19], [24, 38], [12, 31], [147, 41], [99, 26], [84, 42], [45, 35], [7, 32], [38, 8], [149, 35], [139, 42], [19, 29], [104, 17], [26, 35], [103, 9], [149, 28], [47, 17], [53, 12], [60, 16], [87, 20], [0, 0]]","[0, 8, 3, 12, 14, 2, 7, 6, 5, 13, 15, 1, 11, 4, 10, 16, 20, 19, 18, 17, 9, 21]",386.06330124533645,18.145472288131714
