Id,Coordinates,Order,Distance,Time
4186,"[[0, 0], [47, 138], [22, 140], [22, 100], [42, 137], [38, 13], [50, 9], [37, 39], [66, 79], [75, 120], [91, 21], [45, 38], [93, 72], [24, 31], [12, 156], [42, 87], [91, 97], [55, 31], [93, 40], [86, 36], [63, 86], [0, 0]]","[0, 13, 7, 11, 17, 10, 19, 18, 12, 16, 9, 1, 4, 14, 2, 3, 15, 20, 8, 6, 5, 21]",529.9462375012757,17.592159748077393
