Id,Coordinates,Order,Distance,Time
1262,"[[0, 0], [31, 17], [12, 127], [20, 163], [11, 130], [25, 104], [20, 121], [16, 44], [20, 146], [2, 149], [23, 98], [11, 171], [6, 14], [25, 98], [16, 120], [29, 84], [19, 160], [20, 97], [2, 1], [1, 112], [9, 97], [0, 0]]","[0, 18, 1, 7, 15, 13, 10, 17, 5, 14, 6, 2, 4, 8, 16, 3, 11, 9, 19, 20, 12, 21]",394.9372820707192,15.587011337280273
