Id,Coordinates,Order,Distance,Time
5825,"[[0, 0], [32, 1], [98, 16], [63, 8], [124, 13], [147, 9], [9, 17], [90, 8], [62, 13], [120, 15], [31, 8], [63, 11], [39, 11], [134, 9], [112, 9], [30, 14], [1, 10], [141, 13], [168, 13], [131, 12], [123, 5], [0, 0]]","[0, 16, 6, 15, 10, 12, 8, 11, 2, 9, 4, 19, 13, 17, 5, 18, 20, 14, 7, 3, 1, 21]",360.8867829039896,15.585063695907593
