Id,Coordinates,Order,Distance,Time
7313,"[[0, 0], [104, 6], [19, 46], [123, 32], [89, 29], [72, 39], [15, 8], [133, 16], [25, 47], [124, 29], [72, 5], [50, 3], [61, 25], [61, 47], [101, 52], [91, 3], [35, 13], [80, 48], [136, 47], [34, 37], [40, 47], [0, 0]]","[0, 6, 16, 11, 10, 15, 1, 4, 5, 13, 20, 8, 2, 19, 17, 14, 18, 9, 7, 3, 12, 21]",518.2004746804937,16.64469814300537
