Id,Coordinates,Order,Distance,Time
5277,"[[0, 0], [16, 77], [24, 31], [35, 75], [2, 14], [4, 5], [128, 72], [20, 2], [131, 146], [62, 73], [35, 135], [46, 111], [76, 53], [100, 144], [109, 22], [48, 143], [41, 41], [117, 15], [115, 23], [139, 65], [28, 98], [0, 0]]","[0, 5, 4, 2, 3, 1, 20, 11, 10, 15, 13, 8, 6, 19, 18, 17, 14, 12, 9, 16, 7, 21]",604.7228865456266,15.153135538101196
