Id,Coordinates,Order,Distance,Time
5137,"[[0, 0], [16, 122], [19, 132], [7, 43], [4, 20], [3, 118], [19, 152], [17, 85], [6, 41], [5, 94], [8, 108], [21, 64], [14, 91], [21, 92], [9, 92], [21, 90], [24, 61], [19, 86], [5, 37], [17, 55], [24, 64], [0, 0]]","[0, 4, 18, 8, 3, 19, 16, 20, 11, 7, 17, 15, 13, 12, 1, 2, 6, 5, 10, 9, 14, 21]",332.27232209522634,18.74802589416504
