Id,Coordinates,Order,Distance,Time
4207,"[[0, 0], [125, 97], [177, 144], [185, 63], [89, 113], [78, 24], [182, 118], [131, 86], [151, 103], [159, 11], [78, 115], [128, 11], [74, 110], [132, 30], [109, 51], [171, 51], [177, 5], [122, 89], [67, 8], [26, 131], [179, 32], [0, 0]]","[0, 18, 5, 14, 13, 11, 9, 16, 20, 15, 3, 7, 17, 12, 10, 4, 1, 8, 6, 2, 19, 21]",843.9300688973558,16.526127338409424
