Id,Coordinates,Order,Distance,Time
6109,"[[0, 0], [38, 25], [121, 46], [87, 18], [63, 30], [33, 42], [124, 11], [7, 4], [84, 25], [38, 26], [22, 29], [40, 18], [59, 18], [116, 20], [25, 2], [39, 35], [111, 32], [50, 42], [37, 43], [91, 36], [55, 22], [0, 0]]","[0, 7, 14, 11, 1, 9, 15, 5, 18, 17, 20, 12, 8, 3, 6, 13, 16, 2, 19, 4, 10, 21]",368.2447029635692,15.288418531417847
