Id,Coordinates,Order,Distance,Time
2737,"[[0, 0], [6, 10], [45, 1], [3, 1], [23, 7], [29, 4], [3, 7], [20, 4], [15, 12], [29, 8], [44, 15], [8, 1], [3, 14], [9, 15], [6, 7], [37, 8], [14, 11], [18, 7], [23, 10], [2, 13], [30, 4], [0, 0]]","[0, 3, 14, 6, 1, 19, 12, 13, 16, 8, 17, 4, 18, 9, 5, 20, 15, 10, 2, 7, 11, 21]",139.19129616915464,15.961114645004272
