Id,Coordinates,Order,Distance,Time
646,"[[0, 0], [28, 77], [8, 140], [4, 56], [17, 133], [30, 171], [21, 146], [4, 41], [3, 138], [30, 28], [2, 83], [23, 162], [25, 76], [6, 71], [23, 130], [17, 156], [24, 83], [19, 49], [7, 23], [5, 160], [25, 148], [0, 0]]","[0, 18, 7, 3, 13, 10, 16, 12, 1, 14, 4, 2, 6, 20, 15, 11, 5, 19, 8, 17, 9, 21]",442.2147029476943,14.124578952789307
