Id,Coordinates,Order,Distance,Time
9637,"[[0, 0], [32, 70], [138, 91], [137, 115], [36, 126], [138, 116], [118, 95], [124, 124], [109, 123], [158, 94], [100, 57], [26, 104], [87, 41], [151, 119], [37, 116], [82, 124], [82, 115], [37, 81], [82, 37], [74, 9], [47, 52], [0, 0]]","[0, 20, 1, 17, 11, 14, 4, 15, 16, 8, 7, 3, 5, 13, 9, 2, 6, 10, 12, 18, 19, 21]",524.5479688373306,18.533369779586792
