Id,Coordinates,Order,Distance,Time
2476,"[[0, 0], [47, 35], [107, 22], [69, 25], [47, 6], [70, 9], [82, 13], [8, 42], [69, 34], [64, 42], [76, 28], [81, 49], [115, 22], [43, 28], [99, 5], [92, 15], [73, 9], [34, 2], [28, 15], [105, 40], [4, 18], [0, 0]]","[0, 18, 17, 4, 13, 8, 10, 3, 5, 16, 6, 15, 14, 2, 12, 19, 11, 9, 1, 7, 20, 21]",368.0225322893327,20.265413761138916
