Id,Coordinates,Order,Distance,Time
2773,"[[0, 0], [64, 50], [116, 34], [68, 100], [133, 72], [133, 9], [4, 22], [19, 121], [46, 71], [128, 33], [15, 7], [107, 24], [133, 15], [17, 25], [25, 109], [95, 99], [49, 110], [127, 92], [106, 89], [80, 98], [72, 14], [0, 0]]","[0, 10, 13, 1, 20, 11, 2, 5, 12, 9, 4, 17, 18, 15, 19, 3, 16, 14, 7, 8, 6, 21]",554.6532055975667,16.329899787902832
