Id,Coordinates,Order,Distance,Time
270,"[[0, 0], [102, 3], [88, 12], [20, 8], [123, 8], [156, 22], [63, 8], [48, 23], [14, 5], [26, 5], [4, 24], [4, 19], [71, 18], [123, 2], [101, 24], [49, 7], [64, 21], [29, 11], [105, 4], [124, 13], [103, 12], [0, 0]]","[0, 8, 3, 9, 17, 15, 6, 12, 2, 20, 18, 1, 13, 4, 19, 5, 14, 16, 7, 10, 11, 21]",367.73941655749076,13.137592792510986
