Id,Coordinates,Order,Distance,Time
3797,"[[0, 0], [27, 53], [36, 61], [73, 45], [42, 100], [151, 44], [107, 26], [37, 13], [125, 7], [5, 68], [124, 86], [128, 45], [88, 46], [97, 32], [157, 60], [69, 32], [109, 60], [29, 19], [142, 81], [135, 71], [142, 102], [0, 0]]","[0, 17, 7, 15, 3, 12, 13, 6, 8, 11, 5, 14, 19, 18, 20, 10, 16, 4, 9, 2, 1, 21]",584.3826052255896,13.652586936950684
