Id,Coordinates,Order,Distance,Time
5323,"[[0, 0], [67, 106], [121, 115], [73, 24], [74, 40], [13, 113], [34, 44], [141, 123], [26, 73], [62, 89], [120, 6], [128, 83], [100, 12], [84, 120], [57, 38], [84, 78], [134, 47], [47, 49], [72, 83], [136, 78], [37, 8], [0, 0]]","[0, 6, 17, 8, 5, 9, 18, 15, 1, 13, 2, 7, 11, 19, 16, 10, 12, 3, 4, 14, 20, 21]",618.7326385933613,14.489336252212524
