Id,Coordinates,Order,Distance,Time
6095,"[[0, 0], [85, 48], [41, 116], [61, 88], [11, 107], [118, 47], [151, 57], [139, 53], [137, 123], [62, 90], [130, 42], [114, 51], [25, 22], [130, 119], [47, 117], [36, 32], [153, 94], [14, 75], [90, 65], [110, 44], [44, 85], [0, 0]]","[0, 17, 3, 9, 14, 2, 4, 20, 1, 19, 11, 5, 10, 7, 6, 16, 8, 13, 18, 15, 12, 21]",625.2648428714872,16.028720140457153
