Id,Coordinates,Order,Distance,Time
7718,"[[0, 0], [90, 158], [110, 10], [28, 38], [14, 113], [17, 6], [53, 149], [151, 40], [122, 128], [141, 157], [9, 86], [27, 35], [77, 90], [105, 126], [89, 20], [152, 130], [141, 52], [147, 109], [146, 22], [84, 47], [92, 35], [0, 0]]","[0, 11, 3, 10, 4, 6, 1, 9, 15, 17, 8, 13, 12, 19, 20, 2, 18, 7, 16, 14, 5, 21]",725.9568774202112,19.323746919631958
