Id,Coordinates,Order,Distance,Time
6914,"[[0, 0], [30, 72], [26, 37], [5, 66], [39, 66], [53, 55], [35, 109], [18, 48], [17, 45], [65, 51], [30, 33], [42, 92], [30, 1], [4, 75], [64, 135], [18, 46], [25, 65], [22, 4], [60, 1], [60, 51], [42, 121], [0, 0]]","[0, 17, 12, 18, 10, 2, 8, 15, 7, 16, 1, 4, 5, 19, 9, 11, 14, 20, 6, 13, 3, 21]",450.0876830775488,17.02751612663269
