Id,Coordinates,Order,Distance,Time
7445,"[[0, 0], [66, 15], [6, 109], [11, 15], [5, 56], [4, 39], [59, 88], [9, 85], [11, 97], [21, 20], [12, 32], [20, 30], [77, 85], [18, 107], [82, 72], [91, 26], [9, 105], [92, 122], [80, 110], [74, 12], [77, 99], [0, 0]]","[0, 3, 9, 11, 10, 5, 4, 7, 8, 16, 2, 13, 6, 18, 17, 20, 12, 14, 15, 19, 1, 21]",434.6711470166814,15.326164960861206
