Id,Coordinates,Order,Distance,Time
6540,"[[0, 0], [45, 27], [66, 65], [15, 17], [1, 79], [44, 2], [55, 66], [59, 32], [41, 2], [5, 55], [74, 36], [70, 87], [54, 27], [40, 118], [5, 98], [65, 91], [51, 127], [23, 29], [43, 13], [42, 139], [71, 59], [0, 0]]","[0, 3, 1, 12, 7, 10, 20, 2, 6, 11, 15, 16, 19, 13, 14, 4, 9, 17, 18, 5, 8, 21]",430.25977666362775,18.674792051315308
