Id,Coordinates,Order,Distance,Time
2019,"[[0, 0], [17, 110], [80, 4], [82, 148], [8, 53], [5, 14], [48, 42], [32, 3], [15, 2], [67, 59], [45, 73], [70, 90], [81, 35], [39, 168], [86, 18], [53, 162], [39, 125], [52, 25], [34, 172], [57, 141], [43, 64], [0, 0]]","[0, 8, 7, 17, 6, 20, 10, 2, 14, 12, 9, 11, 3, 19, 15, 13, 18, 16, 1, 4, 5, 21]",593.1714474820916,16.511592864990234
