Id,Coordinates,Order,Distance,Time
790,"[[0, 0], [17, 13], [74, 29], [57, 35], [52, 21], [57, 30], [56, 41], [21, 16], [60, 34], [88, 19], [13, 9], [64, 35], [53, 28], [49, 14], [72, 1], [63, 37], [31, 34], [26, 30], [58, 25], [94, 18], [39, 30], [0, 0]]","[0, 10, 1, 7, 17, 16, 20, 12, 5, 3, 8, 6, 15, 11, 2, 9, 19, 14, 18, 4, 13, 21]",257.1435674217255,14.464982032775879
