Id,Coordinates,Order,Distance,Time
2076,"[[0, 0], [99, 11], [111, 6], [78, 2], [46, 8], [75, 11], [79, 5], [108, 5], [70, 18], [113, 15], [85, 10], [2, 11], [39, 15], [85, 10], [18, 12], [36, 15], [109, 14], [44, 15], [101, 10], [31, 3], [115, 18], [0, 0]]","[0, 11, 14, 15, 12, 17, 8, 5, 10, 13, 18, 7, 2, 9, 20, 16, 1, 6, 3, 4, 19, 21]",259.0824034606754,15.061075210571289
