Id,Coordinates,Order,Distance,Time
6797,"[[0, 0], [49, 72], [96, 64], [122, 2], [98, 82], [129, 28], [98, 18], [87, 143], [8, 26], [56, 69], [71, 135], [61, 100], [63, 8], [133, 139], [93, 72], [132, 105], [27, 9], [100, 88], [70, 7], [114, 58], [101, 33], [0, 0]]","[0, 16, 12, 18, 20, 2, 14, 4, 17, 15, 13, 7, 10, 11, 1, 9, 19, 5, 3, 6, 8, 21]",643.1493738638794,17.38699746131897
