Id,Coordinates,Order,Distance,Time
6438,"[[0, 0], [24, 10], [2, 2], [29, 2], [8, 12], [21, 11], [34, 12], [29, 4], [18, 6], [23, 11], [41, 9], [2, 6], [42, 9], [12, 9], [14, 4], [6, 11], [48, 10], [38, 9], [26, 6], [11, 10], [39, 6], [0, 0]]","[0, 11, 15, 4, 19, 13, 5, 9, 1, 18, 7, 3, 20, 16, 12, 10, 17, 6, 8, 14, 2, 21]",113.95100320057664,13.982506036758423
