Id,Coordinates,Order,Distance,Time
714,"[[0, 0], [65, 2], [105, 9], [86, 5], [103, 2], [111, 9], [121, 4], [61, 2], [3, 1], [118, 9], [54, 4], [97, 9], [7, 3], [108, 2], [35, 9], [95, 5], [33, 4], [75, 2], [73, 8], [93, 9], [95, 9], [0, 0]]","[0, 8, 12, 16, 10, 7, 1, 17, 3, 19, 20, 11, 15, 4, 13, 6, 9, 5, 2, 18, 14, 21]",254.5651960032281,18.06153655052185
