Id,Coordinates,Order,Distance,Time
4864,"[[0, 0], [20, 43], [15, 72], [10, 53], [10, 58], [21, 62], [22, 20], [14, 31], [20, 56], [18, 41], [17, 18], [4, 73], [11, 38], [16, 29], [11, 32], [18, 31], [19, 70], [24, 12], [16, 58], [8, 16], [5, 67], [0, 0]]","[0, 19, 10, 13, 7, 14, 12, 9, 1, 3, 18, 8, 5, 16, 2, 11, 20, 4, 15, 6, 17, 21]",207.1817215622558,14.987932920455933
