Id,Coordinates,Order,Distance,Time
8536,"[[0, 0], [81, 39], [50, 73], [98, 70], [49, 77], [17, 22], [46, 5], [126, 42], [98, 71], [132, 79], [23, 43], [56, 56], [23, 62], [12, 24], [50, 77], [74, 9], [13, 79], [21, 36], [14, 15], [56, 44], [31, 68], [0, 0]]","[0, 18, 5, 13, 17, 12, 16, 20, 2, 14, 4, 11, 19, 6, 15, 1, 8, 3, 9, 7, 10, 21]",534.2080014460583,15.801345348358154
