Id,Coordinates,Order,Distance,Time
8778,"[[0, 0], [17, 8], [56, 93], [61, 1], [80, 31], [51, 39], [5, 64], [38, 98], [54, 71], [10, 17], [24, 12], [44, 24], [66, 17], [53, 86], [53, 86], [44, 38], [42, 65], [73, 100], [58, 35], [6, 26], [70, 3], [0, 0]]","[0, 9, 19, 6, 16, 7, 13, 14, 2, 17, 8, 15, 5, 18, 4, 12, 20, 3, 11, 10, 1, 21]",411.0496390334318,17.516976833343506
