Id,Coordinates,Order,Distance,Time
6010,"[[0, 0], [86, 12], [104, 47], [18, 86], [67, 103], [14, 17], [13, 118], [80, 74], [126, 26], [96, 90], [60, 7], [16, 44], [58, 74], [74, 74], [6, 73], [19, 52], [101, 9], [80, 60], [93, 65], [96, 19], [147, 19], [0, 0]]","[0, 5, 11, 15, 14, 3, 6, 4, 13, 7, 17, 18, 2, 12, 9, 8, 20, 16, 19, 1, 10, 21]",617.0524418380307,18.61399245262146
