Id,Coordinates,Order,Distance,Time
2935,"[[0, 0], [16, 165], [36, 144], [49, 61], [43, 124], [10, 172], [13, 158], [24, 130], [16, 18], [50, 143], [21, 155], [3, 72], [15, 4], [12, 6], [19, 18], [29, 114], [27, 107], [46, 102], [22, 163], [40, 128], [11, 2], [0, 0]]","[0, 20, 13, 12, 8, 14, 3, 17, 15, 4, 19, 9, 2, 10, 18, 1, 5, 6, 7, 16, 11, 21]",427.86587193381297,15.381081342697144
