Id,Coordinates,Order,Distance,Time
4743,"[[0, 0], [11, 32], [11, 4], [29, 48], [5, 5], [22, 32], [36, 121], [27, 52], [30, 105], [6, 9], [4, 75], [14, 36], [1, 91], [20, 31], [37, 87], [25, 49], [32, 4], [14, 77], [10, 29], [20, 114], [35, 54], [0, 0]]","[0, 4, 9, 2, 16, 13, 5, 15, 7, 3, 20, 17, 10, 12, 19, 6, 8, 14, 11, 1, 18, 21]",339.97794663336146,14.924893140792847
