Id,Coordinates,Order,Distance,Time
3506,"[[0, 0], [112, 55], [129, 41], [46, 34], [128, 48], [97, 23], [136, 38], [38, 42], [77, 21], [70, 19], [8, 68], [113, 47], [122, 37], [125, 54], [15, 62], [7, 31], [28, 33], [111, 27], [87, 53], [1, 11], [76, 29], [0, 0]]","[0, 19, 15, 16, 7, 3, 9, 8, 20, 5, 17, 12, 2, 6, 4, 13, 11, 1, 18, 14, 10, 21]",404.1751515919851,15.687909126281738
