Id,Coordinates,Order,Distance,Time
7407,"[[0, 0], [44, 52], [5, 52], [31, 69], [8, 57], [109, 51], [23, 1], [113, 54], [49, 19], [69, 103], [106, 14], [40, 40], [131, 95], [72, 91], [132, 48], [94, 77], [33, 15], [118, 51], [54, 6], [61, 94], [107, 103], [0, 0]]","[0, 6, 16, 8, 11, 1, 2, 4, 3, 19, 9, 13, 15, 20, 12, 7, 5, 17, 14, 10, 18, 21]",528.7355148595943,14.06183671951294
