Id,Coordinates,Order,Distance,Time
1402,"[[0, 0], [76, 48], [144, 26], [59, 62], [9, 27], [67, 5], [117, 47], [75, 30], [95, 48], [1, 12], [130, 78], [104, 71], [49, 31], [58, 65], [76, 47], [54, 31], [59, 8], [75, 61], [9, 30], [147, 77], [58, 43], [0, 0]]","[0, 9, 4, 18, 12, 15, 20, 14, 1, 17, 3, 13, 8, 11, 10, 19, 2, 6, 7, 5, 16, 21]",474.68230952519,16.970126152038574
