Id,Coordinates,Order,Distance,Time
5475,"[[0, 0], [72, 25], [141, 20], [60, 47], [24, 51], [112, 34], [32, 19], [153, 54], [34, 84], [98, 25], [39, 37], [108, 58], [66, 11], [109, 61], [23, 56], [97, 83], [54, 91], [51, 12], [128, 82], [89, 54], [158, 82], [0, 0]]","[0, 6, 10, 4, 14, 8, 16, 15, 13, 11, 9, 5, 2, 7, 20, 18, 19, 3, 1, 12, 17, 21]",567.7659197758886,16.832414865493774
