Id,Coordinates,Order,Distance,Time
6867,"[[0, 0], [64, 7], [22, 26], [15, 12], [37, 8], [71, 19], [21, 3], [53, 14], [9, 29], [55, 34], [51, 24], [12, 5], [25, 21], [65, 1], [73, 2], [35, 10], [21, 4], [41, 30], [18, 2], [35, 13], [60, 7], [0, 0]]","[0, 18, 6, 16, 19, 15, 4, 7, 20, 1, 13, 14, 5, 9, 10, 17, 12, 2, 8, 3, 11, 21]",226.53220830901205,15.917136430740356
