Id,Coordinates,Order,Distance,Time
8359,"[[0, 0], [87, 30], [8, 20], [67, 42], [17, 37], [67, 52], [75, 7], [146, 36], [4, 59], [142, 50], [41, 1], [6, 1], [24, 40], [41, 3], [61, 14], [113, 42], [97, 46], [140, 23], [78, 40], [128, 56], [71, 30], [0, 0]]","[0, 2, 8, 4, 12, 5, 3, 20, 18, 1, 16, 15, 19, 9, 7, 17, 6, 14, 13, 10, 11, 21]",434.3563984825427,19.82999873161316
