Id,Coordinates,Order,Distance,Time
2557,"[[0, 0], [6, 1], [31, 12], [45, 5], [23, 4], [28, 1], [33, 7], [38, 3], [42, 10], [13, 3], [41, 13], [41, 2], [1, 12], [37, 5], [3, 7], [3, 8], [11, 11], [71, 8], [40, 13], [51, 10], [4, 2], [0, 0]]","[0, 20, 14, 15, 12, 16, 4, 5, 6, 13, 7, 11, 3, 8, 10, 17, 19, 18, 2, 9, 1, 21]",179.94871125253454,19.14617657661438
