Id,Coordinates,Order,Distance,Time
8554,"[[0, 0], [39, 9], [1, 109], [113, 111], [27, 79], [96, 121], [120, 26], [88, 123], [10, 95], [47, 150], [35, 48], [102, 73], [47, 136], [38, 15], [93, 48], [57, 130], [5, 162], [112, 45], [99, 68], [107, 135], [15, 175], [0, 0]]","[0, 10, 4, 8, 2, 16, 20, 9, 12, 15, 7, 5, 19, 3, 11, 18, 14, 17, 6, 13, 1, 21]",583.7659573800942,17.093321561813354
