Id,Coordinates,Order,Distance,Time
4148,"[[0, 0], [21, 19], [86, 64], [137, 130], [49, 20], [132, 9], [72, 118], [123, 65], [147, 85], [19, 78], [5, 35], [143, 94], [26, 69], [135, 76], [93, 27], [122, 15], [39, 91], [48, 64], [104, 78], [14, 30], [122, 38], [0, 0]]","[0, 19, 10, 12, 9, 16, 17, 2, 7, 13, 8, 11, 3, 6, 18, 20, 5, 15, 14, 4, 1, 21]",634.5177032726181,16.899075984954834
