Id,Coordinates,Order,Distance,Time
9477,"[[0, 0], [37, 6], [1, 9], [9, 25], [119, 16], [102, 23], [103, 28], [132, 8], [102, 19], [46, 23], [36, 20], [143, 15], [13, 20], [28, 16], [22, 22], [107, 8], [138, 22], [80, 16], [55, 6], [101, 8], [60, 5], [0, 0]]","[0, 2, 12, 3, 14, 13, 10, 9, 18, 20, 19, 15, 4, 7, 11, 16, 6, 5, 8, 17, 1, 21]",343.1641340593428,14.459047555923462
