Id,Coordinates,Order,Distance,Time
7700,"[[0, 0], [19, 14], [6, 23], [31, 8], [21, 14], [28, 67], [19, 15], [23, 67], [10, 55], [24, 56], [20, 24], [18, 40], [8, 33], [10, 21], [26, 11], [14, 19], [31, 59], [24, 7], [32, 38], [18, 49], [32, 10], [0, 0]]","[0, 15, 6, 1, 4, 17, 3, 20, 14, 10, 18, 11, 19, 9, 16, 5, 7, 8, 12, 2, 13, 21]",219.00011974417933,18.508293390274048
