Id,Coordinates,Order,Distance,Time
2395,"[[0, 0], [122, 18], [25, 49], [30, 49], [44, 9], [70, 34], [15, 20], [126, 49], [35, 7], [138, 51], [9, 10], [59, 10], [11, 38], [107, 1], [87, 55], [54, 35], [32, 20], [134, 31], [34, 31], [120, 2], [78, 23], [0, 0]]","[0, 10, 6, 18, 3, 2, 12, 8, 4, 11, 5, 14, 7, 9, 17, 1, 19, 13, 20, 15, 16, 21]",450.661823471644,17.47447395324707
