Id,Coordinates,Order,Distance,Time
3482,"[[0, 0], [8, 51], [2, 75], [8, 30], [14, 83], [14, 23], [4, 15], [14, 5], [4, 6], [5, 37], [8, 1], [14, 26], [7, 1], [3, 39], [7, 49], [12, 2], [13, 83], [10, 58], [10, 30], [7, 76], [14, 11], [0, 0]]","[0, 12, 10, 15, 7, 20, 5, 11, 18, 3, 9, 14, 1, 17, 4, 16, 19, 2, 13, 6, 8, 21]",189.636409829505,15.618972063064575
