Id,Coordinates,Order,Distance,Time
2955,"[[0, 0], [32, 126], [151, 23], [181, 107], [77, 31], [191, 8], [59, 131], [184, 85], [63, 73], [146, 27], [106, 45], [174, 91], [58, 46], [74, 124], [82, 2], [128, 49], [13, 14], [98, 69], [95, 85], [3, 136], [77, 112], [0, 0]]","[0, 16, 12, 4, 14, 10, 15, 9, 2, 5, 7, 3, 11, 17, 18, 8, 20, 13, 6, 1, 19, 21]",787.1986971878495,17.878838300704956
