Id,Coordinates,Order,Distance,Time
4312,"[[0, 0], [21, 10], [5, 27], [66, 35], [34, 61], [75, 37], [20, 3], [42, 47], [17, 46], [73, 33], [2, 89], [18, 84], [17, 77], [8, 8], [75, 27], [24, 84], [23, 108], [65, 116], [78, 26], [62, 28], [48, 117], [0, 0]]","[0, 13, 6, 1, 19, 3, 9, 5, 14, 18, 7, 12, 11, 15, 10, 16, 20, 17, 4, 8, 2, 21]",432.1567218751943,19.240118265151978
