Id,Coordinates,Order,Distance,Time
906,"[[0, 0], [132, 54], [67, 102], [4, 46], [36, 92], [124, 72], [67, 131], [93, 86], [84, 67], [63, 69], [12, 55], [17, 80], [61, 23], [128, 58], [140, 76], [81, 74], [131, 56], [3, 127], [45, 98], [3, 104], [45, 111], [0, 0]]","[0, 3, 10, 11, 4, 18, 20, 2, 15, 8, 9, 12, 13, 16, 1, 14, 5, 7, 6, 17, 19, 21]",657.3165041091531,18.407203435897827
