Id,Coordinates,Order,Distance,Time
5587,"[[0, 0], [128, 139], [132, 144], [78, 62], [108, 172], [115, 3], [8, 2], [64, 163], [146, 58], [42, 152], [102, 82], [59, 140], [44, 24], [108, 104], [63, 61], [1, 92], [16, 173], [72, 156], [114, 7], [131, 29], [73, 94], [0, 0]]","[0, 6, 12, 14, 3, 20, 15, 9, 16, 7, 11, 17, 4, 2, 1, 13, 10, 8, 19, 18, 5, 21]",785.2803882275316,14.088453531265259
