Id,Coordinates,Order,Distance,Time
2220,"[[0, 0], [15, 8], [16, 8], [18, 8], [29, 18], [48, 14], [23, 1], [57, 22], [59, 23], [6, 11], [24, 9], [28, 20], [77, 7], [6, 14], [75, 23], [16, 21], [63, 8], [78, 17], [14, 19], [80, 12], [37, 19], [0, 0]]","[0, 9, 13, 18, 15, 11, 4, 20, 7, 8, 16, 12, 19, 17, 14, 5, 10, 6, 3, 2, 1, 21]",208.71665652066807,18.664578437805176
