Id,Coordinates,Order,Distance,Time
2494,"[[0, 0], [90, 9], [58, 14], [16, 13], [18, 10], [56, 12], [90, 5], [55, 4], [91, 8], [79, 8], [68, 10], [42, 3], [96, 13], [63, 13], [54, 4], [35, 16], [38, 9], [56, 16], [100, 7], [69, 5], [11, 4], [0, 0]]","[0, 20, 4, 3, 15, 16, 5, 17, 2, 13, 10, 9, 1, 8, 12, 18, 6, 19, 7, 14, 11, 21]",224.6920327613941,16.721766233444214
