Id,Coordinates,Order,Distance,Time
8986,"[[0, 0], [20, 12], [28, 9], [42, 38], [29, 47], [6, 49], [40, 20], [13, 7], [6, 17], [29, 31], [34, 22], [13, 23], [27, 39], [41, 50], [41, 4], [45, 22], [7, 19], [4, 26], [10, 6], [13, 41], [36, 2], [0, 0]]","[0, 18, 7, 1, 2, 20, 14, 6, 15, 10, 9, 3, 13, 4, 12, 19, 5, 17, 11, 16, 8, 21]",221.94061542315404,17.242609977722168
