Id,Coordinates,Order,Distance,Time
5449,"[[0, 0], [2, 8], [119, 5], [27, 14], [30, 18], [109, 8], [155, 23], [111, 3], [2, 5], [18, 23], [153, 2], [168, 14], [3, 21], [146, 12], [67, 13], [176, 15], [74, 12], [154, 23], [172, 22], [126, 11], [131, 3], [0, 0]]","[0, 8, 1, 12, 9, 4, 14, 16, 7, 2, 20, 10, 11, 15, 18, 6, 17, 13, 19, 5, 3, 21]",390.3624479672717,14.008172750473022
