Id,Coordinates,Order,Distance,Time
6369,"[[0, 0], [3, 11], [13, 41], [5, 40], [18, 1], [18, 33], [25, 39], [6, 18], [10, 38], [23, 54], [24, 2], [12, 57], [24, 76], [25, 21], [14, 47], [2, 28], [12, 28], [16, 79], [18, 78], [19, 28], [10, 46], [0, 0]]","[0, 1, 7, 15, 16, 2, 8, 3, 20, 14, 11, 17, 18, 12, 9, 6, 5, 19, 13, 10, 4, 21]",218.33715109953172,17.17098116874695
