Id,Coordinates,Order,Distance,Time
5369,"[[0, 0], [61, 92], [76, 114], [47, 177], [49, 72], [8, 59], [67, 158], [54, 186], [67, 53], [10, 162], [63, 98], [31, 66], [9, 132], [28, 143], [38, 7], [68, 6], [79, 43], [39, 90], [30, 169], [45, 33], [51, 188], [0, 0]]","[0, 14, 19, 15, 16, 8, 4, 1, 10, 2, 6, 7, 20, 3, 18, 9, 13, 12, 17, 11, 5, 21]",570.3814869061555,19.149243354797363
