Id,Coordinates,Order,Distance,Time
46,"[[0, 0], [116, 76], [49, 79], [28, 31], [117, 28], [111, 86], [131, 149], [54, 67], [72, 110], [107, 90], [72, 24], [128, 145], [136, 49], [71, 151], [108, 138], [2, 153], [102, 82], [102, 15], [16, 146], [46, 137], [134, 109], [0, 0]]","[0, 3, 2, 8, 13, 14, 11, 6, 20, 5, 9, 16, 1, 12, 4, 17, 10, 7, 19, 18, 15, 21]",771.2953822715772,21.39799976348877
