Id,Coordinates,Order,Distance,Time
9611,"[[0, 0], [8, 72], [16, 94], [3, 54], [16, 80], [15, 38], [14, 91], [9, 13], [12, 32], [7, 41], [3, 72], [17, 21], [10, 98], [17, 98], [3, 4], [16, 57], [8, 93], [18, 28], [5, 47], [14, 45], [13, 44], [0, 0]]","[0, 14, 7, 11, 17, 8, 5, 20, 19, 18, 3, 10, 1, 6, 2, 13, 12, 16, 4, 15, 9, 21]",232.61300636267066,16.886085748672485
