Id,Coordinates,Order,Distance,Time
4869,"[[0, 0], [57, 22], [116, 48], [58, 80], [116, 26], [50, 22], [44, 98], [71, 12], [120, 18], [120, 38], [138, 27], [66, 59], [171, 94], [18, 37], [101, 48], [177, 80], [67, 64], [181, 29], [83, 5], [112, 46], [158, 35], [0, 0]]","[0, 5, 1, 7, 18, 8, 4, 9, 2, 19, 14, 11, 16, 10, 20, 17, 15, 12, 3, 6, 13, 21]",656.6279731156691,19.503860473632812
