Id,Coordinates,Order,Distance,Time
3674,"[[0, 0], [54, 60], [76, 60], [83, 29], [44, 33], [5, 8], [44, 16], [60, 42], [2, 47], [54, 74], [20, 52], [1, 43], [43, 30], [48, 15], [8, 32], [63, 37], [9, 70], [50, 26], [8, 65], [31, 46], [51, 47], [0, 0]]","[0, 5, 14, 11, 8, 10, 19, 4, 12, 17, 13, 6, 20, 7, 15, 3, 2, 1, 9, 16, 18, 21]",378.90166824250383,20.196427583694458
