Id,Coordinates,Order,Distance,Time
2345,"[[0, 0], [31, 65], [51, 72], [40, 70], [1, 29], [17, 21], [39, 50], [22, 14], [35, 24], [56, 86], [54, 4], [3, 12], [16, 60], [56, 81], [56, 74], [44, 36], [27, 62], [11, 11], [21, 95], [58, 49], [24, 32], [0, 0]]","[0, 11, 4, 5, 20, 8, 15, 6, 16, 1, 3, 2, 14, 13, 9, 18, 12, 19, 10, 7, 17, 21]",384.2849335246113,14.372536420822144
