Id,Coordinates,Order,Distance,Time
9985,"[[0, 0], [23, 24], [13, 59], [3, 79], [20, 13], [13, 38], [17, 1], [19, 33], [1, 6], [9, 54], [5, 12], [1, 67], [19, 10], [18, 70], [18, 54], [14, 88], [17, 96], [19, 6], [11, 82], [10, 35], [1, 96], [0, 0]]","[0, 6, 17, 12, 4, 1, 7, 5, 19, 9, 2, 14, 13, 18, 15, 16, 20, 3, 11, 10, 8, 21]",253.2473681823435,12.791441917419434
