Id,Coordinates,Order,Distance,Time
1349,"[[0, 0], [22, 14], [61, 72], [58, 31], [37, 67], [19, 77], [37, 41], [63, 63], [12, 94], [20, 55], [15, 38], [59, 32], [9, 6], [5, 114], [50, 134], [68, 34], [53, 121], [67, 52], [47, 94], [70, 114], [48, 97], [0, 0]]","[0, 10, 9, 5, 8, 13, 18, 2, 7, 17, 15, 11, 3, 19, 16, 14, 20, 4, 6, 1, 12, 21]",508.9163462017461,16.58571195602417
