Id,Coordinates,Order,Distance,Time
3540,"[[0, 0], [115, 73], [14, 99], [17, 50], [26, 64], [125, 53], [40, 41], [99, 32], [65, 40], [78, 56], [31, 9], [101, 30], [113, 60], [112, 45], [9, 84], [72, 58], [95, 46], [19, 29], [24, 26], [40, 94], [45, 79], [0, 0]]","[0, 18, 17, 3, 4, 19, 2, 14, 20, 15, 9, 16, 7, 11, 13, 5, 1, 12, 8, 6, 10, 21]",479.25429524326216,16.558132648468018
