Id,Coordinates,Order,Distance,Time
7973,"[[0, 0], [50, 54], [20, 128], [21, 95], [56, 126], [84, 81], [62, 79], [85, 153], [47, 21], [20, 31], [25, 115], [62, 151], [81, 26], [19, 59], [7, 14], [73, 97], [43, 48], [24, 61], [11, 118], [31, 52], [94, 5], [0, 0]]","[0, 14, 9, 19, 17, 13, 16, 1, 6, 5, 15, 7, 11, 4, 2, 18, 10, 3, 12, 20, 8, 21]",588.9598620325922,15.305927038192749
