Id,Coordinates,Order,Distance,Time
2920,"[[0, 0], [44, 1], [40, 43], [49, 50], [144, 14], [57, 30], [82, 59], [1, 24], [108, 48], [44, 45], [149, 18], [108, 18], [115, 28], [74, 53], [21, 18], [127, 44], [130, 28], [58, 47], [70, 61], [51, 49], [90, 3], [0, 0]]","[0, 7, 14, 5, 17, 19, 3, 9, 2, 18, 13, 6, 8, 15, 16, 10, 4, 12, 11, 20, 1, 21]",423.56266109234224,16.583688259124756
