Id,Coordinates,Order,Distance,Time
701,"[[0, 0], [44, 72], [5, 140], [18, 115], [119, 8], [111, 123], [59, 56], [4, 6], [93, 85], [51, 63], [63, 48], [85, 32], [25, 31], [8, 137], [86, 94], [14, 68], [8, 75], [36, 132], [37, 94], [77, 131], [112, 17], [0, 0]]","[0, 7, 12, 15, 18, 1, 9, 6, 10, 11, 20, 4, 8, 14, 5, 19, 17, 2, 13, 3, 16, 21]",619.7117829130004,13.801623582839966
