Id,Coordinates,Order,Distance,Time
1128,"[[0, 0], [20, 26], [115, 21], [40, 68], [82, 88], [13, 45], [26, 73], [36, 80], [73, 77], [41, 34], [14, 62], [68, 16], [138, 19], [74, 49], [34, 26], [127, 25], [96, 10], [127, 29], [34, 26], [46, 27], [48, 33], [0, 0]]","[0, 1, 14, 18, 9, 20, 19, 11, 16, 2, 12, 15, 17, 13, 4, 8, 3, 7, 6, 10, 5, 21]",434.51390772251676,16.815884590148926
