Id,Coordinates,Order,Distance,Time
6057,"[[0, 0], [140, 44], [94, 127], [29, 51], [126, 111], [25, 85], [64, 50], [148, 20], [81, 75], [10, 116], [63, 139], [161, 8], [109, 130], [98, 55], [137, 130], [64, 51], [72, 146], [111, 19], [67, 17], [105, 5], [149, 52], [0, 0]]","[0, 3, 5, 9, 10, 16, 2, 12, 14, 4, 8, 15, 6, 19, 17, 7, 11, 20, 1, 13, 18, 21]",727.9208840500331,16.561629056930542
