Id,Coordinates,Order,Distance,Time
5951,"[[0, 0], [54, 6], [32, 11], [110, 6], [103, 7], [86, 5], [153, 7], [96, 6], [142, 3], [195, 4], [48, 10], [37, 10], [152, 9], [188, 2], [103, 6], [35, 7], [133, 10], [112, 7], [97, 2], [195, 4], [136, 5], [0, 0]]","[0, 2, 11, 10, 1, 5, 7, 14, 4, 3, 17, 20, 8, 6, 13, 9, 19, 12, 16, 18, 15, 21]",397.35711644972145,18.5891535282135
