Id,Coordinates,Order,Distance,Time
8655,"[[0, 0], [10, 93], [25, 79], [26, 44], [17, 135], [16, 179], [8, 159], [29, 56], [11, 45], [6, 59], [22, 148], [20, 79], [20, 46], [17, 89], [18, 30], [1, 29], [5, 26], [31, 166], [5, 179], [30, 144], [18, 11], [0, 0]]","[0, 16, 15, 8, 12, 3, 7, 11, 2, 13, 4, 10, 19, 17, 5, 18, 6, 1, 9, 14, 20, 21]",433.3111225014784,19.093034744262695
