Id,Coordinates,Order,Distance,Time
6053,"[[0, 0], [90, 70], [56, 130], [53, 135], [89, 50], [28, 73], [37, 75], [13, 110], [49, 76], [5, 154], [85, 96], [37, 36], [28, 99], [83, 159], [3, 75], [69, 129], [55, 75], [85, 16], [84, 98], [60, 35], [26, 39], [0, 0]]","[0, 20, 11, 19, 17, 4, 1, 10, 18, 13, 15, 2, 3, 9, 7, 12, 16, 8, 6, 5, 14, 21]",586.2062792383048,14.25424575805664
