Id,Coordinates,Order,Distance,Time
6058,"[[0, 0], [89, 113], [89, 123], [9, 52], [34, 164], [27, 170], [8, 1], [97, 164], [75, 48], [51, 34], [79, 76], [84, 70], [42, 76], [43, 31], [96, 37], [61, 139], [21, 22], [62, 95], [64, 2], [20, 3], [50, 35], [0, 0]]","[0, 6, 19, 16, 13, 20, 9, 8, 14, 11, 10, 17, 1, 2, 15, 4, 5, 7, 12, 3, 18, 21]",665.3228927815672,16.49556541442871
