Id,Coordinates,Order,Distance,Time
4170,"[[0, 0], [36, 36], [97, 37], [81, 54], [42, 56], [102, 3], [109, 16], [104, 45], [109, 24], [75, 9], [93, 40], [66, 3], [66, 23], [36, 45], [21, 52], [41, 3], [50, 38], [60, 34], [49, 28], [97, 11], [16, 23], [0, 0]]","[0, 20, 14, 13, 4, 1, 18, 17, 12, 9, 11, 16, 3, 10, 2, 7, 8, 6, 19, 5, 15, 21]",435.7626368321214,13.069379329681396
