Id,Coordinates,Order,Distance,Time
9363,"[[0, 0], [153, 81], [48, 30], [67, 62], [151, 10], [24, 72], [96, 84], [74, 73], [103, 24], [25, 59], [172, 16], [34, 8], [128, 65], [178, 61], [138, 83], [91, 22], [12, 82], [11, 82], [177, 11], [129, 57], [84, 45], [0, 0]]","[0, 9, 17, 16, 5, 3, 7, 6, 19, 12, 14, 1, 13, 10, 18, 4, 8, 15, 20, 2, 11, 21]",571.5479227731355,17.042778253555298
