Id,Coordinates,Order,Distance,Time
7348,"[[0, 0], [72, 5], [59, 78], [53, 3], [146, 83], [139, 68], [3, 29], [27, 5], [90, 50], [103, 70], [83, 60], [28, 58], [67, 12], [109, 67], [128, 2], [115, 66], [32, 59], [84, 1], [141, 82], [128, 67], [87, 11], [0, 0]]","[0, 7, 3, 12, 1, 17, 20, 14, 5, 4, 18, 19, 15, 13, 9, 8, 10, 2, 16, 11, 6, 21]",447.72993946817803,19.20280385017395
