Id,Coordinates,Order,Distance,Time
3150,"[[0, 0], [125, 58], [14, 37], [122, 67], [125, 89], [116, 90], [62, 18], [10, 105], [140, 102], [108, 68], [14, 8], [163, 72], [101, 8], [98, 36], [113, 17], [27, 101], [4, 104], [52, 97], [168, 33], [44, 34], [22, 85], [0, 0]]","[0, 10, 19, 6, 12, 14, 13, 1, 3, 9, 5, 4, 8, 11, 18, 17, 15, 7, 16, 20, 2, 21]",641.9054813093618,16.215434551239014
