Id,Coordinates,Order,Distance,Time
2617,"[[0, 0], [126, 34], [95, 3], [103, 20], [23, 20], [59, 17], [140, 18], [67, 20], [50, 24], [46, 8], [2, 33], [139, 19], [74, 6], [17, 10], [37, 3], [103, 28], [139, 15], [46, 3], [4, 20], [135, 30], [119, 4], [0, 0]]","[0, 18, 10, 4, 14, 17, 9, 5, 7, 12, 3, 15, 1, 19, 11, 6, 16, 20, 2, 8, 13, 21]",375.4551123291547,14.533947467803955
