Id,Coordinates,Order,Distance,Time
872,"[[0, 0], [45, 3], [44, 1], [31, 8], [3, 6], [47, 7], [17, 7], [19, 6], [30, 7], [49, 8], [46, 3], [20, 6], [27, 5], [14, 8], [18, 7], [1, 4], [14, 9], [49, 8], [3, 5], [19, 7], [25, 6], [0, 0]]","[0, 15, 18, 4, 16, 13, 6, 14, 19, 11, 20, 8, 3, 2, 1, 10, 17, 9, 5, 12, 7, 21]",111.00543089840605,17.92621874809265
