Id,Coordinates,Order,Distance,Time
2903,"[[0, 0], [18, 97], [32, 165], [11, 135], [21, 147], [6, 104], [17, 118], [21, 152], [7, 117], [20, 35], [1, 55], [13, 109], [15, 153], [21, 116], [2, 163], [23, 18], [32, 30], [13, 19], [33, 161], [19, 87], [13, 23], [0, 0]]","[0, 17, 20, 15, 16, 9, 19, 1, 11, 6, 13, 4, 7, 12, 14, 2, 18, 3, 8, 5, 10, 21]",417.0560310460032,16.51119303703308
