Id,Coordinates,Order,Distance,Time
8739,"[[0, 0], [108, 34], [98, 6], [115, 18], [158, 44], [52, 55], [5, 85], [16, 32], [37, 49], [43, 113], [109, 88], [133, 24], [89, 90], [112, 90], [20, 88], [92, 76], [26, 12], [164, 65], [31, 18], [159, 77], [49, 111], [0, 0]]","[0, 16, 18, 8, 5, 15, 12, 10, 13, 19, 17, 4, 11, 3, 2, 1, 20, 9, 14, 6, 7, 21]",594.0162982402867,15.253076314926147
