Id,Coordinates,Order,Distance,Time
2321,"[[0, 0], [161, 99], [79, 12], [188, 5], [67, 87], [19, 1], [178, 100], [107, 51], [50, 103], [15, 13], [57, 17], [44, 106], [72, 109], [67, 20], [83, 1], [186, 21], [31, 3], [146, 29], [131, 87], [77, 54], [182, 69], [0, 0]]","[0, 5, 16, 10, 13, 2, 14, 7, 18, 1, 6, 20, 15, 3, 17, 19, 4, 12, 8, 11, 9, 21]",665.4888656920197,13.631920099258423
