Id,Coordinates,Order,Distance,Time
1533,"[[0, 0], [116, 6], [170, 15], [53, 2], [137, 10], [154, 16], [75, 13], [141, 21], [161, 21], [93, 15], [94, 15], [147, 6], [61, 5], [64, 14], [149, 5], [153, 9], [161, 20], [28, 5], [103, 7], [81, 3], [35, 1], [0, 0]]","[0, 17, 20, 13, 6, 9, 10, 18, 1, 4, 11, 14, 15, 2, 16, 8, 5, 7, 19, 12, 3, 21]",358.7400375977094,14.309016466140747
