Id,Coordinates,Order,Distance,Time
3963,"[[0, 0], [34, 65], [88, 48], [122, 78], [167, 41], [38, 72], [62, 90], [163, 117], [163, 131], [9, 90], [110, 126], [54, 10], [68, 142], [105, 86], [49, 61], [179, 108], [104, 134], [125, 132], [145, 2], [39, 61], [135, 17], [0, 0]]","[0, 11, 14, 19, 1, 6, 12, 13, 3, 10, 16, 17, 8, 7, 15, 4, 18, 20, 2, 5, 9, 21]",815.5145675638155,16.163557529449463
