Id,Coordinates,Order,Distance,Time
5272,"[[0, 0], [40, 32], [54, 33], [41, 53], [13, 59], [3, 23], [11, 50], [53, 4], [53, 6], [20, 28], [22, 54], [32, 54], [11, 28], [43, 38], [40, 55], [39, 27], [50, 56], [46, 6], [45, 13], [50, 48], [44, 21], [0, 0]]","[0, 5, 12, 9, 1, 13, 2, 19, 16, 3, 14, 11, 10, 4, 6, 15, 20, 18, 8, 7, 17, 21]",271.0484031120315,14.08659052848816
