Id,Coordinates,Order,Distance,Time
7480,"[[0, 0], [108, 18], [37, 24], [81, 85], [41, 15], [102, 56], [28, 61], [14, 49], [120, 176], [35, 167], [41, 123], [45, 2], [84, 119], [56, 130], [21, 145], [86, 79], [104, 137], [135, 156], [95, 169], [23, 179], [59, 90], [0, 0]]","[0, 11, 4, 2, 6, 20, 3, 15, 5, 1, 12, 16, 17, 8, 18, 13, 10, 14, 9, 19, 7, 21]",788.6826106127011,16.08029007911682
