Id,Coordinates,Order,Distance,Time
9963,"[[0, 0], [17, 43], [1, 52], [61, 67], [85, 49], [82, 71], [14, 70], [19, 69], [21, 16], [89, 58], [16, 74], [70, 79], [13, 25], [68, 8], [42, 1], [19, 33], [31, 1], [81, 6], [34, 68], [71, 62], [9, 15], [0, 0]]","[0, 20, 12, 15, 1, 2, 6, 10, 7, 18, 3, 19, 11, 5, 9, 4, 17, 13, 14, 16, 8, 21]",346.31582618481684,15.376317501068115
