Id,Coordinates,Order,Distance,Time
1933,"[[0, 0], [9, 17], [24, 107], [117, 3], [89, 92], [51, 13], [26, 39], [46, 72], [101, 101], [16, 4], [37, 92], [75, 127], [44, 11], [15, 45], [58, 16], [107, 39], [8, 69], [59, 23], [114, 12], [139, 83], [115, 110], [0, 0]]","[0, 1, 6, 13, 16, 7, 10, 2, 11, 4, 8, 20, 19, 15, 18, 3, 17, 14, 5, 12, 9, 21]",544.1711719721078,21.99642324447632
