Id,Coordinates,Order,Distance,Time
5441,"[[0, 0], [87, 5], [86, 24], [66, 9], [108, 21], [53, 15], [124, 27], [109, 25], [71, 14], [5, 18], [115, 26], [102, 30], [103, 21], [40, 15], [27, 17], [118, 25], [124, 15], [133, 5], [131, 1], [30, 26], [31, 7], [0, 0]]","[0, 9, 14, 19, 13, 5, 8, 2, 11, 12, 4, 7, 10, 15, 6, 16, 17, 18, 1, 3, 20, 21]",326.2711213327836,15.748950719833374
