Id,Coordinates,Order,Distance,Time
7099,"[[0, 0], [27, 32], [6, 2], [15, 53], [21, 32], [20, 4], [25, 36], [6, 24], [44, 23], [16, 9], [8, 26], [40, 39], [48, 12], [48, 16], [30, 54], [48, 6], [28, 42], [48, 43], [51, 14], [16, 16], [15, 2], [0, 0]]","[0, 2, 9, 19, 7, 10, 4, 1, 6, 16, 3, 14, 11, 17, 8, 13, 18, 12, 15, 5, 20, 21]",220.95734532446622,16.915690422058105
