Id,Coordinates,Order,Distance,Time
1122,"[[0, 0], [35, 19], [1, 9], [13, 13], [51, 8], [70, 8], [22, 15], [11, 18], [70, 1], [1, 11], [75, 12], [93, 19], [42, 14], [59, 5], [57, 17], [25, 11], [44, 5], [89, 4], [16, 7], [15, 3], [57, 5], [0, 0]]","[0, 2, 9, 3, 7, 6, 15, 1, 12, 16, 4, 20, 13, 5, 8, 17, 11, 10, 14, 18, 19, 21]",243.73804696985874,16.617429494857788
