Id,Coordinates,Order,Distance,Time
7632,"[[0, 0], [75, 53], [32, 53], [12, 61], [39, 51], [43, 49], [43, 2], [15, 48], [34, 35], [13, 55], [67, 33], [56, 42], [34, 4], [53, 40], [29, 2], [78, 61], [28, 42], [72, 43], [21, 47], [82, 9], [53, 32], [0, 0]]","[0, 14, 6, 19, 20, 13, 11, 10, 17, 1, 15, 5, 4, 2, 18, 7, 9, 3, 16, 8, 12, 21]",354.709851658789,16.21152639389038
