Id,Coordinates,Order,Distance,Time
1315,"[[0, 0], [21, 58], [95, 53], [61, 3], [68, 63], [47, 12], [66, 29], [72, 158], [72, 51], [74, 112], [51, 156], [21, 119], [47, 138], [62, 87], [27, 72], [29, 102], [79, 123], [26, 57], [73, 82], [21, 47], [16, 120], [0, 0]]","[0, 3, 6, 2, 8, 4, 18, 13, 9, 16, 7, 10, 12, 11, 20, 15, 14, 17, 1, 19, 5, 21]",519.5123728036756,16.037116289138794
