Id,Coordinates,Order,Distance,Time
1663,"[[0, 0], [27, 139], [21, 158], [19, 59], [72, 20], [37, 119], [15, 175], [18, 62], [49, 167], [42, 25], [14, 7], [42, 6], [35, 142], [39, 72], [42, 79], [27, 64], [68, 165], [62, 26], [36, 147], [32, 129], [15, 114], [0, 0]]","[0, 10, 11, 4, 17, 9, 3, 7, 20, 1, 2, 6, 8, 16, 18, 12, 19, 5, 14, 13, 15, 21]",521.6251678305205,11.216686964035034
