Id,Coordinates,Order,Distance,Time
6910,"[[0, 0], [20, 7], [62, 34], [47, 8], [59, 33], [15, 13], [36, 42], [33, 3], [4, 30], [1, 8], [12, 49], [43, 13], [24, 47], [28, 48], [9, 52], [47, 35], [2, 27], [13, 38], [26, 7], [19, 19], [9, 32], [0, 0]]","[0, 5, 19, 1, 18, 7, 3, 11, 2, 4, 15, 6, 13, 12, 10, 14, 17, 20, 8, 16, 9, 21]",218.50125827639204,16.12229013442993
