Id,Coordinates,Order,Distance,Time
1249,"[[0, 0], [23, 64], [84, 4], [37, 30], [166, 19], [23, 37], [19, 44], [160, 84], [3, 56], [45, 17], [102, 63], [145, 12], [137, 68], [10, 37], [8, 37], [152, 97], [163, 44], [160, 45], [102, 103], [5, 76], [129, 26], [0, 0]]","[0, 5, 3, 9, 2, 20, 11, 4, 16, 17, 12, 7, 15, 18, 10, 1, 19, 8, 6, 13, 14, 21]",594.5841960703452,14.125972509384155
