Id,Coordinates,Order,Distance,Time
4401,"[[0, 0], [38, 34], [35, 41], [46, 35], [35, 32], [8, 16], [10, 41], [44, 27], [31, 46], [13, 15], [13, 5], [29, 40], [46, 21], [1, 6], [20, 6], [12, 16], [27, 1], [42, 2], [19, 47], [16, 18], [38, 2], [0, 0]]","[0, 10, 14, 16, 20, 17, 12, 7, 3, 1, 4, 2, 11, 8, 18, 6, 19, 9, 15, 5, 13, 21]",185.28367310691468,15.166800260543823
