Id,Coordinates,Order,Distance,Time
9836,"[[0, 0], [2, 84], [100, 46], [100, 7], [72, 170], [56, 94], [46, 153], [81, 81], [6, 49], [36, 59], [100, 126], [88, 178], [23, 180], [75, 122], [40, 82], [91, 107], [57, 117], [33, 154], [66, 72], [74, 7], [3, 141], [0, 0]]","[0, 9, 14, 5, 16, 13, 10, 15, 7, 18, 2, 3, 19, 17, 6, 4, 11, 12, 20, 1, 8, 21]",817.7221962912636,14.372711420059204
