Id,Coordinates,Order,Distance,Time
5504,"[[0, 0], [6, 84], [11, 123], [5, 78], [4, 67], [9, 51], [15, 118], [1, 52], [5, 89], [13, 130], [7, 41], [3, 52], [11, 107], [10, 84], [2, 2], [7, 31], [3, 101], [14, 74], [3, 97], [1, 30], [5, 77], [0, 0]]","[0, 14, 15, 10, 11, 7, 4, 20, 3, 1, 8, 18, 16, 12, 2, 9, 6, 13, 17, 5, 19, 21]",271.34364923637196,15.544295310974121
