Id,Coordinates,Order,Distance,Time
9387,"[[0, 0], [55, 5], [25, 131], [90, 99], [81, 102], [96, 128], [92, 14], [41, 15], [38, 151], [30, 84], [4, 79], [34, 130], [68, 127], [3, 78], [16, 45], [46, 40], [14, 101], [4, 133], [94, 17], [79, 85], [27, 84], [0, 0]]","[0, 7, 14, 15, 13, 10, 20, 9, 16, 17, 2, 11, 8, 12, 5, 3, 4, 19, 18, 6, 1, 21]",595.0590586362398,14.13025450706482
