Id,Coordinates,Order,Distance,Time
2083,"[[0, 0], [113, 22], [98, 45], [124, 5], [65, 24], [165, 14], [169, 16], [37, 12], [42, 4], [22, 4], [61, 2], [146, 44], [109, 10], [152, 8], [117, 36], [105, 52], [156, 39], [159, 47], [51, 17], [19, 21], [1, 17], [0, 0]]","[0, 20, 19, 7, 18, 4, 14, 15, 2, 1, 3, 13, 5, 6, 16, 17, 11, 12, 10, 8, 9, 21]",471.71800146090686,17.432188987731934
