Id,Coordinates,Order,Distance,Time
2067,"[[0, 0], [178, 2], [153, 18], [54, 17], [150, 5], [3, 19], [58, 1], [28, 14], [130, 24], [64, 22], [71, 4], [176, 28], [191, 14], [98, 15], [116, 26], [184, 9], [118, 7], [86, 25], [87, 11], [122, 27], [130, 1], [0, 0]]","[0, 5, 7, 3, 9, 17, 18, 13, 14, 19, 8, 16, 20, 4, 2, 11, 12, 15, 1, 10, 6, 21]",474.5008903894582,17.126384735107422
