Id,Coordinates,Order,Distance,Time
4901,"[[0, 0], [151, 57], [11, 129], [76, 18], [151, 119], [30, 66], [60, 124], [67, 65], [64, 20], [23, 94], [70, 115], [161, 53], [42, 56], [167, 90], [71, 10], [129, 100], [7, 45], [129, 55], [158, 127], [147, 78], [99, 100], [0, 0]]","[0, 16, 12, 7, 8, 14, 3, 17, 1, 11, 19, 13, 18, 4, 15, 20, 10, 6, 2, 9, 5, 21]",665.51118760954,14.61896014213562
