Id,Coordinates,Order,Distance,Time
2797,"[[0, 0], [136, 42], [136, 25], [39, 9], [47, 35], [64, 38], [43, 26], [23, 13], [159, 1], [73, 32], [108, 2], [123, 52], [42, 56], [126, 56], [144, 53], [8, 25], [60, 24], [126, 21], [84, 27], [91, 53], [137, 11], [0, 0]]","[0, 15, 6, 4, 12, 5, 19, 11, 13, 14, 1, 2, 17, 20, 8, 10, 18, 9, 16, 3, 7, 21]",468.41080537785825,14.654866695404053
