Id,Coordinates,Order,Distance,Time
8137,"[[0, 0], [3, 22], [22, 54], [30, 34], [19, 172], [21, 95], [43, 169], [36, 67], [43, 111], [31, 106], [38, 145], [22, 132], [36, 151], [21, 27], [22, 136], [45, 58], [18, 57], [28, 66], [26, 116], [12, 17], [31, 119], [0, 0]]","[0, 19, 13, 3, 2, 16, 17, 5, 9, 18, 20, 11, 14, 10, 12, 6, 4, 8, 7, 15, 1, 21]",434.71566386543526,15.121063709259033
