Id,Coordinates,Order,Distance,Time
7198,"[[0, 0], [74, 97], [31, 107], [48, 27], [15, 96], [26, 15], [46, 154], [21, 48], [35, 71], [14, 148], [23, 1], [2, 138], [4, 21], [79, 138], [77, 127], [27, 54], [27, 60], [65, 144], [16, 64], [11, 100], [42, 13], [0, 0]]","[0, 10, 5, 20, 3, 15, 18, 4, 19, 2, 11, 9, 6, 17, 13, 14, 1, 8, 16, 7, 12, 21]",471.46328883746423,12.87885069847107
