Id,Coordinates,Order,Distance,Time
1298,"[[0, 0], [3, 105], [13, 64], [11, 21], [8, 21], [8, 113], [12, 84], [8, 34], [4, 19], [3, 102], [13, 29], [11, 32], [14, 3], [2, 110], [11, 62], [13, 17], [9, 97], [12, 81], [11, 107], [7, 121], [9, 34], [0, 0]]","[0, 12, 15, 3, 10, 11, 20, 7, 14, 2, 17, 6, 16, 9, 1, 13, 19, 5, 18, 4, 8, 21]",264.5692590632987,16.035708904266357
