Id,Coordinates,Order,Distance,Time
4507,"[[0, 0], [31, 66], [62, 89], [141, 34], [52, 71], [142, 66], [49, 101], [109, 17], [28, 63], [73, 74], [136, 13], [40, 97], [49, 75], [84, 11], [34, 29], [43, 81], [18, 38], [132, 33], [50, 81], [129, 1], [135, 69], [0, 0]]","[0, 16, 8, 1, 4, 12, 18, 15, 11, 6, 2, 9, 20, 5, 3, 17, 10, 19, 7, 13, 14, 21]",468.6345439446315,14.1372652053833
