Id,Coordinates,Order,Distance,Time
6764,"[[0, 0], [12, 78], [15, 101], [4, 41], [4, 102], [6, 13], [16, 3], [18, 2], [7, 18], [12, 61], [12, 34], [13, 113], [2, 80], [9, 67], [7, 45], [11, 52], [13, 30], [20, 50], [12, 60], [8, 108], [9, 76], [0, 0]]","[0, 5, 8, 16, 10, 3, 14, 15, 18, 9, 13, 20, 12, 4, 19, 11, 2, 1, 17, 7, 6, 21]",259.8916982534449,14.785331726074219
