Id,Coordinates,Order,Distance,Time
9609,"[[0, 0], [79, 35], [101, 13], [31, 47], [25, 48], [57, 31], [53, 24], [88, 1], [101, 51], [86, 13], [81, 18], [85, 16], [4, 50], [4, 21], [91, 40], [7, 28], [65, 50], [71, 28], [112, 9], [75, 43], [76, 28], [0, 0]]","[0, 13, 15, 12, 4, 3, 5, 17, 20, 1, 16, 19, 14, 8, 18, 2, 7, 9, 11, 10, 6, 21]",378.1361453347516,16.258180379867554
