Id,Coordinates,Order,Distance,Time
1576,"[[0, 0], [13, 149], [39, 98], [18, 24], [58, 72], [137, 123], [65, 34], [26, 46], [138, 148], [106, 101], [70, 146], [34, 129], [89, 107], [46, 13], [111, 148], [133, 146], [97, 8], [100, 64], [68, 137], [157, 99], [14, 68], [0, 0]]","[0, 3, 7, 20, 2, 11, 1, 18, 10, 14, 15, 8, 5, 19, 9, 12, 17, 4, 6, 16, 13, 21]",702.343614236263,18.491324186325073
