Id,Coordinates,Order,Distance,Time
8433,"[[0, 0], [51, 14], [10, 3], [66, 6], [1, 4], [22, 4], [92, 14], [72, 14], [4, 17], [11, 19], [4, 15], [34, 11], [90, 8], [51, 21], [26, 15], [26, 5], [18, 18], [46, 1], [92, 9], [59, 17], [58, 15], [0, 0]]","[0, 4, 2, 5, 15, 16, 9, 8, 10, 14, 11, 1, 13, 19, 20, 7, 12, 18, 6, 3, 17, 21]",260.4207347039118,17.472480535507202
