Id,Coordinates,Order,Distance,Time
4446,"[[0, 0], [124, 83], [100, 78], [33, 87], [47, 55], [121, 14], [40, 57], [11, 122], [120, 94], [2, 60], [33, 45], [106, 86], [111, 4], [128, 98], [63, 58], [74, 78], [60, 121], [86, 47], [121, 19], [91, 61], [98, 16], [0, 0]]","[0, 10, 6, 4, 14, 15, 19, 17, 20, 12, 5, 18, 2, 11, 1, 13, 8, 16, 7, 3, 9, 21]",596.6941397715132,14.301828145980835
