Id,Coordinates,Order,Distance,Time
1054,"[[0, 0], [100, 68], [56, 43], [51, 167], [17, 36], [123, 34], [54, 174], [23, 47], [9, 91], [85, 172], [95, 58], [56, 106], [16, 62], [143, 26], [115, 178], [35, 108], [123, 57], [84, 87], [130, 75], [33, 127], [64, 133], [0, 0]]","[0, 4, 7, 12, 8, 15, 19, 11, 20, 3, 6, 9, 14, 17, 1, 18, 16, 13, 5, 10, 2, 21]",691.671350779967,16.805750608444214
