Id,Coordinates,Order,Distance,Time
5671,"[[0, 0], [29, 5], [79, 4], [74, 1], [1, 6], [96, 5], [108, 3], [32, 8], [40, 6], [64, 7], [82, 2], [10, 12], [29, 8], [80, 7], [7, 10], [87, 3], [53, 9], [15, 11], [141, 8], [79, 7], [29, 12], [0, 0]]","[0, 4, 14, 11, 17, 20, 12, 7, 8, 16, 9, 19, 13, 5, 6, 18, 15, 10, 2, 3, 1, 21]",295.84081508167003,14.739389657974243
