Id,Coordinates,Order,Distance,Time
7137,"[[0, 0], [69, 49], [81, 58], [20, 27], [13, 53], [94, 90], [64, 47], [35, 49], [36, 84], [82, 119], [103, 78], [13, 23], [23, 16], [105, 127], [65, 42], [90, 46], [65, 58], [98, 117], [21, 53], [22, 44], [33, 87], [0, 0]]","[0, 12, 3, 19, 7, 6, 14, 1, 16, 2, 15, 10, 5, 17, 13, 9, 8, 20, 18, 4, 11, 21]",428.45614980146536,17.453646421432495
