Id,Coordinates,Order,Distance,Time
55,"[[0, 0], [28, 18], [13, 19], [3, 24], [99, 60], [75, 29], [46, 45], [90, 54], [17, 15], [73, 37], [96, 35], [91, 58], [99, 44], [84, 21], [58, 29], [1, 27], [8, 59], [40, 51], [29, 54], [80, 2], [84, 13], [0, 0]]","[0, 8, 2, 1, 14, 5, 13, 20, 19, 10, 12, 4, 11, 7, 9, 6, 17, 18, 16, 15, 3, 21]",351.8164535712009,18.60583186149597
