Id,Coordinates,Order,Distance,Time
7243,"[[0, 0], [34, 55], [24, 58], [29, 57], [6, 9], [43, 33], [42, 23], [5, 58], [27, 29], [35, 41], [32, 27], [29, 2], [40, 44], [26, 26], [28, 13], [38, 30], [6, 20], [27, 39], [43, 10], [24, 59], [31, 53], [0, 0]]","[0, 4, 10, 15, 5, 6, 18, 11, 14, 13, 8, 17, 9, 12, 1, 20, 3, 2, 19, 7, 16, 21]",249.25586750090187,18.73982334136963
