Id,Coordinates,Order,Distance,Time
7396,"[[0, 0], [25, 109], [48, 25], [24, 133], [43, 22], [49, 41], [9, 98], [46, 162], [17, 128], [37, 48], [41, 39], [36, 3], [17, 88], [46, 73], [14, 6], [6, 38], [49, 81], [33, 166], [35, 106], [15, 122], [42, 178], [0, 0]]","[0, 14, 11, 4, 2, 5, 10, 9, 13, 16, 18, 1, 8, 17, 20, 7, 3, 19, 6, 12, 15, 21]",442.0124951064519,17.061416149139404
