Id,Coordinates,Order,Distance,Time
5599,"[[0, 0], [24, 43], [10, 29], [69, 49], [76, 69], [29, 70], [30, 53], [62, 6], [62, 21], [43, 32], [9, 32], [30, 65], [56, 74], [59, 43], [10, 61], [22, 50], [43, 49], [26, 8], [13, 12], [75, 72], [37, 34], [0, 0]]","[0, 18, 2, 10, 1, 15, 14, 11, 5, 6, 16, 20, 9, 13, 3, 4, 19, 12, 8, 7, 17, 21]",364.0150278304947,16.087220668792725
