Id,Coordinates,Order,Distance,Time
2135,"[[0, 0], [156, 48], [41, 32], [36, 112], [140, 131], [96, 75], [61, 20], [177, 17], [133, 14], [45, 78], [152, 104], [84, 29], [60, 109], [91, 42], [117, 13], [92, 50], [175, 51], [78, 71], [135, 68], [2, 77], [61, 77], [0, 0]]","[0, 2, 6, 11, 13, 15, 9, 20, 17, 5, 1, 16, 7, 8, 14, 18, 10, 4, 12, 3, 19, 21]",768.49501593288,13.286679983139038
