Id,Coordinates,Order,Distance,Time
8005,"[[0, 0], [64, 12], [30, 35], [64, 94], [12, 104], [184, 40], [19, 131], [125, 6], [24, 117], [118, 57], [64, 101], [86, 18], [123, 95], [1, 46], [110, 63], [136, 105], [115, 32], [182, 130], [185, 87], [170, 19], [177, 30], [0, 0]]","[0, 2, 1, 11, 9, 14, 12, 15, 17, 18, 5, 20, 19, 7, 16, 3, 10, 8, 6, 4, 13, 21]",740.9161919902037,15.272723197937012
