Id,Coordinates,Order,Distance,Time
8802,"[[0, 0], [27, 91], [40, 164], [84, 22], [86, 105], [16, 123], [23, 114], [68, 99], [8, 8], [63, 164], [42, 71], [79, 48], [94, 137], [96, 139], [64, 27], [61, 144], [39, 55], [60, 164], [77, 1], [98, 3], [15, 110], [0, 0]]","[0, 8, 16, 10, 1, 20, 6, 5, 2, 17, 9, 15, 13, 12, 4, 7, 11, 14, 3, 19, 18, 21]",551.7610933815552,17.495140552520752
