Id,Coordinates,Order,Distance,Time
9479,"[[0, 0], [11, 1], [139, 5], [108, 62], [32, 25], [147, 13], [93, 4], [13, 69], [116, 74], [140, 8], [61, 25], [30, 8], [184, 75], [72, 53], [90, 74], [62, 75], [59, 53], [106, 18], [85, 30], [10, 25], [177, 10], [0, 0]]","[0, 1, 19, 7, 16, 13, 15, 14, 3, 17, 6, 2, 9, 5, 20, 12, 8, 18, 10, 4, 11, 21]",653.6521446227922,17.330846786499023
