Id,Coordinates,Order,Distance,Time
8465,"[[0, 0], [46, 84], [2, 88], [14, 95], [44, 123], [56, 43], [37, 101], [38, 129], [35, 111], [35, 114], [24, 74], [54, 86], [25, 24], [49, 19], [11, 8], [28, 103], [2, 116], [33, 110], [34, 73], [19, 41], [47, 13], [0, 0]]","[0, 14, 12, 19, 18, 1, 11, 6, 15, 17, 8, 9, 4, 7, 16, 3, 2, 10, 5, 13, 20, 21]",405.7724344622848,16.63597011566162
