Id,Coordinates,Order,Distance,Time
6538,"[[0, 0], [25, 11], [35, 49], [17, 43], [63, 52], [73, 13], [10, 27], [65, 32], [30, 22], [45, 48], [51, 4], [29, 38], [6, 28], [42, 26], [45, 40], [49, 6], [32, 41], [70, 44], [73, 21], [32, 32], [69, 29], [0, 0]]","[0, 1, 8, 19, 11, 16, 14, 13, 15, 10, 5, 18, 20, 7, 17, 4, 9, 2, 3, 6, 12, 21]",277.94897710294254,13.505021810531616
