Id,Coordinates,Order,Distance,Time
781,"[[0, 0], [6, 4], [4, 7], [2, 32], [2, 55], [2, 27], [10, 9], [6, 45], [3, 32], [10, 18], [7, 26], [5, 2], [4, 50], [11, 48], [2, 38], [8, 47], [3, 1], [1, 41], [9, 44], [2, 43], [9, 5], [0, 0]]","[0, 16, 11, 1, 20, 6, 9, 5, 3, 8, 14, 17, 19, 7, 15, 12, 4, 13, 18, 10, 2, 21]",131.41052982682862,14.829339504241943
