Id,Coordinates,Order,Distance,Time
2930,"[[0, 0], [17, 154], [7, 101], [8, 109], [5, 110], [2, 132], [19, 169], [2, 153], [18, 160], [5, 26], [2, 72], [19, 62], [11, 133], [14, 62], [16, 120], [19, 9], [7, 108], [19, 83], [18, 81], [1, 23], [10, 101], [0, 0]]","[0, 15, 9, 13, 11, 18, 17, 20, 2, 16, 3, 14, 12, 7, 6, 8, 1, 5, 4, 10, 19, 21]",383.8814330726874,15.229104995727539
