Id,Coordinates,Order,Distance,Time
1994,"[[0, 0], [8, 178], [14, 100], [16, 33], [10, 33], [19, 96], [10, 28], [7, 49], [9, 123], [5, 133], [9, 79], [6, 140], [19, 21], [11, 146], [12, 180], [15, 117], [6, 108], [7, 143], [6, 76], [13, 146], [15, 94], [0, 0]]","[0, 6, 4, 7, 18, 10, 20, 5, 2, 15, 8, 9, 11, 17, 13, 1, 14, 19, 16, 3, 12, 21]",385.44037372743486,14.330220460891724
