Id,Coordinates,Order,Distance,Time
2299,"[[0, 0], [3, 192], [1, 122], [10, 19], [8, 118], [9, 132], [7, 133], [8, 19], [10, 129], [9, 114], [7, 35], [10, 192], [7, 101], [5, 120], [7, 180], [8, 17], [9, 54], [9, 63], [10, 140], [8, 7], [9, 32], [0, 0]]","[0, 19, 15, 7, 3, 20, 16, 17, 12, 9, 4, 8, 5, 18, 14, 11, 1, 6, 2, 13, 10, 21]",401.73793284086713,14.018642902374268
