Id,Coordinates,Order,Distance,Time
1102,"[[0, 0], [82, 6], [52, 38], [91, 12], [97, 10], [94, 34], [14, 12], [42, 28], [14, 34], [62, 18], [13, 3], [97, 17], [18, 31], [80, 6], [12, 34], [62, 26], [73, 15], [89, 9], [36, 37], [52, 8], [96, 14], [0, 0]]","[0, 6, 14, 8, 12, 18, 7, 2, 15, 16, 13, 1, 17, 3, 4, 20, 11, 5, 9, 19, 10, 21]",279.7149024686139,14.606990337371826
