Id,Coordinates,Order,Distance,Time
4686,"[[0, 0], [7, 124], [35, 101], [30, 34], [5, 160], [24, 39], [40, 4], [2, 68], [38, 29], [22, 65], [39, 103], [3, 165], [30, 56], [19, 79], [46, 158], [41, 59], [2, 29], [4, 20], [21, 156], [7, 5], [27, 142], [0, 0]]","[0, 19, 5, 3, 8, 6, 15, 12, 9, 13, 2, 10, 20, 14, 18, 4, 11, 1, 7, 16, 17, 21]",491.01933061166915,12.701461553573608
