Id,Coordinates,Order,Distance,Time
5463,"[[0, 0], [4, 4], [6, 33], [34, 30], [3, 64], [30, 46], [36, 44], [36, 53], [18, 77], [17, 7], [19, 69], [3, 38], [4, 78], [15, 1], [19, 9], [22, 12], [5, 76], [28, 71], [33, 20], [4, 21], [36, 75], [0, 0]]","[0, 13, 9, 14, 15, 18, 3, 6, 5, 7, 20, 17, 10, 8, 12, 16, 4, 11, 2, 19, 1, 21]",224.08316824803123,18.16718816757202
