Id,Coordinates,Order,Distance,Time
1829,"[[0, 0], [3, 60], [62, 24], [27, 6], [45, 37], [50, 3], [42, 47], [35, 37], [35, 6], [4, 12], [41, 1], [9, 40], [40, 62], [35, 70], [11, 47], [3, 69], [43, 67], [1, 27], [9, 40], [50, 1], [11, 7], [0, 0]]","[0, 20, 3, 8, 10, 19, 5, 2, 4, 7, 6, 12, 16, 13, 15, 1, 14, 11, 18, 17, 9, 21]",258.9524143412839,16.588202238082886
