Id,Coordinates,Order,Distance,Time
9352,"[[0, 0], [8, 11], [14, 1], [9, 15], [49, 7], [68, 1], [2, 1], [1, 7], [75, 16], [77, 13], [5, 5], [40, 10], [29, 18], [49, 7], [73, 7], [82, 5], [74, 9], [81, 8], [4, 8], [41, 13], [33, 13], [0, 0]]","[0, 6, 10, 7, 18, 1, 3, 12, 20, 19, 11, 4, 13, 14, 16, 9, 8, 17, 15, 5, 2, 21]",200.86935605185988,13.684160709381104
