Id,Coordinates,Order,Distance,Time
2085,"[[0, 0], [5, 4], [9, 131], [4, 61], [2, 90], [2, 187], [2, 120], [5, 140], [8, 182], [9, 130], [4, 104], [5, 95], [1, 22], [8, 83], [2, 136], [1, 164], [5, 117], [1, 85], [7, 61], [8, 83], [3, 83], [0, 0]]","[0, 1, 12, 18, 13, 19, 20, 17, 4, 11, 10, 16, 9, 2, 7, 8, 5, 15, 14, 6, 3, 21]",387.7480167760613,18.34905457496643
