Id,Coordinates,Order,Distance,Time
3367,"[[0, 0], [8, 43], [47, 31], [27, 17], [10, 50], [23, 33], [10, 48], [53, 7], [11, 29], [49, 47], [53, 54], [38, 9], [11, 36], [6, 35], [1, 21], [33, 30], [12, 58], [8, 16], [18, 12], [16, 38], [51, 51], [0, 0]]","[0, 17, 14, 8, 12, 13, 1, 6, 4, 16, 19, 5, 15, 9, 20, 10, 2, 7, 11, 3, 18, 21]",254.30687316039328,22.375999212265015
