Id,Coordinates,Order,Distance,Time
7001,"[[0, 0], [15, 167], [54, 91], [21, 155], [25, 121], [51, 136], [55, 138], [62, 88], [29, 102], [27, 132], [16, 26], [57, 91], [20, 185], [18, 183], [56, 54], [39, 96], [55, 41], [8, 13], [58, 19], [57, 30], [3, 52], [0, 0]]","[0, 17, 10, 18, 19, 16, 14, 7, 11, 2, 15, 8, 4, 9, 3, 1, 13, 12, 6, 5, 20, 21]",476.9979642240074,15.685431957244873
