Id,Coordinates,Order,Distance,Time
1600,"[[0, 0], [92, 1], [91, 42], [35, 46], [1, 80], [4, 53], [34, 27], [84, 133], [25, 105], [50, 7], [23, 64], [37, 4], [15, 99], [48, 123], [15, 28], [64, 112], [86, 114], [34, 112], [18, 9], [3, 92], [47, 55], [0, 0]]","[0, 14, 6, 3, 20, 10, 5, 4, 19, 12, 8, 17, 13, 15, 7, 16, 2, 1, 9, 11, 18, 21]",501.74276354795666,18.667312383651733
