Id,Coordinates,Order,Distance,Time
1044,"[[0, 0], [5, 31], [7, 53], [7, 17], [10, 84], [5, 59], [6, 23], [1, 85], [4, 16], [8, 112], [2, 15], [5, 51], [9, 47], [3, 87], [5, 20], [11, 15], [9, 5], [11, 21], [9, 22], [2, 94], [10, 80], [0, 0]]","[0, 16, 15, 3, 8, 14, 6, 18, 17, 1, 12, 11, 2, 5, 20, 4, 9, 19, 13, 7, 10, 21]",250.44739487448265,14.140100479125977
