Id,Coordinates,Order,Distance,Time
6990,"[[0, 0], [40, 24], [52, 42], [1, 64], [24, 16], [26, 47], [31, 50], [5, 55], [42, 24], [51, 67], [23, 49], [17, 8], [14, 17], [28, 47], [10, 57], [63, 65], [37, 62], [12, 48], [3, 58], [15, 25], [35, 66], [0, 0]]","[0, 11, 4, 1, 8, 6, 13, 5, 10, 17, 7, 18, 3, 14, 20, 16, 9, 15, 2, 19, 12, 21]",283.0360883298492,17.195573806762695
