Id,Coordinates,Order,Distance,Time
5944,"[[0, 0], [129, 10], [27, 69], [153, 19], [44, 59], [167, 68], [147, 28], [109, 68], [86, 53], [84, 65], [38, 15], [130, 62], [35, 49], [129, 26], [41, 16], [60, 62], [87, 45], [69, 49], [19, 9], [128, 56], [24, 52], [0, 0]]","[0, 18, 10, 14, 12, 20, 2, 4, 15, 17, 16, 8, 9, 7, 19, 11, 5, 3, 6, 13, 1, 21]",512.5312028102226,17.817466497421265
