Id,Coordinates,Order,Distance,Time
7302,"[[0, 0], [3, 4], [6, 63], [20, 147], [9, 100], [4, 172], [7, 12], [26, 14], [3, 19], [17, 158], [10, 146], [1, 134], [4, 109], [11, 16], [23, 107], [2, 129], [15, 168], [16, 16], [10, 171], [5, 157], [21, 39], [0, 0]]","[0, 1, 6, 13, 17, 7, 20, 4, 12, 15, 11, 10, 9, 16, 18, 5, 19, 3, 14, 2, 8, 21]",391.64282412303004,19.2616183757782
