Id,Coordinates,Order,Distance,Time
3241,"[[0, 0], [103, 55], [126, 64], [16, 12], [127, 26], [164, 18], [22, 11], [91, 56], [81, 58], [24, 60], [101, 56], [143, 23], [157, 51], [1, 59], [120, 4], [59, 65], [39, 15], [155, 64], [17, 9], [18, 8], [87, 58], [0, 0]]","[0, 18, 19, 3, 6, 13, 9, 15, 8, 20, 7, 10, 1, 2, 17, 12, 5, 11, 4, 14, 16, 21]",471.8360010183984,17.25043749809265
