Id,Coordinates,Order,Distance,Time
6552,"[[0, 0], [123, 20], [70, 30], [7, 49], [36, 61], [102, 28], [109, 9], [163, 63], [115, 20], [142, 10], [162, 4], [44, 17], [173, 60], [54, 66], [89, 52], [10, 68], [157, 65], [91, 9], [58, 67], [154, 16], [161, 45], [0, 0]]","[0, 11, 2, 5, 17, 6, 8, 1, 9, 19, 10, 20, 7, 12, 16, 14, 18, 13, 4, 15, 3, 21]",525.5547157028873,18.666179895401
