Id,Coordinates,Order,Distance,Time
4777,"[[0, 0], [153, 28], [21, 28], [96, 84], [27, 29], [131, 6], [147, 39], [119, 85], [161, 70], [48, 12], [125, 64], [136, 5], [24, 66], [140, 90], [94, 18], [158, 4], [105, 46], [114, 10], [120, 15], [112, 14], [25, 46], [0, 0]]","[0, 2, 4, 9, 14, 19, 17, 18, 5, 11, 15, 1, 6, 8, 13, 7, 10, 16, 3, 12, 20, 21]",541.5880822563571,16.926212549209595
