Id,Coordinates,Order,Distance,Time
1442,"[[0, 0], [153, 27], [11, 55], [42, 7], [50, 46], [19, 33], [17, 47], [73, 76], [82, 28], [78, 18], [61, 56], [107, 74], [86, 57], [105, 70], [169, 65], [26, 76], [65, 61], [29, 11], [55, 76], [170, 19], [42, 47], [0, 0]]","[0, 5, 6, 2, 15, 18, 7, 16, 10, 20, 4, 12, 13, 11, 14, 19, 1, 8, 9, 3, 17, 21]",543.1410905077821,13.32326626777649
