Id,Coordinates,Order,Distance,Time
8891,"[[0, 0], [61, 8], [21, 15], [22, 2], [65, 12], [35, 32], [7, 48], [15, 17], [47, 32], [12, 34], [30, 46], [57, 14], [11, 50], [1, 3], [58, 25], [39, 74], [79, 12], [65, 58], [5, 40], [39, 6], [54, 3], [0, 0]]","[0, 13, 7, 2, 19, 11, 14, 8, 5, 10, 12, 6, 18, 9, 15, 17, 16, 4, 1, 20, 3, 21]",369.6495372839663,16.20361828804016
