Id,Coordinates,Order,Distance,Time
3777,"[[0, 0], [48, 144], [58, 97], [64, 65], [60, 63], [54, 106], [65, 2], [1, 4], [9, 150], [52, 135], [49, 117], [53, 9], [14, 20], [23, 59], [2, 121], [57, 116], [34, 119], [29, 54], [56, 161], [51, 162], [16, 39], [0, 0]]","[0, 7, 12, 20, 4, 3, 2, 5, 15, 10, 16, 9, 1, 18, 19, 8, 14, 13, 17, 11, 6, 21]",508.0036632596318,14.347659826278687
