Id,Coordinates,Order,Distance,Time
9221,"[[0, 0], [170, 42], [82, 17], [18, 81], [77, 8], [70, 91], [123, 77], [42, 70], [150, 121], [57, 143], [144, 76], [98, 164], [169, 157], [102, 68], [121, 140], [64, 105], [94, 163], [110, 120], [43, 22], [114, 161], [58, 20], [0, 0]]","[0, 18, 20, 4, 2, 13, 6, 10, 1, 8, 12, 19, 11, 16, 9, 15, 14, 17, 5, 7, 3, 21]",798.5972380690656,16.178587913513184
