Id,Coordinates,Order,Distance,Time
1297,"[[0, 0], [123, 19], [31, 10], [123, 12], [30, 2], [107, 15], [105, 8], [15, 11], [35, 18], [81, 3], [104, 4], [97, 2], [52, 18], [42, 11], [136, 9], [43, 10], [117, 20], [131, 17], [122, 10], [116, 3], [17, 1], [0, 0]]","[0, 7, 2, 8, 15, 13, 12, 9, 11, 10, 6, 5, 16, 1, 3, 18, 17, 14, 19, 4, 20, 21]",319.16436847687544,18.28556227684021
