Id,Coordinates,Order,Distance,Time
506,"[[0, 0], [35, 117], [63, 108], [39, 83], [81, 165], [33, 105], [100, 121], [49, 158], [11, 51], [58, 44], [57, 53], [32, 24], [25, 10], [66, 51], [92, 53], [91, 74], [90, 34], [57, 44], [99, 122], [7, 4], [51, 55], [0, 0]]","[0, 19, 12, 11, 17, 9, 20, 10, 13, 16, 14, 15, 2, 18, 6, 4, 7, 1, 5, 3, 8, 21]",510.58270864297754,16.409568071365356
