Id,Coordinates,Order,Distance,Time
8760,"[[0, 0], [56, 17], [57, 122], [46, 92], [27, 109], [21, 77], [19, 122], [59, 102], [70, 7], [45, 79], [3, 67], [10, 117], [41, 85], [66, 99], [10, 120], [39, 46], [30, 116], [42, 23], [14, 72], [58, 15], [12, 124], [0, 0]]","[0, 17, 1, 19, 8, 15, 9, 12, 3, 7, 13, 2, 16, 6, 20, 14, 11, 4, 5, 18, 10, 21]",421.29603147717296,15.888636350631714
