Id,Coordinates,Order,Distance,Time
8605,"[[0, 0], [23, 9], [35, 12], [67, 3], [42, 17], [37, 1], [29, 23], [10, 12], [40, 10], [30, 6], [59, 9], [28, 22], [42, 21], [26, 8], [33, 13], [31, 20], [43, 23], [31, 22], [63, 5], [8, 2], [21, 5], [0, 0]]","[0, 7, 1, 13, 9, 14, 2, 8, 4, 12, 16, 17, 6, 11, 15, 10, 18, 3, 5, 20, 19, 21]",192.006286874568,17.36785054206848
