Id,Coordinates,Order,Distance,Time
6454,"[[0, 0], [48, 19], [109, 7], [3, 13], [12, 1], [128, 11], [21, 7], [94, 6], [55, 20], [44, 11], [57, 5], [118, 4], [19, 9], [13, 1], [52, 14], [6, 16], [22, 19], [130, 4], [136, 1], [105, 2], [103, 19], [0, 0]]","[0, 4, 13, 3, 15, 16, 9, 14, 1, 8, 7, 19, 2, 11, 17, 18, 5, 20, 10, 6, 12, 21]",328.3967656146171,16.057032108306885
