Id,Coordinates,Order,Distance,Time
8799,"[[0, 0], [54, 18], [85, 26], [83, 73], [23, 4], [52, 37], [28, 24], [58, 69], [19, 80], [85, 12], [37, 87], [59, 53], [26, 60], [35, 40], [6, 11], [47, 38], [50, 59], [41, 77], [34, 25], [4, 80], [13, 29], [0, 0]]","[0, 14, 20, 6, 18, 13, 15, 5, 11, 16, 17, 10, 8, 19, 12, 7, 3, 2, 9, 1, 4, 21]",416.79365022670015,19.63443160057068
