Id,Coordinates,Order,Distance,Time
4606,"[[0, 0], [90, 106], [5, 3], [28, 39], [63, 146], [66, 137], [32, 77], [64, 10], [109, 139], [40, 153], [105, 145], [88, 156], [142, 142], [169, 42], [149, 23], [18, 109], [89, 130], [20, 132], [109, 140], [111, 11], [52, 62], [0, 0]]","[0, 3, 20, 6, 15, 17, 9, 4, 5, 11, 10, 18, 8, 16, 1, 12, 13, 14, 19, 7, 2, 21]",674.986489392418,14.6542067527771
