Id,Coordinates,Order,Distance,Time
6427,"[[0, 0], [5, 18], [9, 2], [11, 15], [10, 9], [11, 11], [10, 17], [6, 16], [5, 9], [7, 4], [9, 17], [1, 12], [6, 17], [3, 23], [7, 22], [10, 15], [3, 17], [9, 12], [7, 16], [11, 13], [6, 9], [0, 0]]","[0, 9, 2, 4, 5, 19, 3, 15, 6, 10, 18, 7, 8, 20, 17, 12, 1, 14, 13, 16, 11, 21]",82.01476356265698,18.56842875480652
