Id,Coordinates,Order,Distance,Time
5264,"[[0, 0], [47, 82], [14, 92], [13, 44], [9, 19], [60, 34], [50, 50], [9, 55], [5, 67], [8, 48], [53, 49], [54, 8], [4, 10], [38, 16], [46, 60], [5, 44], [50, 89], [42, 77], [26, 3], [5, 52], [61, 79], [0, 0]]","[0, 18, 13, 11, 5, 10, 6, 14, 17, 1, 20, 16, 2, 8, 7, 19, 9, 15, 3, 4, 12, 21]",316.36943451435104,13.599370956420898
