Id,Coordinates,Order,Distance,Time
3784,"[[0, 0], [67, 29], [160, 77], [26, 89], [59, 34], [133, 120], [132, 76], [140, 126], [63, 44], [116, 26], [24, 43], [88, 104], [143, 7], [53, 108], [103, 9], [105, 22], [90, 20], [66, 101], [142, 69], [62, 145], [48, 6], [0, 0]]","[0, 20, 1, 4, 8, 16, 15, 9, 14, 12, 18, 6, 2, 7, 5, 11, 17, 13, 19, 3, 10, 21]",670.8684702646038,13.748211145401001
