Id,Coordinates,Order,Distance,Time
1703,"[[0, 0], [64, 84], [74, 106], [58, 17], [106, 100], [14, 86], [138, 118], [68, 35], [55, 13], [110, 124], [59, 89], [109, 59], [33, 92], [88, 132], [59, 9], [91, 123], [85, 47], [126, 46], [135, 54], [11, 122], [19, 80], [0, 0]]","[0, 8, 3, 14, 7, 16, 11, 17, 18, 6, 9, 15, 13, 4, 2, 1, 10, 20, 5, 19, 12, 21]",618.7809727659369,21.900005340576172
