Id,Coordinates,Order,Distance,Time
2974,"[[0, 0], [8, 16], [9, 14], [1, 5], [1, 16], [8, 3], [3, 21], [3, 11], [11, 37], [8, 30], [1, 47], [10, 35], [12, 43], [15, 15], [6, 3], [7, 6], [9, 45], [3, 27], [7, 39], [9, 39], [10, 14], [0, 0]]","[0, 14, 5, 15, 7, 4, 6, 17, 11, 8, 19, 12, 16, 10, 18, 9, 1, 13, 20, 2, 3, 21]",129.9564254420303,16.028756618499756
