Id,Coordinates,Order,Distance,Time
6823,"[[0, 0], [127, 49], [24, 137], [61, 178], [128, 53], [97, 34], [34, 14], [64, 82], [25, 140], [19, 78], [123, 178], [6, 23], [126, 131], [84, 35], [66, 85], [132, 176], [99, 129], [76, 14], [43, 158], [46, 65], [16, 38], [0, 0]]","[0, 6, 17, 13, 5, 1, 4, 14, 7, 2, 8, 18, 3, 10, 15, 12, 16, 19, 9, 20, 11, 21]",686.5181757259111,18.126018524169922
