Id,Coordinates,Order,Distance,Time
1114,"[[0, 0], [77, 132], [44, 145], [52, 100], [20, 109], [37, 110], [31, 4], [55, 23], [43, 85], [16, 27], [52, 141], [42, 44], [56, 85], [68, 151], [14, 41], [48, 38], [35, 1], [33, 123], [17, 49], [30, 144], [7, 64], [0, 0]]","[0, 6, 16, 7, 15, 11, 8, 12, 3, 5, 17, 19, 2, 10, 13, 1, 4, 20, 18, 14, 9, 21]",455.68205738874644,15.748846530914307
