Id,Coordinates,Order,Distance,Time
9559,"[[0, 0], [18, 7], [20, 44], [2, 81], [18, 61], [19, 71], [3, 52], [2, 32], [3, 59], [10, 67], [25, 9], [13, 28], [16, 67], [9, 61], [14, 47], [19, 40], [3, 45], [11, 19], [15, 63], [11, 29], [20, 61], [0, 0]]","[0, 1, 10, 11, 19, 7, 16, 6, 8, 13, 9, 3, 5, 12, 20, 18, 4, 14, 2, 15, 17, 21]",226.10179632285997,16.10061287879944
