Id,Coordinates,Order,Distance,Time
9246,"[[0, 0], [11, 25], [11, 52], [20, 68], [20, 18], [5, 67], [5, 9], [2, 87], [18, 52], [7, 28], [7, 13], [24, 19], [19, 60], [24, 25], [16, 76], [18, 42], [4, 9], [9, 19], [3, 83], [25, 80], [10, 63], [0, 0]]","[0, 16, 6, 10, 17, 1, 4, 11, 13, 15, 8, 2, 12, 3, 14, 19, 18, 7, 5, 20, 9, 21]",238.63547372068274,17.258821725845337
