Id,Coordinates,Order,Distance,Time
8857,"[[0, 0], [11, 90], [24, 8], [45, 75], [34, 45], [12, 11], [50, 37], [27, 19], [18, 77], [17, 63], [19, 55], [17, 15], [11, 24], [28, 35], [29, 15], [16, 49], [15, 62], [23, 13], [34, 52], [9, 42], [20, 40], [0, 0]]","[0, 5, 11, 17, 2, 14, 7, 19, 15, 10, 16, 9, 8, 1, 3, 18, 4, 6, 13, 20, 12, 21]",294.9211313473772,14.11180329322815
