Id,Coordinates,Order,Distance,Time
818,"[[0, 0], [22, 1], [48, 2], [38, 4], [4, 7], [40, 7], [28, 6], [32, 2], [12, 2], [49, 3], [45, 1], [21, 5], [11, 10], [3, 2], [21, 1], [10, 5], [25, 9], [2, 6], [2, 10], [41, 3], [44, 3], [0, 0]]","[0, 13, 17, 4, 18, 12, 15, 8, 14, 1, 7, 3, 19, 20, 10, 2, 9, 5, 6, 16, 11, 21]",123.05648034502988,13.152957916259766
