Id,Coordinates,Order,Distance,Time
7462,"[[0, 0], [125, 52], [130, 42], [113, 24], [101, 26], [33, 12], [63, 29], [114, 30], [122, 2], [85, 27], [3, 21], [117, 1], [18, 43], [17, 22], [10, 14], [69, 49], [59, 40], [12, 14], [21, 27], [99, 5], [53, 41], [0, 0]]","[0, 14, 17, 13, 10, 12, 18, 20, 16, 6, 15, 9, 4, 3, 7, 1, 2, 8, 11, 19, 5, 21]",421.25082295673724,16.490559816360474
