Id,Coordinates,Order,Distance,Time
6083,"[[0, 0], [17, 114], [107, 109], [69, 108], [42, 9], [42, 70], [89, 85], [89, 22], [29, 2], [67, 16], [69, 62], [87, 70], [73, 4], [77, 67], [64, 94], [108, 66], [72, 77], [72, 49], [99, 95], [106, 30], [12, 37], [0, 0]]","[0, 8, 4, 9, 12, 7, 19, 15, 11, 13, 17, 10, 16, 6, 18, 2, 3, 14, 1, 5, 20, 21]",527.3911213817371,15.836913824081421
