Id,Coordinates,Order,Distance,Time
967,"[[0, 0], [24, 16], [6, 40], [6, 53], [3, 107], [19, 97], [11, 5], [5, 99], [16, 113], [15, 45], [14, 136], [6, 86], [1, 6], [19, 66], [24, 118], [22, 7], [18, 10], [7, 117], [22, 75], [20, 14], [10, 101], [0, 0]]","[0, 12, 6, 16, 19, 1, 15, 9, 13, 18, 11, 7, 20, 4, 17, 10, 14, 8, 5, 3, 2, 21]",335.1127553550416,14.502878189086914
