Id,Coordinates,Order,Distance,Time
7042,"[[0, 0], [53, 6], [121, 37], [117, 50], [83, 54], [61, 71], [113, 7], [75, 61], [82, 62], [57, 23], [81, 68], [25, 42], [110, 63], [102, 29], [26, 24], [121, 56], [100, 65], [30, 71], [44, 21], [8, 29], [118, 11], [0, 0]]","[0, 19, 11, 14, 18, 9, 13, 2, 3, 15, 12, 16, 8, 10, 5, 17, 7, 4, 20, 6, 1, 21]",517.4522558983895,14.211950302124023
