Id,Coordinates,Order,Distance,Time
7952,"[[0, 0], [24, 80], [149, 17], [4, 99], [192, 88], [16, 62], [159, 72], [10, 24], [112, 6], [157, 18], [90, 87], [65, 51], [142, 99], [56, 99], [9, 4], [114, 83], [144, 57], [179, 39], [175, 81], [30, 34], [143, 93], [0, 0]]","[0, 14, 7, 5, 1, 3, 13, 10, 15, 20, 12, 6, 18, 4, 17, 16, 9, 2, 8, 11, 19, 21]",659.5694246508858,15.72373080253601
