Id,Coordinates,Order,Distance,Time
5958,"[[0, 0], [78, 45], [92, 17], [41, 24], [5, 33], [34, 28], [79, 49], [31, 48], [18, 41], [49, 32], [101, 11], [61, 16], [74, 51], [39, 48], [62, 32], [72, 35], [56, 51], [107, 23], [60, 20], [117, 25], [6, 21], [0, 0]]","[0, 20, 4, 8, 7, 13, 16, 12, 6, 1, 15, 18, 11, 2, 10, 19, 17, 14, 9, 3, 5, 21]",346.28009616962936,15.5080726146698
