Id,Coordinates,Order,Distance,Time
4978,"[[0, 0], [3, 16], [4, 1], [20, 19], [32, 3], [7, 31], [3, 26], [23, 8], [21, 35], [35, 38], [22, 11], [5, 15], [9, 31], [3, 38], [36, 23], [32, 11], [38, 1], [1, 38], [33, 40], [24, 18], [17, 45], [0, 0]]","[0, 11, 1, 6, 12, 5, 17, 13, 20, 8, 18, 9, 14, 15, 16, 4, 7, 10, 19, 3, 2, 21]",189.06476722138453,14.578061819076538
