Id,Coordinates,Order,Distance,Time
8801,"[[0, 0], [53, 172], [122, 71], [171, 155], [131, 48], [86, 70], [21, 35], [42, 7], [125, 137], [4, 99], [80, 9], [153, 70], [118, 93], [40, 87], [92, 55], [168, 22], [23, 24], [57, 105], [154, 35], [103, 86], [102, 74], [0, 0]]","[0, 7, 10, 14, 5, 20, 19, 12, 2, 4, 18, 15, 11, 3, 8, 1, 17, 13, 9, 6, 16, 21]",788.0907775550247,13.860338926315308
