Id,Coordinates,Order,Distance,Time
2257,"[[0, 0], [46, 5], [12, 25], [77, 38], [65, 51], [30, 6], [54, 54], [5, 16], [42, 28], [45, 51], [4, 42], [44, 20], [12, 51], [27, 30], [75, 32], [47, 64], [47, 39], [14, 62], [49, 6], [45, 58], [43, 36], [0, 0]]","[0, 8, 20, 16, 9, 19, 15, 6, 4, 3, 14, 11, 18, 1, 5, 13, 17, 12, 10, 2, 7, 21]",331.85747629511667,16.26195001602173
