Id,Coordinates,Order,Distance,Time
671,"[[0, 0], [72, 61], [14, 84], [98, 41], [15, 59], [94, 55], [28, 10], [88, 74], [62, 10], [93, 17], [32, 47], [122, 57], [22, 34], [20, 84], [125, 80], [27, 30], [98, 83], [11, 6], [107, 75], [36, 32], [40, 49], [0, 0]]","[0, 17, 12, 15, 19, 20, 10, 4, 2, 13, 1, 7, 16, 18, 14, 11, 5, 3, 9, 8, 6, 21]",442.2810400306033,16.49211812019348
