Id,Coordinates,Order,Distance,Time
9447,"[[0, 0], [22, 71], [64, 71], [12, 15], [76, 78], [71, 123], [86, 169], [76, 36], [33, 103], [14, 137], [69, 70], [80, 52], [72, 63], [61, 136], [42, 121], [56, 94], [7, 46], [19, 46], [35, 27], [73, 19], [1, 130], [0, 0]]","[0, 3, 18, 17, 1, 8, 14, 13, 5, 15, 2, 10, 12, 11, 7, 19, 4, 6, 9, 20, 16, 21]",680.7374659645624,14.456110715866089
