Id,Coordinates,Order,Distance,Time
2867,"[[0, 0], [96, 71], [27, 44], [76, 49], [102, 43], [65, 59], [15, 43], [2, 59], [85, 43], [85, 54], [122, 4], [144, 11], [80, 47], [53, 3], [76, 36], [28, 30], [87, 73], [128, 12], [73, 10], [149, 13], [29, 73], [0, 0]]","[0, 15, 2, 6, 7, 20, 5, 3, 12, 8, 9, 16, 1, 4, 19, 11, 17, 10, 14, 18, 13, 21]",493.1285350014275,13.773354530334473
