Id,Coordinates,Order,Distance,Time
6685,"[[0, 0], [121, 39], [23, 60], [4, 76], [65, 94], [112, 38], [29, 102], [9, 57], [8, 29], [92, 56], [121, 50], [24, 145], [12, 86], [155, 63], [15, 43], [97, 84], [32, 59], [55, 59], [92, 121], [114, 83], [127, 170], [0, 0]]","[0, 8, 14, 2, 16, 17, 15, 19, 13, 10, 1, 5, 9, 4, 18, 20, 11, 6, 12, 3, 7, 21]",698.2676155399563,15.728971004486084
