Id,Coordinates,Order,Distance,Time
2059,"[[0, 0], [18, 107], [21, 84], [48, 120], [58, 4], [11, 12], [1, 46], [14, 77], [13, 73], [56, 104], [33, 2], [61, 23], [38, 53], [58, 2], [18, 38], [14, 3], [47, 101], [18, 107], [26, 119], [50, 65], [33, 93], [0, 0]]","[0, 15, 10, 13, 4, 11, 12, 19, 2, 7, 8, 1, 17, 18, 3, 9, 16, 20, 6, 14, 5, 21]",415.2075622782127,19.22456455230713
