Id,Coordinates,Order,Distance,Time
2896,"[[0, 0], [11, 158], [7, 92], [15, 117], [7, 29], [10, 48], [2, 157], [9, 56], [10, 165], [21, 133], [17, 117], [6, 70], [18, 148], [2, 23], [21, 138], [7, 19], [11, 134], [14, 102], [18, 130], [12, 32], [16, 16], [0, 0]]","[0, 15, 13, 4, 5, 7, 11, 2, 10, 18, 9, 14, 12, 1, 8, 6, 16, 3, 17, 19, 20, 21]",353.68264577802853,14.110602378845215
