Id,Coordinates,Order,Distance,Time
9023,"[[0, 0], [95, 45], [120, 61], [96, 91], [123, 37], [97, 53], [42, 61], [50, 76], [36, 91], [104, 44], [64, 13], [9, 63], [113, 102], [89, 33], [50, 12], [95, 36], [63, 60], [95, 96], [75, 56], [94, 26], [59, 72], [0, 0]]","[0, 10, 19, 13, 15, 1, 5, 9, 4, 2, 12, 17, 3, 18, 16, 20, 7, 8, 11, 6, 14, 21]",520.5706966972067,14.342233419418335
