Id,Coordinates,Order,Distance,Time
4711,"[[0, 0], [28, 8], [19, 4], [27, 13], [4, 2], [38, 1], [26, 2], [38, 11], [39, 1], [3, 2], [7, 4], [38, 5], [21, 8], [16, 4], [20, 5], [34, 3], [13, 12], [24, 2], [30, 2], [37, 3], [28, 12], [0, 0]]","[0, 13, 2, 14, 17, 6, 18, 15, 19, 5, 8, 11, 7, 20, 3, 1, 12, 16, 10, 4, 9, 21]",102.10739845159277,20.361902475357056
