Id,Coordinates,Order,Distance,Time
5300,"[[0, 0], [18, 50], [18, 42], [13, 42], [1, 20], [16, 87], [29, 57], [24, 120], [18, 34], [20, 2], [27, 51], [19, 47], [15, 25], [15, 10], [21, 83], [26, 91], [29, 102], [23, 55], [13, 84], [22, 33], [12, 69], [0, 0]]","[0, 9, 13, 12, 19, 8, 2, 11, 1, 17, 10, 6, 18, 5, 7, 16, 15, 14, 20, 3, 4, 21]",291.44798119228284,15.460404872894287
