Id,Coordinates,Order,Distance,Time
1167,"[[0, 0], [41, 79], [44, 75], [4, 47], [85, 52], [101, 30], [16, 55], [54, 81], [48, 66], [48, 23], [95, 50], [39, 104], [150, 50], [12, 87], [82, 62], [145, 91], [74, 23], [54, 27], [129, 107], [92, 42], [63, 10], [0, 0]]","[0, 3, 6, 1, 2, 8, 7, 14, 4, 10, 19, 16, 17, 9, 20, 5, 12, 15, 18, 11, 13, 21]",632.4784771502367,17.979787349700928
