Id,Coordinates,Order,Distance,Time
642,"[[0, 0], [64, 28], [31, 40], [13, 28], [31, 68], [57, 55], [9, 68], [58, 75], [11, 56], [22, 59], [51, 21], [25, 63], [10, 86], [7, 6], [14, 87], [43, 22], [41, 29], [57, 84], [44, 4], [64, 63], [20, 78], [0, 0]]","[0, 13, 18, 15, 16, 10, 1, 5, 19, 7, 17, 4, 11, 9, 8, 6, 12, 14, 20, 2, 3, 21]",351.08489354925047,17.56413459777832
