Id,Coordinates,Order,Distance,Time
2008,"[[0, 0], [8, 107], [51, 37], [181, 7], [30, 87], [166, 57], [82, 25], [182, 115], [166, 96], [105, 15], [25, 44], [135, 47], [13, 108], [91, 8], [98, 164], [118, 148], [112, 109], [131, 10], [60, 2], [119, 163], [142, 136], [0, 0]]","[0, 10, 2, 6, 9, 17, 3, 11, 5, 8, 7, 20, 15, 19, 14, 16, 4, 12, 1, 13, 18, 21]",871.4284436292203,17.005218029022217
