Id,Coordinates,Order,Distance,Time
9410,"[[0, 0], [75, 153], [115, 71], [55, 50], [5, 144], [52, 156], [29, 129], [8, 155], [26, 77], [125, 64], [103, 161], [61, 123], [103, 79], [126, 43], [126, 153], [118, 87], [112, 28], [52, 77], [110, 149], [134, 153], [42, 84], [0, 0]]","[0, 8, 20, 17, 11, 6, 4, 7, 5, 1, 10, 18, 14, 19, 15, 2, 9, 13, 16, 12, 3, 21]",683.9247935339467,18.38671565055847
