Id,Coordinates,Order,Distance,Time
7804,"[[0, 0], [8, 144], [68, 56], [49, 64], [18, 63], [37, 14], [63, 63], [99, 87], [93, 32], [13, 100], [4, 129], [19, 103], [73, 39], [29, 97], [56, 17], [44, 37], [61, 145], [32, 117], [58, 118], [73, 96], [62, 137], [0, 0]]","[0, 5, 14, 15, 3, 6, 2, 12, 8, 7, 19, 18, 20, 16, 17, 1, 10, 9, 11, 13, 4, 21]",549.0226631571526,16.880370616912842
