Id,Coordinates,Order,Distance,Time
8229,"[[0, 0], [16, 107], [38, 33], [4, 1], [43, 123], [31, 129], [16, 90], [1, 108], [24, 143], [18, 92], [33, 103], [8, 127], [7, 111], [19, 73], [12, 16], [3, 140], [16, 141], [44, 54], [38, 145], [40, 136], [7, 50], [0, 0]]","[0, 3, 14, 2, 17, 6, 9, 1, 12, 7, 11, 15, 16, 8, 18, 19, 5, 4, 10, 13, 20, 21]",388.69087578515604,14.73178482055664
