Id,Coordinates,Order,Distance,Time
1423,"[[0, 0], [117, 45], [37, 119], [18, 70], [30, 28], [45, 59], [67, 114], [136, 108], [145, 44], [116, 67], [50, 28], [39, 10], [69, 88], [42, 70], [76, 40], [105, 89], [35, 128], [45, 76], [78, 134], [153, 24], [155, 97], [0, 0]]","[0, 11, 4, 10, 14, 5, 13, 17, 2, 16, 6, 18, 15, 9, 1, 8, 19, 20, 7, 12, 3, 21]",713.1228261496111,17.948072910308838
