Id,Coordinates,Order,Distance,Time
7495,"[[0, 0], [68, 122], [83, 157], [53, 87], [107, 171], [9, 36], [53, 146], [111, 51], [67, 117], [21, 146], [46, 13], [107, 163], [84, 114], [92, 172], [72, 66], [84, 35], [98, 143], [23, 175], [82, 31], [82, 92], [72, 37], [0, 0]]","[0, 10, 20, 18, 15, 7, 14, 19, 12, 8, 1, 2, 13, 4, 11, 16, 6, 17, 9, 3, 5, 21]",631.8136930792471,17.27352476119995
