Id,Coordinates,Order,Distance,Time
1851,"[[0, 0], [96, 129], [88, 113], [42, 44], [67, 73], [2, 109], [67, 23], [27, 104], [101, 105], [118, 101], [107, 76], [96, 30], [67, 42], [64, 105], [89, 33], [90, 86], [77, 58], [12, 38], [42, 33], [52, 59], [115, 10], [0, 0]]","[0, 18, 3, 19, 4, 16, 12, 6, 14, 11, 20, 10, 15, 9, 8, 1, 2, 13, 7, 5, 17, 21]",594.4196673473874,19.0912823677063
