Id,Coordinates,Order,Distance,Time
3409,"[[0, 0], [8, 119], [30, 128], [89, 136], [79, 62], [44, 98], [24, 67], [119, 130], [6, 140], [49, 120], [27, 21], [99, 93], [10, 75], [59, 103], [85, 86], [12, 117], [24, 55], [69, 99], [94, 118], [91, 83], [127, 22], [0, 0]]","[0, 16, 6, 12, 5, 13, 17, 14, 19, 11, 18, 7, 3, 9, 2, 8, 1, 15, 4, 20, 10, 21]",678.1857752488651,21.966688871383667
