Id,Coordinates,Order,Distance,Time
1246,"[[0, 0], [142, 18], [106, 32], [112, 23], [64, 15], [106, 28], [60, 19], [51, 32], [12, 40], [116, 36], [32, 7], [132, 35], [136, 32], [43, 15], [38, 21], [65, 12], [15, 31], [126, 42], [45, 28], [2, 30], [104, 1], [0, 0]]","[0, 19, 8, 16, 14, 18, 7, 6, 4, 15, 3, 5, 2, 9, 17, 11, 12, 1, 20, 13, 10, 21]",382.0536054837953,15.359487533569336
