Id,Coordinates,Order,Distance,Time
4197,"[[0, 0], [7, 4], [68, 7], [124, 1], [75, 9], [79, 11], [4, 6], [25, 11], [1, 10], [62, 9], [99, 12], [115, 13], [35, 13], [36, 2], [22, 6], [30, 1], [44, 3], [57, 6], [99, 3], [123, 5], [13, 2], [0, 0]]","[0, 6, 1, 20, 14, 7, 12, 17, 9, 2, 4, 5, 10, 11, 19, 3, 18, 16, 13, 15, 8, 21]",275.1458429612974,15.387276649475098
