Id,Coordinates,Order,Distance,Time
8307,"[[0, 0], [33, 22], [18, 52], [80, 5], [22, 52], [91, 13], [73, 20], [50, 40], [86, 33], [2, 53], [40, 52], [38, 44], [41, 37], [34, 56], [43, 26], [7, 35], [29, 27], [41, 12], [67, 29], [71, 39], [74, 8], [0, 0]]","[0, 15, 9, 2, 4, 13, 10, 11, 12, 14, 1, 16, 7, 18, 19, 8, 5, 3, 20, 6, 17, 21]",338.02600883429227,12.000205278396606
