Id,Coordinates,Order,Distance,Time
6777,"[[0, 0], [58, 28], [19, 126], [83, 108], [62, 76], [31, 9], [17, 154], [13, 141], [72, 15], [34, 125], [84, 41], [42, 117], [29, 131], [45, 131], [59, 32], [40, 58], [4, 12], [3, 15], [63, 134], [64, 87], [17, 134], [0, 0]]","[0, 5, 1, 14, 8, 10, 4, 19, 3, 18, 13, 2, 20, 7, 6, 12, 9, 11, 15, 17, 16, 21]",483.37082038229664,17.23400068283081
