Id,Coordinates,Order,Distance,Time
2653,"[[0, 0], [20, 132], [36, 46], [77, 130], [14, 137], [105, 49], [10, 60], [43, 128], [38, 74], [65, 24], [51, 95], [115, 19], [69, 118], [14, 132], [84, 123], [84, 103], [64, 29], [91, 71], [18, 54], [20, 77], [13, 139], [0, 0]]","[0, 18, 10, 12, 3, 14, 15, 17, 5, 11, 9, 16, 2, 8, 7, 1, 13, 4, 20, 19, 6, 21]",622.4692387505534,14.512390613555908
