Id,Coordinates,Order,Distance,Time
5499,"[[0, 0], [7, 20], [59, 28], [91, 24], [50, 3], [36, 25], [90, 6], [111, 12], [69, 32], [150, 29], [126, 31], [108, 9], [54, 7], [144, 15], [68, 23], [107, 32], [93, 24], [10, 8], [103, 6], [64, 19], [25, 27], [0, 0]]","[0, 1, 20, 5, 2, 8, 3, 16, 15, 10, 9, 13, 7, 11, 18, 6, 14, 19, 12, 4, 17, 21]",348.58757105488723,14.51823115348816
