Id,Coordinates,Order,Distance,Time
8243,"[[0, 0], [34, 7], [14, 29], [46, 5], [13, 42], [54, 9], [59, 45], [12, 27], [5, 4], [28, 42], [15, 3], [40, 1], [38, 9], [23, 30], [7, 11], [58, 41], [2, 8], [15, 36], [4, 14], [51, 11], [18, 8], [0, 0]]","[0, 8, 14, 20, 10, 1, 12, 11, 3, 19, 5, 15, 6, 9, 13, 4, 17, 2, 7, 18, 16, 21]",222.87429214644547,13.11821174621582
