Id,Coordinates,Order,Distance,Time
9662,"[[0, 0], [6, 42], [125, 115], [187, 108], [94, 68], [25, 30], [8, 122], [149, 17], [165, 39], [21, 65], [42, 22], [121, 65], [33, 76], [83, 34], [164, 96], [12, 60], [141, 126], [53, 96], [13, 48], [51, 124], [151, 104], [0, 0]]","[0, 5, 18, 1, 15, 9, 12, 17, 19, 6, 4, 11, 7, 8, 14, 3, 16, 2, 20, 13, 10, 21]",793.0603307035419,14.325530529022217
