Id,Coordinates,Order,Distance,Time
717,"[[0, 0], [98, 31], [126, 36], [148, 115], [58, 51], [161, 27], [48, 48], [180, 92], [177, 105], [127, 28], [176, 23], [4, 91], [140, 37], [113, 121], [54, 95], [157, 98], [16, 56], [89, 72], [142, 73], [196, 9], [141, 32], [0, 0]]","[0, 6, 4, 1, 2, 9, 20, 12, 5, 10, 19, 18, 15, 7, 8, 3, 13, 17, 14, 11, 16, 21]",699.4384535602982,15.385664463043213
