Id,Coordinates,Order,Distance,Time
8399,"[[0, 0], [97, 8], [153, 79], [63, 68], [167, 19], [14, 5], [6, 72], [9, 98], [122, 84], [47, 51], [41, 80], [166, 24], [26, 110], [90, 29], [64, 33], [178, 19], [127, 11], [97, 20], [124, 7], [91, 30], [108, 95], [0, 0]]","[0, 6, 7, 12, 10, 14, 13, 19, 17, 1, 18, 16, 4, 11, 15, 2, 8, 20, 3, 9, 5, 21]",607.8970646995243,22.78100037574768
