Id,Coordinates,Order,Distance,Time
8416,"[[0, 0], [4, 13], [22, 13], [8, 12], [16, 13], [17, 17], [9, 11], [16, 8], [8, 4], [7, 1], [6, 3], [3, 13], [1, 13], [17, 2], [16, 1], [2, 10], [18, 23], [1, 22], [7, 22], [22, 9], [9, 1], [0, 0]]","[0, 10, 8, 9, 20, 14, 13, 7, 4, 5, 16, 2, 19, 6, 3, 1, 11, 18, 17, 12, 15, 21]",115.47916354813044,21.84302854537964
