Id,Coordinates,Order,Distance,Time
4705,"[[0, 0], [52, 143], [93, 120], [11, 86], [85, 93], [98, 150], [47, 129], [78, 64], [10, 102], [54, 122], [77, 40], [71, 1], [42, 78], [60, 49], [16, 170], [10, 120], [98, 191], [93, 93], [101, 119], [93, 103], [49, 186], [0, 0]]","[0, 11, 10, 13, 7, 4, 17, 19, 2, 18, 5, 16, 20, 14, 1, 6, 9, 15, 8, 3, 12, 21]",651.5474197723921,18.463504552841187
