Id,Coordinates,Order,Distance,Time
1544,"[[0, 0], [31, 3], [55, 34], [67, 10], [33, 27], [26, 39], [44, 20], [19, 9], [48, 2], [70, 19], [9, 27], [67, 16], [53, 20], [9, 17], [7, 12], [25, 32], [24, 29], [24, 23], [11, 36], [65, 1], [27, 11], [0, 0]]","[0, 14, 13, 10, 18, 5, 16, 15, 4, 6, 12, 2, 9, 11, 3, 19, 8, 1, 20, 17, 7, 21]",243.70666493586307,15.170013427734375
