Id,Coordinates,Order,Distance,Time
1799,"[[0, 0], [13, 64], [64, 45], [18, 11], [43, 78], [46, 62], [71, 18], [1, 53], [54, 36], [67, 70], [27, 37], [47, 7], [22, 68], [57, 53], [79, 13], [77, 71], [28, 15], [16, 76], [24, 43], [48, 1], [21, 12], [0, 0]]","[0, 3, 11, 19, 14, 6, 2, 13, 5, 4, 12, 17, 1, 7, 18, 10, 9, 15, 8, 16, 20, 21]",429.8481018114958,19.47696876525879
