Id,Coordinates,Order,Distance,Time
2155,"[[0, 0], [18, 16], [186, 40], [183, 80], [171, 83], [1, 28], [169, 120], [88, 81], [46, 80], [68, 124], [114, 98], [197, 70], [102, 115], [1, 73], [73, 34], [60, 14], [50, 86], [64, 63], [155, 87], [170, 14], [34, 49], [0, 0]]","[0, 5, 13, 8, 16, 7, 12, 9, 17, 14, 15, 19, 2, 11, 3, 4, 18, 6, 10, 20, 1, 21]",818.5903649772501,16.286967039108276
