Id,Coordinates,Order,Distance,Time
4123,"[[0, 0], [59, 13], [8, 62], [60, 10], [129, 31], [78, 9], [39, 69], [119, 19], [57, 71], [27, 33], [55, 12], [67, 13], [62, 48], [21, 49], [10, 67], [145, 4], [20, 31], [7, 43], [105, 44], [124, 73], [156, 9], [0, 0]]","[0, 16, 9, 13, 17, 2, 14, 6, 8, 12, 1, 3, 11, 18, 19, 4, 20, 15, 7, 5, 10, 21]",541.151799944979,15.58045744895935
