Id,Coordinates,Order,Distance,Time
9696,"[[0, 0], [25, 13], [69, 18], [54, 18], [19, 10], [1, 3], [46, 8], [24, 19], [31, 3], [54, 6], [51, 9], [28, 1], [29, 8], [52, 10], [31, 11], [59, 4], [11, 18], [57, 21], [39, 1], [51, 4], [44, 15], [0, 0]]","[0, 5, 4, 1, 14, 12, 11, 8, 18, 6, 10, 13, 19, 9, 15, 2, 17, 3, 20, 7, 16, 21]",187.30925364980902,15.527023077011108
