Id,Coordinates,Order,Distance,Time
4254,"[[0, 0], [44, 25], [65, 134], [73, 150], [88, 120], [93, 94], [10, 130], [42, 113], [54, 142], [95, 15], [11, 106], [88, 136], [98, 63], [11, 50], [25, 152], [54, 140], [28, 26], [92, 89], [29, 161], [92, 152], [31, 109], [0, 0]]","[0, 16, 1, 9, 7, 15, 8, 2, 3, 19, 11, 4, 5, 17, 12, 20, 18, 14, 6, 10, 13, 21]",690.5207284381142,13.543534994125366
