Id,Coordinates,Order,Distance,Time
569,"[[0, 0], [65, 60], [113, 46], [129, 65], [140, 16], [146, 54], [52, 52], [142, 65], [104, 15], [147, 66], [109, 8], [105, 21], [41, 57], [90, 15], [72, 60], [62, 16], [132, 49], [104, 2], [56, 60], [79, 54], [86, 9], [0, 0]]","[0, 15, 20, 13, 11, 8, 17, 10, 4, 16, 5, 9, 7, 3, 2, 19, 14, 1, 18, 6, 12, 21]",425.4978134293808,14.515439510345459
