Id,Coordinates,Order,Distance,Time
5758,"[[0, 0], [8, 15], [24, 113], [16, 102], [25, 46], [10, 31], [23, 92], [14, 129], [17, 52], [24, 22], [19, 49], [11, 127], [18, 16], [6, 39], [8, 73], [25, 42], [9, 16], [3, 69], [7, 72], [5, 33], [14, 125], [0, 0]]","[0, 1, 16, 12, 9, 5, 19, 15, 4, 10, 8, 18, 14, 6, 2, 20, 11, 7, 3, 17, 13, 21]",317.161906904384,17.776106595993042
