Id,Coordinates,Order,Distance,Time
6313,"[[0, 0], [62, 42], [59, 42], [13, 10], [22, 52], [31, 110], [72, 146], [59, 99], [7, 98], [5, 5], [58, 67], [71, 43], [40, 1], [58, 144], [3, 42], [68, 140], [49, 8], [29, 70], [60, 87], [72, 87], [11, 121], [0, 0]]","[0, 9, 3, 12, 16, 2, 1, 11, 10, 18, 19, 7, 5, 20, 8, 13, 15, 6, 17, 4, 14, 21]",513.0771228399796,13.646880626678467
