Id,Coordinates,Order,Distance,Time
3287,"[[0, 0], [60, 39], [89, 65], [14, 189], [62, 165], [132, 84], [176, 193], [172, 4], [55, 73], [75, 191], [88, 138], [91, 22], [40, 131], [93, 141], [19, 109], [31, 112], [132, 3], [123, 179], [116, 133], [154, 105], [91, 71], [0, 0]]","[0, 1, 2, 20, 5, 19, 18, 13, 10, 17, 6, 9, 4, 3, 12, 14, 15, 8, 11, 16, 7, 21]",1030.93419270259,13.824283838272095
