Id,Coordinates,Order,Distance,Time
2701,"[[0, 0], [1, 120], [175, 9], [76, 9], [137, 135], [98, 54], [113, 66], [181, 19], [136, 61], [53, 97], [168, 100], [163, 30], [39, 128], [73, 182], [105, 37], [154, 10], [171, 84], [81, 96], [5, 14], [102, 6], [122, 37], [0, 0]]","[0, 18, 14, 20, 8, 6, 5, 17, 9, 1, 12, 13, 4, 10, 16, 11, 7, 2, 15, 19, 3, 21]",842.505812414002,13.827954769134521
