Id,Coordinates,Order,Distance,Time
4521,"[[0, 0], [119, 43], [78, 12], [117, 11], [51, 40], [10, 73], [120, 3], [111, 52], [56, 19], [43, 44], [83, 30], [83, 54], [83, 37], [88, 72], [82, 63], [82, 50], [44, 70], [25, 20], [106, 33], [29, 5], [96, 7], [0, 0]]","[0, 19, 17, 8, 10, 12, 15, 11, 14, 13, 7, 1, 18, 3, 6, 20, 2, 4, 9, 16, 5, 21]",464.9067856748623,16.62316584587097
