Id,Coordinates,Order,Distance,Time
9520,"[[0, 0], [23, 31], [38, 119], [32, 145], [23, 146], [14, 34], [21, 30], [21, 66], [39, 25], [1, 14], [39, 45], [25, 145], [30, 28], [8, 18], [18, 47], [19, 52], [43, 137], [38, 13], [9, 33], [5, 167], [1, 95], [0, 0]]","[0, 13, 5, 6, 1, 12, 17, 8, 10, 14, 15, 7, 2, 16, 3, 11, 4, 19, 20, 18, 9, 21]",437.19120941975825,18.822410821914673
