Id,Coordinates,Order,Distance,Time
1361,"[[0, 0], [25, 102], [33, 63], [21, 90], [12, 81], [5, 22], [6, 17], [33, 92], [17, 75], [9, 42], [20, 30], [31, 33], [21, 40], [28, 107], [7, 63], [27, 80], [14, 39], [20, 53], [26, 16], [10, 39], [17, 14], [0, 0]]","[0, 6, 5, 20, 18, 11, 12, 16, 19, 9, 17, 14, 8, 4, 3, 1, 13, 7, 15, 2, 10, 21]",295.3041349617927,13.60022783279419
