Id,Coordinates,Order,Distance,Time
632,"[[0, 0], [76, 35], [39, 45], [77, 142], [78, 127], [61, 108], [82, 52], [83, 15], [64, 162], [72, 81], [26, 5], [46, 85], [32, 23], [83, 131], [13, 13], [24, 32], [68, 108], [23, 58], [19, 37], [4, 147], [14, 19], [0, 0]]","[0, 14, 20, 15, 18, 2, 17, 11, 5, 16, 4, 13, 3, 8, 19, 9, 6, 1, 7, 12, 10, 21]",546.8573440083708,14.605756044387817
