Id,Coordinates,Order,Distance,Time
5329,"[[0, 0], [28, 62], [24, 91], [23, 37], [21, 7], [4, 23], [23, 115], [29, 57], [4, 65], [16, 31], [30, 25], [13, 119], [18, 86], [8, 112], [32, 126], [11, 140], [14, 111], [7, 93], [8, 63], [11, 103], [3, 13], [0, 0]]","[0, 20, 5, 9, 3, 7, 1, 18, 8, 12, 17, 19, 16, 13, 11, 15, 14, 6, 2, 10, 4, 21]",361.8868252831487,20.67182445526123
