Id,Coordinates,Order,Distance,Time
2796,"[[0, 0], [40, 101], [43, 64], [28, 60], [57, 2], [45, 107], [4, 17], [25, 65], [22, 94], [51, 68], [31, 126], [91, 5], [96, 137], [58, 60], [20, 89], [89, 15], [11, 8], [60, 62], [86, 63], [87, 118], [58, 101], [0, 0]]","[0, 6, 3, 7, 2, 9, 13, 17, 20, 5, 1, 14, 8, 10, 12, 19, 18, 15, 11, 4, 16, 21]",529.4719267148371,17.901009798049927
