Id,Coordinates,Order,Distance,Time
9642,"[[0, 0], [132, 61], [136, 86], [23, 94], [61, 74], [28, 8], [151, 86], [127, 12], [36, 180], [86, 23], [116, 128], [136, 61], [156, 59], [116, 14], [119, 65], [75, 129], [37, 41], [155, 62], [150, 31], [43, 20], [80, 159], [0, 0]]","[0, 5, 19, 4, 3, 8, 15, 20, 10, 2, 6, 17, 12, 11, 1, 14, 18, 7, 13, 9, 16, 21]",728.7808461625175,12.958691835403442
