Id,Coordinates,Order,Distance,Time
6501,"[[0, 0], [21, 103], [10, 100], [110, 86], [153, 42], [73, 63], [76, 9], [154, 86], [115, 53], [105, 76], [16, 106], [2, 110], [126, 114], [25, 76], [38, 34], [43, 71], [89, 8], [39, 86], [75, 9], [68, 12], [52, 51], [0, 0]]","[0, 14, 20, 17, 1, 10, 11, 2, 13, 15, 5, 9, 3, 12, 7, 4, 8, 16, 6, 18, 19, 21]",589.1519670502324,15.603063583374023
