Id,Coordinates,Order,Distance,Time
5085,"[[0, 0], [20, 74], [88, 84], [20, 44], [60, 65], [33, 41], [55, 1], [79, 84], [15, 12], [73, 73], [81, 36], [45, 29], [2, 54], [26, 4], [92, 83], [76, 4], [80, 11], [63, 30], [71, 51], [29, 31], [20, 38], [0, 0]]","[0, 8, 19, 5, 20, 3, 12, 1, 4, 9, 7, 2, 14, 18, 10, 16, 15, 6, 17, 11, 13, 21]",417.75416153152764,21.54200053215027
