Id,Coordinates,Order,Distance,Time
7231,"[[0, 0], [82, 56], [85, 93], [37, 26], [48, 44], [24, 97], [75, 116], [34, 12], [64, 22], [45, 43], [39, 65], [97, 91], [35, 63], [21, 114], [59, 74], [1, 105], [158, 31], [38, 72], [46, 8], [63, 9], [118, 4], [0, 0]]","[0, 7, 18, 8, 4, 9, 12, 10, 17, 14, 2, 11, 6, 13, 15, 5, 1, 16, 20, 19, 3, 21]",664.6693038122714,15.260633707046509
