Id,Coordinates,Order,Distance,Time
6389,"[[0, 0], [9, 145], [9, 147], [9, 66], [15, 30], [8, 107], [2, 30], [10, 56], [5, 35], [12, 95], [1, 124], [2, 19], [8, 7], [14, 106], [14, 27], [2, 89], [11, 8], [13, 1], [11, 107], [6, 140], [7, 107], [0, 0]]","[0, 17, 16, 12, 11, 6, 4, 14, 7, 3, 9, 13, 18, 5, 20, 10, 19, 1, 2, 15, 8, 21]",340.36255061825176,14.553361415863037
