Id,Coordinates,Order,Distance,Time
9075,"[[0, 0], [90, 29], [47, 62], [77, 35], [87, 120], [82, 68], [70, 73], [38, 54], [43, 15], [95, 108], [25, 26], [8, 122], [66, 78], [37, 21], [35, 95], [49, 105], [77, 81], [75, 60], [84, 4], [28, 116], [24, 112], [0, 0]]","[0, 10, 13, 7, 2, 12, 6, 5, 17, 3, 1, 18, 14, 11, 19, 20, 15, 4, 9, 16, 8, 21]",614.6525914707028,19.013983488082886
