Id,Coordinates,Order,Distance,Time
5131,"[[0, 0], [15, 2], [68, 22], [106, 15], [48, 10], [33, 3], [111, 8], [58, 20], [10, 27], [42, 4], [67, 30], [76, 11], [91, 10], [22, 18], [100, 20], [45, 22], [16, 12], [16, 23], [76, 24], [106, 3], [81, 6], [0, 0]]","[0, 16, 8, 17, 13, 15, 7, 2, 10, 18, 11, 20, 12, 14, 3, 6, 19, 4, 9, 5, 1, 21]",292.6526984919922,17.032002210617065
