Id,Coordinates,Order,Distance,Time
5710,"[[0, 0], [9, 11], [50, 18], [2, 8], [11, 1], [24, 18], [21, 6], [34, 10], [7, 18], [40, 17], [10, 15], [63, 2], [24, 9], [15, 3], [51, 10], [23, 14], [34, 1], [55, 8], [66, 14], [43, 12], [9, 4], [0, 0]]","[0, 3, 8, 10, 1, 20, 4, 13, 6, 12, 15, 5, 9, 14, 17, 11, 18, 2, 19, 7, 16, 21]",195.90024574534945,14.410630702972412
