Id,Coordinates,Order,Distance,Time
9844,"[[0, 0], [77, 133], [81, 122], [78, 95], [147, 163], [78, 117], [165, 133], [110, 104], [29, 29], [24, 31], [79, 8], [27, 135], [35, 100], [85, 145], [97, 124], [141, 10], [94, 43], [60, 24], [183, 110], [45, 4], [83, 126], [0, 0]]","[0, 9, 8, 19, 10, 15, 16, 3, 5, 2, 20, 1, 14, 7, 18, 6, 4, 13, 11, 12, 17, 21]",810.0650136744028,17.57947826385498
