Id,Coordinates,Order,Distance,Time
4247,"[[0, 0], [29, 16], [51, 60], [31, 41], [63, 48], [130, 32], [111, 70], [119, 39], [108, 57], [70, 2], [51, 13], [37, 16], [103, 2], [81, 111], [74, 107], [38, 100], [65, 106], [105, 62], [120, 100], [78, 64], [4, 85], [0, 0]]","[0, 1, 11, 10, 9, 12, 5, 7, 8, 17, 6, 18, 13, 14, 16, 15, 20, 2, 19, 4, 3, 21]",540.1179598149179,15.794840097427368
