Id,Coordinates,Order,Distance,Time
4660,"[[0, 0], [61, 52], [153, 65], [169, 106], [9, 72], [108, 2], [124, 73], [105, 40], [53, 14], [54, 5], [115, 58], [70, 97], [107, 97], [76, 80], [193, 115], [142, 21], [48, 11], [114, 114], [52, 32], [182, 45], [90, 73], [0, 0]]","[0, 16, 8, 9, 18, 1, 13, 20, 10, 6, 7, 5, 15, 19, 2, 3, 14, 17, 12, 11, 4, 21]",745.7413914283094,15.853268384933472
