Id,Coordinates,Order,Distance,Time
3599,"[[0, 0], [27, 4], [2, 49], [5, 34], [13, 38], [23, 13], [16, 2], [25, 30], [1, 19], [25, 28], [35, 47], [37, 60], [22, 45], [36, 59], [5, 67], [16, 36], [11, 46], [24, 72], [32, 49], [3, 50], [12, 54], [0, 0]]","[0, 6, 1, 5, 9, 7, 15, 4, 2, 19, 16, 12, 18, 10, 13, 11, 17, 14, 20, 3, 8, 21]",240.34415310942524,15.946341037750244
