Id,Coordinates,Order,Distance,Time
2918,"[[0, 0], [36, 70], [57, 43], [177, 95], [117, 56], [198, 98], [183, 56], [103, 101], [23, 91], [158, 56], [163, 3], [38, 22], [104, 22], [159, 18], [196, 35], [39, 38], [173, 36], [127, 63], [38, 9], [81, 97], [8, 104], [0, 0]]","[0, 11, 15, 2, 1, 8, 20, 19, 7, 17, 4, 13, 10, 16, 14, 6, 5, 3, 9, 12, 18, 21]",742.9113227873927,19.01049280166626
