Id,Coordinates,Order,Distance,Time
3446,"[[0, 0], [18, 140], [6, 147], [80, 125], [127, 22], [66, 150], [84, 42], [141, 77], [81, 132], [124, 67], [97, 25], [47, 61], [97, 147], [147, 42], [111, 44], [27, 144], [75, 43], [131, 31], [63, 104], [87, 54], [67, 24], [0, 0]]","[0, 20, 16, 19, 6, 10, 14, 4, 17, 13, 7, 9, 3, 8, 12, 5, 15, 2, 1, 18, 11, 21]",664.1642713930761,21.468000650405884
