Id,Coordinates,Order,Distance,Time
9106,"[[0, 0], [2, 112], [72, 80], [19, 108], [42, 31], [3, 120], [87, 19], [110, 125], [141, 97], [36, 101], [14, 135], [108, 86], [25, 171], [19, 66], [106, 47], [75, 150], [64, 139], [78, 183], [112, 165], [89, 50], [102, 27], [0, 0]]","[0, 13, 9, 3, 1, 5, 10, 12, 16, 15, 17, 18, 7, 8, 11, 14, 20, 6, 19, 2, 4, 21]",712.6149218776484,17.962008714675903
