Id,Coordinates,Order,Distance,Time
398,"[[0, 0], [29, 30], [42, 109], [23, 190], [17, 96], [46, 165], [16, 104], [36, 138], [4, 142], [17, 15], [22, 104], [2, 41], [21, 18], [28, 181], [5, 181], [17, 143], [11, 148], [32, 185], [25, 42], [1, 43], [42, 150], [0, 0]]","[0, 9, 12, 1, 18, 2, 7, 20, 5, 13, 17, 3, 14, 16, 15, 8, 6, 10, 4, 19, 11, 21]",449.90165076684417,14.8666672706604
