Id,Coordinates,Order,Distance,Time
4053,"[[0, 0], [12, 3], [30, 5], [16, 1], [24, 8], [15, 1], [30, 6], [28, 4], [29, 4], [17, 3], [35, 5], [4, 5], [27, 2], [27, 7], [16, 1], [22, 4], [31, 7], [26, 9], [32, 5], [27, 8], [9, 9], [0, 0]]","[0, 11, 20, 1, 5, 3, 14, 15, 4, 17, 19, 13, 6, 16, 10, 18, 2, 8, 7, 12, 9, 21]",84.96208595036778,12.913904428482056
