Id,Coordinates,Order,Distance,Time
2815,"[[0, 0], [21, 81], [2, 28], [19, 79], [4, 62], [10, 112], [11, 106], [3, 100], [16, 89], [6, 51], [10, 100], [6, 15], [10, 35], [19, 107], [8, 117], [18, 1], [1, 74], [6, 96], [7, 25], [16, 130], [9, 63], [0, 0]]","[0, 11, 18, 2, 12, 9, 20, 3, 1, 8, 17, 7, 10, 6, 5, 14, 19, 13, 16, 4, 15, 21]",312.44789409164207,14.147082567214966
