Id,Coordinates,Order,Distance,Time
3444,"[[0, 0], [52, 6], [97, 35], [58, 2], [98, 12], [151, 36], [95, 23], [59, 11], [117, 28], [133, 5], [135, 20], [4, 2], [36, 23], [42, 34], [32, 34], [101, 33], [135, 42], [14, 2], [33, 38], [101, 32], [123, 21], [0, 0]]","[0, 11, 14, 18, 13, 12, 1, 3, 4, 6, 19, 15, 8, 20, 9, 10, 5, 16, 2, 7, 17, 21]",410.8162599657893,22.832030773162842
