Id,Coordinates,Order,Distance,Time
5787,"[[0, 0], [3, 52], [86, 32], [56, 130], [69, 93], [98, 23], [27, 16], [39, 108], [89, 24], [82, 51], [21, 64], [52, 26], [103, 16], [104, 9], [71, 124], [5, 130], [52, 132], [79, 61], [4, 24], [72, 43], [59, 15], [0, 0]]","[0, 6, 11, 20, 2, 8, 5, 12, 13, 19, 9, 17, 4, 14, 3, 16, 7, 15, 10, 1, 18, 21]",500.3685647730366,20.146169185638428
