Id,Coordinates,Order,Distance,Time
909,"[[0, 0], [132, 40], [100, 42], [82, 22], [46, 76], [129, 89], [173, 110], [108, 53], [22, 47], [97, 81], [176, 86], [167, 93], [35, 65], [155, 71], [124, 22], [10, 11], [117, 48], [116, 20], [32, 81], [66, 76], [27, 27], [0, 0]]","[0, 15, 20, 8, 12, 18, 4, 19, 9, 7, 17, 14, 1, 5, 6, 11, 10, 13, 16, 2, 3, 21]",581.8950944312082,13.374836921691895
