Id,Coordinates,Order,Distance,Time
6614,"[[0, 0], [63, 51], [146, 11], [127, 102], [67, 2], [38, 31], [6, 78], [26, 65], [41, 52], [127, 83], [72, 66], [152, 55], [105, 86], [12, 21], [77, 66], [120, 8], [18, 9], [49, 18], [77, 72], [79, 37], [9, 99], [0, 0]]","[0, 16, 5, 17, 4, 10, 14, 18, 12, 3, 9, 11, 2, 15, 19, 1, 8, 7, 20, 6, 13, 21]",604.8686032900005,14.561510801315308
