Id,Coordinates,Order,Distance,Time
8287,"[[0, 0], [43, 57], [55, 47], [14, 164], [40, 139], [5, 139], [45, 64], [38, 102], [6, 61], [19, 151], [1, 63], [22, 150], [77, 62], [33, 63], [7, 47], [30, 161], [40, 64], [24, 36], [27, 143], [20, 78], [19, 93], [0, 0]]","[0, 14, 8, 10, 19, 7, 4, 18, 11, 9, 3, 15, 5, 20, 13, 16, 6, 1, 12, 2, 17, 21]",483.76908427281927,15.379403352737427
