Id,Coordinates,Order,Distance,Time
7713,"[[0, 0], [51, 20], [63, 16], [68, 60], [55, 16], [32, 56], [41, 1], [32, 64], [54, 50], [26, 48], [10, 64], [20, 57], [69, 28], [13, 34], [57, 59], [51, 22], [33, 33], [73, 6], [10, 35], [62, 45], [31, 37], [0, 0]]","[0, 18, 13, 9, 5, 7, 10, 11, 20, 16, 15, 1, 4, 8, 14, 3, 19, 12, 2, 17, 6, 21]",355.96996734438386,16.867477893829346
