Id,Coordinates,Order,Distance,Time
7452,"[[0, 0], [123, 102], [96, 79], [41, 56], [64, 6], [4, 101], [44, 182], [86, 149], [1, 71], [67, 190], [71, 59], [69, 41], [86, 108], [127, 150], [53, 33], [88, 182], [135, 78], [52, 136], [26, 197], [102, 81], [32, 117], [0, 0]]","[0, 14, 11, 10, 3, 8, 5, 20, 17, 7, 15, 9, 18, 6, 13, 12, 19, 2, 1, 16, 4, 21]",830.3040542256688,14.181564331054688
