Id,Coordinates,Order,Distance,Time
4915,"[[0, 0], [60, 138], [14, 157], [63, 76], [68, 100], [89, 95], [72, 172], [55, 26], [10, 163], [66, 29], [83, 84], [30, 151], [20, 7], [60, 57], [73, 62], [61, 58], [14, 107], [32, 158], [45, 33], [20, 65], [67, 168], [0, 0]]","[0, 12, 18, 7, 9, 13, 15, 14, 3, 10, 5, 4, 1, 6, 20, 17, 11, 2, 8, 16, 19, 21]",511.2763977367291,15.68613338470459
