Id,Coordinates,Order,Distance,Time
8626,"[[0, 0], [96, 10], [11, 55], [95, 54], [36, 25], [101, 77], [84, 25], [90, 25], [84, 58], [90, 74], [19, 26], [58, 36], [21, 9], [2, 74], [39, 42], [10, 41], [3, 30], [95, 9], [67, 76], [86, 1], [80, 48], [0, 0]]","[0, 16, 15, 2, 13, 14, 11, 20, 8, 18, 9, 5, 3, 6, 7, 1, 17, 19, 4, 10, 12, 21]",444.0210992444901,12.921796083450317
