Id,Coordinates,Order,Distance,Time
6373,"[[0, 0], [70, 79], [175, 121], [7, 123], [18, 69], [113, 80], [146, 3], [167, 5], [84, 177], [124, 69], [110, 151], [45, 131], [163, 24], [2, 111], [72, 189], [13, 94], [136, 159], [17, 174], [121, 1], [47, 142], [149, 6], [0, 0]]","[0, 4, 15, 13, 3, 11, 19, 17, 14, 8, 10, 16, 2, 18, 6, 20, 7, 12, 9, 5, 1, 21]",837.3573627351676,16.176438093185425
