Id,Coordinates,Order,Distance,Time
579,"[[0, 0], [17, 45], [55, 34], [25, 29], [73, 23], [50, 31], [38, 39], [1, 28], [17, 7], [50, 55], [33, 31], [56, 16], [13, 47], [32, 41], [53, 61], [33, 11], [52, 28], [37, 51], [33, 31], [22, 55], [46, 7], [0, 0]]","[0, 8, 15, 20, 11, 4, 2, 16, 5, 10, 18, 3, 1, 12, 19, 17, 9, 14, 6, 13, 7, 21]",300.7931160521054,18.344575881958008
