Id,Coordinates,Order,Distance,Time
264,"[[0, 0], [10, 42], [116, 58], [107, 43], [103, 42], [26, 2], [135, 21], [5, 15], [8, 15], [62, 30], [124, 51], [62, 20], [14, 27], [143, 36], [56, 4], [9, 23], [47, 18], [156, 43], [177, 14], [93, 55], [36, 50], [0, 0]]","[0, 7, 8, 15, 12, 1, 20, 9, 11, 16, 19, 4, 3, 2, 10, 13, 17, 18, 6, 14, 5, 21]",494.9287290537477,15.264207363128662
