Id,Coordinates,Order,Distance,Time
738,"[[0, 0], [20, 36], [35, 121], [4, 12], [21, 159], [4, 137], [19, 163], [19, 166], [39, 70], [14, 47], [46, 165], [25, 7], [39, 100], [23, 133], [41, 2], [36, 143], [10, 87], [13, 32], [8, 83], [18, 159], [38, 136], [0, 0]]","[0, 11, 14, 1, 9, 8, 12, 2, 13, 5, 19, 4, 6, 7, 10, 15, 20, 16, 18, 17, 3, 21]",457.6991300130277,14.520886659622192
