Id,Coordinates,Order,Distance,Time
6490,"[[0, 0], [25, 4], [44, 101], [29, 56], [25, 61], [11, 54], [3, 1], [14, 37], [11, 63], [9, 3], [5, 62], [23, 50], [16, 19], [47, 14], [50, 87], [50, 100], [48, 46], [14, 69], [23, 98], [9, 74], [3, 3], [0, 0]]","[0, 6, 20, 9, 12, 7, 11, 3, 4, 5, 10, 8, 17, 19, 18, 2, 15, 14, 16, 13, 1, 21]",312.5808975477307,14.867984294891357
