Id,Coordinates,Order,Distance,Time
3116,"[[0, 0], [146, 4], [33, 46], [22, 36], [120, 53], [132, 51], [18, 53], [5, 68], [25, 44], [17, 64], [10, 38], [40, 45], [105, 6], [127, 20], [7, 32], [94, 68], [75, 47], [146, 43], [124, 70], [70, 56], [93, 6], [0, 0]]","[0, 14, 10, 3, 8, 2, 6, 9, 7, 19, 15, 18, 4, 5, 17, 13, 1, 12, 20, 16, 11, 21]",524.18354894723,13.607642889022827
