Id,Coordinates,Order,Distance,Time
6482,"[[0, 0], [35, 107], [5, 43], [40, 80], [35, 14], [58, 72], [41, 14], [33, 99], [98, 42], [7, 69], [39, 36], [8, 8], [62, 37], [44, 33], [97, 110], [18, 36], [33, 95], [66, 29], [9, 13], [14, 82], [100, 47], [0, 0]]","[0, 11, 18, 15, 2, 9, 19, 16, 7, 1, 3, 13, 6, 4, 12, 17, 8, 20, 14, 5, 10, 21]",526.4921011949388,15.766138076782227
