Id,Coordinates,Order,Distance,Time
1433,"[[0, 0], [37, 61], [50, 73], [65, 39], [112, 48], [117, 54], [49, 58], [31, 28], [97, 48], [45, 60], [51, 74], [42, 4], [74, 20], [36, 33], [98, 80], [51, 24], [30, 16], [68, 10], [14, 75], [28, 61], [1, 33], [0, 0]]","[0, 7, 13, 15, 12, 17, 11, 16, 19, 1, 9, 6, 2, 10, 14, 5, 4, 8, 3, 18, 20, 21]",502.0671818770429,13.971028327941895
