Id,Coordinates,Order,Distance,Time
8532,"[[0, 0], [8, 19], [1, 7], [5, 3], [3, 8], [9, 24], [7, 8], [4, 26], [7, 5], [4, 23], [7, 1], [5, 16], [5, 10], [4, 3], [8, 14], [9, 15], [8, 13], [5, 12], [3, 3], [7, 3], [3, 3], [0, 0]]","[0, 18, 20, 3, 10, 19, 8, 6, 12, 17, 16, 14, 15, 1, 5, 7, 9, 11, 4, 2, 13, 21]",70.63662314609867,13.85508680343628
