Id,Coordinates,Order,Distance,Time
2132,"[[0, 0], [31, 27], [14, 65], [17, 27], [25, 17], [17, 11], [20, 46], [15, 75], [50, 39], [17, 22], [50, 23], [35, 85], [12, 9], [32, 43], [25, 36], [43, 6], [9, 81], [36, 4], [19, 31], [13, 40], [37, 27], [0, 0]]","[0, 12, 5, 4, 9, 3, 18, 14, 13, 6, 1, 20, 17, 15, 10, 8, 11, 7, 16, 2, 19, 21]",334.08382792334385,16.551603078842163
