Id,Coordinates,Order,Distance,Time
8081,"[[0, 0], [48, 45], [24, 41], [48, 25], [10, 90], [3, 86], [15, 78], [8, 123], [45, 130], [44, 174], [37, 150], [12, 40], [45, 24], [51, 164], [31, 137], [15, 119], [33, 165], [42, 71], [5, 183], [16, 150], [47, 34], [0, 0]]","[0, 11, 2, 12, 3, 20, 1, 17, 6, 4, 15, 8, 14, 10, 13, 9, 16, 18, 19, 7, 5, 21]",527.8503804216532,15.519785165786743
