Id,Coordinates,Order,Distance,Time
7563,"[[0, 0], [31, 6], [77, 47], [73, 39], [83, 84], [57, 28], [60, 26], [31, 120], [99, 156], [106, 114], [45, 19], [83, 97], [39, 161], [31, 56], [80, 29], [99, 17], [85, 37], [80, 34], [54, 125], [40, 23], [67, 153], [0, 0]]","[0, 1, 19, 10, 5, 6, 3, 17, 14, 15, 16, 2, 4, 11, 9, 8, 20, 12, 18, 7, 13, 21]",539.9671728851517,19.49128270149231
