Id,Coordinates,Order,Distance,Time
7197,"[[0, 0], [24, 3], [6, 5], [15, 1], [30, 8], [7, 7], [12, 11], [15, 4], [23, 5], [25, 12], [41, 7], [12, 1], [38, 7], [31, 10], [20, 11], [14, 3], [1, 5], [38, 2], [10, 10], [21, 13], [20, 8], [0, 0]]","[0, 16, 2, 5, 18, 6, 15, 7, 20, 14, 19, 9, 13, 4, 12, 10, 17, 1, 8, 3, 11, 21]",108.94795506476021,16.825466871261597
