Id,Coordinates,Order,Distance,Time
8023,"[[0, 0], [22, 12], [19, 1], [65, 74], [76, 91], [76, 85], [14, 34], [8, 7], [2, 98], [74, 62], [25, 78], [24, 89], [4, 36], [87, 42], [39, 26], [58, 102], [72, 57], [41, 30], [42, 32], [73, 62], [37, 94], [0, 0]]","[0, 2, 1, 14, 17, 18, 10, 8, 11, 20, 15, 4, 5, 3, 19, 9, 16, 13, 6, 12, 7, 21]",406.0613346360252,20.06025457382202
