Id,Coordinates,Order,Distance,Time
3593,"[[0, 0], [40, 121], [41, 45], [4, 7], [53, 19], [36, 112], [37, 9], [27, 100], [2, 48], [22, 110], [37, 54], [7, 118], [25, 17], [44, 68], [44, 6], [44, 122], [19, 168], [33, 64], [22, 9], [10, 185], [38, 20], [0, 0]]","[0, 18, 12, 20, 6, 14, 4, 2, 10, 17, 13, 7, 9, 5, 1, 15, 16, 19, 11, 8, 3, 21]",473.56365768818534,15.015226602554321
