Id,Coordinates,Order,Distance,Time
588,"[[0, 0], [79, 178], [9, 79], [66, 16], [1, 66], [82, 167], [61, 39], [74, 13], [69, 178], [75, 11], [47, 21], [7, 157], [58, 151], [40, 24], [5, 180], [10, 81], [36, 39], [24, 124], [11, 139], [73, 104], [57, 159], [0, 0]]","[0, 13, 10, 3, 9, 7, 6, 4, 2, 15, 17, 18, 11, 14, 12, 20, 8, 1, 5, 19, 16, 21]",608.262909101251,17.537431240081787
