Id,Coordinates,Order,Distance,Time
8550,"[[0, 0], [3, 6], [1, 33], [74, 41], [37, 13], [45, 21], [52, 27], [10, 31], [67, 31], [11, 24], [61, 41], [25, 20], [26, 12], [25, 35], [59, 36], [72, 19], [19, 23], [65, 33], [48, 27], [37, 20], [78, 40], [0, 0]]","[0, 1, 2, 7, 16, 11, 12, 4, 19, 5, 6, 14, 10, 17, 8, 3, 20, 15, 18, 13, 9, 21]",264.72561360035894,12.482676267623901
