Id,Coordinates,Order,Distance,Time
5287,"[[0, 0], [21, 28], [4, 10], [24, 43], [25, 28], [6, 5], [25, 12], [18, 50], [2, 25], [21, 27], [7, 3], [20, 24], [6, 41], [11, 50], [9, 34], [25, 10], [17, 36], [25, 35], [13, 1], [15, 31], [23, 10], [0, 0]]","[0, 10, 18, 20, 15, 6, 11, 9, 1, 4, 17, 3, 7, 13, 12, 14, 16, 19, 8, 2, 5, 21]",157.02679314099402,14.835819482803345
