Id,Coordinates,Order,Distance,Time
2015,"[[0, 0], [137, 23], [134, 91], [158, 138], [165, 139], [67, 87], [148, 105], [160, 13], [75, 16], [116, 20], [73, 65], [78, 105], [89, 61], [129, 41], [159, 114], [149, 112], [168, 1], [102, 19], [21, 124], [24, 140], [150, 100], [0, 0]]","[0, 8, 17, 9, 1, 16, 7, 13, 2, 20, 6, 15, 14, 3, 4, 12, 10, 5, 11, 19, 18, 21]",730.3540245515119,15.285231113433838
