Id,Coordinates,Order,Distance,Time
3804,"[[0, 0], [11, 81], [62, 22], [27, 86], [41, 64], [16, 72], [76, 17], [48, 67], [75, 53], [41, 14], [68, 53], [27, 30], [83, 68], [73, 55], [29, 48], [79, 77], [8, 10], [71, 50], [13, 4], [41, 59], [39, 20], [0, 0]]","[0, 18, 20, 9, 2, 6, 17, 10, 13, 8, 12, 15, 7, 4, 19, 3, 1, 5, 14, 11, 16, 21]",347.933904422643,13.755625247955322
