Id,Coordinates,Order,Distance,Time
7125,"[[0, 0], [67, 6], [9, 19], [79, 63], [19, 31], [141, 30], [66, 31], [24, 54], [125, 29], [30, 61], [126, 50], [184, 23], [119, 7], [147, 41], [5, 28], [145, 38], [25, 55], [59, 15], [88, 32], [13, 17], [129, 18], [0, 0]]","[0, 19, 2, 14, 4, 7, 16, 9, 6, 18, 3, 10, 8, 5, 15, 13, 11, 20, 12, 1, 17, 21]",517.5023248749169,17.08894658088684
