Id,Coordinates,Order,Distance,Time
903,"[[0, 0], [2, 19], [41, 46], [14, 19], [21, 116], [4, 5], [54, 136], [7, 120], [28, 26], [47, 93], [46, 173], [30, 69], [40, 167], [15, 42], [40, 160], [36, 26], [50, 31], [42, 30], [5, 46], [17, 147], [13, 148], [0, 0]]","[0, 5, 3, 8, 15, 17, 16, 2, 4, 7, 20, 19, 14, 12, 10, 6, 9, 11, 13, 18, 1, 21]",439.81176327176996,21.433189868927002
