Id,Coordinates,Order,Distance,Time
2334,"[[0, 0], [11, 122], [27, 15], [124, 123], [102, 62], [69, 94], [53, 96], [24, 52], [92, 112], [71, 97], [103, 68], [34, 104], [44, 85], [61, 21], [64, 136], [48, 16], [56, 96], [71, 83], [115, 52], [71, 85], [11, 96], [0, 0]]","[0, 2, 15, 13, 12, 6, 16, 9, 5, 19, 17, 10, 4, 18, 3, 8, 14, 11, 1, 20, 7, 21]",580.4599730460749,16.321815252304077
