Id,Coordinates,Order,Distance,Time
1265,"[[0, 0], [20, 53], [17, 4], [21, 4], [15, 20], [18, 23], [4, 27], [5, 31], [24, 4], [6, 16], [4, 45], [2, 36], [1, 42], [9, 51], [26, 41], [26, 35], [18, 51], [13, 3], [13, 23], [5, 54], [26, 5], [0, 0]]","[0, 17, 2, 3, 8, 20, 4, 18, 6, 7, 11, 12, 10, 19, 13, 16, 1, 14, 15, 5, 9, 21]",168.7386594299458,15.907154083251953
