Id,Coordinates,Order,Distance,Time
1580,"[[0, 0], [90, 1], [63, 7], [25, 7], [91, 2], [7, 1], [6, 2], [3, 4], [84, 10], [71, 12], [107, 7], [29, 11], [27, 4], [70, 13], [56, 2], [80, 9], [38, 12], [103, 12], [70, 7], [12, 6], [30, 13], [0, 0]]","[0, 7, 6, 5, 19, 3, 11, 20, 16, 2, 18, 9, 13, 15, 8, 4, 1, 10, 17, 14, 12, 21]",239.87705025142105,14.865788698196411
