Id,Coordinates,Order,Distance,Time
5855,"[[0, 0], [41, 110], [14, 183], [65, 149], [88, 125], [24, 49], [114, 15], [103, 169], [68, 107], [82, 55], [6, 151], [8, 68], [82, 160], [25, 40], [99, 44], [101, 114], [76, 118], [30, 173], [56, 106], [75, 126], [90, 167], [0, 0]]","[0, 13, 5, 11, 18, 8, 16, 19, 4, 15, 7, 20, 12, 3, 17, 2, 10, 1, 9, 14, 6, 21]",688.806038168279,16.22281527519226
