Id,Coordinates,Order,Distance,Time
563,"[[0, 0], [26, 127], [30, 4], [15, 175], [8, 150], [22, 166], [29, 185], [26, 166], [22, 142], [22, 64], [8, 69], [4, 2], [23, 1], [6, 31], [22, 22], [24, 184], [16, 126], [14, 21], [1, 180], [7, 85], [25, 104], [0, 0]]","[0, 11, 12, 2, 14, 17, 13, 10, 19, 20, 1, 8, 5, 7, 3, 15, 6, 18, 4, 16, 9, 21]",464.0345968604785,15.262212991714478
