Id,Coordinates,Order,Distance,Time
1739,"[[0, 0], [61, 30], [59, 27], [65, 13], [26, 51], [19, 11], [20, 7], [4, 40], [67, 45], [48, 38], [44, 16], [67, 26], [52, 27], [61, 28], [79, 34], [14, 55], [77, 22], [77, 52], [17, 51], [37, 9], [69, 34], [0, 0]]","[0, 5, 6, 19, 10, 12, 2, 13, 1, 20, 11, 3, 16, 14, 17, 8, 9, 4, 18, 15, 7, 21]",282.7877410404751,19.597001314163208
