Id,Coordinates,Order,Distance,Time
2369,"[[0, 0], [17, 6], [29, 10], [11, 17], [16, 18], [40, 27], [25, 11], [32, 20], [4, 4], [29, 8], [37, 26], [26, 10], [7, 5], [39, 8], [26, 25], [23, 19], [32, 15], [5, 3], [40, 2], [35, 27], [7, 9], [0, 0]]","[0, 8, 17, 12, 20, 3, 4, 15, 14, 7, 16, 2, 6, 11, 9, 18, 13, 10, 19, 5, 1, 21]",161.6382743911045,14.843339204788208
