Id,Coordinates,Order,Distance,Time
9573,"[[0, 0], [170, 19], [24, 22], [125, 13], [128, 7], [95, 25], [27, 12], [85, 5], [133, 1], [30, 6], [150, 16], [120, 9], [106, 2], [65, 5], [96, 22], [155, 11], [103, 8], [15, 11], [189, 3], [157, 6], [187, 19], [0, 0]]","[0, 17, 6, 9, 13, 7, 16, 12, 11, 4, 8, 15, 19, 18, 20, 1, 10, 3, 14, 5, 2, 21]",425.3975032646751,17.50850820541382
