Id,Coordinates,Order,Distance,Time
4700,"[[0, 0], [136, 96], [98, 108], [78, 85], [29, 16], [14, 21], [95, 132], [102, 61], [34, 80], [102, 114], [91, 15], [82, 147], [141, 9], [4, 3], [134, 84], [132, 112], [51, 142], [94, 153], [103, 114], [57, 33], [18, 83], [0, 0]]","[0, 13, 5, 4, 19, 7, 2, 9, 18, 6, 11, 17, 16, 20, 8, 3, 15, 1, 14, 12, 10, 21]",713.9967825722854,16.9708194732666
