Id,Coordinates,Order,Distance,Time
5952,"[[0, 0], [31, 62], [8, 47], [64, 59], [30, 22], [65, 54], [9, 49], [74, 44], [36, 30], [13, 56], [49, 44], [6, 41], [24, 20], [74, 59], [7, 35], [36, 65], [15, 2], [42, 4], [10, 21], [61, 14], [2, 35], [0, 0]]","[0, 16, 4, 8, 10, 5, 3, 13, 7, 19, 17, 12, 14, 20, 11, 2, 6, 9, 1, 15, 18, 21]",346.131671668759,19.042415142059326
