Id,Coordinates,Order,Distance,Time
891,"[[0, 0], [15, 127], [9, 75], [13, 53], [19, 66], [18, 4], [19, 124], [14, 83], [21, 148], [5, 101], [15, 115], [3, 107], [7, 37], [10, 99], [11, 102], [11, 113], [1, 124], [27, 132], [12, 101], [30, 85], [4, 61], [0, 0]]","[0, 12, 20, 2, 7, 13, 18, 14, 9, 11, 15, 10, 6, 17, 8, 1, 16, 19, 4, 3, 5, 21]",359.7326667325073,14.530614852905273
