Id,Coordinates,Order,Distance,Time
1050,"[[0, 0], [31, 10], [170, 22], [184, 17], [111, 3], [89, 19], [103, 3], [100, 21], [17, 5], [167, 21], [62, 23], [140, 9], [5, 8], [77, 5], [159, 16], [172, 19], [130, 11], [74, 9], [146, 7], [14, 20], [89, 18], [0, 0]]","[0, 12, 8, 1, 17, 13, 20, 5, 6, 4, 16, 11, 18, 14, 9, 2, 15, 3, 7, 10, 19, 21]",407.6044858391096,14.390918493270874
