Id,Coordinates,Order,Distance,Time
2092,"[[0, 0], [82, 41], [74, 136], [22, 131], [89, 1], [100, 38], [15, 50], [83, 66], [130, 16], [33, 84], [93, 101], [53, 55], [94, 131], [79, 132], [58, 47], [62, 38], [8, 10], [100, 86], [19, 134], [67, 79], [13, 107], [0, 0]]","[0, 16, 6, 11, 14, 15, 7, 17, 10, 12, 13, 2, 3, 18, 20, 9, 19, 1, 5, 8, 4, 21]",617.2328413928434,14.159498929977417
