Id,Coordinates,Order,Distance,Time
1682,"[[0, 0], [13, 105], [50, 83], [72, 55], [36, 138], [35, 148], [59, 137], [70, 67], [31, 18], [58, 89], [29, 21], [25, 140], [71, 108], [35, 163], [40, 117], [28, 115], [70, 74], [52, 148], [46, 179], [74, 13], [44, 184], [0, 0]]","[0, 10, 8, 19, 3, 7, 16, 2, 9, 12, 6, 17, 18, 20, 13, 5, 11, 4, 14, 15, 1, 21]",498.45689354104616,22.261030912399292
