Id,Coordinates,Order,Distance,Time
5907,"[[0, 0], [11, 160], [71, 9], [125, 21], [117, 91], [85, 89], [27, 136], [68, 10], [76, 63], [34, 38], [80, 153], [142, 123], [125, 109], [63, 150], [11, 113], [121, 82], [12, 53], [48, 1], [33, 145], [110, 90], [47, 102], [0, 0]]","[0, 17, 2, 7, 9, 16, 14, 6, 1, 18, 13, 10, 20, 5, 19, 4, 12, 11, 15, 3, 8, 21]",781.5396952637952,14.440614700317383
