Id,Coordinates,Order,Distance,Time
384,"[[0, 0], [19, 10], [18, 117], [34, 68], [34, 122], [32, 18], [9, 148], [15, 134], [21, 68], [30, 87], [34, 27], [12, 118], [9, 74], [25, 27], [26, 116], [3, 145], [1, 83], [6, 37], [14, 70], [31, 107], [6, 147], [0, 0]]","[0, 1, 5, 10, 13, 18, 8, 3, 9, 19, 14, 2, 11, 7, 6, 20, 15, 4, 16, 12, 17, 21]",397.11492668380026,14.11226487159729
