Id,Coordinates,Order,Distance,Time
4961,"[[0, 0], [72, 103], [32, 97], [157, 131], [104, 102], [140, 94], [133, 5], [125, 102], [103, 82], [113, 17], [107, 126], [17, 33], [86, 114], [56, 59], [122, 94], [142, 30], [50, 99], [150, 69], [86, 113], [21, 84], [121, 85], [0, 0]]","[0, 11, 13, 19, 2, 16, 1, 18, 12, 10, 7, 14, 20, 8, 4, 3, 5, 17, 15, 6, 9, 21]",643.807869251884,14.716751098632812
