Id,Coordinates,Order,Distance,Time
5597,"[[0, 0], [148, 2], [126, 21], [10, 4], [137, 6], [135, 6], [114, 1], [134, 4], [108, 15], [74, 2], [168, 2], [46, 9], [16, 1], [131, 15], [169, 12], [55, 11], [144, 6], [13, 11], [22, 14], [15, 19], [165, 4], [0, 0]]","[0, 3, 17, 19, 18, 9, 6, 7, 5, 4, 16, 1, 20, 10, 14, 13, 2, 8, 15, 11, 12, 21]",369.85512904813504,13.30748963356018
