Id,Coordinates,Order,Distance,Time
6646,"[[0, 0], [1, 20], [5, 15], [5, 14], [6, 12], [8, 19], [3, 22], [4, 14], [7, 6], [4, 3], [10, 22], [4, 12], [7, 8], [6, 6], [4, 6], [8, 22], [1, 11], [3, 20], [1, 10], [9, 12], [8, 14], [0, 0]]","[0, 9, 14, 13, 8, 12, 11, 7, 2, 3, 4, 19, 20, 5, 10, 15, 6, 17, 1, 16, 18, 21]",68.54177641395756,17.443724155426025
