Id,Coordinates,Order,Distance,Time
7984,"[[0, 0], [143, 138], [47, 140], [130, 73], [136, 74], [99, 78], [86, 8], [4, 79], [128, 38], [19, 79], [93, 52], [80, 107], [142, 2], [123, 103], [108, 71], [52, 14], [101, 36], [57, 125], [52, 2], [88, 67], [134, 135], [0, 0]]","[0, 15, 10, 19, 5, 14, 3, 4, 13, 20, 1, 11, 17, 2, 7, 9, 16, 8, 12, 6, 18, 21]",763.0570105873563,16.33127188682556
