Id,Coordinates,Order,Distance,Time
7036,"[[0, 0], [55, 45], [104, 43], [123, 21], [45, 49], [42, 28], [70, 16], [1, 10], [37, 12], [71, 39], [132, 6], [111, 16], [102, 36], [64, 3], [31, 12], [71, 17], [94, 42], [20, 36], [35, 4], [14, 29], [109, 30], [0, 0]]","[0, 7, 19, 17, 14, 8, 5, 6, 15, 4, 1, 9, 16, 12, 2, 20, 3, 10, 11, 13, 18, 21]",416.2303725333578,15.920999526977539
