Id,Coordinates,Order,Distance,Time
4645,"[[0, 0], [77, 151], [12, 101], [30, 155], [51, 65], [17, 164], [65, 59], [25, 178], [37, 49], [76, 32], [56, 10], [61, 113], [38, 17], [2, 36], [90, 54], [3, 91], [18, 174], [6, 47], [98, 29], [32, 146], [93, 59], [0, 0]]","[0, 6, 20, 14, 18, 9, 10, 12, 13, 17, 15, 2, 19, 3, 5, 16, 7, 1, 11, 4, 8, 21]",651.9807182169073,14.274904251098633
