Id,Coordinates,Order,Distance,Time
9257,"[[0, 0], [25, 51], [25, 10], [26, 51], [97, 14], [57, 18], [3, 27], [45, 17], [5, 29], [57, 24], [17, 46], [69, 26], [89, 56], [53, 47], [65, 5], [58, 27], [40, 54], [87, 42], [32, 25], [28, 19], [44, 16], [0, 0]]","[0, 2, 19, 18, 20, 7, 5, 9, 15, 11, 14, 4, 17, 12, 13, 16, 3, 1, 10, 8, 6, 21]",317.2083885795845,13.519572734832764
