Id,Coordinates,Order,Distance,Time
9159,"[[0, 0], [18, 10], [26, 27], [8, 41], [76, 54], [78, 24], [18, 82], [13, 20], [106, 70], [56, 29], [34, 30], [87, 14], [35, 41], [26, 49], [58, 5], [17, 86], [11, 30], [25, 20], [95, 35], [89, 14], [64, 32], [0, 0]]","[0, 1, 7, 16, 3, 13, 12, 10, 14, 9, 20, 5, 11, 19, 18, 8, 4, 15, 6, 2, 17, 21]",452.4529106488591,14.999088287353516
