Id,Coordinates,Order,Distance,Time
8594,"[[0, 0], [124, 70], [19, 70], [27, 93], [29, 97], [144, 23], [98, 67], [30, 101], [156, 78], [119, 63], [77, 55], [149, 1], [7, 139], [87, 90], [10, 128], [46, 56], [66, 78], [81, 77], [3, 26], [103, 80], [110, 15], [0, 0]]","[0, 18, 2, 3, 4, 7, 14, 12, 16, 17, 13, 19, 6, 9, 1, 8, 5, 11, 20, 10, 15, 21]",635.5512573582381,13.910346984863281
