Id,Coordinates,Order,Distance,Time
3093,"[[0, 0], [26, 23], [14, 22], [16, 17], [3, 12], [17, 9], [9, 11], [11, 13], [12, 15], [28, 1], [17, 16], [29, 13], [22, 5], [8, 5], [29, 20], [17, 17], [8, 3], [26, 10], [11, 15], [18, 24], [24, 6], [0, 0]]","[0, 16, 13, 6, 7, 18, 8, 10, 15, 3, 2, 19, 1, 14, 11, 17, 20, 9, 12, 5, 4, 21]",113.13567771954851,15.463623046875
