Id,Coordinates,Order,Distance,Time
3051,"[[0, 0], [35, 39], [34, 24], [73, 39], [89, 38], [134, 38], [37, 31], [30, 37], [94, 26], [45, 37], [17, 10], [104, 33], [145, 21], [28, 6], [96, 21], [122, 14], [101, 38], [12, 21], [25, 7], [75, 24], [123, 4], [0, 0]]","[0, 10, 18, 13, 2, 6, 1, 7, 9, 3, 19, 8, 14, 15, 20, 12, 5, 11, 16, 4, 17, 21]",389.6572688245043,15.204693078994751
