Id,Coordinates,Order,Distance,Time
7450,"[[0, 0], [20, 65], [88, 175], [90, 86], [57, 169], [114, 47], [45, 102], [2, 35], [82, 60], [20, 4], [46, 27], [100, 34], [79, 133], [60, 122], [95, 22], [75, 178], [23, 197], [12, 187], [79, 140], [46, 9], [110, 51], [0, 0]]","[0, 7, 1, 6, 13, 12, 18, 2, 15, 4, 16, 17, 3, 8, 20, 5, 11, 14, 10, 19, 9, 21]",632.2832010204874,16.692134618759155
