Id,Coordinates,Order,Distance,Time
8159,"[[0, 0], [43, 44], [16, 41], [44, 28], [43, 74], [52, 72], [29, 36], [50, 4], [22, 53], [24, 82], [11, 46], [9, 10], [46, 98], [6, 32], [29, 78], [60, 56], [60, 80], [13, 62], [32, 82], [16, 71], [43, 23], [0, 0]]","[0, 11, 13, 2, 10, 8, 17, 19, 9, 14, 18, 12, 16, 4, 5, 15, 1, 6, 3, 20, 7, 21]",334.0797072018163,22.43428134918213
