Id,Coordinates,Order,Distance,Time
1998,"[[0, 0], [12, 22], [4, 34], [2, 103], [1, 72], [10, 87], [13, 83], [12, 29], [13, 56], [7, 25], [3, 84], [7, 16], [1, 120], [3, 65], [4, 95], [6, 70], [11, 43], [4, 27], [7, 118], [4, 34], [11, 51], [0, 0]]","[0, 11, 9, 17, 2, 19, 16, 20, 13, 15, 4, 10, 14, 3, 12, 18, 5, 6, 8, 7, 1, 21]",259.8464892861782,17.374617338180542
