Id,Coordinates,Order,Distance,Time
5850,"[[0, 0], [45, 104], [39, 64], [44, 125], [22, 66], [73, 89], [5, 68], [20, 57], [8, 52], [9, 5], [57, 63], [6, 93], [38, 22], [75, 103], [53, 86], [6, 52], [22, 27], [47, 29], [26, 35], [51, 59], [65, 66], [0, 0]]","[0, 9, 16, 18, 12, 17, 19, 10, 20, 14, 1, 3, 13, 5, 2, 7, 4, 11, 6, 8, 15, 21]",433.80696410549217,14.02480697631836
