Id,Coordinates,Order,Distance,Time
2622,"[[0, 0], [3, 2], [126, 83], [31, 11], [67, 109], [5, 94], [97, 98], [78, 124], [49, 99], [13, 11], [114, 116], [108, 40], [83, 77], [58, 41], [8, 59], [30, 67], [17, 1], [28, 99], [83, 15], [102, 118], [61, 1], [0, 0]]","[0, 16, 3, 20, 18, 11, 12, 6, 2, 10, 19, 7, 4, 8, 17, 5, 14, 15, 13, 9, 1, 21]",552.4696290918188,16.153446912765503
