Id,Coordinates,Order,Distance,Time
6222,"[[0, 0], [53, 53], [42, 6], [2, 65], [18, 31], [44, 87], [16, 53], [26, 97], [77, 38], [40, 23], [51, 78], [82, 93], [87, 13], [81, 77], [90, 15], [54, 21], [70, 46], [51, 78], [56, 81], [36, 52], [21, 94], [0, 0]]","[0, 4, 6, 3, 20, 7, 5, 10, 17, 18, 11, 13, 16, 8, 14, 12, 15, 1, 19, 9, 2, 21]",443.73658758909653,14.00924801826477
