Id,Coordinates,Order,Distance,Time
8010,"[[0, 0], [29, 4], [61, 13], [42, 8], [147, 11], [132, 15], [17, 6], [111, 18], [89, 6], [126, 3], [70, 20], [148, 5], [75, 20], [114, 2], [139, 16], [9, 3], [142, 2], [50, 16], [41, 6], [119, 10], [68, 12], [0, 0]]","[0, 15, 6, 1, 18, 3, 17, 2, 10, 12, 7, 19, 5, 14, 4, 11, 16, 9, 13, 8, 20, 21]",317.59062436039915,16.91612935066223
