Id,Coordinates,Order,Distance,Time
4234,"[[0, 0], [49, 143], [37, 2], [18, 57], [52, 149], [36, 23], [39, 14], [40, 39], [83, 53], [104, 81], [61, 28], [48, 99], [34, 99], [26, 74], [115, 2], [48, 19], [123, 128], [14, 123], [45, 110], [46, 16], [108, 32], [0, 0]]","[0, 2, 6, 19, 15, 5, 7, 10, 14, 20, 8, 9, 16, 4, 1, 18, 11, 12, 17, 13, 3, 21]",620.6811262838484,17.053842067718506
