Id,Coordinates,Order,Distance,Time
5810,"[[0, 0], [75, 36], [70, 6], [34, 53], [13, 18], [32, 9], [27, 54], [29, 48], [27, 4], [31, 14], [24, 64], [15, 12], [35, 6], [65, 21], [59, 53], [33, 50], [39, 58], [84, 34], [46, 16], [42, 16], [8, 7], [0, 0]]","[0, 20, 11, 8, 5, 12, 9, 19, 18, 13, 2, 17, 1, 14, 16, 3, 15, 7, 6, 10, 4, 21]",289.00740774257935,13.406152248382568
