Id,Coordinates,Order,Distance,Time
1241,"[[0, 0], [3, 69], [7, 14], [10, 170], [9, 54], [11, 105], [7, 129], [3, 129], [5, 78], [5, 54], [2, 175], [9, 22], [7, 177], [10, 33], [9, 21], [14, 170], [9, 124], [12, 56], [9, 119], [3, 17], [13, 103], [0, 0]]","[0, 2, 14, 11, 13, 4, 17, 8, 20, 5, 18, 16, 6, 3, 15, 12, 10, 7, 1, 9, 19, 21]",371.15319856631027,17.34696912765503
