Id,Coordinates,Order,Distance,Time
8176,"[[0, 0], [5, 4], [8, 6], [16, 6], [17, 9], [14, 4], [8, 2], [31, 10], [37, 4], [2, 9], [25, 8], [36, 2], [11, 9], [1, 7], [4, 13], [11, 10], [23, 10], [25, 10], [22, 9], [4, 12], [17, 4], [0, 0]]","[0, 1, 6, 2, 3, 4, 18, 16, 17, 10, 7, 8, 11, 20, 5, 12, 15, 14, 19, 9, 13, 21]",102.09545664759469,12.470446586608887
