Id,Coordinates,Order,Distance,Time
5563,"[[0, 0], [16, 61], [52, 31], [27, 107], [68, 25], [51, 54], [26, 129], [26, 127], [18, 31], [53, 109], [65, 54], [73, 69], [66, 75], [44, 84], [30, 73], [78, 41], [5, 72], [6, 23], [53, 75], [17, 88], [12, 66], [0, 0]]","[0, 17, 8, 1, 20, 14, 13, 18, 12, 10, 5, 2, 4, 15, 11, 9, 6, 7, 3, 19, 16, 21]",472.94294653943797,17.10160994529724
