Id,Coordinates,Order,Distance,Time
3668,"[[0, 0], [8, 126], [159, 131], [103, 7], [82, 117], [131, 141], [70, 84], [112, 45], [95, 87], [95, 130], [1, 34], [138, 75], [134, 105], [56, 27], [94, 49], [53, 6], [162, 146], [135, 107], [53, 53], [135, 151], [126, 114], [0, 0]]","[0, 18, 13, 15, 3, 7, 14, 6, 8, 11, 17, 12, 20, 2, 16, 19, 5, 9, 4, 1, 10, 21]",735.0195373759607,14.531856536865234
