Id,Coordinates,Order,Distance,Time
1222,"[[0, 0], [6, 31], [2, 44], [12, 25], [21, 83], [17, 79], [3, 106], [9, 140], [13, 133], [12, 77], [9, 100], [24, 16], [24, 140], [12, 111], [17, 47], [18, 97], [24, 31], [11, 59], [21, 40], [9, 73], [19, 4], [0, 0]]","[0, 20, 11, 3, 1, 2, 17, 19, 9, 5, 4, 10, 6, 13, 8, 7, 12, 15, 14, 18, 16, 21]",351.0350549315833,17.492398738861084
