Id,Coordinates,Order,Distance,Time
9917,"[[0, 0], [12, 133], [107, 59], [93, 99], [87, 24], [101, 69], [98, 128], [53, 28], [73, 23], [38, 121], [67, 36], [56, 107], [150, 93], [107, 77], [13, 113], [158, 131], [143, 94], [82, 25], [144, 124], [135, 17], [94, 137], [0, 0]]","[0, 7, 10, 17, 2, 5, 13, 3, 11, 9, 14, 1, 20, 6, 18, 15, 12, 16, 19, 4, 8, 21]",706.7120342324565,17.648473978042603
