Id,Coordinates,Order,Distance,Time
3998,"[[0, 0], [10, 32], [10, 18], [3, 19], [4, 45], [1, 17], [7, 22], [12, 28], [3, 6], [10, 1], [14, 19], [10, 16], [5, 27], [7, 19], [10, 11], [7, 3], [9, 4], [8, 28], [14, 37], [6, 10], [4, 33], [0, 0]]","[0, 15, 16, 9, 14, 11, 2, 13, 6, 3, 5, 12, 17, 1, 18, 4, 20, 7, 10, 19, 8, 21]",135.02226357082333,15.846629858016968
