Id,Coordinates,Order,Distance,Time
2576,"[[0, 0], [108, 12], [76, 18], [106, 15], [101, 26], [150, 18], [5, 12], [126, 25], [123, 28], [42, 12], [157, 21], [20, 4], [55, 31], [20, 8], [62, 2], [153, 8], [67, 23], [148, 27], [155, 26], [29, 28], [6, 6], [0, 0]]","[0, 20, 6, 19, 12, 16, 2, 4, 3, 1, 8, 7, 17, 18, 10, 5, 15, 14, 9, 13, 11, 21]",374.33261320005926,17.10698890686035
