Id,Coordinates,Order,Distance,Time
1630,"[[0, 0], [66, 11], [63, 45], [46, 86], [68, 93], [100, 20], [85, 25], [24, 49], [65, 19], [55, 33], [53, 92], [35, 3], [68, 57], [88, 34], [69, 34], [32, 10], [29, 63], [114, 65], [12, 54], [7, 58], [52, 5], [0, 0]]","[0, 15, 11, 20, 1, 8, 9, 2, 12, 14, 13, 6, 5, 17, 4, 10, 3, 16, 7, 18, 19, 21]",439.02248937834446,14.209670782089233
