Id,Coordinates,Order,Distance,Time
9318,"[[0, 0], [171, 1], [55, 59], [99, 55], [6, 75], [37, 140], [149, 153], [166, 39], [134, 33], [48, 36], [72, 76], [25, 149], [59, 81], [42, 10], [73, 34], [14, 81], [100, 60], [64, 99], [151, 43], [51, 160], [25, 111], [0, 0]]","[0, 9, 2, 12, 17, 19, 5, 11, 20, 15, 4, 10, 3, 16, 6, 18, 7, 1, 8, 14, 13, 21]",872.42580026044,19.939784049987793
