Id,Coordinates,Order,Distance,Time
2468,"[[0, 0], [77, 120], [13, 149], [70, 136], [37, 35], [75, 173], [74, 137], [53, 180], [74, 5], [34, 18], [27, 9], [25, 111], [36, 173], [32, 66], [9, 10], [12, 176], [60, 172], [43, 101], [66, 168], [62, 28], [73, 38], [0, 0]]","[0, 14, 10, 9, 8, 19, 20, 17, 11, 2, 15, 12, 7, 16, 18, 5, 6, 3, 1, 13, 4, 21]",562.9225183223695,16.332507133483887
