Id,Coordinates,Order,Distance,Time
221,"[[0, 0], [8, 116], [2, 4], [13, 90], [10, 39], [28, 139], [40, 95], [23, 36], [40, 106], [10, 154], [26, 113], [6, 15], [14, 43], [41, 74], [39, 157], [22, 63], [41, 137], [22, 147], [41, 9], [15, 120], [13, 114], [0, 0]]","[0, 2, 11, 4, 12, 15, 13, 6, 8, 10, 20, 1, 19, 5, 17, 9, 14, 16, 3, 7, 18, 21]",443.04326422751916,15.08189058303833
