Id,Coordinates,Order,Distance,Time
6333,"[[0, 0], [15, 8], [30, 44], [31, 2], [20, 48], [38, 59], [69, 55], [62, 26], [22, 34], [10, 53], [59, 7], [10, 55], [54, 60], [51, 42], [46, 42], [60, 6], [71, 50], [32, 23], [69, 16], [25, 15], [2, 20], [0, 0]]","[0, 20, 19, 17, 8, 2, 4, 9, 11, 5, 12, 6, 16, 13, 14, 7, 18, 15, 10, 3, 1, 21]",309.1755345171068,15.481133222579956
