Id,Coordinates,Order,Distance,Time
6953,"[[0, 0], [8, 19], [115, 10], [111, 16], [97, 9], [36, 9], [60, 35], [63, 31], [160, 29], [123, 5], [59, 23], [28, 12], [48, 13], [178, 13], [142, 13], [3, 19], [100, 10], [1, 33], [168, 14], [59, 22], [45, 12], [0, 0]]","[0, 15, 17, 1, 11, 20, 12, 19, 10, 6, 7, 4, 16, 2, 9, 14, 18, 13, 8, 3, 5, 21]",433.626223489169,17.355358600616455
