Id,Coordinates,Order,Distance,Time
2709,"[[0, 0], [25, 75], [10, 125], [57, 111], [50, 43], [8, 103], [13, 92], [26, 44], [33, 76], [19, 86], [57, 65], [14, 58], [40, 36], [8, 97], [32, 147], [29, 77], [44, 85], [39, 15], [55, 109], [2, 12], [47, 63], [0, 0]]","[0, 17, 12, 4, 10, 20, 8, 15, 9, 6, 13, 5, 2, 14, 3, 18, 16, 1, 11, 7, 19, 21]",404.12420066859084,17.154052019119263
