Id,Coordinates,Order,Distance,Time
5964,"[[0, 0], [30, 12], [4, 67], [7, 13], [33, 3], [7, 26], [28, 8], [5, 30], [29, 21], [1, 4], [5, 18], [30, 39], [2, 18], [3, 51], [23, 19], [20, 29], [17, 47], [30, 56], [1, 7], [5, 1], [20, 62], [0, 0]]","[0, 9, 18, 3, 10, 12, 5, 7, 14, 1, 6, 4, 8, 16, 13, 2, 20, 17, 11, 15, 19, 21]",253.5344349586253,16.515371799468994
