Id,Coordinates,Order,Distance,Time
5374,"[[0, 0], [34, 79], [49, 100], [21, 141], [54, 113], [61, 122], [40, 18], [60, 30], [48, 40], [48, 67], [56, 82], [61, 137], [8, 96], [55, 126], [48, 10], [10, 95], [62, 106], [22, 7], [45, 122], [61, 46], [44, 45], [0, 0]]","[0, 17, 6, 14, 7, 8, 20, 19, 9, 10, 2, 16, 4, 5, 11, 13, 18, 3, 12, 15, 1, 21]",447.07064410093506,17.19504714012146
