Id,Coordinates,Order,Distance,Time
7738,"[[0, 0], [1, 14], [72, 40], [53, 7], [9, 50], [55, 15], [54, 23], [39, 43], [29, 15], [37, 2], [51, 23], [18, 3], [35, 48], [33, 17], [47, 17], [70, 50], [17, 56], [9, 31], [33, 6], [9, 18], [12, 8], [0, 0]]","[0, 20, 11, 9, 18, 8, 13, 14, 3, 5, 10, 6, 2, 15, 7, 12, 16, 4, 17, 19, 1, 21]",263.9071409216655,15.242337942123413
