Id,Coordinates,Order,Distance,Time
7855,"[[0, 0], [167, 7], [100, 137], [27, 135], [78, 32], [26, 68], [11, 100], [83, 105], [162, 109], [19, 126], [165, 35], [68, 21], [154, 18], [117, 55], [116, 6], [152, 44], [68, 63], [173, 99], [33, 24], [52, 103], [47, 127], [0, 0]]","[0, 5, 6, 9, 3, 20, 19, 7, 2, 8, 17, 15, 10, 12, 1, 14, 13, 16, 4, 11, 18, 21]",727.6406135361963,14.175082921981812
