Id,Coordinates,Order,Distance,Time
5501,"[[0, 0], [47, 127], [5, 152], [81, 154], [1, 34], [57, 18], [71, 59], [50, 21], [20, 33], [11, 3], [47, 138], [63, 25], [22, 96], [28, 151], [88, 38], [61, 11], [67, 2], [48, 164], [47, 49], [47, 156], [26, 73], [0, 0]]","[0, 9, 4, 20, 12, 1, 10, 2, 13, 19, 17, 3, 6, 14, 11, 5, 15, 16, 7, 18, 8, 21]",595.4016402611975,16.327637910842896
