Id,Coordinates,Order,Distance,Time
6023,"[[0, 0], [3, 13], [2, 15], [13, 25], [6, 2], [9, 24], [1, 12], [2, 34], [11, 23], [15, 7], [11, 30], [11, 27], [4, 12], [15, 5], [4, 19], [3, 26], [1, 16], [16, 10], [8, 35], [8, 14], [16, 1], [0, 0]]","[0, 20, 13, 9, 17, 19, 12, 1, 2, 14, 5, 8, 3, 11, 10, 18, 7, 15, 16, 6, 4, 21]",115.49832463485964,16.10488247871399
