Id,Coordinates,Order,Distance,Time
1390,"[[0, 0], [25, 8], [22, 7], [70, 8], [28, 9], [60, 15], [17, 7], [66, 11], [46, 1], [39, 10], [13, 9], [46, 8], [47, 12], [65, 12], [77, 14], [20, 3], [64, 7], [14, 16], [66, 5], [57, 15], [82, 9], [0, 0]]","[0, 10, 17, 2, 1, 4, 9, 11, 12, 19, 5, 13, 7, 16, 3, 14, 20, 18, 8, 15, 6, 21]",196.5782517530096,19.49948239326477
