Id,Coordinates,Order,Distance,Time
8317,"[[0, 0], [29, 22], [126, 19], [180, 6], [175, 16], [18, 2], [35, 20], [137, 37], [114, 42], [142, 44], [90, 35], [113, 42], [170, 41], [112, 21], [83, 19], [165, 42], [24, 36], [128, 23], [127, 49], [21, 50], [163, 46], [0, 0]]","[0, 16, 19, 10, 11, 8, 18, 7, 9, 20, 15, 12, 4, 3, 17, 2, 13, 14, 6, 1, 5, 21]",456.22958272455634,14.60052752494812
