Id,Coordinates,Order,Distance,Time
2672,"[[0, 0], [8, 33], [29, 73], [28, 49], [26, 88], [5, 38], [21, 49], [21, 69], [2, 22], [7, 47], [12, 45], [1, 92], [17, 91], [3, 77], [22, 1], [27, 92], [16, 78], [24, 38], [14, 53], [5, 57], [19, 80], [0, 0]]","[0, 14, 8, 1, 5, 9, 10, 18, 6, 3, 7, 2, 20, 16, 4, 15, 12, 11, 13, 19, 17, 21]",303.63611009069893,14.553791046142578
