Id,Coordinates,Order,Distance,Time
4499,"[[0, 0], [5, 14], [12, 9], [31, 12], [23, 5], [3, 16], [22, 12], [1, 4], [17, 13], [14, 6], [28, 7], [16, 17], [11, 3], [29, 3], [24, 15], [3, 16], [6, 10], [14, 1], [26, 1], [27, 4], [5, 4], [0, 0]]","[0, 7, 20, 16, 1, 5, 15, 11, 8, 6, 14, 3, 10, 19, 13, 18, 4, 2, 9, 17, 12, 21]",108.79166075783982,15.93432092666626
