Id,Coordinates,Order,Distance,Time
2752,"[[0, 0], [61, 101], [53, 186], [86, 14], [36, 4], [93, 109], [15, 8], [24, 117], [39, 96], [50, 14], [52, 31], [41, 2], [121, 52], [32, 166], [121, 114], [51, 161], [6, 32], [22, 174], [1, 7], [58, 148], [19, 12], [0, 0]]","[0, 6, 20, 4, 11, 9, 10, 3, 12, 14, 5, 1, 19, 15, 2, 17, 13, 7, 8, 16, 18, 21]",604.0678306120435,22.220945119857788
