Id,Coordinates,Order,Distance,Time
659,"[[0, 0], [25, 113], [49, 36], [14, 60], [82, 35], [63, 90], [135, 25], [72, 48], [115, 93], [92, 44], [136, 52], [19, 13], [105, 64], [8, 9], [135, 78], [146, 85], [103, 117], [6, 114], [70, 1], [125, 29], [61, 28], [0, 0]]","[0, 13, 11, 20, 4, 9, 12, 14, 15, 10, 6, 19, 18, 3, 17, 1, 5, 16, 8, 7, 2, 21]",730.3781844453171,13.200796365737915
