Id,Coordinates,Order,Distance,Time
2522,"[[0, 0], [120, 12], [118, 135], [32, 134], [36, 19], [121, 93], [82, 126], [93, 24], [46, 55], [112, 140], [111, 30], [113, 163], [72, 29], [80, 123], [58, 90], [14, 59], [134, 21], [44, 82], [10, 105], [126, 30], [94, 140], [0, 0]]","[0, 4, 8, 17, 14, 13, 6, 20, 11, 9, 2, 5, 19, 16, 1, 10, 7, 12, 3, 18, 15, 21]",692.8871492621864,17.781877756118774
