Id,Coordinates,Order,Distance,Time
3522,"[[0, 0], [16, 45], [18, 6], [17, 40], [9, 32], [19, 25], [11, 33], [24, 9], [6, 3], [12, 68], [11, 28], [16, 20], [24, 25], [4, 63], [14, 38], [2, 55], [21, 23], [26, 12], [9, 13], [14, 32], [26, 63], [0, 0]]","[0, 18, 11, 5, 10, 4, 6, 19, 14, 3, 1, 15, 13, 9, 20, 12, 16, 17, 7, 2, 8, 21]",196.54427137129179,18.397016525268555
