Id,Coordinates,Order,Distance,Time
8732,"[[0, 0], [102, 18], [36, 45], [80, 33], [71, 19], [101, 40], [73, 13], [3, 1], [108, 30], [39, 24], [1, 44], [52, 41], [62, 49], [19, 13], [87, 33], [55, 21], [85, 39], [9, 25], [76, 8], [22, 26], [38, 2], [0, 0]]","[0, 13, 19, 17, 10, 2, 11, 12, 3, 14, 16, 5, 8, 1, 18, 6, 4, 15, 9, 20, 7, 21]",345.00710301494126,17.303404808044434
