Id,Coordinates,Order,Distance,Time
5541,"[[0, 0], [27, 84], [7, 27], [22, 11], [2, 82], [1, 82], [5, 114], [6, 73], [4, 114], [13, 19], [5, 111], [6, 105], [16, 46], [16, 88], [16, 59], [12, 20], [13, 66], [20, 88], [2, 99], [6, 57], [27, 89], [0, 0]]","[0, 9, 15, 2, 12, 14, 16, 7, 13, 17, 1, 20, 11, 10, 6, 8, 18, 5, 4, 19, 3, 21]",286.93090651950115,13.61649465560913
