Id,Coordinates,Order,Distance,Time
218,"[[0, 0], [36, 39], [22, 57], [24, 47], [8, 65], [32, 121], [7, 72], [5, 62], [16, 43], [1, 20], [22, 104], [18, 126], [25, 42], [33, 60], [34, 107], [4, 93], [25, 29], [7, 104], [31, 154], [8, 141], [24, 54], [0, 0]]","[0, 16, 12, 3, 20, 2, 13, 1, 8, 7, 4, 6, 10, 14, 5, 18, 19, 11, 17, 15, 9, 21]",420.67253773340775,15.647142171859741
