Id,Coordinates,Order,Distance,Time
8665,"[[0, 0], [102, 75], [133, 97], [62, 95], [104, 58], [11, 69], [75, 48], [47, 90], [95, 75], [6, 53], [79, 27], [101, 86], [91, 75], [47, 45], [51, 32], [74, 18], [124, 6], [69, 53], [82, 82], [26, 93], [50, 98], [0, 0]]","[0, 9, 5, 19, 7, 20, 3, 18, 12, 8, 1, 11, 2, 4, 17, 6, 10, 16, 15, 14, 13, 21]",550.4874719312899,17.56786012649536
