Id,Coordinates,Order,Distance,Time
9170,"[[0, 0], [56, 81], [60, 136], [41, 138], [58, 111], [52, 37], [10, 86], [5, 89], [5, 90], [61, 52], [56, 48], [34, 73], [14, 112], [67, 69], [14, 8], [42, 83], [26, 84], [54, 46], [27, 45], [52, 18], [45, 49], [0, 0]]","[0, 18, 20, 17, 10, 9, 13, 15, 11, 16, 6, 7, 8, 12, 3, 2, 4, 1, 5, 19, 14, 21]",438.7843022164027,16.79526400566101
