Id,Coordinates,Order,Distance,Time
596,"[[0, 0], [82, 154], [104, 64], [9, 158], [57, 100], [63, 6], [12, 11], [94, 129], [113, 124], [64, 103], [4, 163], [9, 54], [90, 151], [89, 157], [75, 149], [77, 168], [74, 20], [43, 74], [55, 171], [52, 100], [105, 148], [0, 0]]","[0, 11, 17, 9, 7, 8, 20, 12, 13, 1, 14, 15, 18, 10, 3, 19, 4, 2, 16, 5, 6, 21]",626.2273110277927,13.684995412826538
