Id,Coordinates,Order,Distance,Time
2767,"[[0, 0], [63, 59], [28, 114], [44, 91], [13, 72], [57, 85], [12, 114], [51, 12], [57, 44], [28, 75], [85, 10], [21, 21], [76, 58], [44, 42], [9, 102], [55, 77], [48, 4], [61, 17], [82, 29], [74, 117], [35, 46], [0, 0]]","[0, 11, 20, 13, 8, 1, 15, 5, 3, 9, 4, 14, 6, 2, 19, 12, 18, 10, 17, 7, 16, 21]",482.2018159279621,15.473106622695923
