Id,Coordinates,Order,Distance,Time
86,"[[0, 0], [4, 10], [10, 15], [17, 14], [51, 76], [54, 29], [52, 14], [27, 5], [4, 54], [24, 82], [69, 61], [52, 90], [33, 87], [81, 9], [28, 86], [109, 15], [118, 87], [35, 7], [12, 23], [118, 19], [73, 46], [0, 0]]","[0, 1, 2, 18, 3, 7, 17, 6, 5, 20, 10, 4, 12, 14, 9, 8, 11, 16, 19, 15, 13, 21]",536.1011102831287,19.149380445480347
