Id,Coordinates,Order,Distance,Time
7176,"[[0, 0], [1, 83], [13, 97], [58, 50], [29, 86], [4, 58], [67, 44], [58, 138], [56, 33], [45, 166], [44, 92], [16, 145], [7, 79], [67, 115], [60, 121], [63, 84], [18, 11], [36, 98], [7, 85], [29, 128], [50, 34], [0, 0]]","[0, 16, 20, 8, 6, 3, 15, 10, 4, 18, 12, 1, 2, 19, 11, 9, 7, 14, 13, 17, 5, 21]",510.78559466299066,15.089132308959961
