Id,Coordinates,Order,Distance,Time
4844,"[[0, 0], [63, 4], [33, 43], [24, 116], [104, 62], [81, 124], [110, 6], [90, 146], [31, 128], [5, 77], [62, 25], [120, 118], [99, 12], [122, 80], [117, 94], [128, 64], [50, 87], [87, 48], [57, 102], [74, 41], [68, 81], [0, 0]]","[0, 10, 19, 17, 4, 15, 13, 14, 11, 7, 5, 20, 16, 18, 8, 3, 9, 2, 12, 6, 1, 21]",681.8237887793006,15.1888267993927
