Id,Coordinates,Order,Distance,Time
1992,"[[0, 0], [42, 60], [106, 8], [77, 104], [63, 68], [74, 53], [19, 28], [36, 105], [47, 77], [10, 51], [5, 56], [25, 117], [37, 71], [72, 81], [16, 64], [68, 36], [31, 91], [2, 47], [67, 104], [85, 99], [5, 100], [0, 0]]","[0, 6, 17, 9, 10, 14, 12, 1, 13, 19, 3, 18, 7, 11, 20, 16, 8, 4, 5, 15, 2, 21]",531.2332212343803,13.890582799911499
