Id,Coordinates,Order,Distance,Time
3196,"[[0, 0], [11, 15], [7, 27], [13, 20], [5, 23], [24, 24], [14, 4], [18, 22], [8, 7], [25, 27], [11, 6], [18, 5], [4, 22], [23, 9], [16, 18], [25, 16], [1, 6], [27, 5], [24, 26], [3, 16], [18, 19], [0, 0]]","[0, 8, 10, 6, 11, 17, 13, 15, 20, 14, 3, 12, 4, 2, 7, 5, 18, 9, 1, 19, 16, 21]",135.62529392292336,19.954133987426758
