Id,Coordinates,Order,Distance,Time
8117,"[[0, 0], [13, 14], [20, 26], [13, 40], [4, 30], [1, 4], [12, 42], [28, 36], [34, 86], [12, 3], [28, 4], [27, 60], [29, 4], [13, 68], [2, 63], [4, 77], [7, 75], [21, 73], [12, 52], [9, 31], [15, 9], [0, 0]]","[0, 5, 9, 20, 1, 2, 19, 4, 3, 6, 18, 14, 13, 16, 15, 17, 8, 11, 7, 12, 10, 21]",270.89581361396995,16.20964813232422
