Id,Coordinates,Order,Distance,Time
3346,"[[0, 0], [25, 37], [16, 6], [45, 16], [35, 62], [15, 1], [5, 99], [46, 17], [28, 82], [21, 33], [44, 10], [43, 56], [28, 46], [13, 99], [1, 3], [42, 35], [28, 46], [29, 90], [36, 31], [41, 6], [36, 45], [0, 0]]","[0, 5, 2, 19, 10, 3, 7, 18, 15, 20, 12, 16, 11, 4, 8, 17, 13, 6, 1, 9, 14, 21]",294.42703514827076,19.48800253868103
