Id,Coordinates,Order,Distance,Time
3205,"[[0, 0], [127, 50], [29, 46], [135, 50], [158, 62], [96, 21], [111, 11], [18, 42], [55, 42], [62, 30], [101, 50], [26, 41], [102, 39], [113, 57], [163, 49], [136, 19], [132, 12], [115, 17], [127, 31], [112, 22], [98, 16], [0, 0]]","[0, 7, 11, 2, 8, 9, 5, 20, 6, 17, 19, 16, 15, 18, 3, 1, 14, 4, 13, 10, 12, 21]",469.70992263977786,18.82989478111267
