Id,Coordinates,Order,Distance,Time
6908,"[[0, 0], [62, 1], [72, 1], [54, 7], [92, 1], [20, 11], [16, 2], [27, 3], [80, 15], [47, 12], [108, 31], [51, 13], [96, 13], [73, 25], [16, 13], [45, 32], [94, 21], [2, 7], [32, 6], [13, 11], [28, 3], [0, 0]]","[0, 17, 19, 14, 5, 7, 20, 18, 9, 11, 3, 1, 2, 4, 12, 10, 16, 8, 13, 15, 6, 21]",275.31616444369394,16.529196977615356
