Id,Coordinates,Order,Distance,Time
9113,"[[0, 0], [27, 78], [26, 33], [11, 20], [16, 48], [20, 47], [5, 79], [10, 28], [26, 3], [24, 25], [9, 59], [1, 51], [13, 83], [16, 57], [9, 64], [14, 8], [16, 5], [23, 67], [16, 48], [2, 25], [5, 86], [0, 0]]","[0, 15, 16, 8, 9, 2, 5, 4, 18, 13, 17, 1, 12, 20, 6, 14, 10, 11, 19, 7, 3, 21]",239.22981171369423,17.29497480392456
