Id,Coordinates,Order,Distance,Time
9712,"[[0, 0], [4, 113], [113, 96], [61, 183], [104, 58], [73, 136], [43, 9], [48, 92], [74, 59], [64, 36], [85, 87], [104, 122], [87, 114], [102, 117], [37, 9], [116, 60], [31, 4], [101, 78], [21, 95], [39, 121], [63, 64], [0, 0]]","[0, 16, 14, 6, 9, 8, 20, 7, 18, 1, 19, 3, 5, 11, 13, 12, 10, 2, 17, 15, 4, 21]",636.8142649403194,14.657812118530273
