Id,Coordinates,Order,Distance,Time
9456,"[[0, 0], [3, 57], [2, 48], [9, 64], [47, 53], [47, 90], [59, 45], [27, 24], [36, 66], [29, 49], [7, 3], [27, 51], [33, 50], [10, 69], [55, 15], [62, 94], [7, 81], [34, 89], [11, 72], [21, 26], [23, 76], [0, 0]]","[0, 19, 7, 9, 11, 12, 8, 20, 18, 13, 3, 1, 2, 16, 17, 5, 15, 4, 6, 14, 10, 21]",380.1405160360494,15.287331342697144
