Id,Coordinates,Order,Distance,Time
6215,"[[0, 0], [8, 60], [1, 33], [3, 69], [2, 68], [1, 53], [1, 44], [4, 35], [6, 5], [4, 22], [12, 36], [13, 22], [5, 41], [5, 34], [14, 71], [15, 20], [3, 33], [11, 73], [4, 61], [2, 52], [6, 62], [0, 0]]","[0, 8, 15, 11, 13, 7, 16, 2, 12, 6, 19, 5, 18, 20, 4, 3, 17, 14, 1, 10, 9, 21]",177.92618284809944,14.809732675552368
