Id,Coordinates,Order,Distance,Time
6804,"[[0, 0], [157, 56], [55, 56], [124, 65], [156, 98], [151, 9], [12, 69], [42, 124], [30, 80], [188, 25], [131, 128], [164, 79], [158, 12], [35, 136], [101, 13], [150, 17], [99, 18], [128, 116], [64, 45], [184, 116], [106, 46], [0, 0]]","[0, 20, 3, 1, 11, 4, 17, 10, 19, 9, 12, 5, 15, 14, 16, 18, 2, 7, 13, 8, 6, 21]",802.487051001503,19.41796636581421
