Id,Coordinates,Order,Distance,Time
9634,"[[0, 0], [19, 102], [1, 126], [25, 13], [11, 13], [18, 155], [25, 138], [14, 69], [31, 44], [19, 147], [24, 117], [30, 43], [19, 14], [4, 2], [24, 79], [27, 76], [9, 68], [9, 46], [36, 93], [11, 111], [2, 81], [0, 0]]","[0, 13, 4, 12, 3, 11, 8, 14, 15, 18, 1, 10, 6, 9, 5, 2, 19, 20, 16, 7, 17, 21]",369.8415908593709,17.163296222686768
