Id,Coordinates,Order,Distance,Time
4836,"[[0, 0], [5, 39], [5, 97], [6, 9], [7, 60], [5, 30], [9, 32], [17, 32], [13, 32], [16, 107], [10, 92], [9, 91], [4, 9], [12, 8], [15, 115], [4, 44], [18, 60], [3, 16], [8, 48], [6, 45], [15, 73], [0, 0]]","[0, 12, 3, 17, 5, 6, 8, 1, 15, 19, 18, 4, 20, 11, 10, 2, 9, 14, 16, 7, 13, 21]",262.38000831185764,15.30288577079773
