Id,Coordinates,Order,Distance,Time
1301,"[[0, 0], [80, 104], [63, 40], [11, 29], [27, 89], [34, 35], [56, 75], [91, 65], [14, 102], [118, 34], [72, 38], [124, 1], [105, 96], [5, 68], [43, 2], [99, 103], [111, 115], [18, 3], [70, 23], [61, 97], [66, 137], [0, 0]]","[0, 5, 3, 13, 8, 4, 19, 1, 15, 12, 16, 20, 6, 2, 10, 7, 9, 11, 18, 14, 17, 21]",669.1802153274709,17.202402114868164
