Id,Coordinates,Order,Distance,Time
2331,"[[0, 0], [51, 30], [1, 9], [12, 13], [43, 29], [17, 51], [39, 15], [59, 21], [52, 24], [25, 43], [53, 50], [18, 3], [44, 14], [58, 26], [2, 48], [56, 34], [9, 13], [37, 10], [39, 5], [24, 46], [8, 22], [0, 0]]","[0, 2, 16, 3, 11, 17, 18, 12, 6, 4, 1, 15, 13, 7, 8, 10, 19, 5, 14, 9, 20, 21]",275.83472405831924,19.446598052978516
