Id,Coordinates,Order,Distance,Time
3984,"[[0, 0], [54, 32], [7, 33], [24, 11], [17, 21], [22, 26], [38, 6], [55, 22], [33, 18], [3, 35], [11, 44], [37, 25], [4, 17], [55, 15], [8, 19], [15, 36], [47, 2], [40, 41], [23, 6], [36, 7], [1, 44], [0, 0]]","[0, 12, 14, 4, 5, 2, 9, 20, 10, 15, 11, 19, 6, 16, 13, 7, 1, 17, 8, 3, 18, 21]",254.394988103007,17.695271253585815
