Id,Coordinates,Order,Distance,Time
4765,"[[0, 0], [11, 143], [35, 112], [6, 95], [34, 35], [62, 154], [21, 112], [64, 76], [41, 125], [36, 35], [65, 112], [40, 113], [56, 145], [8, 108], [44, 35], [7, 49], [16, 81], [25, 79], [51, 84], [59, 83], [11, 41], [0, 0]]","[0, 4, 9, 14, 7, 19, 18, 17, 6, 2, 11, 8, 10, 5, 12, 1, 13, 3, 16, 15, 20, 21]",486.32109935021685,13.492087841033936
