Id,Coordinates,Order,Distance,Time
6370,"[[0, 0], [91, 29], [61, 31], [149, 50], [162, 72], [125, 34], [52, 51], [2, 98], [68, 41], [47, 60], [9, 47], [11, 55], [30, 56], [125, 62], [45, 40], [139, 78], [168, 83], [132, 71], [81, 96], [165, 99], [38, 22], [0, 0]]","[0, 14, 6, 9, 12, 10, 11, 7, 18, 13, 17, 15, 19, 16, 4, 3, 5, 1, 8, 2, 20, 21]",588.7141336515543,15.298336029052734
