Id,Coordinates,Order,Distance,Time
44,"[[0, 0], [38, 102], [38, 116], [35, 169], [52, 175], [87, 20], [107, 8], [70, 140], [23, 35], [23, 184], [16, 71], [25, 125], [25, 150], [35, 35], [3, 134], [87, 152], [36, 53], [90, 62], [45, 164], [62, 52], [59, 47], [0, 0]]","[0, 8, 13, 16, 20, 19, 5, 6, 17, 2, 11, 14, 12, 3, 9, 18, 4, 15, 7, 1, 10, 21]",669.4172230350156,23.61300015449524
