Id,Coordinates,Order,Distance,Time
292,"[[0, 0], [75, 42], [79, 57], [18, 25], [31, 36], [143, 46], [36, 9], [86, 11], [143, 40], [75, 13], [84, 4], [24, 38], [51, 43], [81, 32], [80, 35], [129, 50], [60, 52], [110, 29], [136, 31], [135, 54], [158, 59], [0, 0]]","[0, 3, 11, 4, 12, 16, 1, 14, 13, 9, 10, 7, 17, 18, 8, 5, 20, 19, 15, 2, 6, 21]",431.1622178909484,14.272096395492554
