Id,Coordinates,Order,Distance,Time
726,"[[0, 0], [12, 54], [43, 1], [20, 64], [31, 26], [15, 68], [31, 70], [35, 63], [38, 29], [53, 40], [10, 101], [54, 88], [9, 71], [48, 159], [16, 86], [53, 132], [3, 46], [8, 22], [34, 70], [13, 119], [35, 104], [0, 0]]","[0, 2, 4, 8, 9, 7, 18, 6, 3, 5, 12, 14, 10, 19, 13, 15, 20, 11, 1, 16, 17, 21]",464.5738033360636,14.92467737197876
