Id,Coordinates,Order,Distance,Time
220,"[[0, 0], [75, 48], [102, 130], [5, 41], [160, 111], [142, 66], [94, 14], [65, 64], [14, 161], [138, 134], [110, 138], [48, 52], [68, 157], [45, 19], [139, 21], [147, 148], [16, 47], [32, 158], [129, 56], [46, 141], [72, 135], [0, 0]]","[0, 3, 16, 11, 1, 6, 14, 18, 5, 4, 15, 9, 10, 2, 20, 12, 17, 8, 19, 7, 13, 21]",715.9065398582942,21.771029472351074
