Id,Coordinates,Order,Distance,Time
639,"[[0, 0], [31, 13], [5, 16], [27, 26], [11, 22], [44, 40], [36, 22], [18, 19], [8, 23], [6, 22], [23, 34], [40, 5], [26, 36], [38, 4], [30, 2], [21, 30], [5, 11], [29, 8], [28, 24], [33, 40], [1, 5], [0, 0]]","[0, 20, 16, 2, 9, 8, 4, 7, 18, 3, 15, 10, 12, 19, 5, 6, 1, 17, 11, 13, 14, 21]",170.50359552122592,14.682636737823486
