Id,Coordinates,Order,Distance,Time
5681,"[[0, 0], [3, 77], [12, 37], [6, 47], [11, 30], [4, 10], [8, 16], [3, 30], [1, 86], [10, 13], [1, 4], [8, 83], [9, 59], [2, 51], [6, 18], [3, 42], [10, 67], [6, 59], [11, 98], [9, 46], [9, 21], [0, 0]]","[0, 10, 5, 9, 6, 14, 20, 4, 2, 19, 3, 12, 16, 1, 8, 18, 11, 17, 13, 15, 7, 21]",213.16356114763138,14.29734468460083
