Id,Coordinates,Order,Distance,Time
1351,"[[0, 0], [160, 77], [127, 73], [157, 52], [82, 68], [153, 68], [116, 20], [40, 46], [20, 83], [109, 66], [1, 5], [86, 56], [139, 71], [132, 47], [142, 28], [155, 1], [158, 8], [119, 81], [118, 63], [74, 56], [26, 61], [0, 0]]","[0, 10, 8, 20, 7, 19, 11, 4, 9, 18, 17, 2, 12, 1, 5, 3, 13, 14, 16, 15, 6, 21]",556.8808867646559,16.219192028045654
