Id,Coordinates,Order,Distance,Time
7840,"[[0, 0], [144, 115], [171, 22], [65, 97], [40, 9], [54, 81], [139, 93], [110, 111], [96, 75], [40, 78], [50, 17], [32, 117], [85, 5], [27, 97], [82, 132], [86, 28], [132, 31], [164, 129], [129, 69], [143, 42], [160, 106], [0, 0]]","[0, 4, 12, 16, 2, 19, 18, 6, 20, 17, 1, 7, 14, 5, 9, 13, 11, 3, 8, 15, 10, 21]",742.6713883433844,13.154017686843872
