Id,Coordinates,Order,Distance,Time
5099,"[[0, 0], [132, 51], [52, 13], [75, 41], [65, 47], [82, 41], [150, 42], [132, 18], [93, 33], [36, 51], [97, 2], [50, 19], [40, 34], [111, 38], [52, 4], [155, 52], [119, 51], [164, 26], [11, 24], [88, 38], [177, 48], [0, 0]]","[0, 18, 12, 9, 4, 3, 5, 19, 8, 13, 16, 1, 6, 15, 20, 17, 7, 10, 14, 2, 11, 21]",446.7477454201327,18.423049688339233
