Id,Coordinates,Order,Distance,Time
9179,"[[0, 0], [39, 11], [39, 94], [16, 61], [49, 75], [11, 11], [14, 15], [22, 84], [55, 69], [41, 28], [34, 17], [53, 21], [10, 47], [19, 62], [51, 42], [46, 61], [34, 17], [19, 80], [22, 44], [58, 58], [2, 82], [0, 0]]","[0, 5, 6, 10, 16, 1, 11, 9, 14, 19, 8, 4, 15, 13, 3, 20, 17, 7, 2, 18, 12, 21]",357.92953118935304,14.77739429473877
