Id,Coordinates,Order,Distance,Time
2177,"[[0, 0], [137, 3], [158, 8], [27, 1], [112, 8], [59, 6], [32, 2], [87, 1], [24, 3], [132, 1], [69, 8], [6, 9], [148, 7], [147, 2], [20, 1], [42, 7], [81, 6], [16, 9], [172, 8], [95, 8], [96, 9], [0, 0]]","[0, 11, 17, 8, 6, 15, 5, 10, 16, 19, 20, 4, 9, 1, 13, 18, 2, 12, 7, 3, 14, 21]",354.7435831354302,17.028711318969727
