Id,Coordinates,Order,Distance,Time
3952,"[[0, 0], [5, 7], [10, 24], [2, 4], [22, 17], [22, 37], [32, 44], [23, 36], [20, 46], [21, 21], [32, 42], [27, 1], [3, 12], [24, 41], [6, 17], [22, 9], [8, 23], [19, 23], [4, 11], [2, 38], [4, 43], [0, 0]]","[0, 3, 1, 18, 14, 16, 2, 17, 9, 4, 15, 11, 7, 5, 13, 10, 6, 8, 20, 19, 12, 21]",183.558448082955,16.29216456413269
