Id,Coordinates,Order,Distance,Time
6140,"[[0, 0], [9, 26], [26, 5], [23, 20], [10, 21], [44, 11], [46, 9], [25, 28], [19, 18], [1, 36], [28, 23], [48, 20], [9, 19], [7, 8], [37, 17], [42, 26], [37, 14], [48, 35], [28, 25], [25, 26], [15, 11], [0, 0]]","[0, 20, 8, 3, 10, 18, 19, 9, 1, 4, 12, 2, 16, 14, 5, 6, 11, 15, 17, 7, 13, 21]",230.6146915484987,16.336901903152466
