Id,Coordinates,Order,Distance,Time
3641,"[[0, 0], [6, 21], [13, 25], [4, 6], [3, 21], [7, 14], [8, 21], [9, 18], [13, 7], [5, 16], [13, 23], [3, 21], [11, 22], [9, 17], [4, 24], [8, 16], [9, 12], [6, 1], [7, 12], [2, 5], [3, 22], [0, 0]]","[0, 17, 8, 16, 5, 15, 13, 7, 1, 4, 11, 20, 14, 2, 10, 12, 6, 9, 18, 3, 19, 21]",79.74910389704624,14.794508934020996
