Id,Coordinates,Order,Distance,Time
3987,"[[0, 0], [41, 83], [19, 68], [47, 101], [23, 24], [51, 72], [26, 62], [70, 116], [55, 71], [50, 97], [58, 117], [54, 118], [42, 55], [34, 73], [30, 39], [47, 35], [70, 121], [17, 86], [59, 11], [1, 89], [71, 125], [0, 0]]","[0, 18, 15, 12, 13, 1, 5, 8, 9, 3, 11, 10, 20, 16, 7, 17, 19, 2, 6, 14, 4, 21]",422.92846251105453,12.205669403076172
