Id,Coordinates,Order,Distance,Time
1146,"[[0, 0], [103, 124], [103, 45], [122, 117], [142, 119], [142, 90], [94, 129], [81, 59], [56, 23], [141, 6], [174, 46], [10, 23], [119, 101], [110, 55], [121, 15], [67, 117], [36, 79], [74, 79], [25, 16], [77, 29], [96, 64], [0, 0]]","[0, 18, 8, 19, 7, 20, 13, 2, 14, 9, 10, 5, 4, 3, 12, 1, 6, 15, 17, 16, 11, 21]",617.1073516185235,15.383496046066284
