Id,Coordinates,Order,Distance,Time
2427,"[[0, 0], [50, 74], [54, 98], [58, 93], [62, 54], [77, 70], [12, 57], [12, 82], [38, 1], [29, 92], [46, 78], [30, 101], [59, 73], [37, 32], [16, 46], [8, 46], [2, 31], [24, 87], [77, 22], [62, 117], [78, 46], [0, 0]]","[0, 16, 15, 14, 6, 7, 17, 9, 11, 2, 3, 19, 1, 12, 5, 4, 20, 18, 10, 13, 8, 21]",490.6690846984763,15.4724702835083
