Id,Coordinates,Order,Distance,Time
3852,"[[0, 0], [23, 3], [5, 40], [13, 15], [25, 107], [7, 69], [22, 90], [15, 23], [1, 49], [10, 45], [7, 119], [10, 123], [21, 85], [25, 84], [4, 29], [27, 117], [17, 36], [19, 89], [1, 127], [2, 12], [2, 130], [0, 0]]","[0, 19, 3, 7, 14, 2, 8, 5, 12, 13, 6, 17, 4, 15, 11, 20, 18, 10, 9, 16, 1, 21]",333.5624369360595,17.502357244491577
