Id,Coordinates,Order,Distance,Time
3516,"[[0, 0], [9, 60], [11, 68], [16, 143], [11, 89], [11, 90], [11, 174], [17, 101], [25, 39], [18, 30], [9, 160], [2, 5], [3, 34], [15, 54], [2, 156], [7, 96], [17, 73], [10, 157], [17, 140], [1, 69], [1, 101], [0, 0]]","[0, 11, 9, 8, 13, 1, 2, 16, 4, 5, 7, 18, 3, 17, 10, 6, 14, 20, 15, 19, 12, 21]",373.1460482495622,14.123930931091309
