Id,Coordinates,Order,Distance,Time
454,"[[0, 0], [22, 26], [58, 59], [30, 18], [18, 64], [1, 60], [35, 55], [44, 59], [20, 40], [7, 1], [9, 16], [22, 39], [20, 46], [30, 62], [15, 56], [19, 36], [9, 5], [26, 42], [29, 22], [22, 77], [19, 31], [0, 0]]","[0, 10, 15, 8, 11, 17, 12, 14, 4, 13, 6, 7, 2, 19, 5, 20, 1, 18, 3, 16, 9, 21]",278.2870966470251,16.349660634994507
