Id,Coordinates,Order,Distance,Time
2368,"[[0, 0], [37, 48], [54, 139], [55, 117], [54, 136], [22, 172], [49, 145], [59, 4], [23, 49], [34, 11], [55, 128], [34, 30], [5, 158], [53, 64], [29, 131], [54, 21], [25, 74], [28, 153], [32, 26], [16, 102], [35, 188], [0, 0]]","[0, 18, 11, 1, 8, 16, 19, 14, 12, 5, 20, 17, 6, 2, 4, 10, 3, 13, 15, 7, 9, 21]",505.5253176936068,15.386791229248047
