Id,Coordinates,Order,Distance,Time
7947,"[[0, 0], [73, 16], [95, 19], [62, 7], [78, 20], [23, 7], [46, 1], [33, 21], [7, 13], [35, 4], [63, 8], [64, 20], [59, 14], [29, 18], [68, 3], [98, 21], [9, 18], [51, 1], [98, 14], [19, 15], [4, 20], [0, 0]]","[0, 8, 20, 16, 19, 5, 9, 6, 17, 3, 10, 12, 7, 11, 1, 4, 2, 15, 18, 14, 13, 21]",305.7759110549074,15.97668743133545
