Id,Coordinates,Order,Distance,Time
2799,"[[0, 0], [30, 6], [19, 32], [26, 14], [11, 19], [14, 23], [69, 4], [7, 17], [56, 21], [40, 22], [30, 10], [45, 17], [57, 20], [74, 8], [30, 1], [64, 29], [34, 31], [3, 23], [24, 19], [16, 23], [41, 13], [0, 0]]","[0, 7, 4, 5, 19, 18, 3, 10, 1, 14, 20, 11, 8, 12, 6, 13, 15, 9, 16, 2, 17, 21]",234.9626594527566,21.856884717941284
