Id,Coordinates,Order,Distance,Time
8869,"[[0, 0], [7, 149], [29, 88], [7, 148], [24, 87], [4, 10], [26, 136], [32, 12], [24, 11], [18, 78], [13, 29], [31, 28], [6, 130], [21, 61], [29, 143], [7, 106], [21, 157], [4, 67], [22, 90], [20, 95], [10, 56], [0, 0]]","[0, 8, 7, 11, 13, 4, 18, 19, 15, 12, 3, 1, 16, 14, 6, 2, 9, 17, 20, 10, 5, 21]",371.3365723788169,15.74578309059143
