Id,Coordinates,Order,Distance,Time
856,"[[0, 0], [1, 6], [43, 9], [10, 17], [9, 7], [14, 2], [15, 14], [20, 2], [3, 4], [38, 12], [34, 42], [6, 3], [40, 30], [41, 14], [54, 24], [47, 21], [4, 37], [37, 1], [43, 18], [47, 36], [16, 41], [0, 0]]","[0, 1, 4, 6, 3, 16, 20, 10, 12, 19, 14, 15, 18, 13, 9, 2, 17, 7, 5, 11, 8, 21]",192.05972698385708,14.57988429069519
