Id,Coordinates,Order,Distance,Time
8178,"[[0, 0], [7, 16], [10, 11], [8, 12], [7, 11], [11, 18], [7, 4], [13, 1], [4, 5], [7, 13], [11, 7], [8, 16], [12, 13], [14, 15], [3, 10], [1, 16], [9, 12], [3, 2], [13, 3], [7, 19], [8, 12], [0, 0]]","[0, 17, 8, 6, 2, 16, 3, 20, 9, 1, 19, 5, 13, 12, 11, 15, 14, 4, 10, 18, 7, 21]",85.18353622474567,19.34178638458252
