Id,Coordinates,Order,Distance,Time
3462,"[[0, 0], [87, 12], [31, 145], [77, 128], [26, 110], [75, 26], [28, 101], [18, 163], [7, 83], [39, 46], [43, 27], [53, 132], [49, 97], [16, 138], [26, 87], [84, 115], [53, 72], [39, 112], [67, 108], [26, 55], [35, 36], [0, 0]]","[0, 20, 9, 19, 8, 6, 14, 17, 4, 13, 7, 2, 11, 3, 15, 18, 12, 16, 5, 1, 10, 21]",565.9138270726347,20.71666431427002
