Id,Coordinates,Order,Distance,Time
7218,"[[0, 0], [126, 168], [127, 73], [167, 143], [84, 17], [43, 59], [1, 76], [123, 85], [5, 10], [116, 12], [110, 95], [128, 97], [105, 107], [158, 27], [5, 43], [45, 171], [116, 158], [14, 16], [94, 152], [125, 40], [81, 161], [0, 0]]","[0, 8, 17, 14, 5, 4, 9, 19, 13, 7, 2, 10, 12, 18, 20, 16, 1, 3, 11, 15, 6, 21]",879.4788332551547,12.999169826507568
