Id,Coordinates,Order,Distance,Time
773,"[[0, 0], [162, 24], [161, 72], [134, 78], [4, 59], [113, 72], [100, 71], [81, 5], [47, 4], [121, 25], [81, 69], [125, 23], [122, 84], [41, 72], [24, 36], [179, 81], [105, 70], [69, 64], [11, 70], [150, 25], [194, 48], [0, 0]]","[0, 14, 4, 18, 13, 17, 10, 6, 16, 5, 12, 3, 2, 15, 20, 1, 19, 11, 9, 7, 8, 21]",510.37011948805707,14.949021577835083
