Id,Coordinates,Order,Distance,Time
7817,"[[0, 0], [1, 39], [2, 67], [12, 83], [12, 64], [15, 70], [9, 80], [7, 22], [15, 33], [13, 59], [13, 14], [15, 52], [12, 3], [14, 37], [15, 20], [8, 6], [16, 12], [11, 50], [4, 72], [13, 35], [3, 24], [0, 0]]","[0, 15, 12, 16, 10, 14, 7, 19, 13, 8, 17, 11, 9, 4, 5, 3, 6, 18, 2, 1, 20, 21]",203.46671014016897,16.887199640274048
