Id,Coordinates,Order,Distance,Time
5212,"[[0, 0], [132, 13], [29, 48], [114, 45], [79, 16], [72, 37], [111, 27], [100, 18], [165, 5], [121, 39], [108, 31], [176, 46], [93, 2], [178, 59], [85, 28], [51, 12], [96, 6], [177, 42], [67, 29], [130, 26], [125, 56], [0, 0]]","[0, 15, 4, 12, 16, 7, 6, 10, 9, 19, 1, 8, 17, 11, 13, 20, 3, 14, 5, 18, 2, 21]",496.76328860037705,14.143783807754517
