Id,Coordinates,Order,Distance,Time
3662,"[[0, 0], [153, 2], [13, 28], [161, 104], [93, 41], [168, 82], [105, 73], [68, 55], [65, 68], [134, 29], [38, 98], [78, 26], [64, 54], [81, 106], [97, 34], [149, 19], [160, 65], [160, 24], [131, 106], [141, 90], [19, 92], [0, 0]]","[0, 2, 8, 7, 12, 11, 14, 4, 19, 18, 3, 5, 16, 17, 1, 15, 9, 6, 13, 10, 20, 21]",683.0103715771968,17.16586399078369
