Id,Coordinates,Order,Distance,Time
2559,"[[0, 0], [22, 30], [6, 22], [11, 8], [17, 43], [4, 16], [22, 6], [11, 15], [16, 39], [7, 6], [19, 17], [15, 4], [13, 3], [10, 38], [10, 19], [6, 43], [9, 52], [11, 31], [16, 11], [3, 34], [20, 40], [0, 0]]","[0, 9, 3, 12, 11, 18, 7, 14, 6, 10, 1, 20, 8, 4, 16, 15, 13, 19, 17, 2, 5, 21]",176.44010673247624,16.04082441329956
