Id,Coordinates,Order,Distance,Time
2120,"[[0, 0], [56, 33], [78, 9], [1, 1], [46, 19], [58, 9], [50, 2], [46, 26], [16, 28], [16, 16], [27, 35], [60, 18], [3, 22], [53, 21], [74, 23], [74, 2], [29, 33], [2, 41], [31, 6], [52, 2], [25, 4], [0, 0]]","[0, 3, 9, 20, 18, 6, 19, 5, 11, 13, 7, 1, 14, 2, 15, 4, 16, 10, 8, 17, 12, 21]",285.42704113448633,16.646480798721313
