Id,Coordinates,Order,Distance,Time
4495,"[[0, 0], [112, 10], [24, 65], [26, 55], [166, 37], [12, 47], [11, 113], [109, 83], [5, 66], [82, 29], [115, 13], [122, 11], [183, 117], [122, 119], [89, 122], [5, 44], [55, 111], [74, 128], [70, 92], [1, 7], [100, 32], [0, 0]]","[0, 19, 15, 5, 3, 2, 8, 6, 16, 17, 14, 7, 20, 1, 10, 11, 4, 12, 13, 18, 9, 21]",765.1569635558727,19.655645847320557
