Id,Coordinates,Order,Distance,Time
2657,"[[0, 0], [57, 32], [58, 16], [109, 56], [90, 63], [6, 46], [48, 3], [59, 47], [85, 8], [83, 65], [79, 38], [32, 29], [115, 37], [90, 27], [58, 66], [22, 58], [72, 46], [91, 33], [96, 48], [25, 59], [70, 40], [0, 0]]","[0, 1, 7, 16, 20, 10, 17, 13, 2, 11, 5, 15, 19, 14, 9, 4, 18, 3, 12, 8, 6, 21]",488.8339685759045,14.695298910140991
