Id,Coordinates,Order,Distance,Time
7210,"[[0, 0], [10, 7], [19, 5], [46, 9], [38, 2], [74, 9], [8, 9], [8, 8], [26, 8], [89, 2], [56, 8], [45, 5], [16, 8], [56, 2], [8, 9], [66, 7], [29, 1], [9, 6], [45, 2], [2, 7], [26, 1], [0, 0]]","[0, 19, 7, 6, 14, 1, 2, 20, 16, 4, 11, 3, 10, 15, 5, 9, 13, 18, 8, 12, 17, 21]",194.18789603110307,17.675926446914673
