Id,Coordinates,Order,Distance,Time
8593,"[[0, 0], [15, 2], [46, 71], [84, 25], [15, 6], [16, 42], [117, 30], [124, 68], [23, 43], [30, 34], [97, 8], [115, 37], [95, 20], [61, 64], [22, 69], [125, 5], [41, 6], [60, 17], [95, 47], [88, 58], [107, 30], [0, 0]]","[0, 1, 16, 17, 3, 12, 10, 15, 6, 11, 7, 19, 13, 2, 14, 8, 5, 9, 18, 20, 4, 21]",559.11210237094,21.021753311157227
