Id,Coordinates,Order,Distance,Time
5720,"[[0, 0], [55, 93], [6, 84], [4, 46], [42, 121], [7, 85], [28, 54], [17, 24], [52, 42], [15, 93], [28, 57], [55, 83], [4, 115], [41, 29], [7, 100], [4, 123], [7, 21], [39, 43], [52, 66], [3, 115], [28, 15], [0, 0]]","[0, 20, 13, 17, 8, 18, 11, 1, 4, 15, 19, 12, 14, 9, 5, 2, 10, 6, 3, 7, 16, 21]",366.2101135080984,15.148146152496338
