Id,Coordinates,Order,Distance,Time
6106,"[[0, 0], [9, 116], [54, 28], [38, 76], [26, 84], [59, 82], [77, 31], [76, 54], [47, 7], [69, 32], [81, 78], [81, 124], [79, 41], [31, 72], [23, 3], [73, 36], [5, 55], [22, 12], [27, 3], [21, 106], [8, 19], [0, 0]]","[0, 17, 14, 18, 8, 2, 9, 15, 6, 12, 7, 10, 5, 11, 4, 19, 1, 3, 13, 16, 20, 21]",476.5226270400187,16.60347819328308
