Id,Coordinates,Order,Distance,Time
3650,"[[0, 0], [29, 50], [14, 72], [14, 19], [16, 17], [2, 29], [36, 30], [20, 27], [26, 55], [4, 80], [6, 32], [32, 166], [6, 130], [32, 162], [5, 51], [20, 146], [30, 71], [25, 90], [25, 143], [27, 169], [20, 53], [0, 0]]","[0, 4, 3, 10, 5, 14, 20, 8, 2, 9, 12, 15, 18, 13, 11, 19, 17, 16, 1, 6, 7, 21]",420.6894680457027,17.978879690170288
