Id,Coordinates,Order,Distance,Time
742,"[[0, 0], [10, 90], [5, 51], [4, 161], [4, 9], [10, 161], [2, 48], [8, 60], [9, 116], [6, 70], [2, 167], [8, 72], [7, 120], [3, 25], [10, 44], [2, 123], [1, 43], [4, 5], [7, 73], [11, 44], [6, 18], [0, 0]]","[0, 17, 4, 20, 13, 14, 19, 7, 9, 11, 18, 1, 8, 12, 3, 10, 5, 15, 2, 6, 16, 21]",346.6433349745898,18.99875783920288
