Id,Coordinates,Order,Distance,Time
9767,"[[0, 0], [104, 3], [65, 46], [64, 76], [14, 31], [15, 116], [67, 102], [137, 66], [179, 12], [44, 56], [97, 125], [171, 32], [8, 2], [17, 36], [28, 72], [2, 48], [86, 5], [2, 89], [49, 84], [69, 95], [84, 44], [0, 0]]","[0, 12, 4, 13, 9, 3, 18, 19, 6, 10, 7, 11, 8, 1, 16, 20, 2, 14, 17, 5, 15, 21]",705.7198994703947,16.709686756134033
