Id,Coordinates,Order,Distance,Time
3846,"[[0, 0], [18, 148], [64, 153], [21, 108], [28, 9], [64, 66], [14, 134], [86, 95], [101, 69], [49, 152], [106, 52], [66, 89], [9, 65], [67, 186], [66, 46], [19, 34], [115, 18], [95, 1], [96, 111], [96, 185], [76, 141], [0, 0]]","[0, 15, 12, 3, 6, 1, 9, 2, 20, 11, 5, 14, 17, 16, 10, 8, 7, 18, 19, 13, 4, 21]",811.2842962447869,14.20340609550476
