Id,Coordinates,Order,Distance,Time
8680,"[[0, 0], [69, 32], [153, 38], [153, 53], [80, 52], [27, 11], [21, 3], [109, 25], [51, 33], [23, 1], [47, 41], [148, 46], [67, 28], [55, 41], [22, 32], [38, 40], [152, 21], [149, 23], [137, 47], [76, 54], [47, 30], [0, 0]]","[0, 6, 5, 14, 15, 10, 13, 8, 20, 12, 1, 19, 4, 18, 11, 3, 2, 17, 16, 7, 9, 21]",419.30897539377924,14.395485162734985
