Id,Coordinates,Order,Distance,Time
2230,"[[0, 0], [74, 7], [46, 12], [55, 36], [60, 13], [98, 39], [17, 17], [34, 20], [35, 24], [93, 31], [119, 10], [85, 105], [56, 17], [9, 83], [84, 1], [84, 55], [21, 71], [1, 49], [120, 73], [72, 16], [63, 79], [0, 0]]","[0, 6, 7, 8, 2, 12, 4, 19, 1, 14, 10, 9, 5, 18, 11, 20, 15, 3, 16, 13, 17, 21]",528.0327194508433,19.301114797592163
