Id,Coordinates,Order,Distance,Time
5263,"[[0, 0], [10, 13], [4, 46], [42, 45], [117, 51], [113, 35], [8, 29], [99, 52], [104, 37], [18, 29], [118, 47], [146, 39], [36, 14], [106, 47], [23, 39], [43, 28], [99, 11], [111, 20], [96, 16], [17, 6], [27, 27], [0, 0]]","[0, 1, 20, 9, 6, 2, 14, 3, 7, 13, 8, 5, 10, 4, 11, 17, 16, 18, 15, 12, 19, 21]",417.52982475729584,14.7505521774292
