Id,Coordinates,Order,Distance,Time
7618,"[[0, 0], [19, 11], [71, 4], [68, 9], [58, 13], [15, 5], [32, 2], [35, 7], [57, 13], [26, 4], [41, 7], [91, 4], [70, 1], [65, 7], [29, 10], [32, 13], [75, 6], [12, 14], [67, 14], [12, 14], [22, 3], [0, 0]]","[0, 19, 17, 1, 20, 9, 6, 7, 14, 15, 10, 8, 4, 18, 3, 13, 2, 16, 11, 12, 5, 21]",226.96765030679012,20.146615982055664
