Id,Coordinates,Order,Distance,Time
7235,"[[0, 0], [17, 38], [20, 35], [14, 41], [31, 61], [22, 45], [9, 14], [17, 54], [14, 44], [17, 29], [10, 67], [20, 42], [55, 9], [7, 74], [39, 40], [42, 4], [34, 43], [9, 47], [26, 73], [2, 56], [35, 62], [0, 0]]","[0, 6, 9, 2, 1, 3, 8, 7, 5, 16, 14, 20, 4, 18, 10, 13, 19, 17, 11, 12, 15, 21]",300.1456121830052,15.602364301681519
