Id,Coordinates,Order,Distance,Time
9321,"[[0, 0], [34, 41], [47, 15], [120, 148], [54, 136], [84, 113], [65, 92], [120, 28], [44, 147], [62, 14], [93, 107], [128, 4], [61, 29], [77, 106], [140, 107], [125, 23], [35, 85], [90, 110], [82, 85], [28, 85], [163, 107], [0, 0]]","[0, 2, 12, 1, 19, 16, 6, 13, 5, 17, 10, 14, 20, 3, 4, 8, 18, 7, 15, 11, 9, 21]",728.3903720493569,13.939829111099243
