Id,Coordinates,Order,Distance,Time
3048,"[[0, 0], [125, 6], [169, 14], [18, 14], [7, 3], [106, 6], [5, 3], [124, 2], [135, 7], [177, 2], [47, 1], [28, 5], [81, 10], [169, 13], [91, 7], [79, 9], [30, 6], [161, 1], [127, 3], [94, 14], [12, 10], [0, 0]]","[0, 6, 4, 20, 3, 16, 10, 15, 12, 14, 5, 7, 18, 8, 13, 2, 9, 17, 1, 19, 11, 21]",375.42048208093667,16.165657997131348
