Id,Coordinates,Order,Distance,Time
7065,"[[0, 0], [25, 3], [52, 39], [30, 19], [41, 9], [21, 30], [43, 42], [24, 42], [14, 25], [1, 24], [7, 13], [15, 1], [44, 18], [28, 5], [42, 10], [25, 37], [42, 29], [9, 20], [9, 18], [30, 41], [34, 10], [0, 0]]","[0, 9, 18, 17, 8, 5, 15, 7, 19, 6, 2, 16, 12, 14, 4, 20, 3, 1, 13, 11, 10, 21]",207.52342545996564,16.01140284538269
