Id,Coordinates,Order,Distance,Time
8144,"[[0, 0], [10, 140], [20, 12], [41, 82], [3, 8], [7, 126], [51, 95], [21, 127], [20, 87], [28, 141], [28, 86], [57, 55], [59, 42], [12, 59], [41, 140], [18, 83], [32, 80], [44, 9], [47, 39], [37, 10], [43, 24], [0, 0]]","[0, 2, 19, 17, 20, 18, 12, 11, 16, 10, 15, 8, 7, 5, 1, 9, 14, 6, 3, 13, 4, 21]",419.34737181977096,15.010359764099121
