Id,Coordinates,Order,Distance,Time
9082,"[[0, 0], [22, 12], [128, 24], [18, 30], [63, 8], [18, 12], [15, 27], [25, 36], [102, 26], [21, 13], [115, 31], [99, 27], [20, 40], [26, 35], [56, 1], [86, 42], [93, 30], [2, 15], [85, 7], [57, 28], [37, 27], [0, 0]]","[0, 17, 5, 9, 1, 6, 3, 12, 13, 7, 20, 14, 4, 18, 16, 11, 8, 10, 2, 15, 19, 21]",358.64915343973985,15.025444030761719
