Id,Coordinates,Order,Distance,Time
5260,"[[0, 0], [93, 12], [100, 29], [44, 44], [123, 39], [111, 34], [63, 1], [67, 22], [42, 5], [6, 41], [132, 10], [18, 9], [76, 34], [124, 54], [128, 31], [93, 63], [141, 8], [60, 24], [96, 21], [106, 7], [15, 4], [0, 0]]","[0, 20, 11, 8, 6, 17, 7, 12, 2, 5, 4, 14, 16, 10, 19, 1, 18, 13, 15, 3, 9, 21]",463.46582437532317,17.104626178741455
