Id,Coordinates,Order,Distance,Time
8824,"[[0, 0], [19, 153], [4, 41], [52, 102], [27, 174], [5, 6], [46, 130], [12, 43], [9, 53], [52, 112], [33, 100], [1, 68], [19, 46], [50, 67], [39, 44], [46, 118], [51, 160], [18, 27], [42, 32], [40, 78], [15, 28], [0, 0]]","[0, 5, 20, 17, 7, 12, 18, 14, 13, 19, 10, 3, 9, 15, 6, 16, 4, 1, 11, 8, 2, 21]",449.926301391293,15.833327054977417
