Id,Coordinates,Order,Distance,Time
3945,"[[0, 0], [61, 121], [22, 47], [113, 78], [34, 49], [114, 9], [82, 25], [106, 112], [108, 38], [60, 55], [56, 116], [43, 37], [49, 29], [71, 107], [105, 120], [21, 50], [49, 62], [93, 25], [74, 1], [78, 94], [17, 61], [0, 0]]","[0, 2, 15, 20, 4, 11, 12, 9, 16, 19, 13, 10, 1, 14, 7, 3, 8, 5, 17, 6, 18, 21]",528.7716778153061,15.67242693901062
