Id,Coordinates,Order,Distance,Time
4845,"[[0, 0], [71, 32], [93, 31], [5, 30], [52, 21], [42, 6], [59, 1], [130, 18], [104, 23], [32, 8], [70, 21], [84, 19], [25, 13], [121, 23], [122, 9], [58, 32], [96, 30], [58, 25], [104, 13], [55, 31], [113, 30], [0, 0]]","[0, 12, 9, 5, 6, 4, 17, 10, 11, 16, 8, 18, 14, 7, 13, 20, 2, 1, 15, 19, 3, 21]",345.8395990716973,14.29415488243103
