Id,Coordinates,Order,Distance,Time
9081,"[[0, 0], [6, 54], [25, 4], [5, 24], [17, 11], [36, 46], [25, 48], [17, 22], [8, 29], [33, 35], [68, 30], [62, 41], [3, 1], [53, 34], [13, 45], [55, 28], [65, 44], [30, 35], [10, 44], [60, 49], [56, 20], [0, 0]]","[0, 12, 4, 7, 3, 8, 18, 14, 1, 6, 5, 9, 17, 13, 15, 11, 16, 19, 10, 20, 2, 21]",275.43148410820663,16.950854301452637
