Id,Coordinates,Order,Distance,Time
9031,"[[0, 0], [49, 17], [4, 13], [47, 22], [49, 19], [27, 13], [5, 9], [11, 1], [14, 18], [49, 8], [36, 15], [13, 22], [20, 9], [45, 13], [28, 17], [32, 2], [9, 10], [7, 19], [52, 11], [31, 9], [17, 17], [0, 0]]","[0, 6, 16, 7, 12, 5, 19, 15, 13, 3, 4, 1, 18, 9, 10, 14, 20, 8, 11, 17, 2, 21]",166.58967730163715,13.40100383758545
