Id,Coordinates,Order,Distance,Time
21,"[[0, 0], [24, 41], [10, 26], [6, 74], [14, 27], [54, 37], [44, 36], [45, 45], [39, 62], [71, 62], [5, 48], [73, 6], [25, 154], [25, 101], [70, 19], [7, 126], [64, 125], [64, 51], [17, 73], [67, 150], [69, 107], [0, 0]]","[0, 2, 10, 3, 18, 8, 7, 6, 5, 11, 14, 17, 9, 20, 16, 19, 12, 15, 13, 1, 4, 21]",546.3238230105786,18.209000825881958
