Id,Coordinates,Order,Distance,Time
234,"[[0, 0], [28, 90], [97, 142], [106, 72], [50, 156], [69, 108], [57, 140], [95, 86], [16, 12], [112, 71], [106, 163], [50, 58], [83, 150], [125, 20], [71, 85], [104, 89], [11, 57], [122, 70], [19, 105], [98, 45], [99, 27], [0, 0]]","[0, 8, 16, 1, 18, 14, 7, 15, 3, 9, 17, 13, 20, 19, 5, 6, 4, 12, 10, 2, 11, 21]",713.0398798341905,19.948492527008057
