Id,Coordinates,Order,Distance,Time
2035,"[[0, 0], [17, 41], [33, 1], [18, 28], [46, 13], [10, 51], [14, 41], [1, 44], [13, 18], [6, 52], [33, 65], [39, 3], [8, 18], [42, 66], [31, 57], [52, 64], [25, 19], [30, 8], [47, 76], [2, 55], [3, 87], [0, 0]]","[0, 12, 8, 16, 17, 2, 11, 4, 3, 1, 6, 5, 9, 14, 10, 13, 15, 18, 20, 19, 7, 21]",335.08707983674134,17.80949902534485
