Id,Coordinates,Order,Distance,Time
9164,"[[0, 0], [49, 15], [23, 15], [31, 16], [37, 12], [62, 12], [12, 12], [33, 6], [71, 8], [68, 16], [9, 7], [54, 14], [5, 19], [42, 5], [45, 16], [48, 3], [1, 21], [71, 13], [17, 8], [37, 19], [11, 21], [0, 0]]","[0, 10, 6, 18, 2, 3, 4, 7, 13, 15, 11, 5, 9, 17, 8, 1, 14, 19, 20, 12, 16, 21]",200.6008957945565,15.244427680969238
