Id,Coordinates,Order,Distance,Time
2924,"[[0, 0], [8, 118], [133, 86], [76, 46], [20, 136], [60, 40], [28, 94], [27, 89], [14, 26], [65, 101], [122, 55], [86, 135], [50, 62], [13, 119], [67, 101], [58, 1], [68, 26], [128, 44], [175, 98], [52, 109], [148, 42], [0, 0]]","[0, 8, 5, 16, 3, 12, 7, 6, 19, 9, 14, 11, 4, 13, 1, 10, 2, 18, 20, 17, 15, 21]",788.6343893549989,21.865159273147583
