Id,Coordinates,Order,Distance,Time
2837,"[[0, 0], [117, 26], [48, 15], [99, 25], [25, 46], [110, 43], [48, 32], [83, 3], [112, 46], [88, 22], [13, 45], [89, 13], [60, 10], [102, 38], [112, 40], [57, 17], [30, 19], [117, 48], [72, 48], [100, 38], [39, 11], [0, 0]]","[0, 16, 20, 2, 15, 12, 7, 11, 9, 3, 1, 14, 17, 8, 5, 13, 19, 18, 6, 4, 10, 21]",336.533628990722,18.431581497192383
