Id,Coordinates,Order,Distance,Time
7784,"[[0, 0], [24, 53], [28, 16], [11, 41], [23, 56], [15, 54], [38, 39], [19, 41], [39, 10], [31, 14], [32, 58], [18, 44], [15, 61], [2, 13], [8, 26], [3, 1], [9, 48], [7, 19], [12, 47], [26, 52], [15, 17], [0, 0]]","[0, 15, 13, 20, 2, 9, 8, 6, 19, 1, 4, 10, 12, 5, 18, 16, 11, 7, 3, 14, 17, 21]",213.38894892216283,18.113070964813232
