Id,Coordinates,Order,Distance,Time
8599,"[[0, 0], [29, 23], [31, 13], [14, 72], [38, 64], [24, 92], [29, 88], [24, 45], [7, 11], [2, 92], [34, 88], [3, 10], [6, 25], [35, 2], [7, 67], [35, 44], [19, 65], [14, 12], [14, 57], [9, 88], [18, 18], [0, 0]]","[0, 11, 8, 17, 20, 13, 2, 1, 15, 4, 16, 3, 19, 9, 5, 6, 10, 14, 18, 7, 12, 21]",315.66418011557073,15.153299331665039
