Id,Coordinates,Order,Distance,Time
9346,"[[0, 0], [69, 28], [126, 64], [58, 61], [30, 24], [59, 69], [62, 9], [6, 16], [91, 55], [148, 46], [89, 10], [151, 6], [7, 54], [101, 63], [1, 69], [154, 64], [106, 43], [29, 26], [111, 51], [28, 31], [61, 55], [0, 0]]","[0, 7, 4, 17, 19, 12, 14, 5, 3, 20, 8, 13, 16, 18, 2, 15, 9, 11, 10, 1, 6, 21]",520.5177180718429,16.18400764465332
