Id,Coordinates,Order,Distance,Time
2808,"[[0, 0], [143, 53], [34, 61], [86, 82], [179, 25], [112, 82], [62, 64], [146, 55], [60, 54], [119, 34], [94, 86], [51, 4], [38, 48], [103, 46], [149, 42], [34, 78], [33, 65], [164, 45], [55, 23], [113, 44], [4, 44], [0, 0]]","[0, 20, 12, 2, 16, 15, 6, 13, 19, 9, 1, 7, 17, 4, 14, 5, 10, 3, 8, 18, 11, 21]",542.4657630955526,16.07951045036316
