Id,Coordinates,Order,Distance,Time
4336,"[[0, 0], [32, 10], [48, 7], [66, 11], [87, 9], [81, 3], [44, 5], [41, 3], [60, 12], [26, 19], [48, 18], [68, 6], [104, 17], [109, 8], [100, 15], [114, 1], [34, 6], [5, 6], [106, 18], [117, 14], [36, 2], [0, 0]]","[0, 1, 16, 20, 7, 6, 2, 8, 3, 11, 5, 4, 14, 12, 18, 19, 15, 13, 10, 9, 17, 21]",271.9620560300091,18.10943102836609
