Id,Coordinates,Order,Distance,Time
1917,"[[0, 0], [23, 125], [71, 36], [63, 103], [164, 29], [97, 187], [47, 129], [176, 58], [36, 35], [76, 69], [76, 129], [103, 145], [133, 14], [71, 66], [50, 95], [161, 21], [149, 167], [144, 118], [14, 41], [20, 10], [47, 170], [0, 0]]","[0, 18, 8, 13, 9, 3, 14, 1, 6, 20, 10, 11, 5, 16, 17, 7, 4, 15, 12, 2, 19, 21]",786.2526922497993,15.299063205718994
