Id,Coordinates,Order,Distance,Time
2451,"[[0, 0], [49, 17], [128, 164], [79, 85], [30, 38], [155, 21], [96, 35], [58, 121], [158, 84], [86, 156], [14, 57], [143, 66], [31, 54], [62, 83], [78, 91], [16, 7], [127, 152], [120, 36], [121, 159], [143, 118], [141, 108], [0, 0]]","[0, 15, 4, 12, 1, 6, 17, 5, 11, 8, 20, 19, 16, 18, 2, 9, 7, 14, 3, 13, 10, 21]",645.2115162730565,12.860099792480469
