Id,Coordinates,Order,Distance,Time
8261,"[[0, 0], [1, 48], [51, 118], [84, 35], [56, 160], [119, 106], [66, 179], [78, 148], [57, 180], [28, 130], [84, 136], [77, 98], [108, 53], [94, 8], [100, 66], [36, 114], [86, 185], [96, 155], [28, 107], [131, 124], [132, 102], [0, 0]]","[0, 1, 18, 15, 2, 9, 4, 8, 6, 16, 17, 7, 10, 11, 5, 19, 20, 14, 12, 3, 13, 21]",660.9548216480423,14.562823295593262
