Id,Coordinates,Order,Distance,Time
6526,"[[0, 0], [116, 21], [29, 14], [25, 46], [131, 19], [9, 33], [48, 8], [82, 31], [33, 42], [3, 43], [5, 13], [30, 13], [95, 51], [87, 41], [89, 66], [16, 1], [44, 44], [76, 33], [132, 3], [53, 24], [62, 13], [0, 0]]","[0, 10, 2, 11, 19, 16, 8, 3, 5, 9, 17, 7, 13, 12, 14, 1, 4, 18, 20, 6, 15, 21]",476.3478434665313,13.517571449279785
