Id,Coordinates,Order,Distance,Time
9441,"[[0, 0], [117, 20], [47, 57], [63, 48], [28, 48], [27, 26], [105, 63], [145, 9], [138, 20], [56, 21], [112, 26], [114, 22], [142, 18], [157, 33], [186, 10], [105, 53], [167, 21], [61, 58], [142, 32], [181, 53], [101, 27], [0, 0]]","[0, 5, 4, 2, 17, 3, 20, 10, 11, 1, 7, 12, 8, 18, 13, 16, 14, 19, 6, 15, 9, 21]",523.8790946508379,15.48397707939148
