Id,Coordinates,Order,Distance,Time
8273,"[[0, 0], [2, 82], [2, 62], [3, 68], [11, 29], [5, 6], [1, 38], [9, 12], [2, 47], [2, 32], [9, 64], [6, 54], [1, 23], [10, 57], [7, 92], [8, 78], [6, 24], [7, 62], [7, 36], [6, 40], [11, 44], [0, 0]]","[0, 5, 7, 12, 9, 6, 19, 20, 11, 13, 17, 10, 15, 14, 1, 3, 2, 8, 18, 4, 16, 21]",205.71409260377982,16.424472093582153
