Id,Coordinates,Order,Distance,Time
6575,"[[0, 0], [8, 2], [134, 8], [120, 3], [61, 2], [143, 9], [116, 7], [23, 3], [124, 9], [106, 9], [113, 5], [74, 4], [99, 7], [11, 7], [71, 7], [28, 5], [44, 1], [2, 7], [45, 2], [26, 7], [34, 4], [0, 0]]","[0, 17, 13, 19, 15, 20, 16, 18, 4, 11, 12, 9, 10, 6, 8, 2, 5, 3, 14, 7, 1, 21]",296.05612240705375,18.675070762634277
