Id,Coordinates,Order,Distance,Time
9887,"[[0, 0], [32, 7], [7, 3], [35, 30], [27, 21], [34, 33], [5, 31], [2, 4], [26, 13], [9, 15], [18, 9], [46, 9], [8, 5], [46, 20], [38, 2], [10, 3], [33, 19], [16, 12], [13, 26], [25, 33], [26, 14], [0, 0]]","[0, 7, 2, 12, 9, 18, 6, 19, 5, 3, 4, 20, 8, 1, 14, 11, 13, 16, 10, 17, 15, 21]",188.2248210644288,15.788744688034058
