Id,Coordinates,Order,Distance,Time
4143,"[[0, 0], [8, 65], [6, 76], [3, 61], [9, 59], [11, 51], [13, 12], [7, 87], [16, 46], [16, 19], [6, 32], [12, 35], [19, 39], [9, 15], [19, 56], [18, 15], [11, 46], [11, 21], [18, 65], [14, 60], [5, 85], [0, 0]]","[0, 13, 6, 15, 9, 17, 11, 12, 8, 16, 5, 4, 19, 14, 18, 2, 20, 7, 1, 3, 10, 21]",223.9994214920816,14.512914180755615
