Id,Coordinates,Order,Distance,Time
7988,"[[0, 0], [70, 81], [69, 69], [88, 41], [89, 37], [104, 60], [51, 34], [7, 26], [74, 4], [47, 16], [32, 75], [35, 75], [96, 61], [109, 73], [48, 38], [11, 76], [16, 82], [40, 54], [60, 100], [77, 28], [8, 2], [0, 0]]","[0, 7, 6, 14, 17, 11, 10, 15, 16, 18, 1, 2, 13, 5, 12, 3, 4, 19, 8, 9, 20, 21]",434.27893867236224,14.717023611068726
