Id,Coordinates,Order,Distance,Time
7086,"[[0, 0], [42, 36], [5, 109], [87, 128], [45, 115], [36, 32], [42, 8], [9, 102], [22, 29], [27, 3], [35, 73], [112, 42], [11, 88], [33, 2], [57, 104], [79, 134], [92, 75], [51, 115], [14, 79], [53, 25], [34, 84], [0, 0]]","[0, 9, 13, 6, 1, 10, 20, 18, 12, 7, 2, 4, 17, 14, 15, 3, 16, 11, 19, 5, 8, 21]",500.580001362908,16.55959415435791
