Id,Coordinates,Order,Distance,Time
397,"[[0, 0], [12, 27], [12, 49], [34, 57], [23, 5], [14, 39], [30, 20], [21, 64], [12, 30], [15, 60], [6, 40], [20, 48], [22, 8], [21, 61], [30, 47], [7, 6], [10, 49], [34, 5], [33, 58], [9, 13], [21, 25], [0, 0]]","[0, 15, 12, 4, 17, 6, 20, 1, 8, 5, 11, 14, 3, 18, 13, 7, 9, 2, 16, 10, 19, 21]",206.63310963969317,16.46434497833252
