Id,Coordinates,Order,Distance,Time
4848,"[[0, 0], [1, 46], [29, 26], [14, 19], [19, 105], [4, 93], [10, 42], [8, 50], [1, 35], [29, 10], [12, 7], [4, 68], [7, 60], [19, 1], [17, 102], [25, 37], [9, 99], [4, 66], [16, 67], [13, 67], [5, 68], [0, 0]]","[0, 10, 13, 9, 2, 15, 6, 7, 12, 17, 11, 20, 19, 5, 16, 14, 4, 18, 1, 8, 3, 21]",281.7632754163354,14.924529314041138
