Id,Coordinates,Order,Distance,Time
1015,"[[0, 0], [97, 88], [71, 162], [99, 130], [92, 60], [86, 134], [44, 40], [11, 123], [53, 138], [13, 133], [3, 49], [9, 10], [34, 103], [32, 2], [14, 26], [113, 125], [11, 89], [70, 178], [40, 139], [44, 3], [18, 46], [0, 0]]","[0, 11, 14, 20, 10, 16, 12, 7, 9, 18, 8, 17, 2, 5, 3, 15, 1, 4, 6, 19, 13, 21]",535.5867683999816,14.971808671951294
