Id,Coordinates,Order,Distance,Time
9461,"[[0, 0], [72, 94], [28, 9], [37, 124], [102, 149], [6, 76], [103, 1], [53, 26], [33, 136], [58, 139], [56, 116], [178, 72], [9, 150], [4, 126], [13, 41], [42, 122], [56, 82], [69, 25], [104, 152], [16, 151], [131, 35], [0, 0]]","[0, 2, 7, 17, 6, 20, 11, 4, 18, 9, 3, 8, 19, 12, 13, 15, 10, 1, 16, 5, 14, 21]",702.1724623384746,15.482722520828247
