Id,Coordinates,Order,Distance,Time
3276,"[[0, 0], [106, 16], [11, 45], [114, 4], [45, 31], [129, 25], [3, 28], [21, 22], [118, 20], [159, 40], [63, 46], [25, 15], [165, 14], [39, 24], [43, 17], [74, 24], [123, 23], [97, 40], [27, 20], [154, 30], [118, 40], [0, 0]]","[0, 6, 2, 7, 18, 13, 4, 10, 17, 20, 16, 8, 3, 19, 9, 12, 5, 1, 15, 14, 11, 21]",478.1643745326911,13.149931192398071
