Id,Coordinates,Order,Distance,Time
4183,"[[0, 0], [30, 39], [1, 132], [44, 38], [64, 57], [14, 84], [20, 117], [38, 24], [19, 68], [34, 15], [34, 14], [61, 77], [5, 11], [13, 154], [44, 89], [28, 40], [2, 73], [49, 17], [22, 100], [58, 129], [2, 150], [0, 0]]","[0, 12, 7, 1, 15, 8, 16, 5, 18, 6, 2, 20, 13, 19, 14, 11, 4, 3, 17, 9, 10, 21]",455.10818901991036,19.912524938583374
