Id,Coordinates,Order,Distance,Time
2335,"[[0, 0], [58, 79], [104, 86], [153, 25], [82, 55], [142, 122], [158, 18], [151, 13], [143, 123], [102, 25], [107, 49], [42, 122], [168, 30], [135, 86], [50, 115], [154, 175], [93, 127], [26, 76], [81, 138], [122, 49], [162, 120], [0, 0]]","[0, 17, 1, 4, 10, 19, 9, 7, 6, 3, 12, 13, 16, 18, 14, 11, 15, 20, 8, 5, 2, 21]",877.4567895809948,16.65832829475403
