Id,Coordinates,Order,Distance,Time
5309,"[[0, 0], [17, 101], [40, 40], [23, 114], [57, 99], [7, 123], [4, 146], [35, 2], [14, 145], [54, 132], [34, 160], [7, 64], [50, 16], [17, 154], [52, 17], [26, 44], [6, 155], [34, 105], [30, 87], [13, 114], [49, 80], [0, 0]]","[0, 7, 12, 14, 2, 15, 18, 1, 17, 3, 19, 5, 8, 6, 16, 13, 10, 9, 4, 20, 11, 21]",481.01443147898385,13.576215028762817
