Id,Coordinates,Order,Distance,Time
439,"[[0, 0], [120, 48], [61, 19], [21, 35], [141, 14], [15, 35], [89, 25], [107, 44], [129, 34], [45, 57], [86, 32], [125, 44], [67, 39], [105, 4], [78, 60], [49, 60], [97, 52], [134, 42], [69, 42], [44, 52], [69, 55], [0, 0]]","[0, 5, 3, 19, 9, 15, 20, 14, 18, 12, 16, 7, 1, 11, 17, 8, 4, 13, 6, 10, 2, 21]",407.351798557763,14.419294595718384
