Id,Coordinates,Order,Distance,Time
4494,"[[0, 0], [8, 59], [15, 99], [12, 159], [12, 176], [6, 29], [1, 135], [14, 176], [4, 65], [13, 171], [3, 56], [3, 20], [9, 175], [15, 52], [6, 59], [13, 45], [10, 52], [14, 147], [4, 57], [3, 80], [5, 77], [0, 0]]","[0, 11, 5, 15, 13, 16, 1, 14, 8, 20, 2, 17, 3, 9, 7, 4, 12, 6, 19, 18, 10, 21]",369.0908742999611,15.374460697174072
