Id,Coordinates,Order,Distance,Time
2289,"[[0, 0], [57, 23], [3, 51], [16, 84], [9, 33], [12, 87], [39, 129], [8, 3], [4, 21], [2, 57], [38, 122], [37, 1], [34, 122], [16, 61], [59, 47], [25, 46], [33, 128], [6, 45], [61, 98], [27, 39], [40, 22], [0, 0]]","[0, 7, 8, 4, 17, 2, 9, 13, 15, 19, 20, 1, 3, 5, 12, 16, 6, 10, 18, 14, 11, 21]",453.26627474705293,17.08094596862793
