Id,Coordinates,Order,Distance,Time
6381,"[[0, 0], [73, 20], [5, 39], [45, 23], [84, 26], [88, 20], [18, 33], [4, 27], [163, 18], [115, 40], [48, 13], [101, 40], [106, 8], [49, 42], [86, 37], [155, 20], [78, 41], [90, 41], [1, 35], [5, 19], [31, 12], [0, 0]]","[0, 19, 7, 18, 2, 6, 20, 10, 3, 13, 16, 14, 17, 4, 5, 12, 15, 8, 9, 11, 1, 21]",451.0256236890806,17.739043474197388
