Id,Coordinates,Order,Distance,Time
9865,"[[0, 0], [58, 36], [44, 8], [62, 22], [71, 12], [62, 1], [55, 6], [63, 29], [67, 7], [27, 15], [51, 16], [17, 38], [8, 33], [70, 19], [36, 26], [44, 45], [11, 13], [42, 46], [70, 18], [45, 24], [29, 6], [0, 0]]","[0, 16, 9, 20, 2, 19, 17, 15, 1, 7, 3, 13, 18, 4, 8, 5, 6, 10, 14, 11, 12, 21]",263.25803349231234,14.652082920074463
