Id,Coordinates,Order,Distance,Time
3052,"[[0, 0], [12, 17], [61, 30], [25, 5], [10, 28], [83, 17], [35, 39], [50, 39], [53, 14], [11, 13], [31, 15], [22, 15], [79, 41], [74, 10], [45, 35], [12, 27], [29, 22], [62, 8], [75, 27], [37, 41], [83, 10], [0, 0]]","[0, 9, 1, 4, 15, 11, 10, 8, 17, 13, 20, 5, 18, 12, 2, 7, 14, 19, 6, 16, 3, 21]",262.08710991163326,14.81359601020813
