Id,Coordinates,Order,Distance,Time
2958,"[[0, 0], [25, 4], [63, 1], [59, 8], [19, 7], [57, 4], [37, 1], [23, 5], [36, 4], [14, 5], [56, 4], [2, 6], [50, 5], [9, 9], [4, 1], [39, 2], [26, 2], [65, 7], [37, 4], [16, 9], [70, 8], [0, 0]]","[0, 11, 13, 19, 4, 7, 1, 8, 18, 15, 12, 10, 5, 3, 17, 20, 2, 6, 16, 9, 14, 21]",153.42855360962898,18.052762985229492
