Id,Coordinates,Order,Distance,Time
1416,"[[0, 0], [11, 89], [17, 2], [25, 83], [10, 14], [25, 83], [25, 17], [6, 60], [26, 8], [4, 24], [1, 114], [27, 96], [21, 26], [14, 44], [32, 62], [14, 54], [17, 69], [20, 99], [30, 33], [31, 37], [21, 6], [0, 0]]","[0, 2, 20, 8, 6, 12, 18, 19, 15, 14, 3, 5, 11, 17, 10, 1, 16, 7, 13, 9, 4, 21]",303.57469622037445,14.06369948387146
