Id,Coordinates,Order,Distance,Time
7897,"[[0, 0], [134, 32], [54, 26], [7, 11], [74, 16], [113, 10], [72, 39], [37, 12], [91, 35], [19, 38], [146, 6], [48, 28], [45, 5], [14, 27], [88, 3], [44, 15], [100, 38], [87, 23], [35, 5], [68, 17], [154, 24], [0, 0]]","[0, 3, 13, 9, 11, 15, 7, 18, 12, 19, 4, 17, 8, 16, 1, 20, 10, 5, 14, 6, 2, 21]",436.1836583961883,20.257493257522583
