Id,Coordinates,Order,Distance,Time
3591,"[[0, 0], [20, 21], [50, 11], [84, 55], [31, 50], [50, 11], [4, 54], [113, 3], [127, 24], [106, 44], [131, 36], [5, 55], [127, 42], [53, 48], [9, 39], [112, 1], [5, 43], [107, 1], [133, 37], [108, 32], [82, 5], [0, 0]]","[0, 14, 16, 6, 11, 4, 13, 3, 9, 19, 12, 18, 10, 8, 7, 15, 17, 20, 2, 5, 1, 21]",369.39097897242834,19.503954648971558
