Id,Coordinates,Order,Distance,Time
6742,"[[0, 0], [34, 54], [46, 7], [37, 29], [37, 67], [2, 25], [73, 35], [62, 40], [57, 3], [36, 69], [32, 8], [73, 13], [60, 54], [36, 60], [47, 42], [43, 27], [20, 5], [55, 11], [65, 66], [6, 6], [68, 8], [0, 0]]","[0, 19, 16, 10, 2, 17, 8, 20, 11, 6, 7, 12, 18, 9, 4, 13, 1, 14, 15, 3, 5, 21]",291.03498931121044,21.44896388053894
