Id,Coordinates,Order,Distance,Time
29,"[[0, 0], [28, 2], [9, 1], [13, 18], [4, 30], [9, 12], [1, 27], [43, 22], [10, 2], [53, 33], [111, 11], [96, 8], [42, 3], [12, 20], [58, 2], [21, 28], [38, 32], [49, 15], [33, 12], [68, 41], [14, 34], [0, 0]]","[0, 2, 8, 5, 3, 13, 15, 20, 4, 6, 18, 17, 7, 16, 9, 19, 10, 11, 14, 12, 1, 21]",333.63090926547204,17.975996017456055
