Id,Coordinates,Order,Distance,Time
9187,"[[0, 0], [6, 60], [61, 65], [68, 57], [81, 3], [95, 64], [83, 9], [111, 48], [66, 29], [78, 8], [105, 58], [34, 72], [20, 14], [37, 20], [72, 1], [42, 42], [85, 69], [102, 75], [121, 33], [59, 77], [62, 7], [0, 0]]","[0, 12, 13, 15, 8, 20, 14, 4, 9, 6, 18, 7, 10, 17, 5, 16, 3, 2, 19, 11, 1, 21]",421.4459416256723,14.717532396316528
