Id,Coordinates,Order,Distance,Time
8890,"[[0, 0], [131, 8], [58, 6], [30, 19], [102, 7], [127, 14], [109, 10], [124, 13], [112, 3], [67, 18], [18, 12], [80, 22], [96, 7], [74, 18], [103, 15], [125, 23], [112, 9], [9, 24], [10, 23], [56, 7], [72, 1], [0, 0]]","[0, 18, 17, 3, 19, 2, 9, 13, 11, 12, 4, 6, 16, 8, 7, 5, 1, 15, 14, 20, 10, 21]",328.1894618314846,16.766167163848877
