Id,Coordinates,Order,Distance,Time
1171,"[[0, 0], [8, 59], [29, 113], [12, 35], [10, 95], [52, 39], [36, 39], [15, 73], [27, 115], [28, 70], [16, 65], [1, 63], [5, 125], [19, 99], [51, 82], [38, 18], [47, 60], [12, 57], [32, 37], [47, 83], [51, 56], [0, 0]]","[0, 3, 18, 6, 16, 9, 10, 17, 1, 11, 7, 4, 13, 12, 8, 2, 19, 14, 20, 5, 15, 21]",395.79135879214346,15.825080394744873
