Id,Coordinates,Order,Distance,Time
4770,"[[0, 0], [93, 26], [55, 51], [114, 44], [132, 63], [49, 36], [47, 1], [91, 45], [20, 23], [95, 48], [53, 2], [87, 44], [17, 53], [100, 4], [132, 61], [71, 30], [97, 16], [134, 40], [123, 40], [83, 56], [85, 18], [0, 0]]","[0, 8, 12, 5, 15, 20, 13, 16, 1, 11, 7, 9, 3, 18, 17, 14, 4, 19, 2, 10, 6, 21]",452.29673776422214,14.243681907653809
