Id,Coordinates,Order,Distance,Time
2226,"[[0, 0], [106, 94], [59, 152], [16, 37], [88, 148], [54, 32], [49, 27], [107, 106], [23, 149], [22, 80], [77, 22], [28, 64], [92, 140], [52, 58], [100, 29], [83, 85], [58, 34], [80, 118], [102, 46], [52, 60], [15, 91], [0, 0]]","[0, 3, 19, 13, 16, 5, 6, 10, 14, 18, 15, 1, 7, 17, 12, 4, 2, 8, 20, 9, 11, 21]",557.5193935216971,14.145060300827026
