Id,Coordinates,Order,Distance,Time
6859,"[[0, 0], [66, 3], [28, 26], [125, 3], [123, 12], [136, 15], [139, 22], [57, 6], [82, 29], [187, 56], [140, 30], [157, 40], [42, 40], [56, 44], [46, 22], [152, 2], [21, 5], [144, 7], [77, 44], [173, 40], [60, 17], [0, 0]]","[0, 16, 2, 14, 20, 18, 13, 12, 8, 4, 5, 6, 10, 11, 19, 9, 15, 17, 3, 1, 7, 21]",534.3699786563784,15.574629545211792
