Id,Coordinates,Order,Distance,Time
5482,"[[0, 0], [23, 146], [95, 39], [7, 57], [15, 85], [61, 22], [91, 96], [81, 94], [111, 177], [101, 141], [40, 62], [81, 189], [121, 78], [77, 185], [132, 16], [117, 151], [133, 118], [39, 177], [98, 112], [68, 150], [66, 174], [0, 0]]","[0, 3, 4, 10, 2, 14, 12, 16, 15, 8, 11, 13, 20, 17, 1, 19, 9, 18, 6, 7, 5, 21]",782.1355002953137,13.32888412475586
