Id,Coordinates,Order,Distance,Time
3693,"[[0, 0], [20, 26], [118, 47], [93, 28], [97, 9], [146, 38], [14, 24], [84, 20], [38, 2], [32, 51], [10, 40], [42, 4], [100, 19], [23, 8], [89, 24], [125, 15], [94, 5], [14, 26], [2, 50], [107, 26], [82, 15], [0, 0]]","[0, 13, 1, 17, 6, 10, 18, 9, 7, 14, 3, 12, 4, 16, 15, 5, 2, 19, 20, 11, 8, 21]",436.51440285442186,14.132048606872559
