Id,Coordinates,Order,Distance,Time
9226,"[[0, 0], [62, 34], [78, 15], [95, 18], [46, 3], [69, 2], [103, 2], [89, 29], [87, 12], [34, 20], [22, 16], [82, 17], [4, 18], [34, 37], [106, 12], [94, 36], [66, 22], [64, 8], [109, 16], [49, 1], [106, 32], [0, 0]]","[0, 12, 10, 9, 13, 1, 16, 7, 15, 20, 18, 14, 6, 3, 8, 11, 2, 5, 17, 19, 4, 21]",312.3301342087213,14.22527289390564
