Id,Coordinates,Order,Distance,Time
6383,"[[0, 0], [53, 30], [20, 16], [37, 40], [83, 10], [82, 37], [3, 51], [24, 7], [67, 14], [85, 22], [42, 21], [118, 8], [100, 56], [12, 43], [107, 11], [94, 33], [24, 25], [31, 39], [69, 14], [30, 45], [71, 6], [0, 0]]","[0, 2, 16, 17, 3, 19, 13, 6, 10, 1, 8, 18, 9, 5, 12, 15, 14, 11, 4, 20, 7, 21]",421.4282022915313,18.69467282295227
