Id,Coordinates,Order,Distance,Time
320,"[[0, 0], [82, 10], [86, 2], [55, 5], [80, 5], [71, 7], [58, 4], [6, 7], [94, 7], [87, 6], [1, 4], [45, 5], [51, 5], [12, 4], [14, 5], [83, 9], [70, 1], [62, 7], [16, 11], [65, 3], [29, 9], [0, 0]]","[0, 10, 7, 13, 14, 18, 20, 11, 12, 3, 6, 17, 5, 4, 15, 1, 9, 8, 2, 16, 19, 21]",206.0580408414304,14.186724185943604
