Id,Coordinates,Order,Distance,Time
3080,"[[0, 0], [60, 126], [96, 86], [54, 38], [22, 97], [64, 154], [97, 174], [16, 47], [2, 163], [66, 52], [57, 123], [68, 32], [30, 70], [51, 8], [78, 161], [32, 53], [52, 120], [20, 136], [43, 3], [36, 145], [70, 95], [0, 0]]","[0, 18, 13, 11, 3, 15, 12, 4, 16, 10, 1, 6, 14, 5, 19, 8, 17, 20, 2, 9, 7, 21]",652.9878583182256,16.305474042892456
