Id,Coordinates,Order,Distance,Time
4691,"[[0, 0], [15, 21], [9, 16], [35, 33], [24, 17], [10, 3], [16, 139], [14, 6], [4, 41], [16, 19], [26, 89], [2, 86], [15, 6], [11, 130], [8, 144], [5, 143], [34, 20], [31, 21], [7, 38], [10, 72], [12, 72], [0, 0]]","[0, 5, 7, 12, 9, 1, 4, 17, 16, 3, 19, 20, 10, 13, 6, 14, 15, 11, 8, 18, 2, 21]",348.53811875145095,15.319295644760132
