Id,Coordinates,Order,Distance,Time
9007,"[[0, 0], [43, 24], [11, 1], [15, 15], [48, 7], [36, 19], [3, 13], [16, 9], [38, 13], [28, 5], [45, 3], [30, 9], [39, 1], [17, 24], [41, 22], [17, 8], [24, 18], [17, 20], [22, 16], [33, 4], [12, 24], [0, 0]]","[0, 2, 15, 7, 3, 18, 11, 9, 19, 12, 10, 4, 8, 1, 14, 5, 16, 17, 13, 20, 6, 21]",160.34737763180777,14.47203254699707
