Id,Coordinates,Order,Distance,Time
3907,"[[0, 0], [21, 54], [85, 94], [44, 103], [46, 34], [57, 100], [1, 88], [55, 50], [37, 62], [87, 54], [68, 38], [14, 28], [27, 58], [76, 52], [6, 92], [39, 81], [56, 83], [5, 67], [38, 70], [55, 81], [18, 86], [0, 0]]","[0, 11, 1, 12, 8, 18, 15, 19, 16, 5, 3, 20, 14, 6, 17, 7, 2, 9, 13, 10, 4, 21]",468.1704786830034,16.064347743988037
