Id,Coordinates,Order,Distance,Time
8171,"[[0, 0], [16, 28], [48, 10], [11, 33], [24, 22], [46, 25], [38, 24], [21, 15], [10, 22], [72, 18], [13, 4], [50, 9], [55, 27], [36, 41], [72, 38], [13, 6], [27, 6], [6, 20], [3, 12], [24, 33], [37, 7], [0, 0]]","[0, 18, 17, 8, 1, 3, 19, 4, 16, 20, 2, 11, 5, 12, 9, 14, 13, 6, 7, 15, 10, 21]",268.9761508846204,15.753434658050537
