Id,Coordinates,Order,Distance,Time
6060,"[[0, 0], [109, 90], [51, 146], [124, 53], [153, 124], [109, 82], [141, 72], [45, 155], [51, 118], [84, 86], [119, 104], [95, 114], [51, 135], [107, 57], [98, 71], [68, 131], [137, 84], [68, 136], [112, 159], [27, 54], [97, 158], [0, 0]]","[0, 19, 9, 14, 5, 1, 10, 11, 8, 12, 7, 2, 17, 15, 20, 18, 4, 16, 6, 3, 13, 21]",658.1120354882877,13.443608522415161
