Id,Coordinates,Order,Distance,Time
1528,"[[0, 0], [35, 42], [30, 88], [2, 87], [11, 68], [16, 3], [38, 14], [15, 62], [32, 51], [14, 52], [8, 22], [21, 28], [26, 87], [18, 78], [33, 7], [33, 33], [8, 4], [19, 89], [22, 8], [6, 24], [3, 24], [0, 0]]","[0, 16, 5, 18, 14, 6, 15, 1, 8, 4, 3, 17, 12, 2, 13, 7, 9, 11, 10, 19, 20, 21]",269.6627092599359,15.45514702796936
