Id,Coordinates,Order,Distance,Time
3393,"[[0, 0], [16, 154], [26, 18], [54, 40], [64, 76], [37, 6], [44, 25], [41, 32], [6, 127], [5, 7], [10, 87], [31, 117], [67, 64], [64, 8], [33, 108], [52, 109], [12, 53], [46, 164], [35, 99], [12, 124], [13, 77], [0, 0]]","[0, 9, 2, 5, 6, 7, 3, 12, 4, 15, 14, 11, 19, 8, 1, 17, 18, 10, 20, 16, 13, 21]",542.4939624781557,22.693715572357178
