Id,Coordinates,Order,Distance,Time
2127,"[[0, 0], [11, 2], [34, 20], [65, 2], [9, 21], [65, 18], [73, 18], [20, 18], [58, 15], [19, 2], [16, 2], [40, 21], [54, 16], [75, 17], [71, 11], [59, 5], [60, 21], [47, 14], [67, 15], [4, 8], [58, 18], [0, 0]]","[0, 1, 10, 9, 2, 11, 17, 12, 8, 20, 16, 5, 18, 14, 13, 6, 3, 15, 7, 4, 19, 21]",200.1234128935817,16.952884912490845
