Id,Coordinates,Order,Distance,Time
277,"[[0, 0], [92, 81], [146, 72], [99, 109], [109, 95], [115, 42], [110, 66], [20, 64], [4, 7], [87, 112], [88, 83], [28, 85], [151, 89], [117, 5], [97, 50], [114, 107], [105, 112], [92, 48], [30, 58], [93, 69], [106, 112], [0, 0]]","[0, 8, 18, 7, 11, 10, 1, 19, 17, 14, 2, 12, 15, 20, 16, 3, 9, 4, 6, 5, 13, 21]",578.9835121483422,15.220694065093994
