Id,Coordinates,Order,Distance,Time
1936,"[[0, 0], [157, 11], [105, 17], [59, 12], [153, 19], [118, 24], [151, 11], [105, 14], [57, 14], [136, 9], [86, 7], [147, 4], [141, 26], [100, 7], [107, 23], [73, 15], [40, 22], [123, 13], [51, 24], [139, 4], [126, 1], [0, 0]]","[0, 16, 18, 10, 13, 7, 2, 17, 20, 9, 19, 11, 6, 1, 4, 12, 5, 14, 15, 3, 8, 21]",359.58926944508255,17.632292985916138
