Id,Coordinates,Order,Distance,Time
117,"[[0, 0], [85, 20], [43, 11], [133, 3], [87, 17], [65, 1], [2, 10], [92, 11], [172, 1], [48, 3], [173, 4], [41, 16], [150, 16], [61, 15], [105, 6], [116, 9], [136, 4], [134, 7], [161, 16], [159, 16], [105, 2], [0, 0]]","[0, 6, 11, 2, 13, 1, 4, 7, 14, 15, 17, 16, 12, 19, 18, 10, 8, 3, 20, 5, 9, 21]",377.32312703511235,21.25899839401245
