Id,Coordinates,Order,Distance,Time
296,"[[0, 0], [9, 10], [2, 20], [1, 9], [4, 6], [1, 2], [3, 19], [2, 6], [7, 16], [13, 23], [7, 23], [2, 19], [4, 16], [5, 9], [12, 2], [4, 22], [9, 20], [11, 15], [2, 18], [6, 20], [7, 15], [0, 0]]","[0, 5, 7, 4, 13, 3, 12, 18, 11, 6, 2, 15, 10, 9, 16, 19, 8, 20, 17, 1, 14, 21]",83.58836907984973,15.673173904418945
