Id,Coordinates,Order,Distance,Time
3735,"[[0, 0], [16, 1], [23, 2], [7, 8], [3, 9], [18, 12], [24, 12], [14, 2], [4, 8], [5, 2], [22, 3], [26, 1], [20, 11], [28, 2], [23, 11], [8, 4], [25, 2], [28, 10], [5, 1], [21, 10], [4, 12], [0, 0]]","[0, 8, 4, 20, 3, 5, 12, 19, 14, 6, 17, 13, 11, 16, 2, 10, 1, 7, 15, 9, 18, 21]",80.65240658748165,16.16513752937317
