Id,Coordinates,Order,Distance,Time
9495,"[[0, 0], [145, 58], [175, 2], [93, 26], [136, 98], [45, 126], [20, 49], [93, 18], [172, 165], [154, 164], [74, 142], [72, 157], [165, 64], [8, 73], [5, 15], [162, 13], [117, 114], [125, 51], [59, 25], [33, 68], [116, 150], [0, 0]]","[0, 14, 6, 19, 13, 5, 11, 10, 16, 4, 1, 17, 3, 7, 15, 2, 12, 8, 9, 20, 18, 21]",918.5588718675995,16.636268138885498
