Id,Coordinates,Order,Distance,Time
9741,"[[0, 0], [14, 87], [86, 123], [23, 26], [87, 74], [60, 18], [95, 77], [21, 139], [29, 117], [18, 145], [3, 102], [65, 80], [27, 123], [19, 132], [57, 137], [51, 112], [61, 147], [53, 110], [70, 139], [53, 26], [48, 56], [0, 0]]","[0, 5, 19, 20, 11, 4, 6, 2, 18, 16, 14, 17, 15, 8, 12, 7, 9, 13, 10, 1, 3, 21]",500.57356021967934,14.144561052322388
