Id,Coordinates,Order,Distance,Time
2073,"[[0, 0], [4, 32], [2, 26], [8, 87], [3, 119], [9, 39], [8, 87], [6, 72], [12, 44], [5, 15], [10, 123], [12, 53], [9, 111], [9, 51], [5, 88], [1, 13], [1, 86], [1, 72], [11, 2], [8, 26], [6, 3], [0, 0]]","[0, 20, 18, 9, 19, 1, 5, 8, 13, 11, 7, 16, 14, 3, 6, 12, 4, 10, 17, 2, 15, 21]",277.7766335164048,15.289352893829346
