Id,Coordinates,Order,Distance,Time
3867,"[[0, 0], [91, 8], [49, 19], [15, 27], [67, 24], [25, 25], [76, 1], [23, 28], [33, 1], [82, 12], [80, 7], [83, 10], [16, 18], [80, 26], [34, 3], [28, 8], [92, 26], [67, 9], [79, 17], [4, 29], [59, 25], [0, 0]]","[0, 19, 3, 7, 5, 15, 8, 14, 2, 20, 4, 18, 9, 11, 10, 6, 1, 16, 13, 17, 12, 21]",298.14571678741777,16.683183670043945
