Id,Coordinates,Order,Distance,Time
4403,"[[0, 0], [127, 38], [14, 91], [93, 29], [57, 20], [5, 71], [41, 68], [51, 15], [118, 59], [7, 56], [14, 66], [131, 62], [122, 43], [23, 11], [112, 33], [8, 54], [127, 107], [80, 29], [52, 57], [35, 33], [69, 61], [0, 0]]","[0, 13, 19, 7, 4, 17, 3, 14, 1, 12, 8, 11, 16, 20, 18, 6, 2, 5, 10, 15, 9, 21]",483.2886397536905,13.946972608566284
