Id,Coordinates,Order,Distance,Time
9669,"[[0, 0], [80, 94], [69, 44], [3, 181], [113, 50], [130, 186], [21, 167], [189, 185], [98, 161], [175, 37], [45, 2], [193, 140], [9, 84], [92, 149], [184, 169], [74, 13], [2, 124], [152, 93], [15, 79], [10, 181], [150, 77], [0, 0]]","[0, 10, 15, 2, 4, 9, 20, 17, 11, 14, 7, 5, 8, 13, 1, 18, 6, 19, 3, 16, 12, 21]",918.1496043117131,16.57603120803833
