Id,Coordinates,Order,Distance,Time
4416,"[[0, 0], [54, 7], [28, 61], [14, 24], [67, 15], [43, 40], [60, 8], [65, 23], [56, 5], [66, 47], [39, 60], [49, 48], [49, 14], [28, 53], [37, 37], [75, 2], [6, 54], [27, 20], [30, 71], [22, 19], [1, 48], [0, 0]]","[0, 3, 19, 17, 14, 5, 11, 10, 18, 2, 13, 16, 20, 12, 1, 8, 6, 15, 4, 7, 9, 21]",375.5774216454266,13.05964732170105
