Id,Coordinates,Order,Distance,Time
6615,"[[0, 0], [3, 16], [16, 58], [15, 11], [7, 21], [5, 6], [7, 7], [2, 2], [6, 24], [11, 27], [10, 11], [4, 42], [7, 93], [15, 61], [9, 58], [10, 86], [3, 30], [9, 18], [14, 39], [7, 79], [14, 32], [0, 0]]","[0, 7, 5, 6, 10, 3, 17, 4, 8, 9, 20, 18, 2, 13, 19, 15, 12, 14, 11, 16, 1, 21]",205.05085100994145,15.586584091186523
