Id,Coordinates,Order,Distance,Time
4200,"[[0, 0], [71, 5], [53, 12], [12, 15], [59, 7], [10, 8], [79, 14], [69, 15], [22, 19], [82, 9], [77, 20], [26, 23], [50, 15], [15, 18], [34, 12], [72, 17], [63, 17], [21, 13], [75, 20], [19, 6], [12, 16], [0, 0]]","[0, 5, 3, 20, 13, 8, 11, 12, 2, 16, 7, 15, 18, 10, 6, 9, 1, 4, 14, 17, 19, 21]",195.07798413917254,16.606804132461548
