Id,Coordinates,Order,Distance,Time
4076,"[[0, 0], [59, 45], [66, 70], [39, 56], [39, 45], [81, 36], [49, 35], [22, 51], [77, 60], [74, 37], [55, 40], [97, 21], [69, 44], [5, 2], [51, 8], [12, 65], [2, 17], [22, 63], [101, 43], [82, 33], [55, 30], [0, 0]]","[0, 16, 7, 15, 17, 3, 4, 6, 10, 12, 9, 5, 19, 11, 18, 8, 2, 1, 20, 14, 13, 21]",369.167337147832,13.853853464126587
