Id,Coordinates,Order,Distance,Time
3314,"[[0, 0], [53, 149], [18, 77], [33, 113], [57, 10], [39, 14], [31, 142], [6, 155], [50, 67], [26, 107], [8, 95], [50, 46], [24, 107], [2, 124], [4, 150], [61, 92], [54, 152], [17, 161], [36, 116], [12, 125], [4, 136], [0, 0]]","[0, 5, 4, 11, 8, 15, 18, 3, 19, 13, 20, 14, 7, 17, 16, 1, 6, 9, 12, 10, 2, 21]",482.428868429299,11.194584369659424
