Id,Coordinates,Order,Distance,Time
3661,"[[0, 0], [34, 39], [13, 37], [33, 12], [18, 10], [4, 22], [32, 9], [27, 13], [24, 5], [20, 38], [26, 31], [30, 27], [23, 24], [22, 40], [1, 17], [1, 37], [16, 39], [6, 33], [6, 41], [28, 17], [11, 21], [0, 0]]","[0, 14, 5, 20, 19, 7, 3, 6, 8, 4, 17, 15, 18, 2, 16, 9, 13, 1, 10, 11, 12, 21]",203.75562717266067,19.68962860107422
