Id,Coordinates,Order,Distance,Time
1593,"[[0, 0], [10, 61], [3, 45], [7, 17], [1, 75], [8, 40], [1, 83], [2, 47], [3, 26], [7, 24], [2, 88], [7, 23], [9, 32], [4, 89], [2, 77], [5, 56], [5, 20], [4, 75], [3, 65], [10, 56], [5, 37], [0, 0]]","[0, 3, 16, 11, 9, 12, 20, 5, 2, 7, 15, 19, 1, 17, 14, 6, 10, 13, 4, 18, 8, 21]",194.44801191236758,15.598514318466187
