Id,Coordinates,Order,Distance,Time
1691,"[[0, 0], [51, 9], [5, 13], [27, 5], [65, 29], [24, 28], [23, 30], [73, 27], [1, 2], [13, 14], [32, 17], [15, 1], [20, 30], [78, 8], [78, 27], [29, 5], [7, 29], [32, 7], [18, 8], [56, 27], [49, 18], [0, 0]]","[0, 8, 2, 9, 18, 3, 10, 5, 6, 12, 16, 20, 19, 4, 7, 14, 13, 1, 17, 15, 11, 21]",258.782701020428,18.288997411727905
