Id,Coordinates,Order,Distance,Time
4516,"[[0, 0], [5, 66], [39, 57], [19, 53], [35, 35], [21, 74], [6, 70], [44, 68], [43, 24], [35, 44], [3, 1], [28, 14], [17, 82], [43, 27], [31, 24], [10, 13], [12, 33], [38, 6], [11, 7], [21, 7], [42, 29], [0, 0]]","[0, 15, 11, 14, 4, 9, 2, 7, 5, 12, 6, 1, 3, 16, 20, 13, 8, 17, 19, 18, 10, 21]",278.0437843975298,16.162962198257446
