Id,Coordinates,Order,Distance,Time
4549,"[[0, 0], [47, 27], [56, 5], [8, 43], [31, 23], [62, 35], [52, 36], [41, 36], [56, 40], [44, 36], [9, 17], [58, 37], [45, 41], [48, 11], [12, 29], [59, 42], [28, 11], [27, 14], [41, 12], [27, 14], [28, 43], [0, 0]]","[0, 10, 14, 3, 20, 7, 9, 12, 8, 15, 5, 11, 6, 1, 2, 13, 18, 4, 19, 17, 16, 21]",229.947195897852,15.487526416778564
