Id,Coordinates,Order,Distance,Time
7885,"[[0, 0], [87, 139], [69, 79], [166, 81], [73, 22], [117, 128], [88, 61], [66, 146], [54, 27], [125, 36], [12, 69], [28, 87], [106, 69], [157, 87], [105, 89], [166, 23], [135, 59], [41, 117], [117, 9], [93, 22], [42, 78], [0, 0]]","[0, 8, 4, 19, 9, 16, 12, 6, 2, 20, 10, 11, 17, 7, 1, 5, 14, 13, 3, 15, 18, 21]",773.0365576365363,16.5604510307312
