Id,Coordinates,Order,Distance,Time
2597,"[[0, 0], [103, 78], [77, 143], [72, 129], [51, 60], [22, 34], [26, 44], [18, 49], [43, 75], [107, 186], [27, 142], [9, 141], [82, 177], [70, 169], [79, 109], [23, 4], [54, 31], [74, 93], [9, 99], [119, 95], [25, 64], [0, 0]]","[0, 5, 6, 7, 20, 8, 17, 14, 3, 2, 9, 12, 13, 10, 11, 18, 19, 1, 4, 16, 15, 21]",672.2951791924036,15.955235242843628
