Id,Coordinates,Order,Distance,Time
5637,"[[0, 0], [30, 55], [42, 36], [30, 1], [17, 38], [16, 14], [14, 55], [36, 46], [11, 29], [13, 3], [11, 8], [30, 26], [8, 4], [13, 46], [26, 6], [36, 46], [2, 17], [17, 37], [34, 9], [6, 29], [27, 54], [0, 0]]","[0, 12, 9, 10, 5, 14, 3, 18, 11, 2, 7, 15, 1, 20, 6, 13, 4, 17, 8, 19, 16, 21]",189.92234962140714,15.961953163146973
