Id,Coordinates,Order,Distance,Time
7229,"[[0, 0], [69, 24], [45, 66], [94, 83], [140, 33], [47, 44], [69, 41], [9, 81], [36, 7], [26, 88], [129, 77], [109, 31], [86, 45], [82, 49], [143, 48], [48, 31], [60, 44], [142, 62], [71, 10], [137, 27], [34, 65], [0, 0]]","[0, 15, 16, 6, 13, 12, 11, 19, 4, 14, 17, 10, 3, 9, 7, 20, 2, 5, 1, 18, 8, 21]",515.9139610858108,19.85311222076416
