Id,Coordinates,Order,Distance,Time
7335,"[[0, 0], [52, 14], [106, 13], [141, 10], [88, 14], [166, 15], [159, 3], [120, 14], [13, 9], [176, 3], [80, 12], [82, 14], [81, 12], [17, 12], [37, 2], [47, 8], [163, 14], [141, 11], [131, 14], [154, 15], [170, 12], [0, 0]]","[0, 8, 13, 1, 10, 12, 2, 7, 18, 17, 19, 16, 5, 20, 9, 6, 3, 4, 11, 15, 14, 21]",365.7619939839691,16.374667167663574
