Id,Coordinates,Order,Distance,Time
6877,"[[0, 0], [16, 21], [2, 38], [15, 37], [6, 23], [14, 29], [6, 34], [1, 18], [8, 2], [12, 13], [11, 13], [4, 40], [1, 37], [14, 8], [6, 38], [6, 5], [16, 6], [10, 3], [10, 31], [14, 25], [4, 22], [0, 0]]","[0, 15, 8, 17, 16, 13, 10, 9, 1, 19, 5, 3, 14, 11, 2, 12, 6, 18, 4, 20, 7, 21]",115.66361860392566,13.672633409500122
