Id,Coordinates,Order,Distance,Time
8255,"[[0, 0], [19, 5], [6, 21], [16, 16], [11, 37], [12, 23], [2, 33], [19, 17], [16, 21], [21, 31], [19, 28], [26, 35], [6, 7], [13, 25], [28, 19], [23, 12], [16, 24], [19, 34], [30, 31], [25, 6], [27, 16], [0, 0]]","[0, 1, 19, 15, 20, 14, 7, 8, 16, 13, 5, 2, 6, 4, 17, 9, 11, 18, 10, 3, 12, 21]",161.96751946236938,13.57743525505066
