Id,Coordinates,Order,Distance,Time
1625,"[[0, 0], [43, 1], [20, 16], [56, 21], [30, 22], [91, 6], [98, 25], [96, 27], [11, 8], [29, 19], [53, 11], [28, 22], [34, 6], [34, 8], [52, 6], [90, 7], [81, 21], [76, 21], [101, 14], [12, 21], [14, 11], [0, 0]]","[0, 8, 20, 19, 2, 11, 4, 9, 3, 17, 16, 7, 6, 18, 5, 15, 10, 14, 1, 12, 13, 21]",248.15288591157645,15.100558042526245
