Id,Coordinates,Order,Distance,Time
9579,"[[0, 0], [14, 19], [30, 38], [26, 20], [8, 117], [25, 19], [26, 100], [28, 115], [24, 110], [22, 187], [27, 11], [15, 120], [24, 41], [26, 82], [4, 31], [1, 158], [26, 32], [2, 23], [2, 173], [9, 142], [27, 146], [0, 0]]","[0, 1, 10, 3, 5, 16, 2, 12, 13, 6, 8, 7, 19, 15, 18, 9, 20, 11, 4, 14, 17, 21]",436.2736542968044,13.30234169960022
