Id,Coordinates,Order,Distance,Time
8338,"[[0, 0], [16, 53], [61, 7], [11, 55], [78, 27], [14, 26], [99, 26], [39, 15], [36, 18], [60, 29], [60, 65], [94, 30], [97, 43], [3, 66], [31, 25], [98, 40], [92, 75], [81, 67], [27, 49], [44, 67], [28, 48], [0, 0]]","[0, 14, 8, 7, 2, 9, 4, 11, 6, 15, 12, 16, 17, 10, 19, 20, 18, 1, 3, 13, 5, 21]",366.26125367024594,16.998000860214233
