Id,Coordinates,Order,Distance,Time
9338,"[[0, 0], [152, 18], [151, 107], [81, 114], [102, 23], [86, 9], [34, 33], [52, 38], [20, 61], [70, 82], [80, 45], [141, 23], [89, 109], [136, 51], [9, 109], [21, 76], [59, 16], [100, 98], [36, 71], [28, 24], [133, 69], [0, 0]]","[0, 19, 6, 7, 16, 5, 4, 10, 9, 12, 3, 17, 2, 20, 13, 1, 11, 18, 15, 14, 8, 21]",715.0022347780082,16.554728269577026
