Id,Coordinates,Order,Distance,Time
6130,"[[0, 0], [13, 40], [9, 5], [11, 19], [4, 31], [10, 2], [12, 3], [11, 4], [8, 29], [9, 19], [7, 51], [16, 1], [3, 17], [1, 24], [11, 35], [13, 8], [6, 17], [6, 53], [4, 16], [14, 35], [15, 44], [0, 0]]","[0, 5, 2, 7, 6, 11, 15, 3, 9, 16, 18, 12, 13, 8, 14, 19, 1, 20, 10, 17, 4, 21]",149.91040958912552,13.839406490325928
