Id,Coordinates,Order,Distance,Time
7018,"[[0, 0], [120, 103], [6, 46], [77, 178], [81, 101], [125, 99], [90, 91], [102, 55], [63, 172], [104, 35], [122, 47], [42, 165], [96, 12], [96, 74], [104, 145], [26, 78], [10, 28], [103, 158], [124, 6], [3, 48], [55, 62], [0, 0]]","[0, 16, 2, 19, 20, 4, 6, 1, 5, 13, 7, 9, 12, 18, 10, 14, 17, 3, 8, 11, 15, 21]",729.5432364066386,16.58074688911438
