Id,Coordinates,Order,Distance,Time
3972,"[[0, 0], [111, 30], [175, 10], [94, 18], [110, 10], [70, 15], [109, 19], [17, 23], [178, 3], [107, 8], [84, 2], [64, 27], [36, 5], [106, 29], [158, 18], [111, 33], [46, 1], [74, 7], [168, 17], [173, 8], [57, 21], [0, 0]]","[0, 12, 16, 17, 10, 9, 4, 6, 13, 1, 15, 14, 18, 2, 19, 8, 3, 5, 11, 20, 7, 21]",420.88848700003393,16.205521821975708
