Id,Coordinates,Order,Distance,Time
2482,"[[0, 0], [1, 27], [17, 67], [67, 62], [44, 2], [22, 16], [24, 12], [28, 21], [16, 42], [60, 19], [135, 68], [147, 56], [114, 9], [43, 65], [11, 59], [136, 63], [97, 36], [31, 11], [9, 45], [122, 72], [71, 32], [0, 0]]","[0, 6, 5, 7, 17, 4, 9, 20, 16, 12, 11, 15, 10, 19, 3, 13, 2, 14, 18, 8, 1, 21]",438.27554027424276,15.525760650634766
