Id,Coordinates,Order,Distance,Time
7721,"[[0, 0], [140, 64], [135, 6], [81, 1], [1, 149], [99, 54], [46, 56], [8, 60], [43, 12], [110, 23], [35, 139], [30, 53], [8, 11], [48, 89], [88, 103], [91, 97], [109, 100], [11, 47], [65, 124], [6, 3], [72, 19], [0, 0]]","[0, 19, 8, 20, 3, 9, 2, 1, 5, 16, 15, 14, 18, 10, 4, 13, 6, 11, 7, 17, 12, 21]",644.6622572982146,12.496618747711182
