Id,Coordinates,Order,Distance,Time
1859,"[[0, 0], [23, 61], [40, 22], [33, 121], [64, 24], [100, 46], [7, 117], [138, 94], [62, 123], [3, 8], [42, 103], [139, 101], [111, 40], [63, 67], [94, 116], [76, 54], [88, 43], [10, 39], [24, 121], [112, 114], [146, 85], [0, 0]]","[0, 9, 17, 1, 13, 15, 16, 10, 3, 18, 6, 8, 14, 19, 11, 7, 20, 12, 5, 4, 2, 21]",598.9184368443788,14.9609956741333
