Id,Coordinates,Order,Distance,Time
8689,"[[0, 0], [57, 17], [69, 7], [61, 15], [11, 19], [94, 41], [103, 17], [83, 39], [27, 15], [27, 10], [52, 13], [62, 19], [28, 42], [15, 30], [84, 10], [104, 23], [57, 7], [86, 24], [75, 29], [94, 22], [15, 12], [0, 0]]","[0, 20, 4, 13, 12, 10, 1, 3, 16, 2, 14, 17, 19, 6, 15, 5, 7, 18, 11, 8, 9, 21]",309.1937851397581,18.00106716156006
