Id,Coordinates,Order,Distance,Time
6932,"[[0, 0], [33, 12], [2, 45], [17, 19], [22, 20], [17, 3], [32, 16], [11, 39], [33, 11], [8, 7], [31, 1], [13, 10], [24, 12], [38, 26], [17, 7], [13, 1], [23, 30], [20, 41], [34, 43], [24, 28], [36, 44], [0, 0]]","[0, 9, 11, 14, 12, 3, 4, 19, 16, 7, 2, 17, 18, 20, 13, 6, 1, 8, 10, 5, 15, 21]",191.92465810367509,13.400556325912476
