Id,Coordinates,Order,Distance,Time
8091,"[[0, 0], [55, 79], [8, 12], [8, 37], [48, 18], [43, 43], [11, 10], [55, 46], [31, 35], [16, 13], [52, 36], [29, 79], [52, 84], [8, 20], [34, 79], [27, 98], [42, 11], [5, 32], [55, 82], [50, 47], [67, 86], [0, 0]]","[0, 2, 13, 17, 3, 5, 19, 7, 10, 4, 16, 14, 11, 15, 12, 18, 20, 1, 8, 9, 6, 21]",375.211331441897,13.419974088668823
