Id,Coordinates,Order,Distance,Time
5204,"[[0, 0], [50, 1], [37, 6], [38, 46], [41, 23], [54, 18], [114, 40], [29, 22], [58, 35], [128, 18], [33, 24], [72, 5], [101, 11], [33, 8], [41, 39], [49, 1], [102, 43], [18, 34], [52, 43], [35, 30], [48, 26], [0, 0]]","[0, 13, 2, 15, 1, 5, 20, 4, 10, 7, 19, 14, 8, 11, 12, 9, 6, 16, 18, 3, 17, 21]",392.4945598064407,15.111400365829468
