Id,Coordinates,Order,Distance,Time
5002,"[[0, 0], [30, 59], [21, 102], [12, 69], [9, 88], [5, 5], [28, 30], [7, 80], [13, 7], [21, 98], [32, 121], [21, 28], [7, 3], [39, 82], [22, 98], [34, 94], [17, 84], [33, 65], [35, 10], [37, 35], [40, 1], [0, 0]]","[0, 5, 12, 8, 18, 20, 6, 19, 1, 17, 13, 15, 14, 9, 2, 10, 16, 4, 7, 3, 11, 21]",338.8043824980455,19.606000185012817
