Id,Coordinates,Order,Distance,Time
200,"[[0, 0], [28, 17], [12, 38], [92, 69], [164, 40], [69, 18], [96, 11], [96, 81], [93, 58], [69, 24], [160, 70], [165, 70], [58, 9], [39, 29], [110, 25], [76, 81], [170, 61], [161, 3], [75, 65], [143, 33], [166, 20], [0, 0]]","[0, 1, 13, 12, 5, 9, 6, 14, 19, 17, 20, 4, 16, 11, 10, 8, 3, 7, 15, 18, 2, 21]",525.6808685603413,14.474197387695312
