Id,Coordinates,Order,Distance,Time
4883,"[[0, 0], [50, 10], [3, 51], [14, 57], [23, 103], [2, 23], [19, 21], [49, 69], [43, 49], [6, 119], [21, 69], [2, 36], [21, 112], [44, 99], [36, 88], [32, 163], [43, 68], [2, 131], [48, 3], [27, 120], [49, 109], [0, 0]]","[0, 5, 11, 2, 3, 16, 7, 8, 1, 18, 14, 13, 20, 12, 9, 17, 15, 19, 4, 10, 6, 21]",550.5573119028857,14.66041350364685
