Id,Coordinates,Order,Distance,Time
6561,"[[0, 0], [26, 9], [11, 27], [5, 19], [9, 38], [10, 39], [19, 44], [22, 33], [1, 17], [3, 47], [20, 38], [7, 39], [17, 30], [9, 52], [9, 47], [7, 32], [7, 37], [2, 19], [23, 51], [14, 11], [23, 30], [0, 0]]","[0, 8, 17, 3, 2, 15, 16, 11, 4, 5, 14, 13, 9, 6, 18, 10, 7, 12, 20, 1, 19, 21]",175.27344896639926,18.300113916397095
