Id,Coordinates,Order,Distance,Time
4088,"[[0, 0], [5, 37], [36, 4], [17, 92], [7, 149], [26, 22], [40, 42], [23, 27], [28, 32], [35, 34], [21, 124], [39, 182], [26, 34], [31, 80], [24, 40], [33, 143], [24, 3], [28, 70], [5, 29], [18, 79], [29, 178], [0, 0]]","[0, 16, 2, 5, 7, 8, 12, 14, 9, 6, 17, 13, 15, 11, 20, 4, 10, 3, 19, 1, 18, 21]",445.737738000341,17.29596519470215
