Id,Coordinates,Order,Distance,Time
7425,"[[0, 0], [22, 1], [50, 7], [25, 6], [46, 6], [41, 9], [45, 5], [23, 2], [18, 12], [13, 9], [5, 1], [58, 11], [23, 15], [26, 7], [32, 1], [40, 15], [47, 12], [6, 7], [31, 11], [3, 15], [10, 9], [0, 0]]","[0, 10, 17, 20, 9, 8, 13, 3, 7, 1, 14, 5, 6, 4, 2, 11, 16, 15, 18, 12, 19, 21]",155.15077640743763,15.81544828414917
