Id,Coordinates,Order,Distance,Time
7708,"[[0, 0], [56, 3], [71, 14], [9, 29], [91, 19], [67, 27], [100, 1], [40, 22], [34, 35], [58, 32], [66, 23], [103, 31], [96, 30], [75, 17], [98, 28], [60, 6], [55, 35], [59, 10], [88, 13], [87, 27], [94, 31], [0, 0]]","[0, 3, 8, 7, 16, 9, 5, 10, 19, 20, 12, 11, 14, 4, 6, 18, 13, 2, 17, 15, 1, 21]",297.4318228261965,15.355485916137695
