Id,Coordinates,Order,Distance,Time
4364,"[[0, 0], [56, 12], [51, 4], [11, 27], [1, 20], [48, 20], [12, 11], [99, 20], [4, 1], [42, 17], [114, 1], [54, 1], [138, 19], [30, 14], [27, 20], [40, 25], [16, 24], [81, 11], [135, 22], [7, 12], [46, 21], [0, 0]]","[0, 8, 19, 4, 3, 16, 14, 15, 9, 20, 5, 1, 2, 11, 17, 7, 18, 12, 10, 13, 6, 21]",348.06715289550755,15.083996534347534
