Id,Coordinates,Order,Distance,Time
9239,"[[0, 0], [6, 72], [5, 21], [8, 46], [19, 71], [11, 90], [15, 45], [1, 79], [6, 77], [20, 98], [7, 17], [21, 30], [12, 14], [18, 15], [18, 73], [19, 86], [15, 6], [8, 82], [20, 59], [21, 78], [18, 78], [0, 0]]","[0, 16, 12, 10, 2, 13, 11, 6, 18, 4, 14, 20, 19, 15, 5, 9, 17, 7, 8, 1, 3, 21]",256.9169867391856,19.599079132080078
