Id,Coordinates,Order,Distance,Time
7080,"[[0, 0], [24, 38], [97, 12], [13, 48], [67, 18], [10, 41], [116, 17], [127, 17], [88, 30], [113, 41], [151, 37], [86, 5], [109, 1], [115, 34], [83, 2], [109, 44], [37, 41], [90, 9], [37, 38], [117, 13], [105, 39], [0, 0]]","[0, 5, 3, 1, 18, 16, 4, 14, 11, 17, 2, 12, 19, 6, 7, 10, 9, 15, 13, 20, 8, 21]",412.95435743701967,15.13976764678955
