Id,Coordinates,Order,Distance,Time
9153,"[[0, 0], [11, 62], [26, 108], [20, 28], [4, 16], [23, 46], [13, 30], [23, 118], [25, 55], [6, 42], [2, 64], [17, 112], [23, 91], [16, 31], [24, 158], [28, 4], [26, 151], [11, 47], [29, 80], [8, 154], [23, 19], [0, 0]]","[0, 4, 6, 13, 3, 20, 15, 5, 8, 1, 18, 12, 2, 11, 7, 16, 14, 19, 10, 17, 9, 21]",422.1887070307881,14.611873626708984
