Id,Coordinates,Order,Distance,Time
3123,"[[0, 0], [28, 13], [37, 122], [44, 19], [66, 115], [76, 78], [48, 74], [27, 119], [63, 111], [12, 63], [15, 11], [47, 61], [55, 13], [77, 111], [83, 97], [12, 3], [4, 43], [47, 40], [85, 119], [89, 125], [50, 95], [0, 0]]","[0, 15, 10, 1, 3, 12, 17, 11, 6, 20, 8, 4, 19, 18, 13, 14, 5, 2, 7, 9, 16, 21]",442.6151388144456,19.243096828460693
