Id,Coordinates,Order,Distance,Time
8928,"[[0, 0], [2, 171], [20, 73], [11, 106], [88, 56], [18, 108], [58, 189], [79, 70], [44, 20], [40, 174], [49, 4], [66, 63], [43, 189], [39, 131], [54, 161], [88, 28], [67, 183], [23, 14], [10, 10], [23, 97], [26, 169], [0, 0]]","[0, 18, 17, 8, 10, 15, 4, 7, 11, 5, 3, 1, 20, 9, 12, 6, 16, 14, 13, 19, 2, 21]",585.8548825676563,18.242510080337524
