Id,Coordinates,Order,Distance,Time
905,"[[0, 0], [31, 32], [67, 111], [32, 14], [99, 97], [136, 50], [6, 113], [78, 6], [133, 93], [96, 72], [3, 93], [65, 117], [119, 108], [73, 3], [56, 21], [77, 117], [50, 10], [102, 40], [3, 54], [75, 59], [47, 99], [0, 0]]","[0, 3, 1, 14, 16, 13, 7, 17, 19, 9, 5, 8, 12, 4, 15, 11, 2, 20, 6, 10, 18, 21]",581.1133899851638,13.761178493499756
