Id,Coordinates,Order,Distance,Time
3531,"[[0, 0], [35, 62], [14, 27], [63, 84], [27, 23], [10, 21], [33, 60], [36, 37], [68, 105], [69, 31], [53, 81], [13, 91], [64, 75], [11, 34], [40, 18], [25, 15], [67, 54], [16, 57], [22, 53], [63, 33], [41, 91], [0, 0]]","[0, 5, 2, 4, 15, 14, 7, 18, 6, 1, 10, 3, 12, 16, 19, 9, 8, 20, 11, 17, 13, 21]",443.56738113033686,17.979488611221313
