Id,Coordinates,Order,Distance,Time
3226,"[[0, 0], [25, 78], [13, 98], [67, 90], [65, 125], [67, 31], [43, 10], [39, 62], [32, 30], [5, 51], [66, 120], [77, 22], [29, 28], [80, 71], [59, 149], [25, 58], [61, 95], [58, 22], [49, 135], [38, 127], [18, 87], [0, 0]]","[0, 12, 8, 6, 17, 11, 5, 13, 3, 16, 10, 4, 14, 18, 19, 2, 20, 1, 7, 15, 9, 21]",446.4634163758769,15.77163815498352
