Id,Coordinates,Order,Distance,Time
8047,"[[0, 0], [106, 12], [27, 22], [117, 28], [44, 2], [134, 43], [117, 14], [121, 51], [36, 14], [10, 11], [128, 21], [116, 61], [122, 6], [27, 45], [130, 58], [88, 11], [27, 31], [142, 26], [10, 10], [50, 10], [131, 40], [0, 0]]","[0, 18, 9, 13, 16, 2, 8, 19, 15, 1, 6, 12, 10, 17, 20, 5, 14, 11, 7, 3, 4, 21]",417.38597314577964,14.274215936660767
