Id,Coordinates,Order,Distance,Time
7594,"[[0, 0], [58, 28], [95, 67], [129, 25], [18, 25], [80, 97], [128, 74], [90, 87], [10, 72], [46, 41], [78, 90], [53, 12], [36, 53], [44, 25], [82, 74], [135, 44], [56, 28], [42, 33], [130, 80], [110, 40], [18, 92], [0, 0]]","[0, 4, 13, 17, 9, 12, 8, 20, 10, 5, 7, 14, 2, 19, 3, 15, 6, 18, 1, 16, 11, 21]",527.429031475587,18.233036041259766
