Id,Coordinates,Order,Distance,Time
5515,"[[0, 0], [2, 116], [3, 75], [13, 88], [36, 59], [29, 8], [18, 68], [14, 84], [35, 143], [39, 148], [32, 14], [48, 82], [28, 120], [5, 60], [14, 119], [34, 22], [13, 55], [9, 148], [37, 29], [25, 93], [12, 141], [0, 0]]","[0, 5, 10, 15, 18, 16, 13, 6, 2, 7, 3, 19, 14, 1, 20, 17, 8, 9, 12, 11, 4, 21]",435.7288168867982,14.339043378829956
