Id,Coordinates,Order,Distance,Time
437,"[[0, 0], [59, 20], [58, 1], [10, 24], [53, 20], [16, 40], [54, 29], [60, 11], [16, 18], [51, 24], [54, 22], [44, 8], [27, 36], [45, 10], [60, 9], [44, 13], [10, 9], [8, 36], [4, 35], [48, 20], [48, 19], [0, 0]]","[0, 16, 8, 3, 18, 17, 5, 12, 20, 19, 9, 6, 10, 4, 1, 7, 14, 2, 11, 13, 15, 21]",209.37582968209728,15.61537504196167
