Id,Coordinates,Order,Distance,Time
1769,"[[0, 0], [43, 45], [32, 13], [4, 11], [6, 48], [40, 24], [10, 24], [28, 18], [21, 14], [14, 17], [19, 40], [44, 12], [22, 13], [30, 4], [26, 17], [11, 47], [44, 29], [2, 1], [28, 37], [39, 25], [36, 40], [0, 0]]","[0, 17, 3, 9, 8, 12, 14, 7, 2, 13, 11, 5, 19, 16, 1, 20, 18, 15, 4, 10, 6, 21]",209.85410058571736,17.05100107192993
