Id,Coordinates,Order,Distance,Time
6983,"[[0, 0], [134, 184], [169, 142], [159, 138], [187, 170], [119, 117], [156, 107], [175, 78], [169, 19], [23, 107], [66, 54], [140, 72], [181, 187], [89, 90], [115, 65], [23, 185], [183, 73], [64, 118], [48, 28], [98, 184], [69, 50], [0, 0]]","[0, 18, 20, 10, 14, 11, 8, 7, 16, 6, 3, 2, 4, 12, 1, 19, 15, 9, 17, 5, 13, 21]",932.4605929102136,14.038875102996826
