Id,Coordinates,Order,Distance,Time
3754,"[[0, 0], [46, 47], [26, 13], [23, 71], [59, 110], [87, 91], [88, 79], [26, 60], [6, 21], [90, 151], [137, 140], [26, 40], [72, 44], [16, 121], [115, 5], [5, 97], [26, 55], [106, 145], [6, 14], [59, 123], [11, 152], [0, 0]]","[0, 18, 8, 11, 16, 7, 3, 15, 13, 20, 19, 5, 6, 12, 14, 10, 17, 9, 4, 1, 2, 21]",746.3338591605809,19.297805070877075
