Id,Coordinates,Order,Distance,Time
4799,"[[0, 0], [34, 64], [26, 12], [87, 48], [98, 15], [117, 67], [38, 104], [123, 74], [9, 14], [23, 37], [58, 28], [83, 71], [36, 28], [101, 22], [4, 73], [10, 35], [50, 53], [87, 64], [29, 28], [130, 20], [126, 29], [0, 0]]","[0, 2, 18, 12, 9, 16, 3, 17, 11, 5, 7, 20, 19, 13, 4, 10, 1, 6, 14, 15, 8, 21]",542.2709104778,18.355719327926636
