Id,Coordinates,Order,Distance,Time
1874,"[[0, 0], [82, 30], [45, 48], [88, 26], [40, 59], [69, 24], [77, 124], [66, 52], [25, 9], [26, 35], [29, 72], [26, 6], [49, 8], [56, 7], [21, 75], [85, 10], [33, 15], [41, 33], [35, 22], [83, 4], [46, 83], [0, 0]]","[0, 8, 11, 16, 9, 17, 2, 4, 10, 14, 20, 6, 7, 1, 3, 15, 19, 5, 13, 12, 18, 21]",451.1638749708023,17.24365258216858
