Id,Coordinates,Order,Distance,Time
4488,"[[0, 0], [40, 39], [65, 124], [100, 12], [30, 13], [41, 29], [38, 116], [89, 27], [61, 19], [3, 53], [28, 13], [17, 27], [43, 58], [69, 72], [42, 84], [32, 79], [8, 98], [57, 74], [59, 57], [45, 12], [46, 39], [0, 0]]","[0, 10, 4, 5, 1, 20, 12, 18, 13, 17, 15, 14, 2, 6, 16, 9, 11, 8, 7, 3, 19, 21]",547.5814093126235,14.691931247711182
