Id,Coordinates,Order,Distance,Time
8713,"[[0, 0], [135, 69], [6, 39], [151, 84], [112, 113], [55, 12], [156, 34], [32, 111], [137, 37], [140, 85], [56, 3], [15, 51], [97, 91], [117, 52], [65, 80], [93, 55], [34, 49], [109, 91], [170, 68], [61, 62], [40, 102], [0, 0]]","[0, 2, 11, 16, 19, 14, 20, 7, 12, 17, 4, 9, 1, 3, 18, 6, 8, 13, 15, 5, 10, 21]",599.3680444110629,21.18600106239319
