Id,Coordinates,Order,Distance,Time
3936,"[[0, 0], [63, 87], [69, 80], [21, 2], [69, 116], [48, 41], [10, 34], [83, 39], [19, 89], [5, 55], [91, 114], [44, 48], [88, 37], [14, 31], [81, 43], [34, 83], [31, 69], [14, 52], [8, 96], [91, 100], [16, 121], [0, 0]]","[0, 13, 6, 9, 17, 16, 15, 8, 18, 20, 4, 10, 19, 1, 2, 11, 5, 14, 7, 12, 3, 21]",480.5810382645631,15.785189628601074
