Id,Coordinates,Order,Distance,Time
698,"[[0, 0], [37, 49], [31, 18], [80, 23], [75, 39], [15, 51], [87, 37], [68, 7], [22, 4], [11, 25], [61, 17], [7, 51], [33, 16], [13, 17], [69, 15], [35, 44], [9, 17], [63, 37], [56, 25], [65, 11], [26, 47], [0, 0]]","[0, 13, 8, 12, 2, 18, 10, 19, 7, 14, 3, 6, 4, 17, 1, 15, 20, 5, 11, 9, 16, 21]",281.5732464696753,13.705048084259033
