Id,Coordinates,Order,Distance,Time
4889,"[[0, 0], [34, 116], [54, 151], [60, 125], [82, 125], [16, 89], [77, 163], [68, 53], [40, 160], [71, 165], [77, 84], [60, 62], [54, 56], [3, 36], [28, 8], [11, 105], [37, 121], [40, 21], [24, 150], [2, 72], [72, 14], [0, 0]]","[0, 14, 17, 20, 7, 11, 12, 10, 4, 3, 16, 1, 18, 8, 2, 9, 6, 15, 5, 19, 13, 21]",565.1022845273502,13.702106237411499
