Id,Coordinates,Order,Distance,Time
7546,"[[0, 0], [143, 6], [65, 87], [123, 72], [28, 157], [27, 154], [135, 82], [76, 16], [10, 166], [97, 82], [80, 35], [127, 24], [69, 133], [129, 17], [18, 74], [129, 119], [61, 40], [89, 41], [73, 60], [41, 138], [14, 41], [0, 0]]","[0, 16, 10, 17, 7, 11, 13, 1, 3, 6, 15, 9, 18, 2, 12, 19, 5, 4, 8, 14, 20, 21]",727.075513702637,16.245640516281128
