Id,Coordinates,Order,Distance,Time
67,"[[0, 0], [116, 168], [113, 160], [113, 43], [22, 121], [13, 18], [55, 115], [74, 24], [34, 88], [57, 8], [79, 185], [128, 129], [27, 187], [51, 161], [109, 156], [63, 181], [61, 165], [80, 74], [77, 128], [56, 79], [67, 3], [0, 0]]","[0, 9, 20, 7, 3, 17, 19, 8, 4, 12, 13, 16, 15, 10, 1, 2, 14, 11, 18, 6, 5, 21]",699.2972667939921,23.20200228691101
