Id,Coordinates,Order,Distance,Time
8415,"[[0, 0], [24, 10], [16, 5], [15, 10], [2, 12], [7, 1], [21, 5], [9, 7], [41, 8], [31, 6], [58, 13], [49, 9], [50, 12], [11, 12], [14, 13], [1, 1], [20, 11], [58, 3], [20, 8], [32, 1], [30, 14], [0, 0]]","[0, 15, 5, 7, 2, 6, 18, 9, 19, 8, 11, 17, 10, 12, 20, 1, 16, 3, 14, 13, 4, 21]",156.82649872054432,18.171541690826416
