Id,Coordinates,Order,Distance,Time
1806,"[[0, 0], [12, 24], [6, 6], [12, 22], [6, 20], [4, 5], [2, 8], [3, 36], [7, 12], [6, 38], [5, 12], [7, 3], [1, 30], [10, 21], [4, 10], [12, 17], [13, 31], [9, 1], [7, 3], [12, 14], [11, 12], [0, 0]]","[0, 17, 11, 18, 2, 14, 10, 8, 20, 19, 15, 13, 3, 1, 16, 9, 7, 12, 4, 6, 5, 21]",101.4373611508977,20.725762367248535
