Id,Coordinates,Order,Distance,Time
1588,"[[0, 0], [3, 78], [18, 3], [15, 52], [18, 94], [8, 87], [7, 45], [17, 55], [5, 47], [11, 32], [18, 96], [9, 90], [17, 51], [1, 19], [8, 12], [16, 80], [14, 7], [14, 34], [23, 28], [4, 12], [16, 66], [0, 0]]","[0, 19, 14, 16, 2, 18, 17, 9, 3, 12, 7, 20, 15, 5, 11, 4, 10, 1, 8, 6, 13, 21]",249.38555656482714,16.845542669296265
