Id,Coordinates,Order,Distance,Time
7644,"[[0, 0], [40, 58], [24, 80], [12, 8], [4, 59], [33, 36], [15, 17], [21, 67], [25, 39], [21, 53], [26, 69], [35, 74], [18, 40], [7, 4], [13, 92], [25, 25], [20, 82], [21, 65], [37, 48], [24, 48], [9, 61], [0, 0]]","[0, 13, 3, 6, 12, 8, 19, 9, 17, 7, 10, 11, 2, 16, 14, 4, 20, 1, 18, 5, 15, 21]",269.77537470811797,15.526488542556763
