Id,Coordinates,Order,Distance,Time
1858,"[[0, 0], [108, 44], [138, 29], [116, 3], [108, 1], [124, 66], [129, 53], [95, 19], [25, 53], [101, 42], [76, 68], [145, 27], [4, 3], [109, 46], [106, 46], [61, 77], [111, 63], [15, 44], [97, 20], [9, 39], [37, 69], [0, 0]]","[0, 12, 19, 17, 8, 20, 15, 10, 16, 5, 6, 13, 1, 14, 9, 4, 3, 11, 2, 18, 7, 21]",455.5394179558871,16.419007778167725
