Id,Coordinates,Order,Distance,Time
9990,"[[0, 0], [18, 26], [93, 32], [145, 28], [155, 13], [5, 26], [62, 13], [170, 28], [91, 20], [191, 8], [34, 12], [96, 15], [48, 30], [98, 5], [165, 3], [29, 47], [33, 7], [30, 45], [112, 34], [91, 28], [60, 16], [0, 0]]","[0, 1, 10, 16, 20, 6, 8, 19, 2, 18, 3, 4, 14, 9, 7, 13, 11, 12, 17, 15, 5, 21]",491.7506829467805,12.890783548355103
