Id,Coordinates,Order,Distance,Time
9551,"[[0, 0], [6, 5], [9, 2], [3, 3], [12, 19], [6, 45], [11, 30], [10, 13], [3, 49], [2, 37], [3, 48], [6, 59], [5, 58], [12, 2], [1, 15], [10, 40], [5, 47], [10, 49], [7, 4], [11, 37], [9, 51], [0, 0]]","[0, 3, 1, 18, 2, 13, 7, 4, 6, 19, 15, 5, 16, 10, 8, 12, 11, 20, 17, 9, 14, 21]",137.57067349558372,15.327546834945679
