Id,Coordinates,Order,Distance,Time
271,"[[0, 0], [80, 3], [5, 9], [127, 9], [91, 5], [132, 5], [105, 5], [26, 8], [35, 13], [1, 12], [70, 13], [28, 6], [6, 9], [60, 4], [73, 12], [120, 5], [41, 7], [61, 12], [42, 11], [8, 10], [102, 9], [0, 0]]","[0, 2, 12, 19, 7, 8, 18, 17, 10, 14, 4, 20, 6, 15, 3, 5, 1, 13, 16, 11, 9, 21]",288.9829071683335,14.415061235427856
