Id,Coordinates,Order,Distance,Time
2259,"[[0, 0], [8, 66], [4, 124], [6, 20], [13, 33], [8, 60], [12, 108], [5, 50], [2, 33], [3, 131], [5, 55], [6, 61], [2, 117], [5, 118], [11, 104], [1, 133], [13, 94], [13, 80], [13, 151], [7, 65], [13, 90], [0, 0]]","[0, 8, 7, 10, 11, 19, 1, 17, 20, 16, 14, 6, 13, 2, 18, 15, 9, 12, 5, 4, 3, 21]",314.7971588795464,21.026140213012695
