Id,Coordinates,Order,Distance,Time
8156,"[[0, 0], [34, 123], [48, 43], [47, 48], [38, 43], [71, 165], [60, 34], [4, 104], [14, 171], [66, 47], [26, 127], [43, 65], [57, 130], [62, 63], [68, 113], [31, 138], [30, 158], [43, 157], [76, 113], [22, 37], [43, 28], [0, 0]]","[0, 19, 4, 2, 3, 13, 9, 6, 11, 7, 1, 10, 15, 8, 16, 17, 5, 12, 14, 18, 20, 21]",581.6388182967581,16.903339385986328
