Id,Coordinates,Order,Distance,Time
2011,"[[0, 0], [8, 46], [20, 40], [23, 22], [19, 52], [12, 77], [19, 37], [5, 81], [9, 66], [2, 48], [2, 38], [12, 23], [5, 19], [2, 62], [17, 53], [10, 53], [2, 16], [18, 18], [13, 45], [19, 25], [15, 86], [0, 0]]","[0, 16, 12, 11, 17, 3, 19, 6, 2, 18, 1, 15, 14, 4, 8, 5, 20, 7, 13, 9, 10, 21]",222.58414504857146,22.73026394844055
