Id,Coordinates,Order,Distance,Time
8896,"[[0, 0], [55, 123], [78, 70], [70, 125], [90, 46], [89, 89], [16, 43], [88, 20], [52, 49], [45, 18], [34, 103], [80, 147], [23, 3], [85, 107], [42, 136], [51, 17], [63, 96], [47, 34], [16, 147], [25, 126], [73, 138], [0, 0]]","[0, 6, 17, 8, 5, 13, 11, 20, 3, 1, 14, 18, 19, 10, 16, 2, 4, 7, 15, 9, 12, 21]",546.0334480310842,14.071688652038574
