Id,Coordinates,Order,Distance,Time
3299,"[[0, 0], [1, 46], [36, 47], [117, 22], [86, 49], [142, 14], [95, 47], [26, 31], [145, 29], [11, 35], [101, 44], [74, 33], [137, 49], [151, 18], [64, 28], [43, 41], [93, 21], [134, 41], [160, 4], [78, 3], [51, 32], [0, 0]]","[0, 1, 9, 7, 2, 15, 20, 14, 11, 4, 6, 10, 12, 17, 8, 13, 18, 5, 3, 16, 19, 21]",438.93075499951965,11.06131649017334
