Id,Coordinates,Order,Distance,Time
9856,"[[0, 0], [16, 5], [19, 69], [20, 32], [15, 90], [18, 80], [4, 95], [18, 98], [1, 102], [3, 4], [2, 158], [6, 42], [9, 115], [8, 138], [9, 94], [7, 123], [7, 28], [18, 78], [7, 92], [5, 171], [2, 190], [0, 0]]","[0, 9, 16, 11, 17, 5, 4, 14, 18, 6, 8, 12, 15, 13, 10, 19, 20, 7, 2, 3, 1, 21]",410.12323744942023,15.744691371917725
