Id,Coordinates,Order,Distance,Time
9140,"[[0, 0], [42, 7], [107, 7], [131, 1], [72, 8], [120, 8], [161, 12], [101, 2], [134, 4], [148, 2], [103, 4], [101, 9], [57, 4], [6, 10], [79, 5], [143, 13], [22, 11], [43, 3], [148, 2], [11, 7], [28, 10], [0, 0]]","[0, 13, 19, 16, 20, 1, 12, 14, 7, 10, 2, 3, 8, 9, 18, 6, 15, 5, 11, 4, 17, 21]",337.61547012285007,15.338895797729492
