Id,Coordinates,Order,Distance,Time
4613,"[[0, 0], [69, 9], [61, 9], [90, 134], [61, 28], [83, 82], [75, 20], [94, 12], [22, 71], [5, 22], [84, 45], [6, 138], [108, 84], [94, 13], [91, 60], [7, 140], [94, 127], [92, 91], [106, 104], [102, 57], [105, 98], [0, 0]]","[0, 2, 1, 4, 6, 7, 13, 10, 14, 19, 12, 20, 18, 17, 5, 16, 3, 15, 11, 8, 9, 21]",551.5389013896794,18.458961248397827
