Id,Coordinates,Order,Distance,Time
1696,"[[0, 0], [3, 2], [3, 29], [1, 108], [6, 59], [5, 20], [8, 8], [1, 56], [7, 9], [9, 25], [4, 63], [2, 94], [7, 63], [5, 25], [9, 88], [4, 45], [5, 105], [2, 61], [1, 103], [1, 35], [5, 56], [0, 0]]","[0, 1, 6, 8, 5, 13, 2, 19, 15, 20, 4, 12, 11, 18, 3, 16, 14, 10, 17, 7, 9, 21]",227.50719366402842,19.77506732940674
