Id,Coordinates,Order,Distance,Time
8092,"[[0, 0], [28, 19], [119, 17], [156, 95], [19, 108], [46, 37], [118, 96], [6, 95], [143, 98], [7, 12], [159, 26], [139, 23], [87, 60], [190, 25], [55, 9], [92, 38], [53, 28], [107, 47], [163, 65], [92, 26], [22, 106], [0, 0]]","[0, 9, 1, 5, 16, 14, 19, 15, 17, 6, 8, 3, 18, 13, 10, 11, 2, 12, 20, 4, 7, 21]",651.4398415356616,17.354495525360107
