Id,Coordinates,Order,Distance,Time
6830,"[[0, 0], [2, 135], [11, 64], [5, 9], [7, 120], [9, 153], [7, 188], [17, 99], [1, 88], [5, 24], [8, 7], [19, 129], [11, 146], [15, 137], [5, 8], [6, 122], [6, 6], [16, 161], [10, 170], [17, 15], [14, 39], [0, 0]]","[0, 16, 10, 14, 3, 19, 20, 2, 8, 4, 15, 1, 12, 5, 17, 18, 6, 13, 11, 7, 9, 21]",403.3529493617195,16.35696840286255
