Id,Coordinates,Order,Distance,Time
9280,"[[0, 0], [129, 34], [75, 65], [81, 54], [110, 41], [1, 29], [124, 58], [114, 20], [148, 27], [70, 10], [19, 49], [70, 48], [11, 45], [9, 54], [143, 61], [44, 42], [83, 18], [168, 40], [83, 33], [39, 25], [51, 3], [0, 0]]","[0, 5, 12, 13, 10, 15, 19, 18, 11, 2, 3, 4, 1, 8, 17, 14, 6, 7, 16, 9, 20, 21]",510.76277890944135,15.009536504745483
