Id,Coordinates,Order,Distance,Time
8642,"[[0, 0], [32, 14], [46, 77], [39, 40], [36, 103], [2, 101], [33, 53], [43, 17], [33, 67], [19, 43], [18, 101], [20, 12], [9, 32], [48, 41], [45, 37], [13, 43], [33, 17], [44, 18], [43, 50], [15, 59], [12, 16], [0, 0]]","[0, 11, 1, 16, 7, 17, 14, 13, 3, 18, 6, 8, 2, 4, 10, 5, 19, 9, 15, 12, 20, 21]",310.1687478950275,12.750570058822632
