Id,Coordinates,Order,Distance,Time
2254,"[[0, 0], [45, 76], [134, 8], [81, 68], [161, 113], [20, 59], [163, 84], [35, 29], [139, 136], [104, 141], [30, 121], [23, 26], [38, 128], [69, 128], [101, 111], [106, 24], [55, 141], [102, 102], [73, 95], [76, 27], [105, 7], [0, 0]]","[0, 11, 7, 1, 17, 14, 9, 8, 4, 6, 2, 20, 15, 19, 3, 18, 13, 16, 12, 10, 5, 21]",728.7229407780886,16.044368982315063
