Id,Coordinates,Order,Distance,Time
4291,"[[0, 0], [98, 27], [82, 24], [64, 11], [136, 29], [153, 17], [55, 9], [152, 29], [38, 3], [180, 9], [129, 26], [30, 14], [160, 23], [184, 24], [131, 17], [146, 5], [166, 7], [129, 7], [22, 11], [7, 3], [167, 21], [0, 0]]","[0, 19, 18, 11, 3, 2, 1, 14, 17, 15, 5, 20, 13, 9, 16, 12, 7, 4, 10, 6, 8, 21]",424.7304799446078,18.61988139152527
