Id,Coordinates,Order,Distance,Time
5188,"[[0, 0], [72, 40], [57, 32], [45, 35], [156, 12], [41, 41], [171, 37], [163, 8], [95, 22], [150, 1], [110, 34], [16, 21], [77, 22], [20, 64], [17, 42], [140, 38], [36, 50], [11, 28], [17, 23], [166, 9], [36, 26], [0, 0]]","[0, 11, 18, 14, 13, 16, 5, 3, 2, 1, 12, 8, 10, 15, 6, 7, 19, 4, 9, 20, 17, 21]",482.23719760498517,17.375160217285156
