Id,Coordinates,Order,Distance,Time
8674,"[[0, 0], [72, 37], [64, 32], [32, 158], [139, 121], [75, 131], [11, 72], [107, 144], [127, 97], [91, 37], [50, 159], [37, 66], [110, 87], [29, 149], [23, 42], [89, 54], [42, 13], [115, 67], [1, 145], [75, 21], [138, 130], [0, 0]]","[0, 16, 2, 1, 19, 9, 15, 17, 12, 8, 4, 20, 7, 5, 10, 3, 13, 18, 6, 11, 14, 21]",580.7132246100678,15.83450984954834
