Id,Coordinates,Order,Distance,Time
6930,"[[0, 0], [52, 120], [102, 22], [55, 128], [20, 7], [3, 168], [3, 44], [35, 36], [44, 40], [79, 115], [82, 163], [7, 4], [31, 153], [83, 2], [64, 43], [71, 110], [120, 65], [62, 68], [16, 66], [11, 128], [25, 42], [0, 0]]","[0, 11, 4, 7, 8, 20, 17, 14, 13, 2, 16, 9, 15, 10, 3, 12, 5, 19, 1, 18, 6, 21]",727.6688101740096,19.165064096450806
