Id,Coordinates,Order,Distance,Time
6221,"[[0, 0], [13, 133], [105, 129], [104, 51], [46, 17], [19, 126], [91, 48], [38, 88], [51, 123], [26, 25], [94, 110], [48, 117], [27, 67], [48, 34], [86, 53], [33, 44], [23, 89], [58, 83], [64, 125], [37, 33], [9, 34], [0, 0]]","[0, 9, 4, 13, 19, 15, 12, 7, 11, 8, 18, 2, 10, 3, 6, 14, 17, 5, 1, 16, 20, 21]",583.2485659305561,17.631075859069824
