Id,Coordinates,Order,Distance,Time
7481,"[[0, 0], [31, 37], [42, 2], [26, 36], [40, 45], [7, 8], [49, 32], [38, 11], [51, 8], [43, 24], [57, 30], [35, 2], [36, 22], [8, 25], [46, 13], [25, 1], [4, 39], [37, 36], [67, 26], [3, 43], [33, 19], [0, 0]]","[0, 5, 13, 16, 19, 3, 1, 17, 4, 6, 10, 18, 8, 14, 9, 12, 20, 7, 2, 11, 15, 21]",240.3125006921332,17.48052167892456
