Id,Coordinates,Order,Distance,Time
7515,"[[0, 0], [10, 27], [12, 4], [8, 2], [4, 21], [3, 62], [11, 11], [1, 43], [5, 83], [6, 65], [12, 20], [7, 57], [11, 46], [7, 13], [3, 32], [4, 35], [4, 40], [3, 11], [11, 70], [6, 6], [1, 44], [0, 0]]","[0, 3, 2, 19, 6, 10, 1, 14, 15, 16, 7, 20, 11, 5, 9, 8, 18, 12, 4, 13, 17, 21]",195.145276331413,14.616170406341553
