Id,Coordinates,Order,Distance,Time
2400,"[[0, 0], [43, 54], [150, 3], [30, 31], [36, 9], [142, 100], [33, 65], [32, 101], [3, 36], [90, 75], [124, 86], [95, 44], [66, 62], [97, 50], [112, 30], [111, 92], [8, 2], [142, 62], [68, 46], [29, 50], [11, 102], [0, 0]]","[0, 16, 4, 3, 19, 6, 1, 12, 18, 11, 13, 14, 2, 17, 5, 10, 15, 9, 7, 20, 8, 21]",602.6904821164103,12.287245273590088
