Id,Coordinates,Order,Distance,Time
8022,"[[0, 0], [81, 62], [16, 32], [100, 149], [34, 22], [84, 56], [98, 155], [95, 95], [3, 136], [107, 86], [48, 79], [62, 92], [20, 128], [13, 100], [49, 65], [59, 14], [118, 42], [53, 65], [97, 31], [37, 65], [49, 96], [0, 0]]","[0, 4, 15, 18, 16, 5, 1, 17, 14, 10, 20, 11, 7, 9, 3, 6, 12, 8, 13, 19, 2, 21]",625.2572200155398,15.164363622665405
