Id,Coordinates,Order,Distance,Time
8982,"[[0, 0], [9, 19], [34, 18], [6, 111], [37, 116], [78, 45], [13, 60], [58, 8], [85, 74], [60, 49], [34, 112], [76, 120], [11, 21], [31, 115], [128, 111], [32, 27], [26, 38], [96, 116], [50, 37], [14, 105], [28, 40], [0, 0]]","[0, 1, 12, 15, 16, 20, 18, 9, 8, 14, 17, 11, 4, 10, 13, 19, 3, 6, 5, 7, 2, 21]",545.6291877347214,16.163464307785034
