Id,Coordinates,Order,Distance,Time
9992,"[[0, 0], [125, 132], [45, 137], [95, 110], [22, 15], [32, 2], [83, 123], [29, 102], [63, 67], [143, 87], [125, 20], [5, 59], [148, 42], [57, 4], [110, 137], [41, 61], [149, 79], [26, 42], [110, 67], [83, 31], [154, 41], [0, 0]]","[0, 4, 17, 11, 15, 8, 7, 2, 6, 3, 14, 1, 9, 16, 12, 20, 10, 18, 19, 13, 5, 21]",657.2945391473165,14.863065481185913
