Id,Coordinates,Order,Distance,Time
4332,"[[0, 0], [2, 21], [175, 7], [4, 23], [65, 6], [92, 6], [12, 20], [188, 11], [186, 11], [167, 23], [119, 18], [142, 4], [41, 9], [115, 2], [97, 12], [33, 17], [72, 15], [97, 22], [32, 15], [144, 11], [80, 4], [0, 0]]","[0, 1, 3, 6, 18, 15, 4, 20, 5, 14, 10, 19, 9, 7, 8, 2, 11, 13, 17, 16, 12, 21]",422.4944589648107,15.866551876068115
