Id,Coordinates,Order,Distance,Time
1256,"[[0, 0], [34, 1], [25, 3], [78, 23], [73, 22], [90, 22], [97, 19], [45, 5], [74, 18], [7, 11], [82, 28], [57, 19], [72, 20], [71, 24], [25, 20], [69, 30], [23, 10], [56, 26], [53, 13], [42, 35], [98, 17], [0, 0]]","[0, 16, 2, 1, 7, 18, 11, 13, 4, 12, 8, 3, 5, 6, 20, 10, 15, 17, 19, 14, 9, 21]",240.51339505722905,13.799826383590698
