Id,Coordinates,Order,Distance,Time
6837,"[[0, 0], [25, 5], [38, 8], [39, 8], [83, 2], [11, 9], [44, 4], [69, 8], [8, 6], [72, 8], [83, 10], [64, 10], [63, 4], [50, 1], [4, 7], [77, 6], [12, 5], [27, 8], [37, 2], [26, 1], [27, 1], [0, 0]]","[0, 14, 8, 5, 1, 19, 20, 18, 2, 3, 6, 13, 12, 7, 9, 15, 4, 10, 11, 17, 16, 21]",193.8554029277585,14.439674854278564
