Id,Coordinates,Order,Distance,Time
8018,"[[0, 0], [133, 13], [72, 12], [93, 9], [125, 13], [10, 7], [184, 7], [70, 7], [181, 9], [114, 8], [84, 5], [56, 6], [81, 2], [183, 3], [126, 10], [170, 3], [176, 8], [121, 4], [25, 12], [107, 3], [175, 10], [0, 0]]","[0, 5, 18, 11, 7, 12, 10, 3, 9, 14, 4, 1, 16, 20, 8, 6, 13, 15, 17, 19, 2, 21]",387.66991607925104,16.89050841331482
