Id,Coordinates,Order,Distance,Time
5270,"[[0, 0], [57, 99], [25, 7], [49, 44], [11, 92], [55, 66], [18, 61], [3, 79], [52, 46], [55, 21], [2, 51], [9, 22], [36, 33], [32, 63], [8, 11], [6, 51], [23, 84], [26, 13], [24, 30], [35, 70], [28, 37], [0, 0]]","[0, 14, 11, 18, 20, 12, 13, 19, 6, 15, 10, 7, 4, 16, 1, 5, 8, 3, 9, 17, 2, 21]",372.04378129714814,17.239434719085693
