Id,Coordinates,Order,Distance,Time
6028,"[[0, 0], [7, 66], [20, 24], [4, 102], [20, 25], [14, 125], [8, 159], [16, 33], [1, 134], [9, 131], [7, 79], [4, 49], [19, 77], [7, 120], [5, 130], [17, 142], [6, 76], [17, 79], [2, 78], [8, 98], [18, 11], [0, 0]]","[0, 20, 2, 4, 7, 1, 16, 10, 17, 12, 19, 13, 14, 8, 6, 15, 9, 5, 3, 18, 11, 21]",359.02578632517213,14.33485221862793
