Id,Coordinates,Order,Distance,Time
2178,"[[0, 0], [47, 21], [26, 39], [35, 20], [28, 34], [23, 39], [28, 24], [44, 30], [33, 39], [31, 31], [23, 25], [41, 16], [35, 36], [26, 7], [15, 1], [32, 16], [23, 12], [34, 14], [44, 4], [47, 26], [28, 42], [0, 0]]","[0, 14, 13, 18, 17, 15, 3, 11, 1, 19, 7, 12, 8, 20, 2, 5, 4, 9, 6, 10, 16, 21]",181.63291596347344,17.55130958557129
