Id,Coordinates,Order,Distance,Time
291,"[[0, 0], [76, 15], [102, 1], [18, 4], [63, 15], [73, 6], [54, 9], [102, 5], [105, 1], [28, 14], [27, 3], [47, 2], [70, 14], [108, 2], [117, 11], [107, 8], [42, 6], [22, 16], [118, 4], [32, 9], [52, 9], [0, 0]]","[0, 3, 10, 19, 9, 16, 11, 20, 6, 4, 12, 1, 7, 2, 8, 13, 18, 14, 15, 5, 17, 21]",276.76962428825794,13.27571153640747
