Id,Coordinates,Order,Distance,Time
8157,"[[0, 0], [85, 20], [30, 12], [25, 18], [72, 14], [12, 1], [82, 11], [75, 8], [48, 25], [84, 15], [51, 15], [40, 19], [25, 1], [113, 15], [7, 3], [45, 4], [53, 17], [65, 21], [100, 3], [51, 7], [66, 21], [0, 0]]","[0, 14, 5, 2, 3, 11, 8, 16, 10, 17, 20, 4, 6, 9, 1, 13, 18, 7, 19, 15, 12, 21]",271.26706552188546,16.885103225708008
