Id,Coordinates,Order,Distance,Time
3374,"[[0, 0], [17, 10], [6, 1], [8, 2], [15, 6], [13, 2], [14, 1], [14, 8], [12, 3], [6, 3], [3, 9], [16, 5], [4, 8], [8, 9], [6, 8], [9, 4], [5, 3], [15, 10], [7, 8], [24, 8], [13, 1], [0, 0]]","[0, 16, 9, 2, 3, 15, 8, 5, 20, 6, 4, 11, 19, 1, 17, 7, 13, 18, 14, 12, 10, 21]",66.85101639599961,21.41302752494812
