Id,Coordinates,Order,Distance,Time
1326,"[[0, 0], [115, 77], [32, 101], [73, 137], [63, 90], [5, 88], [39, 82], [47, 115], [21, 34], [18, 144], [51, 143], [101, 64], [50, 61], [71, 63], [31, 81], [13, 138], [63, 36], [82, 70], [26, 93], [23, 133], [96, 58], [0, 0]]","[0, 16, 12, 13, 17, 20, 11, 1, 4, 6, 14, 18, 2, 7, 3, 10, 19, 9, 15, 5, 8, 21]",563.1118654677791,14.733474969863892
