Id,Coordinates,Order,Distance,Time
101,"[[0, 0], [79, 99], [63, 39], [95, 114], [27, 126], [103, 103], [13, 74], [133, 4], [12, 41], [112, 36], [30, 101], [70, 70], [175, 76], [64, 9], [122, 124], [80, 75], [17, 85], [47, 119], [159, 3], [9, 114], [160, 88], [0, 0]]","[0, 8, 6, 16, 10, 19, 4, 17, 1, 3, 5, 14, 20, 12, 18, 7, 9, 15, 11, 2, 13, 21]",674.8022006950854,19.74515414237976
