Id,Coordinates,Order,Distance,Time
7258,"[[0, 0], [37, 13], [34, 12], [29, 19], [10, 23], [35, 9], [35, 11], [14, 26], [18, 5], [6, 23], [10, 13], [27, 14], [32, 24], [31, 1], [31, 6], [28, 10], [27, 12], [21, 19], [30, 2], [12, 1], [8, 22], [0, 0]]","[0, 19, 8, 11, 3, 12, 1, 2, 6, 5, 13, 18, 14, 15, 16, 17, 7, 4, 20, 9, 10, 21]",138.3366565947135,21.38191533088684
