Id,Coordinates,Order,Distance,Time
7869,"[[0, 0], [156, 38], [66, 14], [106, 51], [149, 74], [26, 4], [101, 70], [176, 36], [34, 2], [113, 32], [117, 71], [23, 10], [24, 33], [6, 62], [79, 55], [105, 45], [65, 1], [21, 4], [54, 7], [55, 26], [92, 18], [0, 0]]","[0, 17, 5, 8, 18, 19, 12, 13, 14, 3, 15, 9, 1, 7, 4, 10, 6, 20, 2, 16, 11, 21]",579.6088808534514,15.521116256713867
