Id,Coordinates,Order,Distance,Time
678,"[[0, 0], [49, 17], [51, 60], [14, 118], [31, 135], [30, 69], [26, 133], [58, 70], [21, 11], [4, 9], [25, 17], [15, 11], [20, 1], [48, 144], [65, 92], [64, 101], [66, 45], [3, 37], [17, 15], [3, 106], [11, 106], [0, 0]]","[0, 12, 8, 11, 18, 10, 1, 16, 2, 7, 14, 15, 13, 4, 6, 3, 20, 19, 5, 17, 9, 21]",405.7308223739998,15.526208639144897
