Id,Coordinates,Order,Distance,Time
8251,"[[0, 0], [16, 89], [35, 50], [33, 87], [20, 51], [41, 97], [32, 72], [7, 97], [17, 93], [10, 28], [26, 36], [25, 87], [54, 81], [51, 61], [9, 28], [34, 37], [41, 44], [39, 35], [47, 65], [45, 6], [11, 87], [0, 0]]","[0, 14, 9, 10, 15, 2, 4, 6, 11, 1, 20, 7, 8, 3, 5, 12, 18, 13, 16, 17, 19, 21]",337.9044107533381,17.82722282409668
