Id,Coordinates,Order,Distance,Time
7293,"[[0, 0], [100, 102], [144, 121], [166, 37], [98, 181], [88, 108], [153, 148], [166, 48], [71, 151], [59, 98], [96, 126], [126, 8], [186, 112], [35, 119], [149, 64], [163, 108], [78, 164], [41, 185], [27, 122], [78, 131], [142, 24], [0, 0]]","[0, 9, 19, 8, 16, 4, 17, 18, 13, 5, 1, 10, 2, 6, 12, 15, 14, 7, 3, 20, 11, 21]",841.3662772511467,16.58874773979187
