Id,Coordinates,Order,Distance,Time
1080,"[[0, 0], [120, 110], [167, 147], [94, 184], [9, 140], [110, 180], [84, 113], [144, 43], [88, 180], [91, 96], [146, 73], [24, 115], [104, 145], [77, 114], [3, 186], [3, 95], [74, 184], [83, 51], [49, 60], [1, 93], [23, 151], [0, 0]]","[0, 18, 17, 9, 6, 13, 12, 5, 3, 8, 16, 14, 4, 20, 15, 19, 11, 1, 2, 10, 7, 21]",940.2433499144032,14.367528676986694
