Id,Coordinates,Order,Distance,Time
2202,"[[0, 0], [47, 86], [12, 69], [20, 110], [41, 95], [48, 64], [4, 107], [64, 102], [38, 50], [23, 25], [48, 19], [6, 38], [44, 34], [57, 82], [66, 73], [32, 1], [5, 50], [25, 59], [14, 117], [43, 61], [62, 40], [0, 0]]","[0, 15, 10, 12, 8, 19, 5, 1, 4, 7, 13, 14, 20, 11, 16, 2, 6, 18, 3, 17, 9, 21]",499.4593428808981,14.81010103225708
