Id,Coordinates,Order,Distance,Time
9399,"[[0, 0], [139, 101], [54, 16], [65, 155], [134, 62], [50, 12], [167, 69], [157, 127], [120, 95], [148, 109], [108, 60], [51, 24], [26, 22], [12, 42], [35, 54], [117, 163], [54, 73], [34, 8], [66, 13], [162, 136], [99, 56], [0, 0]]","[0, 12, 17, 5, 2, 11, 18, 20, 10, 4, 6, 1, 9, 7, 19, 15, 3, 8, 16, 14, 13, 21]",659.8708325452199,15.550153732299805
