Id,Coordinates,Order,Distance,Time
1606,"[[0, 0], [123, 72], [12, 16], [121, 32], [4, 65], [82, 72], [34, 14], [115, 39], [137, 46], [44, 67], [15, 74], [71, 50], [15, 66], [156, 1], [68, 67], [1, 29], [77, 2], [132, 54], [35, 78], [135, 11], [20, 60], [0, 0]]","[0, 15, 4, 20, 12, 10, 18, 9, 14, 5, 11, 7, 3, 1, 17, 8, 13, 19, 16, 6, 2, 21]",536.5031359342962,15.38247799873352
