Id,Coordinates,Order,Distance,Time
7751,"[[0, 0], [20, 110], [12, 139], [12, 125], [17, 134], [9, 66], [27, 2], [18, 80], [18, 166], [8, 40], [13, 159], [1, 82], [11, 167], [18, 11], [7, 20], [7, 7], [10, 157], [17, 125], [2, 130], [25, 79], [19, 45], [0, 0]]","[0, 15, 6, 13, 20, 5, 7, 19, 1, 17, 3, 4, 2, 16, 10, 12, 8, 18, 11, 9, 14, 21]",400.5292223131391,17.016768217086792
