Id,Coordinates,Order,Distance,Time
3134,"[[0, 0], [12, 8], [138, 37], [138, 37], [157, 9], [97, 15], [142, 5], [20, 40], [58, 25], [142, 22], [25, 36], [45, 30], [163, 33], [117, 35], [106, 42], [159, 27], [96, 17], [24, 21], [5, 2], [152, 46], [43, 24], [0, 0]]","[0, 18, 1, 7, 10, 11, 8, 16, 5, 13, 2, 3, 9, 6, 4, 15, 12, 19, 14, 20, 17, 21]",431.4700224259027,16.00358819961548
