Id,Coordinates,Order,Distance,Time
1213,"[[0, 0], [118, 68], [45, 79], [34, 146], [11, 80], [76, 127], [127, 141], [132, 65], [88, 7], [1, 98], [26, 83], [28, 21], [151, 126], [53, 50], [2, 131], [20, 121], [10, 28], [15, 87], [50, 134], [15, 80], [6, 84], [0, 0]]","[0, 16, 13, 2, 10, 19, 17, 4, 20, 9, 14, 15, 3, 18, 5, 6, 12, 7, 1, 8, 11, 21]",627.438108781851,13.993127584457397
