Id,Coordinates,Order,Distance,Time
4699,"[[0, 0], [21, 6], [23, 5], [28, 27], [6, 26], [5, 23], [28, 23], [10, 11], [28, 42], [31, 25], [4, 10], [5, 15], [19, 28], [27, 4], [22, 40], [33, 26], [9, 14], [31, 31], [12, 24], [17, 37], [12, 35], [0, 0]]","[0, 1, 2, 13, 6, 9, 15, 3, 17, 8, 14, 19, 20, 12, 18, 4, 5, 11, 16, 7, 10, 21]",150.69592699703256,15.41885757446289
