Id,Coordinates,Order,Distance,Time
5858,"[[0, 0], [57, 110], [64, 113], [13, 13], [75, 65], [17, 64], [74, 58], [24, 90], [59, 99], [74, 49], [13, 57], [39, 35], [54, 107], [63, 79], [51, 100], [69, 27], [41, 36], [33, 93], [24, 82], [33, 111], [26, 72], [0, 0]]","[0, 3, 11, 16, 15, 9, 6, 4, 13, 8, 2, 1, 12, 14, 19, 17, 7, 18, 20, 5, 10, 21]",340.2454295057376,19.342337369918823
