Id,Coordinates,Order,Distance,Time
7915,"[[0, 0], [2, 25], [69, 51], [17, 5], [16, 151], [5, 145], [41, 18], [69, 84], [5, 8], [48, 157], [63, 62], [54, 141], [38, 132], [66, 70], [10, 39], [8, 69], [42, 57], [30, 117], [66, 106], [70, 139], [24, 42], [0, 0]]","[0, 8, 1, 14, 20, 2, 10, 13, 7, 18, 19, 11, 9, 12, 4, 5, 17, 15, 16, 6, 3, 21]",505.02552543904744,14.584803819656372
