Id,Coordinates,Order,Distance,Time
2156,"[[0, 0], [15, 16], [3, 20], [9, 27], [5, 48], [8, 6], [3, 13], [8, 23], [13, 31], [11, 9], [4, 23], [4, 17], [9, 5], [7, 11], [11, 6], [8, 28], [3, 40], [8, 7], [1, 14], [16, 9], [12, 21], [0, 0]]","[0, 5, 17, 12, 14, 9, 13, 6, 18, 11, 2, 10, 7, 3, 15, 8, 16, 4, 20, 1, 19, 21]",135.44000905045897,18.943721532821655
