Id,Coordinates,Order,Distance,Time
1235,"[[0, 0], [62, 2], [99, 123], [124, 57], [179, 45], [52, 76], [131, 118], [94, 2], [105, 46], [120, 60], [141, 116], [65, 45], [178, 45], [38, 19], [13, 91], [91, 4], [79, 9], [90, 79], [7, 67], [196, 36], [70, 117], [0, 0]]","[0, 1, 16, 15, 7, 8, 17, 5, 18, 14, 20, 2, 6, 10, 12, 4, 19, 3, 9, 11, 13, 21]",738.4994903984265,15.627760648727417
