Id,Coordinates,Order,Distance,Time
3059,"[[0, 0], [30, 173], [30, 193], [42, 107], [59, 28], [16, 144], [64, 125], [57, 55], [23, 141], [28, 97], [63, 61], [47, 60], [4, 123], [57, 165], [62, 184], [27, 27], [43, 104], [19, 26], [13, 21], [50, 117], [31, 84], [0, 0]]","[0, 18, 17, 15, 4, 7, 10, 11, 20, 9, 16, 3, 19, 6, 13, 14, 2, 1, 8, 5, 12, 21]",515.1293941083823,17.708564281463623
