Id,Coordinates,Order,Distance,Time
8516,"[[0, 0], [80, 83], [6, 73], [30, 101], [30, 27], [39, 44], [94, 30], [69, 25], [95, 77], [15, 1], [26, 48], [62, 74], [2, 14], [62, 109], [19, 37], [70, 89], [74, 42], [79, 75], [78, 70], [30, 67], [88, 79], [0, 0]]","[0, 12, 14, 10, 5, 19, 2, 3, 13, 15, 1, 20, 8, 17, 18, 11, 16, 6, 7, 4, 9, 21]",441.92157414959496,20.652916431427002
