Id,Coordinates,Order,Distance,Time
9756,"[[0, 0], [49, 19], [13, 39], [60, 33], [69, 1], [23, 29], [82, 42], [78, 4], [19, 10], [81, 50], [37, 37], [46, 35], [42, 30], [21, 22], [82, 14], [24, 53], [73, 12], [28, 57], [10, 3], [25, 29], [22, 9], [0, 0]]","[0, 18, 8, 20, 13, 5, 19, 12, 1, 16, 4, 7, 14, 6, 9, 3, 11, 10, 17, 15, 2, 21]",306.29762664902404,18.18399715423584
