Id,Coordinates,Order,Distance,Time
4884,"[[0, 0], [44, 124], [108, 23], [75, 27], [22, 1], [37, 118], [129, 50], [120, 41], [100, 37], [76, 86], [81, 137], [120, 66], [71, 13], [25, 91], [4, 71], [79, 62], [39, 6], [119, 74], [34, 46], [131, 79], [87, 112], [0, 0]]","[0, 4, 16, 12, 3, 8, 2, 7, 6, 11, 19, 17, 15, 9, 20, 10, 1, 5, 13, 14, 18, 21]",534.9833904427766,14.869322538375854
