Id,Coordinates,Order,Distance,Time
3060,"[[0, 0], [16, 15], [90, 13], [38, 2], [55, 6], [66, 1], [42, 10], [6, 1], [33, 11], [6, 15], [13, 5], [40, 2], [69, 11], [25, 8], [64, 2], [87, 10], [17, 9], [27, 7], [11, 14], [39, 16], [65, 14], [0, 0]]","[0, 7, 10, 16, 1, 18, 13, 17, 8, 6, 11, 3, 4, 14, 5, 15, 2, 12, 20, 19, 9, 21]",231.9455798724698,18.958096742630005
