Id,Coordinates,Order,Distance,Time
5945,"[[0, 0], [55, 55], [68, 40], [99, 114], [85, 125], [112, 107], [65, 136], [85, 151], [3, 105], [79, 80], [166, 97], [57, 151], [50, 10], [104, 86], [139, 28], [94, 4], [10, 24], [71, 102], [126, 37], [47, 47], [55, 3], [0, 0]]","[0, 12, 20, 15, 2, 19, 1, 9, 17, 3, 13, 18, 14, 10, 5, 4, 7, 6, 11, 8, 16, 21]",769.6577607765628,13.048798561096191
