Id,Coordinates,Order,Distance,Time
725,"[[0, 0], [66, 22], [155, 155], [58, 43], [1, 117], [169, 12], [143, 46], [11, 143], [132, 70], [132, 166], [90, 60], [152, 75], [117, 179], [135, 98], [107, 34], [191, 19], [111, 69], [185, 89], [71, 176], [38, 131], [21, 54], [0, 0]]","[0, 3, 1, 14, 10, 16, 8, 13, 11, 6, 5, 15, 17, 2, 9, 12, 18, 19, 7, 4, 20, 21]",835.7847781696651,17.331475734710693
