Id,Coordinates,Order,Distance,Time
8619,"[[0, 0], [122, 4], [87, 3], [147, 11], [81, 1], [21, 7], [101, 9], [143, 5], [90, 4], [11, 11], [180, 1], [157, 10], [175, 7], [90, 13], [30, 11], [55, 2], [106, 9], [88, 12], [174, 12], [45, 8], [148, 12], [0, 0]]","[0, 9, 5, 14, 19, 17, 13, 6, 16, 3, 20, 11, 18, 12, 10, 7, 1, 8, 2, 4, 15, 21]",375.08982271565606,15.302105188369751
