Id,Coordinates,Order,Distance,Time
5794,"[[0, 0], [85, 76], [106, 56], [81, 5], [25, 62], [52, 52], [7, 28], [9, 58], [18, 55], [68, 77], [80, 5], [50, 35], [82, 59], [57, 35], [7, 6], [97, 48], [102, 27], [76, 14], [1, 70], [33, 42], [34, 56], [0, 0]]","[0, 6, 18, 7, 8, 4, 20, 19, 11, 13, 5, 9, 1, 12, 2, 15, 16, 3, 10, 17, 14, 21]",413.78736625432913,14.756526947021484
