Id,Coordinates,Order,Distance,Time
1954,"[[0, 0], [103, 105], [70, 57], [94, 127], [24, 86], [68, 51], [13, 37], [27, 47], [65, 63], [26, 99], [47, 101], [28, 77], [46, 45], [37, 77], [49, 74], [90, 40], [23, 36], [109, 101], [15, 42], [59, 12], [83, 77], [0, 0]]","[0, 6, 18, 16, 7, 12, 5, 2, 8, 14, 13, 11, 4, 9, 10, 3, 1, 17, 20, 15, 19, 21]",465.94727660089643,16.67793107032776
