Id,Coordinates,Order,Distance,Time
9947,"[[0, 0], [57, 48], [47, 12], [142, 4], [17, 48], [51, 60], [93, 8], [34, 38], [52, 52], [121, 36], [7, 21], [76, 39], [7, 36], [4, 6], [114, 53], [134, 42], [41, 21], [144, 18], [120, 33], [141, 36], [146, 31], [0, 0]]","[0, 13, 10, 12, 4, 7, 5, 8, 1, 11, 14, 18, 9, 15, 19, 20, 17, 3, 6, 2, 16, 21]",409.80552326496985,19.411603212356567
