Id,Coordinates,Order,Distance,Time
3773,"[[0, 0], [17, 67], [19, 64], [15, 117], [14, 83], [5, 68], [20, 74], [22, 32], [8, 12], [9, 19], [8, 117], [18, 42], [7, 112], [18, 1], [17, 73], [9, 92], [15, 83], [11, 90], [8, 23], [12, 8], [22, 4], [0, 0]]","[0, 13, 20, 19, 7, 11, 2, 1, 14, 6, 16, 4, 17, 15, 12, 10, 3, 5, 18, 9, 8, 21]",279.023827889125,17.57405710220337
