Id,Coordinates,Order,Distance,Time
723,"[[0, 0], [31, 63], [83, 62], [127, 5], [134, 92], [196, 76], [49, 11], [117, 63], [173, 34], [162, 34], [47, 19], [179, 19], [184, 27], [57, 51], [66, 85], [137, 80], [129, 92], [113, 70], [152, 27], [55, 84], [136, 48], [0, 0]]","[0, 10, 13, 1, 19, 14, 2, 17, 7, 20, 18, 9, 8, 11, 12, 5, 15, 4, 16, 3, 6, 21]",664.3339293908507,19.58597445487976
