Id,Coordinates,Order,Distance,Time
9334,"[[0, 0], [17, 4], [34, 3], [16, 20], [38, 106], [15, 72], [11, 138], [7, 13], [14, 154], [26, 105], [22, 63], [28, 78], [1, 154], [14, 111], [17, 66], [15, 133], [30, 157], [23, 47], [6, 119], [34, 123], [40, 70], [0, 0]]","[0, 7, 1, 2, 17, 10, 14, 5, 11, 9, 13, 18, 15, 6, 12, 8, 16, 19, 4, 20, 3, 21]",423.9322992890917,16.26716685295105
