Id,Coordinates,Order,Distance,Time
6360,"[[0, 0], [29, 99], [75, 112], [78, 130], [69, 50], [77, 61], [87, 147], [100, 121], [63, 147], [51, 41], [48, 80], [71, 60], [78, 146], [18, 138], [100, 112], [28, 107], [94, 41], [85, 118], [104, 110], [33, 114], [52, 19], [0, 0]]","[0, 9, 4, 11, 5, 10, 1, 15, 19, 13, 8, 12, 6, 3, 2, 17, 7, 18, 14, 16, 20, 21]",531.9767792983109,14.266961097717285
