Id,Coordinates,Order,Distance,Time
8296,"[[0, 0], [4, 41], [10, 125], [19, 141], [1, 112], [12, 123], [6, 111], [14, 167], [13, 27], [17, 7], [3, 50], [7, 38], [2, 141], [3, 111], [8, 91], [13, 75], [19, 62], [3, 133], [6, 36], [8, 149], [5, 118], [0, 0]]","[0, 9, 8, 18, 11, 1, 10, 15, 14, 6, 13, 4, 20, 17, 12, 19, 7, 3, 2, 5, 16, 21]",367.0298610439903,17.15469717979431
