Id,Coordinates,Order,Distance,Time
683,"[[0, 0], [75, 117], [58, 35], [50, 116], [21, 128], [28, 114], [41, 56], [103, 27], [90, 13], [5, 133], [58, 108], [8, 84], [6, 125], [8, 44], [8, 124], [22, 24], [48, 120], [87, 19], [69, 53], [1, 143], [20, 55], [0, 0]]","[0, 15, 13, 20, 6, 2, 17, 8, 7, 18, 10, 3, 16, 1, 4, 14, 12, 9, 19, 5, 11, 21]",570.9070717884869,14.755197286605835
