Id,Coordinates,Order,Distance,Time
1574,"[[0, 0], [42, 15], [3, 2], [72, 6], [16, 5], [100, 9], [27, 8], [69, 16], [4, 14], [30, 1], [57, 11], [9, 10], [59, 10], [94, 12], [4, 6], [50, 16], [29, 10], [102, 13], [11, 14], [79, 11], [100, 5], [0, 0]]","[0, 2, 14, 8, 18, 11, 4, 6, 16, 1, 15, 10, 12, 7, 19, 13, 5, 20, 17, 3, 9, 21]",241.81137161440284,16.591565132141113
