Id,Coordinates,Order,Distance,Time
9207,"[[0, 0], [96, 7], [47, 10], [6, 1], [32, 7], [112, 21], [85, 17], [85, 2], [45, 1], [19, 21], [32, 3], [107, 18], [144, 18], [72, 22], [109, 22], [90, 17], [146, 6], [59, 3], [146, 18], [101, 18], [141, 18], [0, 0]]","[0, 3, 9, 4, 10, 8, 2, 13, 6, 15, 19, 11, 14, 5, 20, 12, 18, 16, 1, 7, 17, 21]",339.0962097026205,14.814249038696289
