Id,Coordinates,Order,Distance,Time
3308,"[[0, 0], [74, 7], [44, 115], [32, 82], [63, 100], [4, 159], [24, 163], [67, 67], [41, 162], [49, 25], [78, 148], [89, 29], [71, 46], [54, 29], [43, 118], [20, 14], [39, 77], [87, 13], [22, 60], [30, 55], [66, 133], [0, 0]]","[0, 15, 9, 13, 19, 18, 16, 3, 20, 10, 8, 6, 5, 14, 2, 4, 7, 12, 11, 17, 1, 21]",563.8897466415173,11.071361541748047
