Id,Coordinates,Order,Distance,Time
886,"[[0, 0], [35, 73], [96, 69], [25, 156], [39, 88], [87, 45], [20, 131], [104, 51], [7, 129], [91, 33], [37, 103], [83, 101], [22, 60], [73, 21], [131, 156], [24, 35], [128, 42], [46, 85], [70, 96], [124, 95], [98, 24], [0, 0]]","[0, 15, 12, 1, 17, 4, 10, 6, 8, 3, 18, 2, 7, 9, 20, 16, 19, 14, 11, 5, 13, 21]",750.5010137317354,15.612128257751465
