Id,Coordinates,Order,Distance,Time
8959,"[[0, 0], [65, 26], [10, 95], [74, 31], [98, 54], [47, 30], [67, 96], [59, 43], [96, 64], [98, 86], [86, 46], [41, 84], [53, 43], [84, 20], [56, 19], [62, 3], [56, 55], [8, 73], [25, 69], [11, 51], [63, 37], [0, 0]]","[0, 19, 17, 2, 11, 6, 9, 8, 4, 10, 3, 20, 7, 12, 5, 14, 15, 13, 1, 16, 18, 21]",512.3456896684231,12.898158073425293
