Id,Coordinates,Order,Distance,Time
5653,"[[0, 0], [76, 24], [39, 9], [72, 18], [80, 5], [39, 5], [5, 8], [12, 19], [51, 19], [45, 12], [76, 17], [2, 21], [21, 26], [71, 6], [67, 23], [50, 3], [56, 12], [2, 3], [31, 11], [23, 17], [56, 17], [0, 0]]","[0, 17, 6, 11, 7, 12, 19, 18, 2, 9, 8, 20, 16, 13, 4, 10, 3, 1, 14, 15, 5, 21]",232.15456881995235,13.11793041229248
