Id,Coordinates,Order,Distance,Time
4333,"[[0, 0], [20, 54], [39, 29], [23, 52], [21, 76], [3, 150], [51, 157], [35, 36], [7, 137], [7, 34], [65, 147], [69, 121], [43, 61], [15, 93], [6, 40], [37, 92], [59, 28], [62, 94], [59, 74], [4, 145], [40, 99], [0, 0]]","[0, 9, 14, 1, 3, 7, 2, 12, 4, 13, 8, 19, 5, 6, 10, 11, 17, 20, 15, 18, 16, 21]",516.3509312753795,14.580787420272827
