Id,Coordinates,Order,Distance,Time
2746,"[[0, 0], [28, 31], [4, 47], [42, 49], [59, 10], [5, 3], [34, 51], [66, 7], [9, 9], [18, 10], [48, 37], [29, 37], [71, 3], [56, 31], [31, 3], [62, 23], [46, 3], [47, 75], [43, 46], [84, 72], [78, 36], [0, 0]]","[0, 5, 8, 9, 14, 16, 4, 7, 12, 15, 13, 10, 18, 3, 6, 17, 19, 20, 1, 11, 2, 21]",374.6223703276273,16.826092958450317
