Id,Coordinates,Order,Distance,Time
2517,"[[0, 0], [56, 73], [32, 69], [58, 18], [80, 33], [55, 11], [31, 68], [15, 59], [97, 30], [2, 36], [63, 47], [8, 69], [17, 19], [128, 85], [25, 65], [168, 77], [19, 15], [23, 64], [1, 60], [152, 35], [64, 43], [0, 0]]","[0, 16, 12, 9, 18, 11, 7, 17, 14, 6, 2, 1, 10, 20, 3, 8, 19, 15, 13, 4, 5, 21]",540.7885148846638,13.788886547088623
