Id,Coordinates,Order,Distance,Time
8911,"[[0, 0], [24, 46], [23, 102], [18, 2], [26, 45], [9, 10], [5, 77], [13, 31], [18, 34], [11, 16], [3, 79], [13, 8], [9, 27], [25, 88], [1, 89], [26, 9], [1, 92], [4, 59], [16, 70], [3, 23], [28, 88], [0, 0]]","[0, 5, 11, 3, 15, 9, 12, 7, 8, 4, 1, 18, 6, 10, 14, 16, 2, 13, 20, 17, 19, 21]",282.94787885029956,13.923858404159546
