Id,Coordinates,Order,Distance,Time
9516,"[[0, 0], [8, 5], [6, 3], [21, 6], [6, 20], [14, 4], [16, 20], [6, 1], [20, 2], [36, 16], [13, 8], [1, 2], [18, 4], [31, 14], [3, 1], [3, 20], [31, 12], [33, 2], [13, 12], [26, 19], [5, 20], [0, 0]]","[0, 11, 14, 7, 2, 1, 5, 12, 8, 3, 17, 16, 13, 9, 19, 6, 4, 20, 15, 18, 10, 21]",124.12794096277233,15.739492654800415
