Id,Coordinates,Order,Distance,Time
9981,"[[0, 0], [95, 44], [78, 5], [14, 36], [45, 15], [18, 60], [127, 16], [40, 38], [66, 15], [108, 1], [4, 38], [114, 42], [52, 23], [61, 34], [107, 70], [117, 57], [82, 67], [92, 1], [106, 65], [8, 34], [90, 37], [0, 0]]","[0, 10, 19, 3, 5, 7, 8, 2, 17, 9, 6, 11, 15, 18, 14, 16, 1, 20, 13, 12, 4, 21]",434.4359147138894,12.536948204040527
