Id,Coordinates,Order,Distance,Time
2375,"[[0, 0], [47, 26], [135, 25], [67, 29], [131, 15], [57, 32], [93, 21], [106, 13], [112, 24], [76, 20], [47, 16], [47, 24], [118, 33], [101, 24], [41, 6], [69, 8], [68, 12], [96, 12], [93, 6], [103, 11], [64, 31], [0, 0]]","[0, 10, 11, 1, 5, 20, 3, 16, 15, 18, 17, 19, 7, 4, 2, 12, 8, 13, 6, 9, 14, 21]",324.7691859432758,15.20765209197998
