Id,Coordinates,Order,Distance,Time
1777,"[[0, 0], [38, 50], [62, 96], [63, 68], [42, 3], [76, 66], [27, 7], [42, 38], [32, 83], [43, 65], [19, 42], [34, 46], [50, 24], [20, 67], [70, 64], [18, 93], [43, 22], [7, 91], [73, 82], [21, 11], [53, 83], [0, 0]]","[0, 19, 6, 4, 16, 12, 7, 11, 1, 9, 3, 14, 5, 18, 2, 20, 8, 15, 17, 13, 10, 21]",352.9573474939376,22.078974723815918
