Id,Coordinates,Order,Distance,Time
3717,"[[0, 0], [5, 67], [12, 33], [10, 33], [15, 11], [1, 43], [7, 62], [7, 50], [7, 69], [8, 22], [13, 14], [7, 16], [5, 17], [11, 63], [13, 59], [14, 73], [9, 54], [4, 64], [8, 22], [7, 18], [7, 19], [0, 0]]","[0, 11, 19, 20, 9, 18, 10, 4, 2, 3, 7, 16, 6, 17, 1, 8, 15, 13, 14, 5, 12, 21]",186.44758057849185,17.0636248588562
