Id,Coordinates,Order,Distance,Time
9308,"[[0, 0], [3, 21], [49, 27], [24, 22], [13, 5], [41, 30], [21, 33], [47, 24], [11, 40], [11, 38], [26, 36], [38, 10], [38, 39], [39, 17], [11, 9], [30, 43], [27, 24], [43, 30], [47, 27], [39, 36], [9, 34], [0, 0]]","[0, 1, 20, 9, 8, 6, 10, 15, 12, 19, 5, 17, 18, 2, 7, 13, 11, 16, 3, 14, 4, 21]",174.03614113658114,15.042918920516968
