Id,Coordinates,Order,Distance,Time
8130,"[[0, 0], [10, 44], [3, 41], [13, 44], [18, 1], [1, 27], [7, 26], [1, 42], [18, 45], [1, 18], [4, 48], [1, 1], [9, 26], [14, 12], [15, 29], [12, 20], [12, 30], [6, 39], [13, 34], [3, 24], [19, 32], [0, 0]]","[0, 11, 4, 13, 15, 6, 12, 16, 14, 20, 18, 17, 2, 7, 10, 1, 3, 8, 5, 19, 9, 21]",155.84117767716697,16.054031372070312
