Id,Coordinates,Order,Distance,Time
694,"[[0, 0], [29, 97], [65, 86], [40, 17], [37, 14], [5, 84], [39, 9], [50, 67], [48, 47], [13, 88], [45, 88], [63, 75], [56, 64], [1, 33], [26, 37], [60, 81], [16, 69], [77, 12], [3, 8], [25, 109], [73, 94], [0, 0]]","[0, 18, 13, 14, 8, 12, 7, 11, 15, 2, 20, 10, 1, 19, 9, 5, 16, 17, 3, 4, 6, 21]",429.81182769053265,15.455025672912598
