Id,Coordinates,Order,Distance,Time
9584,"[[0, 0], [85, 33], [3, 60], [110, 30], [56, 1], [102, 66], [74, 64], [53, 7], [85, 3], [113, 21], [81, 75], [63, 25], [91, 8], [73, 6], [39, 39], [38, 33], [117, 35], [42, 71], [61, 34], [13, 12], [101, 4], [0, 0]]","[0, 19, 15, 14, 18, 11, 7, 4, 13, 8, 12, 20, 9, 16, 3, 1, 5, 10, 6, 17, 2, 21]",438.68513361008803,14.876306533813477
