Id,Coordinates,Order,Distance,Time
7039,"[[0, 0], [41, 21], [45, 6], [10, 30], [35, 15], [53, 33], [157, 6], [19, 12], [74, 5], [2, 20], [146, 8], [44, 27], [26, 18], [8, 1], [25, 17], [15, 22], [108, 28], [120, 30], [53, 22], [57, 8], [33, 19], [0, 0]]","[0, 13, 7, 14, 12, 20, 4, 1, 11, 5, 18, 16, 17, 10, 6, 8, 19, 2, 15, 3, 9, 21]",381.90156181629885,15.970918893814087
