Id,Coordinates,Order,Distance,Time
3850,"[[0, 0], [54, 55], [92, 80], [57, 143], [14, 141], [82, 117], [10, 114], [80, 67], [51, 70], [17, 90], [2, 58], [92, 13], [85, 20], [94, 152], [4, 5], [82, 15], [3, 15], [66, 80], [9, 133], [67, 103], [1, 88], [0, 0]]","[0, 14, 16, 10, 20, 9, 6, 18, 4, 3, 13, 5, 17, 8, 1, 7, 2, 19, 15, 11, 12, 21]",626.8135973564229,14.3557288646698
