Id,Coordinates,Order,Distance,Time
7698,"[[0, 0], [20, 147], [88, 115], [29, 22], [41, 10], [19, 113], [80, 119], [72, 100], [77, 66], [4, 98], [52, 71], [95, 123], [100, 104], [62, 111], [39, 176], [78, 15], [58, 153], [91, 37], [19, 159], [38, 23], [76, 103], [0, 0]]","[0, 3, 19, 4, 15, 17, 8, 10, 7, 20, 13, 6, 2, 12, 11, 16, 14, 18, 1, 5, 9, 21]",568.3721890268001,17.449521780014038
