Id,Coordinates,Order,Distance,Time
2364,"[[0, 0], [123, 108], [119, 91], [91, 103], [109, 74], [19, 61], [95, 57], [48, 104], [50, 79], [26, 73], [30, 53], [123, 39], [105, 24], [53, 116], [29, 80], [93, 53], [123, 137], [75, 7], [117, 53], [88, 31], [86, 63], [0, 0]]","[0, 10, 5, 9, 14, 8, 7, 13, 3, 16, 1, 2, 4, 6, 15, 20, 18, 11, 12, 19, 17, 21]",538.097009548997,15.003965377807617
