Id,Coordinates,Order,Distance,Time
6738,"[[0, 0], [37, 93], [14, 171], [176, 153], [166, 91], [105, 42], [184, 8], [131, 102], [95, 162], [139, 51], [87, 169], [89, 183], [114, 173], [188, 50], [14, 160], [140, 152], [28, 88], [148, 138], [41, 105], [167, 120], [173, 154], [0, 0]]","[0, 16, 1, 18, 14, 2, 11, 10, 8, 12, 15, 17, 19, 4, 6, 13, 3, 20, 7, 9, 5, 21]",914.6829150996439,22.290001392364502
