Id,Coordinates,Order,Distance,Time
8698,"[[0, 0], [45, 7], [119, 1], [136, 10], [102, 13], [81, 5], [19, 2], [1, 10], [42, 9], [134, 9], [108, 1], [78, 12], [45, 5], [85, 11], [42, 8], [71, 8], [119, 4], [144, 2], [97, 6], [2, 4], [66, 10], [0, 0]]","[0, 19, 7, 14, 8, 1, 20, 15, 11, 13, 18, 10, 2, 16, 9, 3, 17, 4, 5, 12, 6, 21]",312.551375395702,16.281980752944946
