Id,Coordinates,Order,Distance,Time
6551,"[[0, 0], [33, 85], [43, 35], [36, 136], [30, 23], [46, 162], [3, 20], [7, 56], [11, 92], [75, 45], [46, 75], [10, 80], [43, 78], [57, 125], [8, 32], [73, 139], [31, 90], [51, 56], [62, 104], [64, 14], [49, 68], [0, 0]]","[0, 4, 2, 17, 20, 10, 12, 1, 16, 8, 11, 7, 19, 9, 18, 13, 15, 5, 3, 14, 6, 21]",586.1208879399967,14.022233009338379
