Id,Coordinates,Order,Distance,Time
977,"[[0, 0], [34, 99], [44, 40], [27, 123], [5, 99], [119, 59], [36, 20], [23, 14], [73, 121], [119, 46], [64, 76], [79, 128], [126, 13], [3, 94], [16, 24], [23, 140], [106, 88], [92, 150], [87, 2], [122, 93], [130, 144], [0, 0]]","[0, 14, 2, 10, 3, 15, 4, 13, 1, 8, 11, 17, 20, 19, 16, 5, 9, 12, 18, 6, 7, 21]",660.8909871551059,15.335994243621826
