Id,Coordinates,Order,Distance,Time
6208,"[[0, 0], [4, 26], [146, 40], [152, 128], [107, 112], [156, 34], [185, 46], [177, 130], [150, 44], [75, 105], [130, 130], [83, 27], [38, 118], [112, 63], [117, 2], [114, 34], [189, 92], [29, 94], [191, 13], [174, 16], [113, 75], [0, 0]]","[0, 1, 17, 12, 9, 4, 10, 3, 7, 16, 6, 8, 2, 5, 18, 19, 14, 15, 13, 20, 11, 21]",744.0471238460331,13.904914379119873
