Id,Coordinates,Order,Distance,Time
2251,"[[0, 0], [19, 80], [12, 131], [23, 92], [6, 27], [7, 85], [15, 94], [8, 67], [23, 40], [16, 119], [23, 132], [22, 86], [29, 20], [27, 44], [11, 104], [22, 105], [10, 59], [25, 43], [8, 14], [7, 137], [27, 35], [0, 0]]","[0, 18, 4, 8, 17, 13, 16, 7, 1, 11, 3, 6, 15, 9, 2, 19, 10, 14, 5, 20, 12, 21]",344.08852932000383,19.005905866622925
