Id,Coordinates,Order,Distance,Time
169,"[[0, 0], [94, 71], [89, 76], [99, 43], [1, 72], [103, 53], [98, 68], [55, 18], [51, 58], [106, 81], [91, 44], [29, 26], [37, 68], [53, 65], [13, 80], [18, 87], [92, 42], [27, 21], [25, 63], [78, 48], [78, 56], [0, 0]]","[0, 17, 11, 7, 19, 10, 16, 3, 5, 6, 9, 1, 2, 20, 8, 13, 12, 18, 15, 14, 4, 21]",397.5315159460612,14.612343072891235
