Id,Coordinates,Order,Distance,Time
4086,"[[0, 0], [75, 40], [117, 26], [102, 30], [42, 39], [40, 32], [72, 32], [1, 8], [100, 39], [112, 22], [93, 31], [99, 3], [60, 45], [84, 10], [13, 7], [1, 12], [85, 14], [122, 29], [113, 41], [42, 27], [58, 44], [0, 0]]","[0, 7, 15, 19, 5, 4, 20, 12, 1, 6, 10, 3, 8, 18, 17, 2, 9, 11, 16, 13, 14, 21]",321.2030585806202,17.358590602874756
