Id,Coordinates,Order,Distance,Time
3861,"[[0, 0], [112, 129], [51, 96], [112, 63], [101, 122], [80, 119], [113, 138], [67, 62], [87, 132], [81, 35], [38, 114], [60, 143], [119, 43], [119, 67], [4, 74], [99, 68], [97, 36], [93, 48], [74, 26], [119, 142], [10, 76], [0, 0]]","[0, 14, 20, 2, 10, 11, 5, 8, 4, 1, 6, 19, 15, 3, 13, 12, 16, 17, 7, 9, 18, 21]",584.331601283547,14.809755086898804
