Id,Coordinates,Order,Distance,Time
1157,"[[0, 0], [4, 63], [5, 46], [12, 17], [15, 123], [14, 99], [2, 23], [8, 69], [14, 120], [12, 52], [6, 105], [8, 82], [4, 32], [13, 78], [1, 9], [12, 19], [9, 116], [2, 127], [1, 66], [4, 76], [4, 11], [0, 0]]","[0, 14, 20, 3, 15, 12, 2, 1, 18, 7, 19, 11, 10, 16, 8, 4, 17, 5, 13, 9, 6, 21]",286.0461508495739,15.115496397018433
