Id,Coordinates,Order,Distance,Time
5442,"[[0, 0], [65, 97], [32, 36], [95, 31], [68, 70], [107, 21], [45, 82], [48, 29], [67, 55], [82, 48], [20, 94], [91, 73], [38, 48], [20, 100], [25, 30], [34, 18], [23, 78], [71, 79], [32, 4], [52, 25], [37, 2], [0, 0]]","[0, 15, 14, 2, 12, 7, 19, 8, 4, 6, 16, 10, 13, 1, 17, 11, 9, 3, 5, 20, 18, 21]",480.1037547622756,13.545596599578857
