Id,Coordinates,Order,Distance,Time
2876,"[[0, 0], [12, 25], [31, 18], [32, 3], [27, 6], [22, 3], [3, 29], [16, 7], [23, 1], [32, 4], [10, 29], [28, 17], [9, 25], [28, 26], [37, 5], [9, 34], [19, 30], [39, 23], [4, 28], [25, 30], [32, 30], [0, 0]]","[0, 5, 8, 4, 9, 3, 14, 2, 13, 16, 1, 12, 10, 18, 6, 15, 19, 20, 17, 11, 7, 21]",184.36309448561465,19.358991861343384
