Id,Coordinates,Order,Distance,Time
2907,"[[0, 0], [46, 58], [12, 65], [7, 18], [58, 78], [37, 77], [51, 2], [13, 72], [38, 72], [40, 15], [9, 58], [50, 81], [63, 49], [40, 40], [22, 50], [18, 13], [40, 91], [6, 20], [24, 24], [7, 84], [23, 83], [0, 0]]","[0, 3, 17, 15, 18, 9, 6, 12, 1, 8, 5, 11, 4, 16, 20, 7, 19, 10, 2, 14, 13, 21]",391.6252707864252,14.506725072860718
