Id,Coordinates,Order,Distance,Time
5694,"[[0, 0], [36, 41], [55, 79], [19, 22], [38, 30], [7, 69], [6, 48], [51, 26], [29, 31], [44, 2], [7, 21], [48, 26], [11, 81], [6, 11], [1, 81], [33, 56], [5, 46], [14, 30], [6, 22], [46, 67], [37, 15], [0, 0]]","[0, 13, 3, 8, 4, 11, 7, 9, 20, 1, 15, 19, 2, 12, 14, 5, 6, 16, 17, 18, 10, 21]",321.89230928944164,14.86149263381958
