Id,Coordinates,Order,Distance,Time
2462,"[[0, 0], [36, 65], [37, 96], [1, 86], [65, 30], [63, 95], [18, 21], [9, 138], [41, 37], [19, 180], [13, 99], [20, 135], [2, 188], [32, 124], [18, 71], [11, 14], [18, 155], [41, 9], [6, 40], [58, 29], [7, 70], [0, 0]]","[0, 15, 6, 18, 20, 14, 1, 8, 17, 4, 19, 5, 2, 13, 11, 7, 16, 9, 12, 10, 3, 21]",609.3666491217392,18.237776041030884
