Id,Coordinates,Order,Distance,Time
4245,"[[0, 0], [64, 28], [39, 74], [18, 49], [75, 88], [48, 59], [72, 35], [10, 1], [49, 20], [53, 29], [3, 67], [63, 21], [58, 6], [86, 58], [64, 1], [46, 64], [41, 40], [32, 92], [14, 78], [72, 27], [83, 4], [0, 0]]","[0, 8, 1, 19, 6, 13, 4, 5, 15, 2, 17, 18, 10, 3, 16, 9, 11, 20, 14, 12, 7, 21]",447.571687502719,15.308285236358643
