Id,Coordinates,Order,Distance,Time
7319,"[[0, 0], [13, 55], [20, 89], [16, 148], [33, 4], [46, 123], [16, 146], [15, 52], [36, 64], [64, 109], [32, 11], [27, 18], [49, 52], [31, 101], [52, 61], [60, 18], [27, 110], [51, 143], [62, 83], [14, 66], [50, 32], [0, 0]]","[0, 11, 10, 4, 15, 20, 12, 8, 7, 1, 19, 2, 13, 16, 6, 3, 17, 5, 9, 18, 14, 21]",470.01013615081007,13.898725509643555
