Id,Coordinates,Order,Distance,Time
3036,"[[0, 0], [9, 25], [18, 181], [13, 194], [16, 109], [31, 117], [26, 22], [36, 158], [24, 27], [10, 55], [31, 85], [18, 64], [26, 24], [40, 69], [9, 10], [1, 81], [21, 148], [25, 109], [27, 55], [7, 83], [7, 63], [0, 0]]","[0, 14, 1, 8, 12, 6, 18, 11, 20, 9, 15, 19, 17, 5, 16, 7, 2, 3, 4, 10, 13, 21]",494.1889297520822,14.89304256439209
