Id,Coordinates,Order,Distance,Time
2616,"[[0, 0], [147, 2], [70, 12], [138, 13], [2, 3], [135, 22], [106, 13], [26, 12], [29, 11], [139, 13], [69, 14], [112, 12], [15, 11], [1, 8], [143, 8], [4, 18], [105, 15], [155, 22], [103, 5], [151, 15], [125, 15], [0, 0]]","[0, 4, 13, 15, 12, 7, 8, 10, 2, 16, 6, 11, 20, 3, 9, 14, 1, 19, 17, 5, 18, 21]",353.3156928752379,14.743024349212646
