Id,Coordinates,Order,Distance,Time
2614,"[[0, 0], [8, 110], [2, 89], [14, 16], [2, 54], [12, 140], [5, 137], [14, 55], [11, 82], [10, 10], [1, 17], [4, 128], [1, 23], [13, 115], [7, 29], [13, 16], [9, 10], [8, 52], [10, 103], [2, 18], [12, 128], [0, 0]]","[0, 16, 9, 15, 3, 19, 10, 12, 14, 17, 7, 8, 18, 1, 13, 20, 5, 6, 11, 2, 4, 21]",311.2957457112751,14.772427320480347
