Id,Coordinates,Order,Distance,Time
1788,"[[0, 0], [63, 4], [66, 116], [82, 106], [35, 45], [8, 126], [84, 70], [11, 79], [60, 108], [47, 50], [87, 111], [39, 54], [36, 105], [73, 42], [47, 109], [15, 65], [74, 42], [79, 1], [81, 119], [45, 9], [41, 88], [0, 0]]","[0, 19, 1, 17, 16, 13, 15, 7, 5, 12, 20, 14, 8, 2, 18, 10, 3, 6, 9, 11, 4, 21]",530.0888692504627,23.544605255126953
