Id,Coordinates,Order,Distance,Time
7509,"[[0, 0], [9, 43], [4, 31], [8, 2], [10, 41], [15, 33], [1, 30], [15, 43], [11, 15], [8, 14], [10, 13], [10, 38], [2, 5], [13, 16], [14, 34], [13, 23], [6, 17], [11, 7], [10, 40], [2, 42], [5, 46], [0, 0]]","[0, 12, 3, 17, 10, 8, 13, 9, 16, 15, 5, 14, 7, 18, 4, 1, 20, 19, 11, 2, 6, 21]",136.76689332677722,15.698720693588257
