Id,Coordinates,Order,Distance,Time
5923,"[[0, 0], [9, 9], [1, 4], [14, 28], [42, 38], [13, 19], [49, 17], [34, 16], [26, 16], [21, 17], [10, 28], [9, 11], [45, 32], [46, 14], [38, 7], [15, 35], [40, 14], [37, 8], [6, 34], [23, 20], [21, 37], [0, 0]]","[0, 2, 1, 9, 19, 8, 7, 17, 14, 16, 13, 6, 12, 4, 20, 15, 18, 10, 3, 5, 11, 21]",173.12535615056328,16.94934916496277
