Id,Coordinates,Order,Distance,Time
4910,"[[0, 0], [8, 25], [11, 11], [3, 12], [10, 21], [8, 25], [1, 35], [5, 10], [2, 25], [10, 27], [6, 4], [4, 25], [2, 9], [11, 1], [1, 20], [1, 1], [1, 11], [6, 29], [8, 30], [10, 4], [5, 6], [0, 0]]","[0, 15, 10, 20, 7, 3, 16, 12, 13, 19, 2, 4, 1, 5, 9, 18, 17, 6, 8, 11, 14, 21]",110.96485610549416,14.253390550613403
