Id,Coordinates,Order,Distance,Time
4847,"[[0, 0], [16, 125], [54, 116], [6, 136], [22, 79], [16, 54], [14, 27], [1, 31], [2, 90], [44, 55], [52, 113], [4, 17], [33, 33], [25, 109], [42, 52], [59, 77], [21, 25], [40, 34], [49, 96], [14, 37], [13, 25], [0, 0]]","[0, 11, 20, 6, 7, 19, 5, 4, 8, 3, 1, 13, 2, 10, 18, 15, 9, 14, 17, 12, 16, 21]",378.36931472186774,20.17197299003601
