Id,Coordinates,Order,Distance,Time
8788,"[[0, 0], [41, 23], [10, 26], [35, 29], [8, 21], [19, 22], [52, 1], [70, 17], [49, 9], [48, 9], [48, 12], [5, 26], [34, 31], [6, 9], [47, 4], [69, 12], [7, 33], [4, 3], [2, 14], [35, 18], [57, 33], [0, 0]]","[0, 17, 13, 18, 4, 11, 16, 2, 5, 19, 1, 3, 12, 20, 7, 15, 10, 9, 8, 6, 14, 21]",226.8931399403213,17.171413898468018
