Id,Coordinates,Order,Distance,Time
7829,"[[0, 0], [33, 174], [62, 169], [21, 70], [33, 94], [66, 135], [69, 150], [8, 170], [107, 182], [89, 117], [52, 184], [49, 4], [21, 77], [91, 185], [81, 71], [14, 55], [11, 7], [70, 95], [55, 34], [79, 63], [44, 185], [0, 0]]","[0, 16, 11, 18, 19, 14, 17, 9, 5, 6, 2, 10, 20, 1, 7, 13, 8, 4, 12, 3, 15, 21]",630.5427549342531,15.424534320831299
