Id,Coordinates,Order,Distance,Time
7617,"[[0, 0], [7, 27], [1, 85], [7, 30], [13, 48], [5, 1], [13, 50], [17, 31], [15, 70], [4, 71], [15, 85], [7, 76], [13, 38], [6, 54], [11, 42], [2, 22], [8, 62], [7, 86], [17, 7], [8, 2], [3, 38], [0, 0]]","[0, 5, 19, 18, 15, 1, 3, 20, 14, 4, 6, 13, 16, 9, 11, 2, 17, 10, 8, 12, 7, 21]",222.48428639509788,16.977367162704468
