Id,Coordinates,Order,Distance,Time
3389,"[[0, 0], [38, 49], [29, 54], [38, 23], [29, 59], [25, 23], [27, 90], [27, 27], [10, 21], [12, 63], [3, 94], [19, 35], [31, 46], [44, 22], [5, 38], [35, 59], [21, 9], [21, 64], [9, 86], [25, 81], [15, 20], [0, 0]]","[0, 16, 20, 5, 7, 11, 17, 4, 2, 12, 3, 13, 1, 15, 19, 6, 18, 10, 9, 14, 8, 21]",341.62155534844305,21.733839511871338
