Id,Coordinates,Order,Distance,Time
9497,"[[0, 0], [63, 38], [8, 27], [34, 44], [54, 100], [22, 60], [76, 36], [18, 72], [37, 109], [18, 5], [52, 105], [45, 123], [3, 22], [2, 77], [38, 90], [68, 84], [49, 54], [58, 23], [13, 101], [9, 106], [45, 47], [0, 0]]","[0, 12, 2, 3, 20, 1, 6, 17, 5, 7, 13, 18, 19, 8, 11, 10, 4, 15, 14, 16, 9, 21]",475.2066319147308,17.755579233169556
