Id,Coordinates,Order,Distance,Time
8845,"[[0, 0], [16, 88], [34, 71], [40, 51], [67, 16], [22, 58], [32, 36], [52, 85], [6, 54], [50, 35], [17, 81], [55, 91], [54, 68], [47, 17], [14, 46], [17, 77], [1, 17], [2, 67], [69, 42], [13, 58], [40, 24], [0, 0]]","[0, 16, 8, 19, 17, 15, 10, 1, 2, 3, 6, 20, 13, 4, 18, 9, 12, 7, 11, 5, 14, 21]",424.29234948051345,13.140288352966309
