Id,Coordinates,Order,Distance,Time
9911,"[[0, 0], [9, 31], [22, 16], [13, 29], [20, 31], [26, 9], [10, 18], [5, 3], [21, 40], [16, 11], [3, 11], [2, 16], [8, 15], [21, 38], [3, 10], [7, 44], [14, 38], [23, 28], [3, 28], [16, 13], [4, 1], [0, 0]]","[0, 20, 7, 14, 10, 12, 6, 19, 9, 5, 2, 17, 4, 13, 8, 16, 15, 3, 1, 18, 11, 21]",149.0754072653279,15.776174306869507
