Id,Coordinates,Order,Distance,Time
1790,"[[0, 0], [78, 7], [29, 1], [70, 5], [22, 12], [84, 5], [78, 7], [84, 12], [88, 7], [30, 2], [82, 1], [18, 8], [84, 1], [20, 3], [12, 5], [91, 6], [53, 8], [5, 11], [64, 4], [40, 10], [51, 5], [0, 0]]","[0, 14, 11, 13, 2, 9, 20, 16, 18, 3, 1, 6, 10, 12, 5, 8, 15, 7, 19, 4, 17, 21]",206.91324949288855,15.96299958229065
