Id,Coordinates,Order,Distance,Time
6485,"[[0, 0], [49, 132], [89, 120], [4, 62], [17, 32], [28, 46], [3, 111], [4, 28], [62, 131], [82, 22], [43, 3], [31, 4], [40, 35], [52, 72], [76, 129], [57, 44], [19, 129], [76, 53], [78, 50], [11, 40], [55, 88], [0, 0]]","[0, 12, 15, 17, 18, 9, 10, 11, 4, 19, 3, 6, 16, 1, 8, 14, 2, 20, 13, 5, 7, 21]",546.9872164063684,14.873142004013062
