Id,Coordinates,Order,Distance,Time
1418,"[[0, 0], [132, 116], [91, 94], [24, 69], [168, 133], [139, 119], [9, 38], [115, 66], [123, 46], [4, 53], [109, 154], [15, 96], [171, 132], [23, 101], [24, 86], [132, 157], [131, 100], [116, 137], [24, 138], [108, 8], [111, 133], [0, 0]]","[0, 6, 9, 3, 14, 11, 13, 18, 2, 1, 5, 17, 20, 10, 15, 4, 12, 16, 7, 8, 19, 21]",676.4972412042744,16.601587295532227
