Id,Coordinates,Order,Distance,Time
3392,"[[0, 0], [34, 2], [88, 60], [60, 80], [27, 81], [40, 25], [64, 46], [45, 88], [79, 9], [62, 20], [1, 11], [36, 30], [67, 79], [43, 54], [36, 1], [86, 76], [96, 2], [27, 88], [37, 85], [8, 60], [81, 46], [0, 0]]","[0, 10, 11, 5, 6, 20, 2, 15, 12, 3, 7, 18, 17, 4, 19, 13, 9, 8, 16, 14, 1, 21]",443.94654868383657,17.449484825134277
