Id,Coordinates,Order,Distance,Time
3297,"[[0, 0], [169, 41], [83, 68], [67, 35], [29, 44], [59, 84], [119, 5], [109, 78], [21, 11], [41, 32], [61, 69], [183, 51], [14, 48], [36, 80], [51, 20], [72, 50], [126, 33], [114, 83], [50, 83], [79, 5], [165, 16], [0, 0]]","[0, 8, 3, 15, 10, 5, 18, 13, 9, 14, 19, 6, 16, 20, 1, 11, 17, 7, 2, 4, 12, 21]",636.0406547083478,12.159398555755615
