Id,Coordinates,Order,Distance,Time
6044,"[[0, 0], [1, 20], [9, 18], [7, 28], [9, 64], [3, 1], [6, 33], [6, 39], [6, 18], [4, 10], [6, 35], [6, 8], [5, 72], [9, 48], [1, 35], [6, 62], [5, 69], [7, 36], [6, 50], [10, 63], [2, 17], [0, 0]]","[0, 5, 11, 9, 8, 2, 3, 6, 10, 17, 7, 13, 18, 19, 4, 16, 12, 15, 14, 1, 20, 21]",156.02588795524906,16.10684299468994
