Id,Coordinates,Order,Distance,Time
6115,"[[0, 0], [118, 41], [113, 82], [150, 36], [114, 81], [23, 9], [152, 54], [43, 27], [64, 33], [71, 29], [65, 33], [128, 63], [58, 85], [54, 88], [73, 52], [54, 61], [98, 73], [46, 78], [143, 45], [12, 58], [96, 74], [0, 0]]","[0, 5, 7, 9, 10, 8, 15, 17, 13, 12, 20, 16, 2, 4, 11, 6, 3, 18, 1, 14, 19, 21]",484.03146934032003,19.05787181854248
