Id,Coordinates,Order,Distance,Time
2066,"[[0, 0], [45, 79], [1, 70], [28, 106], [34, 106], [77, 103], [37, 109], [83, 114], [17, 113], [76, 110], [89, 93], [86, 90], [46, 70], [28, 101], [24, 30], [21, 109], [29, 9], [55, 41], [14, 96], [78, 13], [28, 36], [0, 0]]","[0, 14, 20, 12, 1, 13, 4, 6, 3, 15, 8, 18, 2, 5, 9, 7, 10, 11, 17, 19, 16, 21]",498.919926190761,18.012224435806274
