Id,Coordinates,Order,Distance,Time
9242,"[[0, 0], [97, 21], [28, 25], [45, 6], [25, 10], [29, 18], [26, 19], [77, 23], [110, 20], [39, 25], [18, 17], [29, 22], [45, 15], [36, 6], [76, 3], [69, 25], [45, 21], [59, 15], [70, 10], [14, 20], [20, 15], [0, 0]]","[0, 19, 10, 20, 4, 5, 6, 11, 2, 9, 16, 12, 3, 17, 18, 14, 8, 1, 7, 15, 13, 21]",282.9540476769306,15.805413961410522
