Id,Coordinates,Order,Distance,Time
3177,"[[0, 0], [150, 106], [69, 81], [63, 25], [100, 68], [46, 77], [142, 88], [169, 51], [67, 41], [141, 119], [74, 28], [72, 44], [135, 100], [29, 9], [4, 24], [167, 79], [171, 17], [130, 65], [6, 40], [101, 121], [23, 42], [0, 0]]","[0, 14, 18, 20, 3, 8, 11, 4, 6, 12, 1, 9, 19, 2, 5, 17, 15, 7, 16, 10, 13, 21]",729.6112019183352,13.736117839813232
