Id,Coordinates,Order,Distance,Time
7472,"[[0, 0], [46, 114], [20, 142], [89, 50], [56, 114], [168, 4], [58, 126], [134, 103], [129, 122], [84, 42], [18, 115], [109, 40], [154, 148], [2, 12], [23, 72], [159, 63], [146, 103], [99, 85], [16, 148], [12, 26], [164, 114], [0, 0]]","[0, 13, 19, 14, 10, 18, 2, 1, 4, 6, 17, 3, 9, 11, 7, 8, 12, 20, 16, 15, 5, 21]",798.321128862473,15.971447229385376
