Id,Coordinates,Order,Distance,Time
4957,"[[0, 0], [4, 90], [5, 176], [21, 47], [22, 114], [9, 56], [51, 195], [48, 197], [33, 8], [30, 3], [38, 167], [22, 14], [14, 88], [6, 9], [13, 65], [52, 152], [25, 162], [55, 40], [56, 61], [11, 67], [49, 63], [0, 0]]","[0, 13, 11, 9, 8, 17, 18, 20, 14, 19, 12, 4, 16, 10, 15, 6, 7, 2, 1, 5, 3, 21]",564.3101953004732,17.488216400146484
