Id,Coordinates,Order,Distance,Time
128,"[[0, 0], [17, 10], [20, 18], [14, 3], [46, 18], [34, 2], [12, 15], [50, 9], [19, 19], [21, 13], [46, 23], [50, 8], [9, 13], [23, 11], [19, 15], [20, 13], [15, 13], [45, 19], [2, 3], [8, 13], [1, 3], [0, 0]]","[0, 20, 18, 19, 12, 6, 16, 14, 2, 8, 15, 9, 5, 11, 7, 4, 17, 10, 13, 1, 3, 21]",143.6288447965587,22.976030588150024
