Id,Coordinates,Order,Distance,Time
4034,"[[0, 0], [149, 48], [179, 12], [110, 158], [116, 41], [128, 78], [42, 141], [99, 169], [150, 144], [31, 29], [46, 85], [167, 99], [1, 10], [118, 147], [149, 5], [84, 114], [160, 122], [128, 80], [44, 2], [82, 41], [124, 82], [0, 0]]","[0, 12, 9, 19, 4, 5, 17, 20, 11, 16, 8, 13, 3, 7, 6, 10, 15, 1, 2, 14, 18, 21]",818.9065558652931,21.392529726028442
