Id,Coordinates,Order,Distance,Time
5669,"[[0, 0], [154, 29], [181, 16], [42, 34], [33, 4], [94, 19], [23, 20], [142, 27], [123, 12], [61, 29], [133, 13], [170, 7], [3, 3], [108, 30], [30, 5], [15, 8], [137, 6], [8, 11], [41, 12], [92, 8], [1, 4], [0, 0]]","[0, 20, 12, 17, 15, 14, 4, 18, 9, 5, 13, 8, 10, 7, 1, 2, 11, 16, 19, 3, 6, 21]",425.6818708910558,16.601210117340088
