Id,Coordinates,Order,Distance,Time
6711,"[[0, 0], [72, 102], [41, 64], [34, 88], [13, 6], [18, 44], [40, 37], [91, 96], [96, 113], [70, 112], [23, 116], [70, 65], [52, 54], [89, 139], [18, 155], [125, 141], [126, 76], [20, 103], [83, 130], [44, 83], [126, 32], [0, 0]]","[0, 5, 2, 19, 3, 17, 10, 14, 9, 1, 7, 8, 18, 13, 15, 16, 20, 11, 12, 6, 4, 21]",635.5446010938293,18.909000396728516
