Id,Coordinates,Order,Distance,Time
6165,"[[0, 0], [41, 9], [22, 36], [40, 36], [32, 12], [7, 42], [27, 20], [8, 49], [28, 36], [32, 24], [6, 22], [30, 47], [24, 5], [23, 8], [16, 75], [2, 4], [1, 22], [23, 42], [12, 59], [7, 55], [31, 10], [0, 0]]","[0, 15, 16, 10, 5, 7, 19, 18, 14, 11, 17, 2, 8, 3, 9, 6, 4, 1, 20, 13, 12, 21]",232.28410261986306,16.267091989517212
