Id,Coordinates,Order,Distance,Time
1065,"[[0, 0], [99, 30], [93, 53], [7, 1], [123, 20], [114, 32], [41, 2], [78, 10], [41, 30], [54, 52], [133, 3], [176, 26], [34, 49], [143, 22], [129, 42], [195, 7], [156, 35], [192, 49], [112, 54], [71, 40], [172, 5], [0, 0]]","[0, 3, 8, 12, 9, 19, 2, 18, 5, 4, 10, 13, 11, 20, 15, 17, 16, 14, 1, 7, 6, 21]",561.4513006382832,13.87763786315918
