Id,Coordinates,Order,Distance,Time
6027,"[[0, 0], [8, 33], [36, 27], [66, 18], [50, 13], [70, 2], [57, 8], [91, 12], [59, 26], [70, 13], [26, 15], [22, 13], [19, 26], [81, 4], [64, 14], [21, 17], [64, 11], [30, 24], [65, 20], [68, 8], [48, 11], [0, 0]]","[0, 11, 15, 1, 12, 17, 2, 20, 4, 6, 16, 14, 3, 9, 19, 5, 13, 7, 18, 8, 10, 21]",269.32747993556086,17.56108069419861
