Id,Coordinates,Order,Distance,Time
3645,"[[0, 0], [57, 28], [12, 101], [23, 72], [1, 4], [24, 103], [39, 2], [25, 12], [35, 45], [11, 11], [11, 6], [40, 121], [46, 110], [32, 93], [35, 79], [18, 27], [29, 19], [14, 36], [29, 12], [18, 102], [22, 66], [0, 0]]","[0, 4, 10, 9, 7, 18, 16, 15, 17, 20, 3, 2, 19, 5, 11, 12, 13, 14, 8, 1, 6, 21]",352.55049601558994,15.470733404159546
