Id,Coordinates,Order,Distance,Time
450,"[[0, 0], [36, 32], [101, 8], [121, 34], [107, 173], [105, 156], [85, 94], [73, 100], [26, 3], [111, 66], [78, 79], [16, 21], [73, 89], [43, 15], [97, 32], [26, 26], [79, 12], [87, 112], [4, 72], [70, 59], [98, 2], [0, 0]]","[0, 8, 15, 1, 13, 16, 20, 2, 14, 3, 9, 12, 7, 17, 5, 4, 6, 10, 19, 18, 11, 21]",629.1390124051618,15.480615615844727
