Id,Coordinates,Order,Distance,Time
9085,"[[0, 0], [18, 132], [53, 23], [2, 86], [61, 37], [45, 102], [23, 26], [11, 27], [11, 26], [6, 7], [63, 33], [42, 89], [10, 101], [51, 70], [36, 11], [54, 14], [9, 8], [43, 46], [14, 84], [25, 82], [40, 137], [0, 0]]","[0, 9, 16, 8, 7, 6, 14, 15, 2, 10, 4, 17, 19, 18, 3, 12, 1, 20, 5, 11, 13, 21]",419.927027248462,14.557864665985107
