Id,Coordinates,Order,Distance,Time
4057,"[[0, 0], [15, 36], [20, 77], [46, 22], [2, 100], [25, 2], [3, 122], [4, 26], [56, 170], [87, 96], [71, 55], [108, 172], [15, 26], [37, 153], [34, 9], [93, 99], [11, 69], [105, 68], [155, 166], [26, 29], [74, 168], [0, 0]]","[0, 5, 14, 1, 16, 2, 4, 6, 13, 8, 20, 11, 18, 15, 9, 17, 10, 3, 19, 12, 7, 21]",615.2198462634792,18.132529973983765
