Id,Coordinates,Order,Distance,Time
9585,"[[0, 0], [56, 134], [73, 22], [84, 96], [63, 104], [62, 88], [44, 141], [62, 61], [15, 92], [45, 31], [95, 139], [106, 34], [35, 27], [97, 2], [20, 29], [15, 60], [3, 103], [28, 130], [60, 88], [33, 76], [41, 139], [0, 0]]","[0, 12, 9, 2, 13, 11, 7, 18, 5, 4, 3, 10, 1, 6, 20, 17, 16, 8, 19, 15, 14, 21]",551.9525353312641,16.66444182395935
