Id,Coordinates,Order,Distance,Time
2252,"[[0, 0], [117, 97], [3, 104], [125, 94], [83, 114], [10, 139], [32, 100], [110, 122], [93, 48], [92, 154], [25, 55], [53, 144], [3, 82], [26, 150], [85, 19], [56, 15], [48, 103], [92, 15], [49, 40], [11, 11], [121, 24], [0, 0]]","[0, 19, 15, 18, 10, 6, 16, 4, 1, 8, 14, 17, 20, 3, 7, 9, 11, 13, 5, 2, 12, 21]",739.2689237915309,15.335705757141113
