Id,Coordinates,Order,Distance,Time
4598,"[[0, 0], [91, 62], [5, 90], [86, 72], [61, 17], [70, 15], [94, 86], [7, 32], [65, 62], [46, 2], [12, 4], [71, 31], [53, 87], [89, 44], [36, 21], [48, 47], [62, 90], [23, 90], [76, 83], [21, 43], [54, 30], [0, 0]]","[0, 10, 7, 19, 14, 20, 4, 5, 11, 13, 1, 3, 18, 6, 8, 16, 12, 17, 2, 15, 9, 21]",504.61169175066203,14.768209457397461
