Id,Coordinates,Order,Distance,Time
4485,"[[0, 0], [16, 29], [93, 35], [121, 24], [79, 12], [116, 52], [117, 19], [33, 67], [128, 37], [32, 44], [51, 9], [23, 19], [91, 26], [111, 22], [30, 16], [30, 63], [59, 65], [104, 52], [101, 72], [17, 15], [29, 40], [0, 0]]","[0, 1, 20, 9, 15, 7, 16, 18, 17, 5, 8, 3, 6, 13, 2, 12, 4, 10, 14, 11, 19, 21]",363.87764929453715,13.813264608383179
