Id,Coordinates,Order,Distance,Time
4268,"[[0, 0], [25, 33], [8, 52], [32, 52], [62, 17], [21, 15], [19, 17], [10, 25], [12, 64], [24, 52], [24, 14], [1, 96], [9, 46], [53, 30], [35, 18], [50, 19], [60, 12], [63, 99], [5, 99], [16, 45], [11, 74], [0, 0]]","[0, 6, 5, 10, 14, 15, 16, 4, 13, 1, 12, 2, 8, 20, 11, 18, 17, 3, 9, 19, 7, 21]",378.0898678209739,14.470596551895142
