Id,Coordinates,Order,Distance,Time
8474,"[[0, 0], [108, 44], [111, 38], [94, 55], [88, 43], [14, 10], [45, 32], [69, 12], [102, 27], [90, 12], [5, 2], [84, 61], [35, 38], [72, 37], [17, 26], [10, 56], [80, 9], [76, 36], [16, 63], [71, 63], [36, 58], [0, 0]]","[0, 14, 6, 13, 11, 19, 20, 18, 15, 12, 7, 16, 9, 8, 2, 1, 3, 4, 17, 5, 10, 21]",456.6863963475773,18.975967407226562
