Id,Coordinates,Order,Distance,Time
5055,"[[0, 0], [96, 94], [170, 7], [5, 61], [79, 30], [38, 16], [94, 6], [53, 40], [111, 28], [12, 5], [93, 28], [31, 7], [5, 20], [177, 107], [115, 41], [76, 10], [46, 28], [38, 9], [90, 29], [39, 29], [100, 49], [0, 0]]","[0, 9, 11, 17, 5, 19, 16, 7, 4, 18, 10, 20, 14, 8, 15, 6, 2, 13, 1, 3, 12, 21]",648.6874001894815,22.002997636795044
