Id,Coordinates,Order,Distance,Time
4030,"[[0, 0], [13, 25], [80, 4], [80, 17], [16, 3], [45, 9], [78, 14], [11, 25], [15, 1], [71, 10], [70, 12], [15, 11], [60, 22], [44, 12], [9, 14], [65, 15], [45, 19], [69, 24], [25, 21], [54, 20], [40, 21], [0, 0]]","[0, 8, 4, 11, 14, 7, 1, 18, 20, 16, 19, 12, 15, 10, 9, 2, 6, 3, 17, 13, 5, 21]",223.74667843951386,16.22304391860962
