Id,Coordinates,Order,Distance,Time
4832,"[[0, 0], [46, 38], [126, 68], [32, 134], [7, 91], [151, 100], [164, 89], [154, 97], [118, 19], [143, 181], [181, 137], [83, 120], [106, 137], [46, 103], [16, 182], [181, 50], [22, 21], [141, 190], [174, 156], [181, 73], [42, 62], [0, 0]]","[0, 20, 4, 13, 3, 14, 11, 12, 17, 9, 18, 10, 5, 7, 6, 19, 15, 2, 8, 1, 16, 21]",850.2846805505632,15.91812539100647
