Id,Coordinates,Order,Distance,Time
6020,"[[0, 0], [42, 25], [8, 42], [37, 22], [42, 33], [34, 22], [26, 4], [33, 6], [33, 3], [96, 18], [64, 6], [42, 26], [26, 15], [92, 4], [21, 36], [69, 10], [94, 8], [8, 10], [4, 19], [66, 37], [94, 12], [0, 0]]","[0, 17, 12, 5, 3, 1, 11, 14, 6, 8, 7, 10, 15, 13, 16, 20, 9, 19, 4, 2, 18, 21]",330.4115216472538,17.845832109451294
