Id,Coordinates,Order,Distance,Time
6585,"[[0, 0], [25, 11], [116, 3], [147, 1], [68, 11], [21, 4], [75, 13], [40, 14], [113, 8], [112, 4], [6, 18], [180, 4], [26, 18], [167, 17], [55, 11], [133, 3], [101, 4], [140, 14], [71, 8], [95, 14], [162, 2], [0, 0]]","[0, 10, 12, 7, 14, 4, 18, 6, 19, 16, 9, 2, 15, 3, 20, 11, 13, 17, 8, 1, 5, 21]",393.2734079796813,15.110105752944946
