Id,Coordinates,Order,Distance,Time
3597,"[[0, 0], [24, 93], [8, 108], [17, 108], [13, 93], [15, 90], [48, 20], [30, 11], [17, 1], [17, 65], [11, 113], [36, 52], [39, 85], [1, 27], [41, 94], [47, 18], [25, 101], [4, 91], [26, 55], [31, 31], [28, 28], [0, 0]]","[0, 8, 7, 20, 19, 15, 6, 11, 18, 5, 4, 17, 2, 10, 3, 16, 1, 14, 12, 9, 13, 21]",344.79986634734365,14.749908924102783
