Id,Coordinates,Order,Distance,Time
6408,"[[0, 0], [29, 36], [42, 38], [35, 25], [9, 28], [8, 25], [11, 37], [16, 52], [41, 63], [23, 17], [27, 53], [1, 40], [44, 14], [4, 59], [37, 21], [17, 37], [46, 41], [24, 44], [13, 53], [13, 8], [12, 20], [0, 0]]","[0, 20, 5, 4, 6, 15, 17, 1, 3, 14, 12, 2, 16, 8, 10, 7, 18, 13, 11, 9, 19, 21]",266.99799207836884,13.562828779220581
