Id,Coordinates,Order,Distance,Time
8819,"[[0, 0], [97, 22], [15, 32], [108, 68], [134, 53], [126, 55], [58, 66], [142, 56], [129, 38], [116, 41], [75, 36], [64, 50], [31, 47], [93, 33], [92, 28], [87, 14], [117, 25], [92, 56], [33, 71], [65, 43], [146, 21], [0, 0]]","[0, 2, 12, 18, 6, 11, 19, 10, 13, 14, 15, 1, 16, 9, 8, 20, 7, 4, 5, 3, 17, 21]",468.7996552046019,14.62440299987793
