Id,Coordinates,Order,Distance,Time
970,"[[0, 0], [2, 75], [10, 36], [11, 3], [12, 33], [8, 64], [6, 13], [3, 55], [10, 57], [10, 86], [2, 72], [12, 81], [12, 32], [8, 43], [3, 57], [6, 6], [7, 63], [1, 24], [5, 87], [3, 28], [7, 77], [0, 0]]","[0, 15, 6, 17, 19, 12, 4, 2, 13, 7, 14, 16, 5, 10, 1, 18, 9, 11, 20, 8, 3, 21]",204.2916849503987,16.472891092300415
