Id,Coordinates,Order,Distance,Time
7578,"[[0, 0], [55, 87], [49, 158], [106, 147], [79, 160], [106, 38], [67, 136], [19, 28], [100, 161], [92, 172], [93, 105], [106, 76], [86, 171], [11, 51], [86, 61], [103, 26], [104, 50], [54, 33], [91, 141], [69, 111], [99, 139], [0, 0]]","[0, 7, 17, 15, 5, 16, 14, 11, 10, 19, 18, 20, 3, 8, 9, 12, 4, 2, 6, 1, 13, 21]",566.8357479829593,15.459975719451904
