Id,Coordinates,Order,Distance,Time
9889,"[[0, 0], [11, 180], [32, 52], [35, 178], [33, 67], [7, 9], [15, 85], [17, 25], [14, 173], [3, 144], [25, 34], [7, 95], [16, 70], [30, 92], [37, 23], [27, 162], [31, 2], [37, 125], [33, 73], [3, 72], [14, 172], [0, 0]]","[0, 16, 14, 10, 2, 4, 18, 12, 6, 13, 17, 15, 3, 8, 1, 20, 9, 11, 19, 7, 5, 21]",466.9781301678834,18.419140338897705
