Id,Coordinates,Order,Distance,Time
5318,"[[0, 0], [51, 42], [6, 90], [19, 67], [53, 72], [48, 52], [35, 72], [100, 69], [1, 28], [72, 37], [78, 42], [62, 115], [36, 22], [101, 23], [58, 72], [105, 5], [105, 61], [83, 95], [13, 46], [32, 56], [91, 51], [0, 0]]","[0, 8, 18, 19, 3, 2, 6, 4, 14, 5, 1, 9, 10, 20, 16, 7, 17, 11, 13, 15, 12, 21]",567.0334391949654,14.77981972694397
