Id,Coordinates,Order,Distance,Time
7907,"[[0, 0], [6, 24], [1, 157], [6, 121], [1, 28], [15, 102], [1, 64], [2, 97], [17, 166], [19, 6], [19, 164], [6, 40], [17, 147], [4, 42], [13, 11], [1, 69], [4, 107], [19, 135], [3, 77], [7, 49], [2, 54], [0, 0]]","[0, 9, 14, 1, 11, 13, 19, 20, 6, 15, 18, 7, 16, 3, 17, 12, 10, 8, 2, 5, 4, 21]",372.334560902701,13.587243795394897
