Id,Coordinates,Order,Distance,Time
6480,"[[0, 0], [14, 29], [21, 3], [9, 42], [33, 21], [30, 16], [27, 20], [17, 38], [22, 62], [33, 15], [28, 23], [11, 55], [9, 37], [4, 50], [13, 18], [6, 7], [17, 21], [11, 1], [32, 15], [29, 34], [2, 2], [0, 0]]","[0, 20, 15, 17, 2, 5, 18, 9, 4, 10, 6, 16, 1, 12, 3, 13, 11, 8, 7, 19, 14, 21]",205.93274281299546,17.367979288101196
