Id,Coordinates,Order,Distance,Time
8839,"[[0, 0], [12, 97], [11, 60], [5, 92], [14, 4], [3, 20], [5, 20], [15, 73], [7, 43], [2, 27], [1, 54], [4, 101], [1, 71], [17, 83], [10, 5], [5, 16], [1, 52], [11, 38], [12, 84], [17, 45], [15, 103], [0, 0]]","[0, 14, 4, 15, 6, 5, 9, 17, 8, 10, 16, 12, 7, 13, 18, 1, 20, 11, 3, 2, 19, 21]",262.7205846715792,14.501989126205444
