Id,Coordinates,Order,Distance,Time
6663,"[[0, 0], [41, 133], [51, 33], [73, 70], [86, 52], [28, 63], [18, 78], [31, 126], [5, 115], [54, 23], [7, 87], [91, 52], [74, 54], [83, 12], [8, 26], [44, 40], [71, 132], [76, 77], [46, 114], [89, 111], [93, 54], [0, 0]]","[0, 15, 2, 9, 13, 11, 20, 4, 12, 3, 17, 19, 16, 18, 1, 7, 8, 10, 6, 5, 14, 21]",481.05725245454227,13.00436282157898
