Id,Coordinates,Order,Distance,Time
6354,"[[0, 0], [133, 3], [26, 36], [17, 2], [81, 59], [122, 67], [97, 6], [17, 40], [117, 73], [131, 83], [140, 36], [1, 23], [26, 80], [38, 16], [107, 88], [71, 88], [43, 12], [31, 9], [112, 6], [136, 16], [80, 88], [0, 0]]","[0, 3, 17, 16, 13, 2, 12, 15, 20, 14, 9, 8, 5, 10, 19, 1, 18, 6, 4, 7, 11, 21]",523.3897635899771,15.681920051574707
