Id,Coordinates,Order,Distance,Time
4460,"[[0, 0], [128, 42], [95, 12], [188, 27], [42, 25], [160, 42], [186, 30], [179, 33], [175, 42], [113, 20], [106, 24], [86, 34], [159, 37], [137, 20], [24, 26], [119, 5], [193, 32], [109, 28], [132, 30], [100, 32], [190, 32], [0, 0]]","[0, 14, 4, 11, 19, 17, 10, 9, 18, 1, 12, 5, 8, 7, 6, 20, 16, 3, 13, 15, 2, 21]",447.666950210283,13.413677453994751
