Id,Coordinates,Order,Distance,Time
3578,"[[0, 0], [87, 27], [31, 23], [79, 92], [101, 17], [14, 53], [58, 35], [55, 13], [86, 28], [63, 58], [34, 70], [74, 82], [102, 5], [89, 26], [7, 32], [44, 74], [7, 78], [101, 74], [32, 98], [64, 62], [10, 45], [0, 0]]","[0, 14, 20, 5, 10, 15, 19, 9, 6, 7, 8, 1, 13, 12, 4, 17, 3, 11, 18, 16, 2, 21]",511.2524426823496,14.323280334472656
