Id,Coordinates,Order,Distance,Time
2755,"[[0, 0], [54, 49], [2, 69], [63, 76], [13, 97], [26, 101], [21, 72], [61, 101], [39, 101], [27, 7], [51, 80], [42, 77], [46, 21], [64, 66], [1, 8], [2, 49], [43, 97], [18, 88], [60, 33], [4, 34], [4, 83], [0, 0]]","[0, 14, 9, 12, 18, 1, 13, 3, 10, 7, 16, 8, 5, 4, 17, 20, 2, 6, 11, 15, 19, 21]",386.9080204848311,13.674731731414795
