Id,Coordinates,Order,Distance,Time
1539,"[[0, 0], [117, 6], [93, 52], [31, 1], [167, 117], [95, 83], [25, 82], [132, 1], [148, 73], [157, 33], [123, 3], [135, 41], [115, 70], [40, 94], [64, 61], [125, 119], [55, 96], [144, 126], [81, 79], [165, 80], [108, 37], [0, 0]]","[0, 3, 14, 18, 5, 12, 2, 20, 1, 10, 7, 9, 11, 8, 19, 4, 17, 15, 16, 13, 6, 21]",652.2042070565077,16.709742546081543
