Id,Coordinates,Order,Distance,Time
2101,"[[0, 0], [117, 12], [115, 39], [142, 34], [41, 42], [134, 59], [44, 43], [27, 8], [59, 29], [113, 49], [78, 50], [25, 8], [1, 45], [46, 16], [5, 61], [29, 39], [157, 55], [101, 26], [65, 57], [41, 33], [27, 32], [0, 0]]","[0, 11, 7, 19, 6, 4, 15, 20, 12, 14, 18, 10, 2, 9, 5, 16, 3, 1, 17, 8, 13, 21]",494.58031623555337,16.937872886657715
