Id,Coordinates,Order,Distance,Time
4951,"[[0, 0], [76, 26], [18, 25], [35, 17], [34, 6], [71, 16], [77, 11], [105, 9], [83, 16], [21, 16], [74, 23], [68, 13], [61, 2], [47, 8], [31, 18], [34, 18], [97, 18], [54, 18], [29, 9], [10, 10], [55, 22], [0, 0]]","[0, 19, 9, 2, 14, 15, 3, 13, 17, 20, 11, 5, 10, 1, 8, 16, 7, 6, 12, 4, 18, 21]",265.25226011193945,17.54992151260376
