Id,Coordinates,Order,Distance,Time
1597,"[[0, 0], [58, 156], [93, 146], [64, 82], [64, 71], [8, 34], [67, 129], [27, 166], [112, 53], [41, 170], [80, 90], [21, 26], [154, 88], [126, 111], [126, 81], [78, 86], [8, 13], [65, 18], [35, 73], [157, 8], [37, 105], [0, 0]]","[0, 5, 18, 4, 3, 15, 10, 20, 7, 9, 1, 6, 2, 13, 12, 14, 8, 19, 17, 11, 16, 21]",722.9852670371281,17.119142532348633
