Id,Coordinates,Order,Distance,Time
2506,"[[0, 0], [156, 93], [132, 127], [38, 133], [111, 138], [77, 47], [103, 26], [31, 10], [16, 87], [112, 30], [130, 18], [118, 55], [143, 67], [70, 57], [174, 17], [140, 86], [31, 33], [38, 83], [91, 37], [48, 155], [156, 31], [0, 0]]","[0, 7, 13, 5, 18, 6, 9, 10, 14, 20, 11, 12, 15, 1, 2, 4, 19, 3, 8, 17, 16, 21]",669.867386848674,16.620083332061768
