Id,Coordinates,Order,Distance,Time
331,"[[0, 0], [42, 102], [32, 91], [1, 24], [33, 110], [24, 43], [21, 73], [7, 9], [28, 13], [15, 9], [15, 44], [5, 88], [17, 40], [32, 1], [1, 77], [32, 102], [22, 119], [5, 42], [23, 92], [5, 40], [15, 83], [0, 0]]","[0, 7, 9, 8, 13, 19, 17, 10, 12, 5, 6, 20, 18, 2, 15, 1, 4, 16, 11, 14, 3, 21]",350.6160870122779,18.431843042373657
