Id,Coordinates,Order,Distance,Time
457,"[[0, 0], [67, 38], [45, 56], [53, 12], [46, 93], [113, 52], [23, 16], [90, 85], [100, 14], [82, 49], [16, 35], [104, 50], [47, 34], [16, 23], [67, 82], [4, 94], [41, 58], [33, 88], [59, 5], [98, 17], [72, 65], [0, 0]]","[0, 6, 12, 1, 9, 20, 14, 7, 5, 11, 19, 8, 18, 3, 2, 16, 4, 17, 15, 10, 13, 21]",521.9012864406709,18.354963302612305
