Id,Coordinates,Order,Distance,Time
1803,"[[0, 0], [35, 33], [98, 53], [59, 52], [55, 46], [116, 51], [69, 8], [43, 22], [21, 15], [115, 52], [117, 39], [10, 45], [56, 35], [102, 47], [37, 49], [98, 8], [79, 23], [84, 26], [17, 44], [91, 27], [27, 45], [0, 0]]","[0, 8, 7, 14, 20, 18, 11, 1, 6, 16, 17, 19, 15, 10, 5, 9, 13, 2, 3, 4, 12, 21]",418.81641953002907,17.874363660812378
