Id,Coordinates,Order,Distance,Time
158,"[[0, 0], [89, 7], [14, 7], [6, 6], [82, 11], [65, 6], [97, 1], [70, 7], [71, 11], [39, 7], [67, 13], [109, 7], [18, 3], [80, 13], [120, 11], [66, 11], [47, 3], [17, 11], [118, 7], [99, 11], [22, 2], [0, 0]]","[0, 3, 2, 12, 20, 9, 16, 5, 15, 10, 8, 13, 4, 1, 19, 11, 18, 14, 6, 7, 17, 21]",263.3080431800151,18.41200089454651
