Id,Coordinates,Order,Distance,Time
3480,"[[0, 0], [32, 150], [31, 92], [57, 124], [26, 154], [19, 112], [53, 106], [7, 42], [30, 69], [34, 146], [6, 128], [35, 157], [57, 24], [37, 58], [42, 125], [32, 150], [49, 10], [37, 120], [30, 125], [30, 43], [17, 62], [0, 0]]","[0, 7, 20, 8, 13, 12, 16, 19, 2, 5, 18, 17, 6, 3, 14, 9, 1, 15, 11, 4, 10, 21]",543.0811252468795,16.50600576400757
