Id,Coordinates,Order,Distance,Time
8549,"[[0, 0], [5, 186], [12, 64], [21, 184], [30, 10], [49, 45], [4, 41], [50, 76], [58, 139], [7, 179], [1, 150], [37, 60], [53, 131], [39, 154], [47, 33], [31, 12], [18, 16], [29, 67], [21, 162], [37, 160], [35, 193], [0, 0]]","[0, 16, 4, 15, 14, 5, 11, 17, 7, 12, 8, 13, 19, 20, 3, 1, 9, 18, 10, 2, 6, 21]",495.738417748557,15.962501525878906
