Id,Coordinates,Order,Distance,Time
7145,"[[0, 0], [28, 13], [9, 4], [2, 15], [25, 24], [35, 12], [23, 5], [24, 29], [3, 26], [31, 14], [35, 25], [39, 18], [23, 22], [27, 24], [25, 26], [25, 3], [13, 28], [20, 9], [35, 2], [39, 6], [5, 26], [0, 0]]","[0, 2, 17, 6, 15, 18, 19, 5, 9, 4, 14, 7, 16, 20, 8, 12, 13, 10, 11, 1, 3, 21]",188.55138404575382,16.75814175605774
