Id,Coordinates,Order,Distance,Time
845,"[[0, 0], [28, 10], [16, 3], [84, 22], [31, 17], [57, 46], [48, 44], [3, 14], [69, 38], [27, 59], [65, 1], [16, 38], [96, 36], [54, 53], [56, 49], [78, 30], [114, 38], [79, 29], [79, 13], [68, 51], [58, 35], [0, 0]]","[0, 7, 4, 11, 9, 6, 5, 14, 13, 19, 20, 8, 15, 17, 12, 16, 3, 18, 10, 1, 2, 21]",359.0005816384776,16.66415762901306
