Id,Coordinates,Order,Distance,Time
8716,"[[0, 0], [108, 8], [142, 24], [42, 41], [125, 41], [146, 36], [171, 11], [187, 31], [121, 11], [39, 40], [119, 24], [173, 42], [160, 7], [178, 11], [164, 16], [60, 33], [147, 6], [51, 1], [12, 28], [53, 6], [111, 36], [0, 0]]","[0, 18, 9, 3, 19, 17, 1, 8, 10, 2, 16, 12, 14, 6, 13, 7, 11, 5, 4, 20, 15, 21]",491.751310726091,18.17371368408203
