Id,Coordinates,Order,Distance,Time
7931,"[[0, 0], [104, 24], [21, 33], [94, 6], [140, 37], [21, 68], [47, 34], [45, 58], [12, 33], [144, 12], [151, 4], [101, 8], [82, 24], [131, 6], [41, 70], [146, 1], [51, 66], [6, 34], [47, 70], [6, 39], [4, 6], [0, 0]]","[0, 20, 17, 19, 8, 2, 5, 14, 16, 18, 7, 6, 12, 3, 11, 13, 15, 10, 9, 4, 1, 21]",462.5230254315861,13.059261798858643
