Id,Coordinates,Order,Distance,Time
7844,"[[0, 0], [34, 149], [54, 128], [8, 83], [33, 23], [12, 73], [10, 70], [5, 108], [2, 106], [26, 8], [3, 150], [20, 89], [23, 123], [24, 140], [34, 97], [31, 29], [17, 77], [4, 75], [17, 75], [38, 102], [6, 54], [0, 0]]","[0, 9, 4, 15, 20, 6, 5, 18, 16, 11, 14, 19, 12, 2, 1, 13, 10, 8, 7, 3, 17, 21]",426.58365233530054,16.579288244247437
