Id,Coordinates,Order,Distance,Time
5612,"[[0, 0], [15, 62], [88, 48], [117, 47], [5, 103], [65, 36], [121, 64], [71, 94], [47, 100], [81, 104], [32, 83], [25, 81], [72, 88], [52, 17], [96, 48], [8, 38], [63, 28], [34, 33], [57, 22], [81, 31], [113, 84], [0, 0]]","[0, 1, 4, 11, 10, 8, 12, 7, 9, 20, 6, 3, 14, 2, 19, 5, 16, 18, 13, 17, 15, 21]",466.7377620930897,15.939710855484009
