Id,Coordinates,Order,Distance,Time
1098,"[[0, 0], [10, 7], [68, 12], [79, 21], [73, 8], [45, 11], [78, 5], [131, 52], [170, 41], [149, 7], [123, 26], [44, 33], [169, 54], [153, 21], [65, 1], [5, 52], [95, 17], [110, 31], [45, 40], [99, 40], [1, 21], [0, 0]]","[0, 20, 15, 18, 11, 5, 14, 4, 6, 2, 3, 16, 17, 10, 9, 13, 8, 12, 7, 19, 1, 21]",503.72200750160636,19.771112203598022
