Id,Coordinates,Order,Distance,Time
1469,"[[0, 0], [81, 100], [10, 82], [74, 12], [105, 100], [46, 62], [62, 82], [30, 88], [62, 79], [20, 51], [106, 77], [104, 56], [71, 66], [44, 21], [42, 86], [38, 18], [103, 52], [57, 53], [61, 11], [85, 106], [35, 48], [0, 0]]","[0, 15, 13, 18, 3, 17, 20, 9, 2, 7, 14, 12, 16, 11, 10, 4, 19, 1, 6, 8, 5, 21]",504.58586315641867,17.837446212768555
