Id,Coordinates,Order,Distance,Time
3024,"[[0, 0], [4, 27], [6, 15], [9, 19], [2, 16], [15, 19], [5, 11], [4, 6], [13, 21], [16, 22], [2, 31], [5, 30], [6, 10], [16, 25], [5, 8], [4, 19], [11, 11], [7, 20], [12, 2], [7, 27], [1, 29], [0, 0]]","[0, 7, 14, 12, 6, 4, 17, 3, 8, 5, 9, 13, 19, 11, 10, 20, 1, 15, 2, 16, 18, 21]",101.95559995504804,14.73677682876587
