Id,Coordinates,Order,Distance,Time
7625,"[[0, 0], [28, 89], [106, 90], [29, 58], [74, 68], [131, 109], [143, 120], [123, 36], [72, 27], [120, 112], [141, 43], [150, 10], [96, 6], [1, 38], [158, 54], [4, 119], [54, 46], [134, 55], [44, 115], [157, 22], [105, 52], [0, 0]]","[0, 16, 8, 12, 7, 10, 17, 14, 19, 11, 20, 4, 2, 9, 5, 6, 18, 15, 1, 3, 13, 21]",741.7086994832538,16.250648736953735
