Id,Coordinates,Order,Distance,Time
7359,"[[0, 0], [46, 128], [5, 116], [24, 85], [14, 44], [21, 20], [38, 8], [30, 127], [11, 49], [41, 105], [44, 106], [19, 82], [8, 7], [18, 12], [47, 19], [11, 121], [45, 132], [27, 20], [7, 36], [25, 128], [10, 67], [0, 0]]","[0, 12, 13, 5, 17, 6, 14, 11, 3, 9, 10, 1, 16, 7, 19, 15, 2, 20, 8, 4, 18, 21]",361.0345222532179,16.40630054473877
