Id,Coordinates,Order,Distance,Time
843,"[[0, 0], [5, 54], [32, 126], [47, 165], [14, 121], [5, 77], [31, 47], [49, 109], [29, 102], [16, 148], [22, 35], [16, 177], [14, 162], [34, 10], [25, 90], [20, 35], [6, 150], [6, 141], [31, 19], [45, 24], [37, 10], [0, 0]]","[0, 13, 20, 19, 18, 15, 1, 5, 14, 8, 4, 17, 16, 9, 12, 11, 3, 2, 7, 6, 10, 21]",485.74688593069436,16.307888746261597
