Id,Coordinates,Order,Distance,Time
5249,"[[0, 0], [54, 22], [39, 44], [25, 33], [34, 69], [54, 61], [10, 67], [75, 102], [89, 90], [85, 99], [94, 7], [69, 17], [9, 94], [9, 104], [103, 27], [73, 5], [2, 15], [5, 79], [35, 13], [55, 68], [10, 42], [0, 0]]","[0, 16, 20, 3, 2, 5, 19, 4, 6, 17, 12, 13, 7, 9, 8, 14, 10, 15, 11, 1, 18, 21]",471.66775822138464,18.661317110061646
