Id,Coordinates,Order,Distance,Time
1092,"[[0, 0], [15, 30], [4, 27], [5, 42], [17, 42], [12, 27], [5, 7], [11, 15], [17, 17], [1, 33], [7, 34], [3, 14], [6, 26], [14, 26], [8, 1], [15, 14], [13, 22], [2, 38], [1, 11], [15, 43], [11, 24], [0, 0]]","[0, 14, 6, 7, 15, 8, 16, 20, 5, 13, 1, 9, 17, 3, 19, 4, 10, 2, 12, 11, 18, 21]",136.63322411056788,20.00949478149414
