Id,Coordinates,Order,Distance,Time
2010,"[[0, 0], [29, 23], [11, 31], [34, 10], [21, 8], [9, 11], [26, 3], [43, 3], [24, 29], [1, 27], [14, 10], [38, 3], [16, 9], [2, 27], [31, 28], [33, 23], [31, 31], [22, 22], [30, 13], [24, 3], [31, 25], [0, 0]]","[0, 5, 10, 12, 4, 19, 6, 18, 1, 20, 15, 14, 16, 8, 2, 13, 9, 17, 3, 7, 11, 21]",192.69945497362517,17.09201669692993
