Id,Coordinates,Order,Distance,Time
5519,"[[0, 0], [18, 15], [2, 26], [130, 27], [72, 96], [39, 59], [42, 24], [42, 27], [22, 92], [55, 64], [63, 14], [28, 72], [28, 60], [36, 33], [114, 73], [119, 95], [78, 35], [20, 87], [4, 91], [110, 91], [100, 101], [0, 0]]","[0, 2, 13, 7, 6, 9, 5, 12, 11, 17, 18, 8, 4, 20, 19, 15, 14, 3, 16, 10, 1, 21]",525.3817719727533,17.72290015220642
