Id,Coordinates,Order,Distance,Time
5436,"[[0, 0], [83, 166], [130, 40], [34, 118], [31, 187], [22, 86], [33, 172], [26, 44], [87, 63], [3, 75], [53, 124], [183, 69], [126, 173], [94, 111], [70, 154], [124, 89], [17, 16], [138, 130], [38, 135], [23, 12], [45, 80], [0, 0]]","[0, 9, 5, 3, 10, 14, 1, 12, 17, 15, 11, 2, 8, 13, 6, 4, 18, 20, 7, 16, 19, 21]",866.3908072294619,15.344146013259888
