Id,Coordinates,Order,Distance,Time
2801,"[[0, 0], [79, 5], [122, 1], [4, 87], [2, 18], [46, 134], [81, 57], [45, 9], [8, 112], [37, 114], [48, 24], [64, 55], [70, 136], [53, 119], [49, 125], [83, 39], [122, 91], [60, 28], [67, 102], [97, 1], [27, 32], [0, 0]]","[0, 4, 20, 10, 17, 1, 19, 2, 15, 6, 18, 13, 14, 9, 3, 8, 5, 12, 16, 11, 7, 21]",688.000586227766,20.827926874160767
