Id,Coordinates,Order,Distance,Time
2500,"[[0, 0], [86, 20], [94, 37], [56, 36], [58, 42], [66, 48], [68, 59], [92, 33], [43, 10], [86, 32], [50, 75], [8, 68], [36, 27], [71, 61], [66, 41], [86, 73], [9, 74], [63, 53], [61, 30], [89, 41], [53, 55], [0, 0]]","[0, 8, 12, 3, 14, 5, 17, 6, 13, 15, 19, 2, 7, 9, 1, 18, 4, 20, 10, 16, 11, 21]",388.2099786677993,15.43708086013794
