Id,Coordinates,Order,Distance,Time
9300,"[[0, 0], [96, 30], [64, 4], [76, 52], [117, 56], [129, 13], [135, 33], [152, 37], [3, 64], [105, 22], [156, 39], [44, 41], [110, 46], [49, 68], [154, 1], [122, 25], [8, 24], [8, 9], [89, 1], [112, 30], [53, 13], [0, 0]]","[0, 17, 16, 8, 13, 3, 1, 19, 15, 5, 14, 7, 10, 6, 4, 12, 9, 18, 2, 20, 11, 21]",526.0881149326973,16.63054132461548
