Id,Coordinates,Order,Distance,Time
2378,"[[0, 0], [93, 24], [88, 92], [64, 69], [8, 48], [3, 48], [39, 119], [9, 11], [21, 111], [28, 4], [13, 49], [44, 1], [31, 114], [86, 129], [38, 58], [31, 97], [18, 119], [46, 110], [73, 129], [101, 96], [59, 51], [0, 0]]","[0, 7, 9, 20, 3, 14, 10, 4, 5, 15, 12, 8, 16, 6, 17, 18, 13, 19, 2, 1, 11, 21]",560.3583278463449,15.060566902160645
