Id,Coordinates,Order,Distance,Time
4324,"[[0, 0], [8, 104], [20, 37], [25, 119], [16, 45], [17, 41], [11, 153], [4, 13], [24, 71], [9, 72], [21, 2], [39, 144], [12, 158], [8, 10], [3, 145], [2, 59], [6, 102], [2, 2], [18, 184], [16, 53], [5, 78], [0, 0]]","[0, 17, 13, 7, 2, 5, 4, 19, 15, 9, 20, 16, 1, 3, 11, 18, 12, 6, 14, 8, 10, 21]",433.5330641586599,17.424782514572144
