Id,Coordinates,Order,Distance,Time
2962,"[[0, 0], [148, 124], [80, 146], [8, 21], [58, 27], [161, 125], [58, 117], [163, 122], [28, 77], [76, 150], [42, 140], [128, 39], [172, 21], [104, 121], [128, 86], [92, 32], [115, 48], [84, 152], [73, 149], [161, 133], [30, 34], [0, 0]]","[0, 3, 20, 4, 15, 16, 11, 12, 14, 2, 17, 18, 9, 10, 6, 1, 5, 7, 19, 13, 8, 21]",788.2812558198677,19.301105737686157
