Id,Coordinates,Order,Distance,Time
8351,"[[0, 0], [100, 19], [126, 12], [84, 25], [193, 3], [184, 1], [27, 11], [69, 13], [178, 34], [41, 15], [190, 31], [194, 37], [69, 24], [142, 6], [27, 31], [12, 32], [34, 10], [142, 24], [166, 41], [115, 3], [168, 18], [0, 0]]","[0, 6, 16, 9, 14, 15, 12, 3, 1, 19, 2, 17, 18, 8, 10, 11, 4, 5, 20, 13, 7, 21]",527.5937700530241,17.465999603271484
