Id,Coordinates,Order,Distance,Time
1419,"[[0, 0], [102, 78], [74, 107], [75, 70], [62, 114], [86, 6], [1, 51], [2, 52], [111, 21], [1, 6], [32, 85], [118, 36], [80, 122], [110, 142], [68, 130], [46, 29], [83, 21], [102, 69], [94, 72], [7, 80], [31, 89], [0, 0]]","[0, 9, 6, 7, 19, 10, 20, 4, 2, 14, 12, 13, 1, 17, 18, 3, 11, 8, 5, 16, 15, 21]",546.7255841222925,13.83943223953247
