Id,Coordinates,Order,Distance,Time
7994,"[[0, 0], [10, 21], [3, 33], [35, 24], [33, 6], [31, 11], [23, 30], [27, 34], [38, 30], [37, 7], [38, 11], [26, 22], [6, 18], [1, 32], [16, 29], [30, 28], [18, 34], [28, 22], [29, 9], [22, 6], [26, 28], [0, 0]]","[0, 12, 1, 14, 16, 6, 20, 11, 17, 15, 7, 8, 3, 5, 10, 9, 4, 18, 19, 2, 13, 21]",196.5434614460338,13.657073259353638
