Id,Coordinates,Order,Distance,Time
2173,"[[0, 0], [3, 74], [39, 23], [15, 86], [9, 30], [12, 8], [27, 69], [47, 87], [14, 68], [12, 84], [16, 4], [46, 14], [45, 68], [27, 11], [22, 38], [23, 73], [40, 61], [36, 25], [14, 19], [32, 30], [28, 74], [0, 0]]","[0, 5, 10, 13, 11, 2, 17, 19, 16, 12, 7, 20, 15, 8, 1, 9, 3, 6, 14, 4, 18, 21]",303.64923546714493,16.158292770385742
