Id,Coordinates,Order,Distance,Time
3400,"[[0, 0], [136, 144], [41, 86], [76, 103], [77, 17], [10, 126], [103, 89], [34, 12], [11, 124], [38, 149], [176, 28], [62, 156], [113, 39], [90, 83], [59, 127], [137, 71], [184, 76], [68, 129], [59, 23], [164, 21], [102, 37], [0, 0]]","[0, 7, 18, 20, 12, 15, 6, 13, 17, 14, 11, 9, 5, 8, 2, 3, 1, 16, 10, 19, 4, 21]",836.1258972966442,23.328001022338867
