Id,Coordinates,Order,Distance,Time
8371,"[[0, 0], [13, 82], [65, 73], [30, 95], [17, 29], [5, 76], [35, 72], [71, 96], [77, 34], [35, 66], [15, 39], [46, 36], [33, 44], [3, 59], [39, 74], [20, 27], [28, 103], [53, 76], [34, 86], [15, 8], [25, 58], [0, 0]]","[0, 15, 4, 10, 12, 9, 6, 14, 18, 3, 16, 1, 5, 13, 20, 17, 7, 2, 8, 11, 19, 21]",418.2962568904228,21.102001190185547
