Id,Coordinates,Order,Distance,Time
1332,"[[0, 0], [4, 5], [11, 21], [3, 45], [12, 37], [36, 34], [8, 31], [30, 24], [5, 14], [3, 4], [16, 44], [16, 37], [31, 43], [31, 16], [6, 8], [2, 4], [33, 5], [26, 35], [33, 10], [3, 26], [12, 42], [0, 0]]","[0, 15, 9, 1, 14, 8, 2, 19, 6, 4, 3, 20, 10, 11, 17, 12, 5, 7, 13, 18, 16, 21]",175.8639284846872,16.889896869659424
