Id,Coordinates,Order,Distance,Time
7192,"[[0, 0], [36, 41], [83, 32], [61, 28], [84, 9], [1, 9], [26, 1], [55, 37], [12, 19], [68, 6], [37, 12], [68, 12], [9, 32], [55, 25], [59, 45], [54, 6], [67, 42], [16, 48], [64, 21], [51, 50], [80, 9], [0, 0]]","[0, 5, 8, 12, 17, 1, 19, 14, 16, 7, 13, 3, 18, 2, 4, 20, 11, 9, 15, 10, 6, 21]",290.6606782161809,15.75865387916565
