Id,Coordinates,Order,Distance,Time
7344,"[[0, 0], [92, 23], [105, 30], [120, 51], [92, 65], [78, 82], [39, 65], [79, 47], [45, 50], [66, 14], [123, 64], [16, 47], [49, 72], [123, 42], [100, 6], [111, 78], [107, 90], [122, 25], [28, 59], [44, 24], [86, 66], [0, 0]]","[0, 11, 18, 6, 12, 8, 9, 14, 1, 2, 17, 13, 3, 10, 15, 16, 5, 20, 4, 7, 19, 21]",479.8003714386116,14.926103591918945
