Id,Coordinates,Order,Distance,Time
3923,"[[0, 0], [24, 68], [8, 96], [14, 112], [23, 53], [17, 108], [22, 159], [26, 9], [18, 41], [15, 133], [35, 96], [25, 44], [34, 2], [47, 115], [27, 155], [46, 75], [55, 62], [12, 106], [54, 16], [24, 104], [9, 145], [0, 0]]","[0, 7, 12, 18, 11, 4, 1, 10, 19, 5, 2, 17, 3, 9, 20, 6, 14, 13, 15, 16, 8, 21]",457.7777190541455,19.470505475997925
