Id,Coordinates,Order,Distance,Time
2926,"[[0, 0], [23, 107], [104, 62], [126, 35], [141, 30], [71, 65], [22, 127], [171, 63], [158, 19], [49, 106], [59, 49], [43, 44], [160, 101], [28, 125], [48, 38], [154, 17], [68, 64], [159, 90], [145, 65], [108, 68], [164, 74], [0, 0]]","[0, 14, 11, 10, 16, 5, 2, 19, 18, 20, 17, 12, 7, 8, 15, 4, 3, 9, 13, 6, 1, 21]",624.7097908479457,16.966490507125854
