Id,Coordinates,Order,Distance,Time
2532,"[[0, 0], [75, 11], [27, 8], [111, 13], [68, 9], [73, 2], [53, 9], [95, 6], [14, 8], [27, 9], [113, 10], [35, 1], [112, 10], [38, 1], [48, 1], [113, 7], [94, 8], [79, 2], [28, 14], [88, 17], [45, 17], [0, 0]]","[0, 8, 2, 9, 11, 13, 14, 6, 4, 5, 17, 16, 7, 3, 12, 10, 15, 19, 1, 20, 18, 21]",255.89801001746042,15.437022924423218
