Id,Coordinates,Order,Distance,Time
503,"[[0, 0], [111, 139], [95, 47], [66, 24], [87, 182], [29, 169], [103, 189], [6, 99], [85, 139], [102, 190], [102, 151], [72, 111], [111, 117], [100, 2], [79, 12], [31, 132], [99, 3], [38, 125], [69, 8], [97, 166], [90, 73], [0, 0]]","[0, 2, 20, 11, 8, 12, 1, 10, 19, 6, 9, 4, 5, 15, 17, 7, 3, 14, 16, 13, 18, 21]",719.1850959330015,14.75694489479065
