Id,Coordinates,Order,Distance,Time
1067,"[[0, 0], [45, 80], [16, 91], [26, 115], [36, 23], [36, 83], [47, 51], [15, 145], [18, 66], [47, 40], [9, 119], [32, 74], [1, 52], [40, 4], [12, 132], [20, 80], [22, 76], [10, 32], [46, 50], [47, 42], [47, 113], [0, 0]]","[0, 17, 12, 8, 16, 15, 5, 11, 6, 18, 19, 9, 4, 13, 1, 20, 3, 7, 14, 10, 2, 21]",506.6650724530392,13.229201793670654
