Id,Coordinates,Order,Distance,Time
9434,"[[0, 0], [52, 12], [58, 5], [47, 17], [61, 12], [12, 14], [54, 8], [67, 12], [7, 3], [6, 20], [46, 20], [29, 6], [31, 11], [10, 6], [54, 10], [39, 6], [29, 18], [46, 8], [17, 7], [34, 5], [65, 16], [0, 0]]","[0, 8, 13, 5, 18, 12, 11, 19, 15, 17, 1, 14, 6, 2, 4, 7, 20, 3, 10, 16, 9, 21]",182.53260513512393,16.515244722366333
