Id,Coordinates,Order,Distance,Time
5677,"[[0, 0], [47, 64], [36, 134], [5, 112], [5, 116], [87, 23], [77, 47], [21, 124], [66, 63], [44, 60], [110, 47], [6, 144], [32, 174], [51, 147], [86, 135], [102, 61], [88, 71], [88, 43], [1, 33], [12, 134], [15, 14], [0, 0]]","[0, 20, 9, 1, 8, 6, 17, 5, 10, 15, 16, 14, 13, 2, 12, 19, 11, 7, 3, 4, 18, 21]",598.2146841888384,15.057311534881592
