Id,Coordinates,Order,Distance,Time
3018,"[[0, 0], [99, 74], [85, 17], [54, 50], [74, 102], [76, 3], [92, 64], [58, 79], [65, 102], [13, 42], [37, 27], [67, 45], [41, 81], [47, 43], [87, 8], [5, 87], [36, 53], [22, 6], [18, 17], [24, 85], [20, 43], [0, 0]]","[0, 18, 10, 13, 11, 6, 1, 4, 8, 7, 12, 19, 15, 9, 20, 16, 3, 2, 14, 5, 17, 21]",485.4285888269929,18.575148820877075
