Id,Coordinates,Order,Distance,Time
2984,"[[0, 0], [85, 47], [56, 25], [45, 51], [138, 46], [2, 11], [115, 88], [64, 6], [83, 69], [108, 4], [39, 52], [87, 68], [80, 24], [4, 20], [4, 15], [16, 8], [19, 3], [46, 40], [63, 58], [140, 39], [42, 61], [0, 0]]","[0, 5, 14, 13, 15, 16, 2, 17, 3, 10, 20, 18, 1, 11, 8, 6, 19, 4, 9, 12, 7, 21]",475.06313454163535,15.180042266845703
