Id,Coordinates,Order,Distance,Time
6707,"[[0, 0], [17, 14], [31, 40], [57, 51], [26, 46], [54, 41], [57, 19], [33, 7], [10, 28], [68, 68], [60, 72], [68, 80], [57, 77], [25, 71], [21, 27], [4, 12], [58, 9], [65, 12], [64, 47], [29, 28], [49, 46], [0, 0]]","[0, 15, 1, 14, 8, 2, 20, 5, 3, 18, 9, 10, 11, 12, 13, 4, 19, 6, 17, 16, 7, 21]",353.5171029085765,20.97200059890747
