Id,Coordinates,Order,Distance,Time
1715,"[[0, 0], [26, 21], [39, 3], [22, 46], [51, 12], [66, 12], [54, 28], [88, 96], [57, 1], [87, 48], [9, 15], [29, 50], [41, 18], [10, 40], [45, 57], [33, 67], [4, 56], [56, 67], [67, 96], [32, 70], [38, 13], [0, 0]]","[0, 10, 2, 20, 12, 4, 8, 5, 6, 11, 15, 19, 16, 13, 3, 9, 7, 18, 17, 14, 1, 21]",492.8779417130387,19.89997172355652
