Id,Coordinates,Order,Distance,Time
6432,"[[0, 0], [21, 37], [103, 94], [177, 133], [147, 8], [6, 83], [42, 103], [153, 23], [107, 62], [131, 78], [173, 117], [20, 48], [20, 149], [111, 90], [34, 87], [41, 61], [59, 141], [136, 155], [66, 35], [56, 136], [192, 66], [0, 0]]","[0, 1, 11, 15, 14, 5, 12, 16, 19, 6, 2, 13, 8, 9, 17, 3, 10, 20, 7, 4, 18, 21]",838.0926530578444,17.852911949157715
