Id,Coordinates,Order,Distance,Time
1862,"[[0, 0], [36, 2], [73, 136], [15, 120], [36, 164], [12, 56], [16, 78], [32, 19], [57, 15], [10, 18], [76, 118], [75, 37], [79, 39], [65, 37], [21, 144], [31, 136], [42, 143], [59, 148], [72, 46], [61, 42], [2, 179], [0, 0]]","[0, 9, 7, 1, 8, 13, 19, 18, 11, 12, 15, 16, 17, 2, 10, 4, 20, 14, 3, 6, 5, 21]",599.2529638934041,16.285922527313232
