Id,Coordinates,Order,Distance,Time
9233,"[[0, 0], [20, 4], [20, 28], [4, 61], [67, 28], [13, 14], [59, 64], [69, 50], [14, 47], [56, 21], [55, 43], [40, 10], [3, 34], [66, 49], [28, 7], [29, 54], [50, 51], [64, 50], [6, 25], [50, 12], [69, 66], [0, 0]]","[0, 1, 14, 11, 19, 9, 4, 10, 17, 13, 7, 20, 6, 16, 15, 8, 3, 12, 2, 18, 5, 21]",298.85966319419555,14.193339347839355
