Id,Coordinates,Order,Distance,Time
1920,"[[0, 0], [11, 26], [11, 20], [3, 62], [7, 14], [3, 29], [8, 48], [14, 16], [8, 37], [15, 10], [5, 17], [6, 57], [8, 45], [3, 35], [6, 48], [10, 2], [6, 42], [1, 17], [6, 3], [1, 21], [5, 30], [0, 0]]","[0, 18, 15, 9, 7, 2, 1, 8, 16, 12, 6, 11, 3, 14, 13, 20, 5, 19, 17, 10, 4, 21]",145.57597618743472,19.938626289367676
