Id,Coordinates,Order,Distance,Time
5164,"[[0, 0], [8, 38], [27, 16], [64, 19], [160, 10], [61, 54], [33, 29], [111, 13], [19, 22], [97, 9], [39, 26], [114, 53], [145, 9], [125, 19], [133, 25], [162, 29], [77, 37], [20, 54], [90, 43], [114, 14], [15, 7], [0, 0]]","[0, 20, 2, 8, 6, 10, 3, 9, 7, 19, 13, 14, 12, 4, 15, 11, 18, 16, 5, 17, 1, 21]",434.46249062913614,18.73390507698059
