Id,Coordinates,Order,Distance,Time
7370,"[[0, 0], [88, 39], [7, 3], [97, 50], [85, 19], [65, 6], [39, 55], [27, 66], [54, 61], [48, 64], [7, 3], [73, 34], [21, 33], [58, 53], [87, 46], [101, 6], [56, 28], [68, 44], [63, 39], [59, 30], [35, 45], [0, 0]]","[0, 2, 12, 20, 6, 7, 9, 8, 13, 17, 18, 19, 16, 11, 1, 14, 3, 4, 15, 5, 10, 21]",363.1674208321032,17.03986096382141
