Id,Coordinates,Order,Distance,Time
9296,"[[0, 0], [11, 75], [8, 46], [12, 9], [22, 29], [22, 82], [9, 75], [24, 40], [26, 48], [3, 5], [28, 38], [16, 60], [23, 16], [12, 47], [21, 44], [10, 62], [2, 20], [16, 36], [5, 88], [25, 18], [2, 49], [0, 0]]","[0, 9, 3, 12, 19, 4, 10, 7, 14, 13, 2, 20, 15, 1, 6, 18, 5, 11, 8, 17, 16, 21]",239.89184749505287,16.705101013183594
