Id,Coordinates,Order,Distance,Time
7566,"[[0, 0], [14, 104], [68, 100], [11, 38], [27, 114], [60, 102], [56, 16], [7, 4], [23, 10], [17, 85], [29, 21], [92, 66], [65, 15], [58, 6], [72, 29], [82, 48], [61, 110], [47, 17], [40, 46], [29, 84], [38, 93], [0, 0]]","[0, 7, 8, 10, 17, 6, 13, 12, 14, 15, 11, 2, 5, 16, 20, 4, 1, 9, 19, 18, 3, 21]",410.6037327010579,14.7019681930542
