Id,Coordinates,Order,Distance,Time
6229,"[[0, 0], [81, 81], [35, 83], [20, 40], [35, 73], [48, 113], [57, 64], [52, 24], [34, 94], [69, 68], [9, 61], [23, 79], [53, 49], [22, 104], [45, 120], [33, 98], [49, 73], [66, 39], [71, 72], [64, 102], [67, 91], [0, 0]]","[0, 3, 10, 11, 4, 16, 6, 9, 18, 1, 20, 19, 5, 14, 13, 15, 8, 2, 12, 17, 7, 21]",404.2807846038423,13.69733715057373
