Id,Coordinates,Order,Distance,Time
1046,"[[0, 0], [17, 9], [3, 81], [43, 43], [40, 32], [32, 82], [37, 64], [31, 29], [12, 58], [34, 89], [25, 73], [45, 53], [46, 85], [3, 23], [5, 4], [24, 89], [45, 39], [24, 21], [2, 56], [3, 96], [2, 14], [0, 0]]","[0, 14, 1, 17, 7, 4, 16, 3, 11, 6, 12, 5, 9, 15, 19, 2, 10, 18, 8, 13, 20, 21]",302.41199257124157,15.396864175796509
