Id,Coordinates,Order,Distance,Time
4792,"[[0, 0], [36, 59], [22, 84], [5, 110], [7, 114], [40, 89], [70, 136], [65, 36], [49, 125], [18, 109], [27, 102], [5, 28], [8, 18], [3, 6], [62, 57], [38, 5], [59, 22], [51, 30], [22, 83], [60, 52], [40, 68], [0, 0]]","[0, 15, 16, 17, 7, 19, 14, 20, 18, 2, 10, 9, 4, 3, 8, 6, 5, 1, 11, 12, 13, 21]",438.91162334240494,12.949483394622803
