Id,Coordinates,Order,Distance,Time
1068,"[[0, 0], [1, 15], [3, 13], [30, 13], [11, 4], [50, 18], [44, 6], [26, 7], [60, 16], [37, 17], [29, 9], [45, 4], [8, 4], [27, 2], [47, 8], [5, 16], [56, 9], [30, 1], [1, 4], [18, 2], [23, 4], [0, 0]]","[0, 12, 4, 19, 7, 10, 3, 9, 5, 8, 16, 14, 6, 11, 17, 13, 20, 15, 1, 2, 18, 21]",154.50394619971172,13.703001022338867
