Id,Coordinates,Order,Distance,Time
1622,"[[0, 0], [25, 89], [4, 88], [81, 89], [50, 79], [63, 97], [31, 18], [82, 10], [53, 122], [77, 41], [37, 111], [21, 1], [77, 83], [81, 64], [58, 106], [62, 80], [7, 13], [68, 25], [28, 13], [68, 55], [46, 109], [0, 0]]","[0, 11, 7, 17, 9, 19, 13, 12, 3, 5, 14, 8, 10, 20, 15, 4, 1, 2, 6, 18, 16, 21]",464.7693705438816,14.115482568740845
