Id,Coordinates,Order,Distance,Time
2161,"[[0, 0], [17, 40], [94, 41], [84, 44], [52, 49], [123, 50], [55, 79], [90, 32], [30, 102], [105, 89], [36, 13], [33, 68], [48, 54], [65, 63], [104, 67], [18, 52], [55, 4], [6, 98], [9, 92], [37, 108], [78, 86], [0, 0]]","[0, 10, 16, 13, 6, 20, 9, 14, 5, 2, 7, 3, 4, 12, 11, 18, 17, 8, 19, 15, 1, 21]",537.5131138080393,16.346224546432495
