Id,Coordinates,Order,Distance,Time
9684,"[[0, 0], [104, 120], [118, 93], [12, 22], [123, 189], [103, 9], [64, 99], [89, 39], [118, 131], [137, 142], [145, 111], [10, 20], [106, 43], [37, 58], [114, 103], [40, 36], [39, 173], [63, 52], [40, 119], [75, 104], [64, 4], [0, 0]]","[0, 11, 3, 15, 7, 12, 5, 20, 17, 6, 19, 1, 8, 14, 2, 10, 9, 4, 16, 18, 13, 21]",775.4819470227933,13.38495659828186
