Id,Coordinates,Order,Distance,Time
6634,"[[0, 0], [16, 108], [6, 106], [54, 29], [6, 153], [36, 110], [115, 169], [115, 25], [103, 20], [106, 113], [85, 61], [79, 165], [17, 125], [56, 57], [100, 103], [65, 73], [27, 38], [35, 109], [39, 57], [90, 80], [5, 70], [0, 0]]","[0, 16, 18, 13, 15, 10, 19, 14, 9, 6, 11, 4, 12, 5, 17, 1, 2, 20, 3, 8, 7, 21]",715.4168708699277,19.2518527507782
