Id,Coordinates,Order,Distance,Time
5650,"[[0, 0], [6, 106], [9, 39], [5, 26], [13, 1], [20, 33], [20, 104], [2, 19], [19, 10], [17, 15], [9, 67], [21, 39], [10, 5], [5, 18], [3, 64], [13, 37], [21, 47], [21, 107], [1, 67], [18, 42], [11, 63], [0, 0]]","[0, 12, 4, 8, 9, 13, 7, 3, 2, 15, 20, 10, 14, 18, 1, 17, 6, 16, 19, 11, 5, 21]",282.7333030830047,13.72498869895935
