Id,Coordinates,Order,Distance,Time
2811,"[[0, 0], [14, 70], [71, 99], [56, 53], [71, 89], [38, 81], [10, 6], [46, 25], [26, 3], [70, 27], [65, 17], [38, 42], [20, 38], [70, 50], [30, 40], [18, 52], [16, 20], [23, 86], [15, 12], [47, 40], [67, 36], [0, 0]]","[0, 6, 18, 16, 12, 14, 11, 19, 7, 10, 9, 20, 13, 3, 5, 4, 2, 17, 1, 15, 8, 21]",397.17860871982657,15.780330896377563
