Id,Coordinates,Order,Distance,Time
8706,"[[0, 0], [53, 17], [142, 102], [105, 36], [74, 55], [120, 107], [77, 61], [63, 114], [161, 138], [110, 7], [3, 76], [72, 30], [55, 94], [76, 32], [86, 62], [133, 86], [72, 60], [24, 89], [26, 17], [26, 82], [26, 28], [0, 0]]","[0, 18, 20, 1, 11, 13, 4, 16, 6, 14, 3, 9, 15, 2, 8, 5, 7, 12, 17, 19, 10, 21]",612.1925596590927,16.00749683380127
