Id,Coordinates,Order,Distance,Time
7476,"[[0, 0], [17, 83], [29, 120], [29, 85], [28, 104], [7, 98], [29, 144], [13, 135], [31, 67], [13, 41], [17, 113], [15, 141], [3, 28], [5, 62], [25, 68], [19, 47], [24, 80], [3, 53], [6, 17], [31, 18], [16, 114], [0, 0]]","[0, 18, 12, 9, 15, 17, 13, 14, 16, 1, 5, 10, 20, 7, 11, 6, 2, 4, 3, 8, 19, 21]",361.5020343225009,16.83605933189392
