Id,Coordinates,Order,Distance,Time
8063,"[[0, 0], [25, 20], [65, 4], [45, 107], [56, 116], [56, 47], [56, 53], [54, 100], [48, 23], [68, 83], [13, 80], [63, 87], [26, 82], [18, 82], [71, 48], [16, 24], [14, 60], [4, 90], [2, 31], [23, 48], [32, 57], [0, 0]]","[0, 1, 2, 8, 5, 6, 14, 9, 11, 7, 3, 4, 12, 13, 10, 17, 16, 20, 19, 18, 15, 21]",435.95522964929785,14.814352989196777
