Id,Coordinates,Order,Distance,Time
9360,"[[0, 0], [25, 77], [5, 13], [26, 118], [34, 67], [44, 87], [3, 132], [30, 139], [28, 145], [52, 108], [11, 152], [40, 123], [57, 50], [21, 1], [3, 128], [22, 38], [36, 104], [1, 41], [33, 130], [13, 91], [33, 81], [0, 0]]","[0, 13, 15, 12, 4, 1, 20, 5, 16, 9, 11, 18, 7, 8, 10, 6, 14, 3, 19, 17, 2, 21]",430.37129523219187,14.021825075149536
