Id,Coordinates,Order,Distance,Time
2771,"[[0, 0], [31, 36], [67, 160], [50, 54], [19, 83], [24, 171], [84, 142], [72, 149], [25, 63], [46, 125], [54, 10], [61, 79], [40, 178], [76, 140], [4, 171], [87, 131], [41, 78], [33, 137], [66, 154], [75, 131], [54, 149], [0, 0]]","[0, 1, 8, 4, 9, 20, 18, 2, 7, 13, 6, 15, 19, 12, 5, 14, 17, 16, 11, 3, 10, 21]",589.6677934147829,18.62597918510437
