Id,Coordinates,Order,Distance,Time
4470,"[[0, 0], [28, 30], [28, 33], [2, 46], [15, 56], [26, 28], [22, 5], [14, 76], [30, 29], [22, 19], [26, 45], [11, 76], [7, 27], [13, 81], [24, 18], [23, 85], [3, 23], [9, 79], [19, 6], [17, 90], [19, 30], [0, 0]]","[0, 18, 6, 14, 9, 5, 1, 8, 2, 20, 10, 4, 7, 11, 17, 13, 19, 15, 3, 12, 16, 21]",240.01257955043766,18.673326015472412
