Id,Coordinates,Order,Distance,Time
4116,"[[0, 0], [49, 61], [129, 117], [48, 128], [132, 91], [92, 41], [36, 44], [93, 121], [38, 51], [101, 177], [66, 18], [34, 53], [104, 140], [6, 7], [95, 115], [21, 61], [48, 43], [41, 70], [109, 128], [105, 143], [27, 138], [0, 0]]","[0, 13, 6, 8, 11, 17, 1, 16, 10, 5, 4, 2, 18, 12, 19, 9, 14, 7, 3, 20, 15, 21]",624.1666022899389,17.428030252456665
