Id,Coordinates,Order,Distance,Time
5440,"[[0, 0], [81, 58], [42, 22], [49, 91], [105, 47], [11, 42], [92, 54], [62, 3], [64, 48], [72, 64], [14, 86], [34, 61], [23, 85], [69, 1], [17, 40], [22, 43], [90, 11], [58, 78], [56, 22], [87, 57], [87, 18], [0, 0]]","[0, 5, 14, 15, 11, 10, 12, 3, 17, 9, 1, 19, 6, 4, 20, 16, 13, 7, 18, 8, 2, 21]",417.9523424846755,15.5557119846344
