Id,Coordinates,Order,Distance,Time
7684,"[[0, 0], [64, 10], [82, 23], [9, 26], [75, 44], [76, 3], [95, 27], [85, 49], [75, 35], [59, 10], [8, 45], [93, 14], [108, 53], [74, 44], [12, 51], [46, 48], [41, 7], [11, 5], [94, 43], [59, 24], [76, 11], [0, 0]]","[0, 3, 10, 14, 15, 19, 9, 1, 20, 2, 8, 4, 13, 7, 18, 12, 6, 11, 5, 16, 17, 21]",362.48036986747786,16.819497108459473
