Id,Coordinates,Order,Distance,Time
1685,"[[0, 0], [2, 140], [22, 166], [21, 142], [21, 89], [10, 119], [29, 124], [41, 113], [28, 61], [14, 100], [26, 16], [40, 88], [5, 22], [1, 133], [50, 44], [16, 125], [2, 128], [32, 86], [33, 121], [50, 69], [17, 26], [0, 0]]","[0, 12, 20, 10, 14, 19, 11, 17, 4, 9, 5, 15, 3, 2, 1, 13, 16, 6, 18, 7, 8, 21]",442.64245318457347,20.41203022003174
