Id,Coordinates,Order,Distance,Time
3586,"[[0, 0], [68, 45], [80, 71], [40, 106], [69, 18], [5, 95], [122, 22], [43, 86], [11, 35], [5, 86], [40, 68], [121, 17], [52, 78], [47, 52], [118, 105], [116, 23], [122, 77], [112, 60], [90, 24], [90, 59], [73, 14], [0, 0]]","[0, 8, 10, 12, 7, 3, 5, 9, 13, 1, 19, 2, 14, 16, 17, 6, 11, 15, 18, 20, 4, 21]",564.9725605536786,14.658866882324219
