Id,Coordinates,Order,Distance,Time
9755,"[[0, 0], [2, 73], [9, 55], [1, 72], [56, 49], [9, 19], [25, 79], [4, 71], [37, 28], [36, 69], [20, 28], [48, 39], [2, 55], [48, 21], [12, 63], [23, 53], [3, 41], [35, 54], [45, 73], [18, 5], [42, 50], [0, 0]]","[0, 19, 10, 8, 13, 11, 4, 20, 17, 2, 12, 14, 7, 1, 3, 6, 9, 18, 15, 16, 5, 21]",331.6909118249169,16.526983976364136
