Id,Coordinates,Order,Distance,Time
898,"[[0, 0], [171, 18], [149, 161], [68, 72], [112, 7], [113, 34], [100, 27], [18, 177], [162, 39], [107, 72], [83, 25], [5, 87], [24, 3], [6, 40], [14, 13], [164, 132], [107, 15], [21, 102], [37, 8], [119, 42], [101, 19], [0, 0]]","[0, 14, 12, 18, 13, 11, 3, 9, 19, 5, 6, 20, 10, 16, 4, 1, 8, 15, 2, 7, 17, 21]",880.7542191141808,17.21327257156372
