Id,Coordinates,Order,Distance,Time
9491,"[[0, 0], [9, 40], [113, 62], [115, 109], [61, 45], [5, 17], [125, 12], [86, 15], [18, 106], [96, 121], [18, 132], [73, 29], [2, 110], [31, 113], [150, 119], [117, 65], [77, 167], [36, 175], [142, 112], [115, 71], [106, 78], [0, 0]]","[0, 5, 4, 11, 7, 6, 2, 15, 19, 20, 18, 14, 3, 9, 16, 17, 10, 13, 8, 12, 1, 21]",654.503077709569,15.637040615081787
