Id,Coordinates,Order,Distance,Time
7519,"[[0, 0], [140, 43], [27, 5], [79, 44], [18, 24], [7, 23], [109, 32], [82, 2], [161, 68], [52, 58], [77, 43], [172, 37], [177, 44], [134, 22], [50, 39], [38, 21], [55, 46], [120, 62], [49, 5], [49, 50], [78, 62], [0, 0]]","[0, 5, 4, 18, 7, 6, 13, 1, 11, 12, 8, 17, 20, 3, 10, 9, 19, 16, 14, 15, 2, 21]",488.43536509193564,13.378265857696533
