Id,Coordinates,Order,Distance,Time
4913,"[[0, 0], [29, 107], [6, 25], [29, 116], [40, 72], [38, 144], [64, 80], [41, 12], [15, 18], [47, 153], [43, 47], [65, 155], [89, 102], [39, 147], [32, 107], [85, 100], [30, 109], [29, 84], [20, 107], [29, 39], [92, 124], [0, 0]]","[0, 8, 2, 19, 4, 17, 18, 1, 14, 16, 3, 5, 13, 9, 11, 20, 12, 15, 6, 10, 7, 21]",432.7814837476358,13.29619812965393
