Id,Coordinates,Order,Distance,Time
2981,"[[0, 0], [96, 10], [61, 54], [120, 58], [123, 119], [144, 45], [85, 31], [163, 33], [133, 132], [42, 113], [93, 86], [26, 40], [126, 8], [21, 97], [88, 74], [49, 52], [155, 45], [70, 93], [27, 26], [30, 106], [67, 76], [0, 0]]","[0, 18, 15, 2, 14, 3, 5, 16, 7, 12, 1, 6, 13, 19, 9, 17, 4, 8, 10, 20, 11, 21]",722.7142096216654,12.668352603912354
