Id,Coordinates,Order,Distance,Time
8394,"[[0, 0], [4, 118], [4, 98], [5, 80], [2, 6], [3, 10], [4, 11], [6, 125], [1, 144], [9, 77], [6, 155], [5, 48], [6, 144], [2, 101], [6, 132], [1, 130], [4, 143], [3, 114], [3, 106], [5, 114], [1, 57], [0, 0]]","[0, 4, 5, 6, 11, 9, 3, 2, 13, 18, 19, 1, 7, 14, 16, 12, 10, 8, 15, 17, 20, 21]",316.19951934063425,20.959000825881958
