Id,Coordinates,Order,Distance,Time
6813,"[[0, 0], [47, 60], [50, 31], [50, 19], [73, 24], [73, 11], [63, 48], [50, 2], [63, 22], [26, 61], [20, 4], [56, 38], [39, 20], [57, 6], [5, 35], [42, 6], [56, 63], [38, 6], [62, 24], [56, 14], [40, 35], [0, 0]]","[0, 10, 17, 15, 7, 13, 19, 11, 6, 16, 1, 9, 20, 2, 18, 8, 4, 5, 3, 12, 14, 21]",337.3863922136381,17.500001907348633
