Id,Coordinates,Order,Distance,Time
2060,"[[0, 0], [13, 83], [13, 105], [14, 101], [23, 32], [11, 28], [3, 53], [16, 64], [2, 17], [15, 28], [23, 54], [24, 102], [10, 32], [21, 16], [13, 4], [21, 54], [18, 23], [10, 10], [19, 65], [11, 55], [10, 29], [0, 0]]","[0, 14, 17, 5, 20, 12, 9, 16, 13, 4, 10, 15, 18, 1, 3, 2, 11, 7, 19, 6, 8, 21]",275.93857726758466,16.391931772232056
