Id,Coordinates,Order,Distance,Time
6920,"[[0, 0], [104, 159], [126, 151], [1, 45], [78, 152], [45, 155], [5, 118], [73, 36], [38, 116], [30, 145], [34, 109], [20, 14], [150, 39], [147, 85], [51, 167], [18, 160], [144, 35], [121, 26], [23, 114], [122, 34], [78, 61], [0, 0]]","[0, 3, 10, 8, 18, 6, 15, 9, 5, 14, 4, 1, 2, 13, 12, 16, 19, 17, 20, 7, 11, 21]",648.8844108297329,16.59697413444519
