Id,Coordinates,Order,Distance,Time
3904,"[[0, 0], [32, 14], [74, 39], [123, 21], [110, 30], [44, 2], [136, 20], [41, 44], [64, 50], [138, 24], [8, 51], [119, 21], [162, 4], [95, 14], [78, 18], [28, 32], [151, 18], [125, 23], [3, 5], [70, 14], [56, 51], [0, 0]]","[0, 1, 5, 19, 14, 13, 11, 3, 6, 12, 16, 9, 17, 4, 2, 8, 20, 7, 15, 10, 18, 21]",414.193119320321,16.02390170097351
