Id,Coordinates,Order,Distance,Time
2291,"[[0, 0], [20, 46], [11, 41], [16, 39], [55, 84], [63, 14], [30, 4], [23, 30], [37, 105], [60, 42], [46, 28], [11, 71], [30, 110], [42, 89], [8, 43], [37, 106], [59, 95], [42, 102], [27, 31], [29, 56], [30, 13], [0, 0]]","[0, 18, 7, 3, 2, 14, 1, 19, 11, 12, 8, 15, 17, 13, 16, 4, 9, 5, 10, 20, 6, 21]",369.6755525041462,15.374915361404419
