Id,Coordinates,Order,Distance,Time
5768,"[[0, 0], [37, 43], [39, 58], [39, 16], [47, 40], [20, 12], [62, 115], [28, 49], [84, 33], [32, 117], [66, 123], [1, 122], [52, 54], [90, 15], [60, 107], [79, 46], [29, 94], [89, 99], [36, 80], [85, 60], [44, 52], [0, 0]]","[0, 5, 3, 4, 1, 20, 12, 15, 8, 13, 19, 17, 14, 6, 10, 9, 11, 16, 18, 2, 7, 21]",503.97284044363516,14.483797311782837
