Id,Coordinates,Order,Distance,Time
2196,"[[0, 0], [57, 33], [106, 92], [99, 81], [27, 99], [98, 2], [77, 76], [1, 106], [100, 62], [66, 73], [91, 16], [61, 36], [108, 107], [76, 44], [130, 8], [124, 42], [130, 41], [113, 29], [45, 100], [105, 2], [51, 53], [0, 0]]","[0, 1, 11, 20, 9, 6, 3, 2, 12, 8, 15, 16, 17, 14, 19, 5, 10, 13, 18, 4, 7, 21]",602.6702822295181,15.316152811050415
