Id,Coordinates,Order,Distance,Time
4938,"[[0, 0], [28, 107], [141, 116], [140, 71], [143, 6], [78, 108], [42, 33], [128, 53], [20, 62], [147, 50], [90, 104], [51, 47], [77, 54], [43, 97], [58, 36], [104, 9], [131, 62], [112, 21], [23, 35], [20, 49], [107, 22], [0, 0]]","[0, 6, 14, 11, 12, 20, 17, 15, 4, 9, 7, 16, 3, 2, 10, 5, 13, 1, 8, 19, 18, 21]",576.460758281577,15.179574012756348
