Id,Coordinates,Order,Distance,Time
8478,"[[0, 0], [33, 74], [96, 108], [81, 108], [67, 87], [78, 95], [71, 6], [6, 47], [63, 1], [55, 102], [41, 81], [84, 126], [44, 122], [17, 60], [85, 44], [44, 122], [45, 69], [7, 56], [20, 90], [69, 97], [45, 69], [0, 0]]","[0, 7, 17, 13, 1, 16, 20, 4, 19, 5, 3, 2, 11, 15, 12, 9, 18, 10, 14, 6, 8, 21]",491.58553958140124,18.270026206970215
