Id,Coordinates,Order,Distance,Time
2850,"[[0, 0], [23, 17], [57, 5], [28, 8], [34, 14], [50, 2], [83, 13], [13, 10], [56, 10], [38, 12], [74, 1], [85, 3], [31, 5], [72, 15], [1, 5], [39, 15], [14, 9], [41, 5], [67, 12], [72, 4], [47, 9], [0, 0]]","[0, 14, 7, 16, 1, 3, 4, 9, 15, 20, 5, 2, 8, 18, 19, 10, 11, 6, 13, 17, 12, 21]",218.05294149369513,15.28033447265625
