Id,Coordinates,Order,Distance,Time
7142,"[[0, 0], [68, 24], [75, 59], [43, 8], [15, 54], [21, 46], [7, 17], [3, 67], [76, 53], [45, 30], [49, 60], [74, 6], [63, 57], [76, 20], [73, 16], [59, 42], [19, 27], [67, 67], [10, 69], [20, 48], [11, 60], [0, 0]]","[0, 6, 16, 5, 19, 4, 20, 7, 18, 10, 12, 17, 2, 8, 15, 9, 1, 13, 14, 11, 3, 21]",331.0412650590713,15.138295650482178
