Id,Coordinates,Order,Distance,Time
3211,"[[0, 0], [95, 120], [83, 140], [19, 16], [38, 50], [57, 122], [55, 67], [55, 130], [69, 127], [84, 65], [19, 18], [46, 107], [52, 106], [52, 89], [3, 93], [75, 5], [97, 17], [21, 64], [75, 138], [96, 57], [16, 29], [0, 0]]","[0, 20, 4, 17, 14, 6, 13, 12, 11, 5, 7, 8, 18, 2, 1, 9, 19, 16, 15, 10, 3, 21]",527.2912986527348,15.248172521591187
