Id,Coordinates,Order,Distance,Time
4986,"[[0, 0], [120, 81], [88, 5], [82, 46], [72, 66], [46, 39], [100, 53], [96, 9], [37, 72], [92, 27], [76, 8], [8, 2], [108, 80], [93, 34], [113, 7], [80, 44], [92, 31], [41, 64], [110, 81], [100, 19], [42, 26], [0, 0]]","[0, 11, 20, 5, 17, 8, 4, 3, 15, 13, 16, 9, 19, 6, 12, 18, 1, 14, 7, 2, 10, 21]",456.05862131458355,15.025501489639282
