Id,Coordinates,Order,Distance,Time
8612,"[[0, 0], [18, 50], [45, 18], [58, 2], [57, 21], [17, 52], [18, 32], [47, 11], [6, 39], [22, 29], [8, 54], [51, 37], [18, 31], [6, 4], [11, 62], [10, 6], [26, 54], [54, 27], [46, 33], [21, 22], [43, 61], [0, 0]]","[0, 19, 9, 12, 6, 8, 10, 14, 5, 1, 16, 20, 11, 18, 17, 4, 3, 7, 2, 15, 13, 21]",258.36509593206443,16.505066871643066
