Id,Coordinates,Order,Distance,Time
9819,"[[0, 0], [13, 10], [63, 9], [105, 7], [139, 9], [138, 3], [7, 10], [85, 8], [122, 11], [22, 5], [23, 2], [23, 4], [101, 8], [89, 2], [82, 6], [96, 6], [29, 2], [26, 10], [42, 10], [14, 8], [133, 7], [0, 0]]","[0, 6, 1, 19, 9, 11, 10, 16, 14, 7, 15, 12, 3, 8, 20, 4, 5, 13, 2, 18, 17, 21]",297.23859816928086,15.284439325332642
