Id,Coordinates,Order,Distance,Time
5754,"[[0, 0], [8, 41], [64, 29], [49, 33], [71, 13], [50, 17], [139, 44], [126, 12], [110, 39], [53, 37], [43, 43], [131, 45], [29, 12], [21, 2], [32, 39], [68, 19], [130, 44], [32, 32], [7, 3], [117, 19], [7, 26], [0, 0]]","[0, 18, 13, 12, 17, 14, 10, 3, 9, 2, 5, 20, 1, 8, 16, 11, 6, 7, 19, 4, 15, 21]",482.46609997991357,16.113616466522217
