Id,Coordinates,Order,Distance,Time
2376,"[[0, 0], [39, 52], [117, 46], [94, 91], [37, 26], [11, 84], [2, 14], [33, 74], [70, 49], [100, 56], [4, 70], [82, 23], [101, 16], [34, 82], [55, 73], [67, 89], [71, 53], [58, 86], [83, 31], [106, 84], [104, 26], [0, 0]]","[0, 4, 1, 7, 17, 15, 3, 19, 9, 2, 20, 12, 11, 18, 8, 16, 14, 13, 5, 10, 6, 21]",465.9531925584245,12.139966011047363
