Id,Coordinates,Order,Distance,Time
3030,"[[0, 0], [131, 54], [50, 87], [115, 47], [71, 48], [83, 5], [158, 95], [97, 102], [142, 1], [8, 122], [12, 10], [156, 139], [82, 85], [45, 131], [13, 91], [114, 20], [155, 130], [44, 45], [58, 82], [162, 18], [150, 18], [0, 0]]","[0, 5, 4, 18, 2, 12, 3, 15, 8, 20, 19, 1, 6, 16, 11, 7, 13, 9, 14, 17, 10, 21]",804.623585200252,18.183945894241333
