Id,Coordinates,Order,Distance,Time
5920,"[[0, 0], [61, 162], [9, 25], [125, 139], [4, 85], [75, 176], [3, 141], [31, 154], [67, 78], [115, 41], [44, 178], [97, 18], [72, 130], [69, 116], [139, 87], [130, 106], [34, 145], [145, 8], [5, 158], [28, 166], [121, 134], [0, 0]]","[0, 2, 4, 6, 18, 16, 7, 19, 10, 5, 1, 12, 13, 9, 11, 17, 14, 15, 3, 20, 8, 21]",818.4310539280175,16.923779010772705
