Id,Coordinates,Order,Distance,Time
1350,"[[0, 0], [25, 63], [127, 139], [35, 26], [39, 100], [71, 20], [9, 63], [125, 50], [174, 79], [88, 20], [148, 95], [80, 100], [155, 52], [102, 26], [122, 52], [173, 27], [89, 43], [63, 27], [71, 26], [190, 77], [76, 75], [0, 0]]","[0, 3, 17, 18, 5, 9, 13, 16, 14, 7, 12, 15, 19, 8, 10, 2, 11, 20, 4, 1, 6, 21]",635.4605823525333,15.664594888687134
