Id,Coordinates,Order,Distance,Time
5362,"[[0, 0], [30, 50], [9, 9], [1, 39], [33, 31], [29, 53], [30, 19], [11, 25], [14, 42], [30, 7], [4, 29], [40, 22], [26, 57], [27, 53], [34, 49], [14, 25], [20, 59], [17, 35], [39, 2], [19, 24], [21, 57], [0, 0]]","[0, 2, 15, 17, 8, 3, 10, 7, 19, 6, 4, 14, 1, 5, 13, 12, 20, 16, 11, 18, 9, 21]",252.76415830329017,14.764204025268555
