Id,Coordinates,Order,Distance,Time
5689,"[[0, 0], [8, 126], [181, 181], [45, 162], [103, 110], [190, 52], [141, 9], [104, 21], [170, 94], [20, 135], [75, 185], [191, 18], [2, 108], [125, 151], [180, 121], [126, 40], [66, 90], [150, 66], [187, 169], [91, 11], [78, 132], [0, 0]]","[0, 19, 7, 15, 6, 11, 5, 17, 8, 14, 18, 2, 13, 4, 12, 1, 9, 3, 10, 20, 16, 21]",950.9175155401688,18.827465057373047
