Id,Coordinates,Order,Distance,Time
697,"[[0, 0], [111, 8], [65, 20], [124, 6], [60, 9], [77, 1], [63, 2], [69, 6], [19, 6], [67, 8], [105, 7], [33, 9], [71, 20], [37, 10], [122, 19], [97, 11], [22, 12], [18, 17], [6, 20], [66, 3], [30, 19], [0, 0]]","[0, 8, 16, 11, 13, 4, 9, 7, 19, 6, 5, 15, 10, 1, 3, 14, 12, 2, 20, 17, 18, 21]",296.6528814781881,16.952733755111694
