Id,Coordinates,Order,Distance,Time
92,"[[0, 0], [28, 20], [3, 19], [63, 23], [43, 17], [83, 16], [7, 7], [44, 26], [59, 22], [66, 27], [7, 19], [3, 11], [68, 22], [7, 9], [122, 2], [117, 14], [89, 27], [14, 14], [111, 18], [127, 10], [45, 28], [0, 0]]","[0, 6, 13, 11, 2, 10, 17, 1, 7, 20, 8, 3, 9, 16, 18, 15, 19, 14, 5, 12, 4, 21]",298.39517440748136,14.177683115005493
