Id,Coordinates,Order,Distance,Time
8975,"[[0, 0], [142, 38], [12, 93], [64, 28], [76, 5], [132, 115], [63, 103], [29, 48], [143, 116], [44, 16], [89, 42], [52, 57], [114, 25], [100, 36], [156, 97], [94, 57], [114, 112], [75, 37], [139, 84], [143, 78], [134, 64], [0, 0]]","[0, 4, 17, 15, 10, 13, 12, 1, 20, 19, 18, 14, 8, 5, 16, 6, 2, 7, 11, 3, 9, 21]",614.6450867689454,17.599592447280884
