Id,Coordinates,Order,Distance,Time
4585,"[[0, 0], [79, 57], [85, 32], [62, 82], [68, 54], [89, 67], [56, 22], [56, 21], [73, 37], [112, 85], [37, 34], [70, 69], [64, 36], [21, 83], [28, 13], [46, 54], [16, 19], [95, 52], [66, 21], [116, 66], [96, 6], [0, 0]]","[0, 16, 14, 10, 15, 4, 8, 12, 6, 7, 18, 20, 2, 17, 19, 9, 5, 1, 11, 3, 13, 21]",486.9633538519414,16.922605752944946
