Id,Coordinates,Order,Distance,Time
6860,"[[0, 0], [1, 31], [42, 9], [43, 11], [26, 37], [54, 21], [39, 29], [35, 9], [62, 7], [65, 26], [40, 32], [45, 4], [16, 13], [6, 11], [42, 8], [23, 8], [71, 2], [19, 20], [54, 8], [69, 35], [9, 9], [0, 0]]","[0, 20, 12, 17, 15, 7, 3, 2, 14, 11, 18, 8, 16, 19, 9, 5, 6, 10, 4, 1, 13, 21]",245.66189622590838,16.266160249710083
