Id,Coordinates,Order,Distance,Time
6831,"[[0, 0], [138, 179], [46, 91], [91, 21], [98, 105], [85, 132], [71, 43], [69, 146], [20, 79], [104, 177], [155, 123], [99, 79], [72, 17], [14, 81], [132, 50], [4, 9], [47, 2], [59, 16], [156, 114], [139, 106], [122, 48], [0, 0]]","[0, 16, 17, 12, 3, 6, 11, 4, 5, 7, 9, 1, 10, 18, 19, 14, 20, 2, 8, 13, 15, 21]",688.1577358636847,19.534591913223267
