Id,Coordinates,Order,Distance,Time
9717,"[[0, 0], [93, 68], [60, 12], [132, 112], [68, 25], [97, 80], [19, 78], [80, 71], [144, 117], [31, 113], [133, 79], [15, 62], [115, 24], [62, 110], [103, 115], [23, 62], [1, 24], [97, 90], [76, 73], [137, 49], [130, 79], [0, 0]]","[0, 16, 11, 15, 6, 9, 13, 18, 7, 1, 5, 17, 14, 3, 8, 10, 20, 19, 12, 4, 2, 21]",534.1734394385801,15.548443078994751
