Id,Coordinates,Order,Distance,Time
7017,"[[0, 0], [93, 1], [49, 26], [41, 4], [23, 41], [116, 13], [109, 26], [80, 30], [116, 35], [96, 1], [34, 55], [51, 65], [110, 63], [84, 30], [51, 57], [115, 65], [26, 41], [106, 18], [35, 22], [48, 14], [86, 44], [0, 0]]","[0, 3, 19, 18, 16, 4, 10, 14, 11, 13, 7, 17, 5, 9, 1, 6, 8, 12, 15, 20, 2, 21]",460.3809562282154,15.500296592712402
