Id,Coordinates,Order,Distance,Time
2855,"[[0, 0], [25, 5], [141, 25], [137, 19], [69, 8], [99, 27], [119, 3], [76, 23], [78, 3], [12, 29], [139, 18], [112, 12], [76, 21], [99, 8], [116, 22], [69, 6], [130, 11], [106, 22], [148, 20], [39, 21], [147, 27], [0, 0]]","[0, 1, 4, 15, 12, 7, 5, 17, 11, 6, 16, 3, 10, 2, 20, 18, 14, 13, 8, 19, 9, 21]",369.4754490533133,16.878743886947632
