Id,Coordinates,Order,Distance,Time
9912,"[[0, 0], [14, 30], [145, 12], [110, 9], [32, 31], [8, 80], [71, 45], [130, 11], [27, 25], [25, 38], [127, 59], [119, 2], [43, 66], [41, 55], [107, 35], [68, 59], [51, 53], [6, 24], [66, 39], [123, 56], [80, 63], [0, 0]]","[0, 17, 1, 8, 4, 9, 13, 16, 18, 6, 14, 3, 11, 7, 2, 19, 10, 20, 15, 12, 5, 21]",489.5010644054561,16.077758312225342
