Id,Coordinates,Order,Distance,Time
2725,"[[0, 0], [170, 1], [119, 15], [68, 4], [79, 82], [35, 105], [171, 21], [73, 34], [99, 104], [144, 35], [126, 6], [117, 71], [54, 28], [117, 63], [136, 58], [35, 54], [110, 35], [16, 84], [62, 36], [18, 45], [72, 69], [0, 0]]","[0, 19, 15, 12, 18, 3, 7, 13, 11, 14, 9, 6, 1, 10, 2, 16, 20, 4, 8, 5, 17, 21]",682.6403314241758,19.469091176986694
