Id,Coordinates,Order,Distance,Time
8746,"[[0, 0], [60, 164], [60, 125], [17, 24], [73, 39], [7, 111], [12, 34], [37, 24], [23, 50], [3, 84], [68, 89], [56, 44], [3, 38], [21, 19], [37, 158], [10, 95], [8, 86], [73, 125], [74, 24], [53, 69], [47, 89], [0, 0]]","[0, 13, 3, 7, 18, 4, 11, 19, 20, 10, 17, 2, 1, 14, 5, 15, 16, 9, 8, 6, 12, 21]",496.1230181509164,16.843756675720215
