Id,Coordinates,Order,Distance,Time
3272,"[[0, 0], [123, 126], [67, 20], [117, 74], [80, 111], [56, 126], [48, 60], [159, 99], [30, 73], [75, 53], [119, 8], [185, 33], [35, 22], [135, 109], [105, 73], [65, 60], [1, 48], [6, 98], [171, 110], [190, 24], [81, 52], [0, 0]]","[0, 16, 9, 20, 15, 6, 8, 17, 5, 4, 14, 3, 1, 13, 7, 18, 11, 19, 10, 2, 12, 21]",765.6856251869459,12.83764362335205
