Id,Coordinates,Order,Distance,Time
328,"[[0, 0], [106, 40], [99, 11], [9, 42], [97, 17], [43, 37], [6, 7], [107, 1], [19, 40], [95, 10], [95, 19], [22, 51], [86, 52], [86, 4], [51, 41], [22, 28], [59, 12], [98, 35], [50, 17], [23, 1], [103, 7], [0, 0]]","[0, 6, 15, 8, 3, 11, 18, 16, 13, 9, 7, 20, 2, 4, 10, 17, 1, 12, 14, 5, 19, 21]",362.21095951530737,14.342107057571411
