Id,Coordinates,Order,Distance,Time
8201,"[[0, 0], [31, 100], [33, 124], [48, 122], [3, 42], [44, 149], [25, 43], [21, 117], [8, 11], [25, 101], [46, 50], [15, 110], [43, 121], [42, 94], [30, 121], [47, 42], [11, 6], [7, 135], [27, 142], [43, 114], [7, 143], [0, 0]]","[0, 16, 8, 6, 15, 10, 13, 1, 9, 7, 14, 2, 19, 12, 3, 5, 18, 20, 17, 11, 4, 21]",414.41144883217595,13.778600454330444
