Id,Coordinates,Order,Distance,Time
884,"[[0, 0], [103, 83], [44, 30], [100, 55], [94, 50], [14, 41], [34, 35], [37, 50], [92, 3], [57, 11], [78, 25], [27, 100], [81, 60], [106, 40], [59, 8], [73, 51], [30, 56], [20, 54], [56, 28], [82, 49], [87, 20], [0, 0]]","[0, 16, 7, 6, 2, 18, 9, 14, 10, 20, 8, 13, 3, 4, 19, 15, 12, 1, 11, 17, 5, 21]",495.2437681622461,15.456306219100952
