Id,Coordinates,Order,Distance,Time
4661,"[[0, 0], [2, 32], [9, 48], [12, 43], [1, 10], [11, 56], [10, 11], [7, 27], [9, 34], [12, 4], [9, 9], [12, 31], [8, 31], [1, 41], [7, 20], [1, 7], [9, 43], [9, 34], [4, 7], [11, 35], [7, 18], [0, 0]]","[0, 15, 4, 18, 10, 6, 20, 14, 7, 12, 8, 17, 1, 13, 5, 2, 16, 3, 19, 11, 9, 21]",147.28003434583192,12.990028381347656
