Id,Coordinates,Order,Distance,Time
992,"[[0, 0], [43, 50], [52, 41], [45, 12], [145, 27], [25, 25], [59, 53], [171, 20], [20, 53], [148, 40], [70, 51], [113, 39], [82, 50], [56, 31], [34, 65], [112, 55], [179, 1], [49, 27], [121, 36], [62, 12], [65, 68], [0, 0]]","[0, 5, 17, 13, 2, 6, 20, 14, 8, 1, 10, 12, 11, 18, 15, 9, 4, 7, 16, 19, 3, 21]",562.5909645439959,14.91499376296997
