Id,Coordinates,Order,Distance,Time
6241,"[[0, 0], [40, 42], [34, 168], [6, 70], [57, 119], [10, 132], [12, 136], [23, 137], [45, 20], [57, 165], [72, 140], [61, 11], [37, 162], [45, 125], [4, 74], [51, 181], [80, 111], [60, 154], [65, 122], [78, 194], [42, 64], [0, 0]]","[0, 11, 8, 1, 3, 14, 5, 6, 7, 13, 4, 18, 16, 10, 17, 9, 19, 15, 2, 12, 20, 21]",618.3514351877739,16.3803608417511
