Id,Coordinates,Order,Distance,Time
1655,"[[0, 0], [29, 61], [2, 182], [10, 22], [3, 55], [27, 178], [24, 101], [12, 77], [3, 105], [20, 154], [28, 130], [21, 55], [27, 120], [23, 2], [20, 23], [30, 132], [21, 6], [2, 11], [16, 192], [26, 175], [14, 155], [0, 0]]","[0, 13, 16, 14, 11, 1, 6, 12, 10, 15, 9, 19, 5, 18, 2, 20, 8, 7, 4, 3, 17, 21]",434.6457087632855,11.328587532043457
