Id,Coordinates,Order,Distance,Time
6661,"[[0, 0], [53, 18], [133, 21], [36, 37], [78, 15], [6, 49], [110, 32], [18, 1], [35, 47], [32, 41], [23, 45], [68, 59], [23, 3], [94, 46], [37, 52], [105, 4], [93, 49], [100, 52], [74, 6], [112, 11], [24, 9], [0, 0]]","[0, 7, 12, 1, 18, 4, 2, 15, 19, 6, 13, 16, 17, 11, 14, 8, 9, 3, 10, 5, 20, 21]",425.61683702980395,12.889939546585083
