Id,Coordinates,Order,Distance,Time
4580,"[[0, 0], [3, 13], [23, 25], [27, 10], [27, 8], [31, 13], [23, 6], [16, 10], [18, 24], [9, 19], [2, 3], [28, 8], [22, 17], [8, 23], [23, 29], [18, 27], [8, 15], [19, 23], [33, 24], [17, 28], [9, 24], [0, 0]]","[0, 10, 1, 16, 9, 13, 20, 19, 15, 8, 17, 2, 14, 18, 5, 3, 11, 4, 6, 12, 7, 21]",125.14760295316333,13.634759902954102
