Id,Coordinates,Order,Distance,Time
6536,"[[0, 0], [42, 99], [33, 129], [61, 4], [4, 97], [61, 150], [9, 46], [14, 122], [61, 154], [70, 58], [16, 16], [17, 17], [66, 123], [54, 98], [48, 83], [57, 57], [12, 112], [37, 10], [35, 134], [36, 173], [38, 154], [0, 0]]","[0, 10, 11, 17, 3, 9, 15, 14, 1, 13, 12, 20, 19, 8, 5, 18, 2, 7, 16, 4, 6, 21]",498.8830576511623,14.277966022491455
