Id,Coordinates,Order,Distance,Time
9885,"[[0, 0], [59, 191], [52, 44], [114, 43], [102, 51], [31, 103], [137, 50], [70, 184], [159, 140], [131, 177], [152, 42], [26, 148], [62, 192], [81, 55], [103, 6], [50, 192], [3, 88], [49, 175], [88, 170], [44, 78], [119, 94], [0, 0]]","[0, 2, 13, 4, 3, 14, 10, 6, 20, 8, 9, 18, 7, 12, 1, 15, 17, 11, 5, 19, 16, 21]",751.3423554543824,15.431877851486206
