Id,Coordinates,Order,Distance,Time
1846,"[[0, 0], [37, 52], [1, 97], [1, 129], [14, 84], [34, 62], [104, 73], [20, 47], [81, 1], [87, 52], [34, 113], [52, 80], [15, 40], [62, 128], [60, 83], [49, 67], [4, 29], [16, 31], [33, 101], [91, 116], [32, 41], [0, 0]]","[0, 17, 12, 7, 1, 15, 11, 14, 18, 10, 13, 19, 6, 9, 8, 20, 5, 4, 3, 2, 16, 21]",631.5532239465253,15.253265857696533
