Id,Coordinates,Order,Distance,Time
5950,"[[0, 0], [101, 11], [66, 105], [107, 73], [58, 177], [65, 118], [54, 108], [57, 110], [70, 156], [108, 170], [62, 141], [8, 67], [108, 5], [30, 81], [20, 175], [32, 79], [41, 158], [100, 78], [103, 68], [97, 112], [25, 75], [0, 0]]","[0, 11, 20, 13, 15, 6, 7, 2, 5, 10, 16, 14, 4, 8, 9, 19, 17, 3, 18, 12, 1, 21]",621.3974857361503,16.317993640899658
