Id,Coordinates,Order,Distance,Time
8851,"[[0, 0], [10, 25], [49, 7], [7, 3], [172, 6], [26, 24], [20, 6], [153, 15], [130, 24], [63, 4], [20, 8], [16, 27], [153, 16], [93, 12], [10, 7], [104, 4], [43, 25], [43, 24], [41, 26], [92, 24], [33, 7], [0, 0]]","[0, 3, 14, 6, 10, 20, 17, 16, 18, 5, 11, 1, 19, 8, 12, 7, 4, 15, 13, 9, 2, 21]",434.43681797192886,13.010364294052124
