Id,Coordinates,Order,Distance,Time
6502,"[[0, 0], [14, 22], [30, 16], [130, 8], [22, 107], [43, 66], [73, 115], [61, 118], [17, 115], [75, 30], [82, 26], [8, 126], [44, 130], [71, 121], [120, 134], [7, 113], [14, 150], [28, 26], [59, 65], [52, 24], [124, 94], [0, 0]]","[0, 1, 17, 18, 5, 4, 8, 15, 11, 16, 12, 7, 13, 6, 14, 20, 3, 10, 9, 19, 2, 21]",600.2003071943186,13.873382329940796
