Id,Coordinates,Order,Distance,Time
2569,"[[0, 0], [141, 28], [12, 4], [39, 12], [89, 1], [54, 23], [122, 24], [31, 18], [34, 8], [8, 42], [136, 33], [12, 17], [106, 39], [55, 30], [3, 19], [133, 13], [63, 42], [106, 14], [38, 1], [74, 32], [49, 33], [0, 0]]","[0, 11, 14, 9, 7, 3, 5, 13, 20, 16, 19, 12, 6, 10, 1, 15, 17, 4, 18, 8, 2, 21]",397.5909446715152,18.575881481170654
