Id,Coordinates,Order,Distance,Time
8477,"[[0, 0], [46, 4], [46, 11], [47, 1], [14, 10], [17, 7], [41, 1], [42, 1], [32, 8], [10, 4], [23, 11], [15, 9], [20, 11], [45, 4], [48, 5], [11, 11], [13, 3], [31, 8], [31, 11], [44, 5], [49, 4], [0, 0]]","[0, 9, 16, 5, 17, 8, 6, 7, 13, 1, 14, 20, 3, 19, 2, 18, 10, 12, 11, 4, 15, 21]",121.36791866111228,17.86764168739319
