Id,Coordinates,Order,Distance,Time
3137,"[[0, 0], [101, 8], [103, 73], [31, 127], [15, 28], [46, 115], [87, 75], [51, 94], [108, 34], [103, 135], [91, 134], [42, 4], [62, 137], [77, 52], [69, 43], [102, 91], [67, 42], [44, 62], [13, 51], [97, 135], [36, 110], [0, 0]]","[0, 4, 18, 17, 16, 14, 13, 2, 15, 9, 19, 10, 12, 3, 20, 5, 7, 6, 8, 1, 11, 21]",566.2838331175609,14.118483543395996
