Id,Coordinates,Order,Distance,Time
7224,"[[0, 0], [62, 10], [32, 23], [90, 20], [39, 20], [62, 19], [89, 5], [42, 3], [86, 3], [19, 11], [86, 5], [65, 2], [78, 22], [67, 10], [72, 11], [89, 22], [54, 22], [15, 6], [88, 13], [60, 23], [74, 1], [0, 0]]","[0, 17, 9, 2, 4, 16, 19, 5, 11, 20, 8, 10, 6, 18, 3, 15, 12, 14, 13, 1, 7, 21]",230.54147477182474,15.183200359344482
