Id,Coordinates,Order,Distance,Time
3779,"[[0, 0], [42, 4], [66, 79], [22, 41], [1, 42], [30, 42], [1, 78], [52, 25], [12, 81], [28, 33], [7, 63], [9, 21], [4, 26], [31, 52], [73, 81], [44, 82], [19, 85], [59, 6], [74, 32], [49, 33], [24, 96], [0, 0]]","[0, 11, 3, 9, 5, 13, 19, 7, 1, 17, 18, 14, 2, 15, 20, 16, 8, 6, 10, 4, 12, 21]",395.11490317459277,14.810878038406372
