Id,Coordinates,Order,Distance,Time
8951,"[[0, 0], [4, 25], [12, 79], [19, 100], [13, 6], [6, 71], [30, 52], [29, 114], [22, 92], [5, 130], [13, 121], [2, 12], [36, 103], [8, 41], [10, 84], [1, 95], [18, 28], [35, 89], [28, 28], [4, 60], [29, 109], [0, 0]]","[0, 11, 1, 16, 13, 19, 5, 2, 14, 3, 8, 17, 12, 20, 7, 10, 9, 15, 6, 18, 4, 21]",351.14489316210904,15.65885591506958
