Id,Coordinates,Order,Distance,Time
3519,"[[0, 0], [18, 13], [10, 5], [131, 32], [19, 7], [155, 8], [69, 44], [25, 30], [133, 2], [147, 43], [169, 30], [74, 31], [7, 40], [97, 10], [191, 12], [67, 11], [27, 5], [6, 27], [24, 25], [120, 48], [90, 19], [0, 0]]","[0, 2, 4, 1, 18, 7, 17, 12, 6, 11, 20, 19, 3, 9, 10, 14, 5, 8, 13, 15, 16, 21]",500.6930691155056,13.916985511779785
