Id,Coordinates,Order,Distance,Time
7183,"[[0, 0], [85, 127], [179, 73], [60, 151], [110, 77], [73, 158], [138, 137], [168, 79], [102, 91], [62, 76], [135, 18], [121, 61], [75, 71], [61, 57], [123, 8], [21, 74], [31, 92], [53, 2], [75, 101], [113, 28], [87, 162], [0, 0]]","[0, 17, 13, 9, 12, 18, 3, 5, 20, 1, 8, 4, 11, 19, 14, 10, 2, 7, 6, 16, 15, 21]",796.2994480990618,16.34355854988098
