Id,Coordinates,Order,Distance,Time
8639,"[[0, 0], [88, 11], [80, 29], [94, 72], [93, 117], [163, 82], [89, 148], [94, 122], [158, 173], [87, 116], [72, 111], [50, 115], [116, 29], [149, 130], [96, 88], [73, 103], [95, 22], [62, 89], [63, 60], [126, 64], [15, 125], [0, 0]]","[0, 2, 16, 1, 12, 3, 14, 15, 10, 9, 4, 7, 17, 18, 19, 5, 13, 8, 6, 11, 20, 21]",833.876375539415,19.02489948272705
