Id,Coordinates,Order,Distance,Time
6994,"[[0, 0], [71, 115], [24, 37], [35, 33], [115, 14], [75, 33], [8, 111], [162, 9], [38, 4], [80, 101], [157, 96], [2, 75], [4, 46], [75, 84], [22, 104], [4, 2], [108, 127], [167, 7], [89, 123], [175, 103], [97, 87], [0, 0]]","[0, 15, 3, 2, 12, 11, 6, 14, 1, 9, 13, 20, 18, 16, 10, 19, 17, 7, 4, 5, 8, 21]",681.0311101487575,15.94002079963684
