Id,Coordinates,Order,Distance,Time
3771,"[[0, 0], [8, 32], [19, 117], [26, 127], [26, 43], [9, 2], [23, 71], [33, 94], [10, 72], [20, 129], [4, 20], [33, 47], [33, 168], [34, 49], [5, 76], [27, 68], [29, 12], [4, 136], [19, 136], [15, 114], [8, 98], [0, 0]]","[0, 10, 1, 4, 15, 6, 8, 14, 20, 19, 2, 9, 18, 17, 12, 3, 7, 13, 11, 16, 5, 21]",413.95064965094116,18.174490928649902
