Id,Coordinates,Order,Distance,Time
9760,"[[0, 0], [69, 62], [79, 12], [15, 5], [136, 33], [60, 4], [36, 49], [140, 34], [144, 1], [109, 26], [153, 37], [115, 29], [71, 54], [49, 37], [48, 33], [153, 54], [54, 39], [165, 19], [48, 35], [77, 36], [66, 20], [0, 0]]","[0, 3, 14, 18, 13, 16, 6, 1, 12, 19, 20, 9, 11, 4, 7, 15, 10, 17, 8, 2, 5, 21]",482.850741159472,14.278654336929321
