Id,Coordinates,Order,Distance,Time
7833,"[[0, 0], [50, 13], [96, 88], [59, 81], [126, 31], [58, 31], [111, 56], [43, 80], [25, 62], [123, 83], [26, 50], [48, 80], [28, 18], [51, 37], [15, 56], [127, 51], [23, 81], [46, 30], [44, 32], [100, 18], [106, 10], [0, 0]]","[0, 12, 18, 17, 5, 13, 10, 14, 8, 16, 7, 11, 3, 2, 9, 6, 15, 4, 20, 19, 1, 21]",457.5434409448702,17.364187002182007
