Id,Coordinates,Order,Distance,Time
8020,"[[0, 0], [35, 48], [36, 34], [53, 113], [18, 159], [50, 21], [53, 11], [11, 110], [16, 31], [6, 30], [39, 123], [3, 23], [45, 183], [23, 153], [56, 134], [9, 34], [9, 190], [46, 183], [25, 60], [59, 165], [48, 91], [0, 0]]","[0, 11, 9, 15, 8, 18, 20, 3, 10, 14, 19, 17, 12, 16, 4, 13, 7, 1, 2, 5, 6, 21]",511.3549543488341,13.62656283378601
