Id,Coordinates,Order,Distance,Time
9897,"[[0, 0], [20, 26], [19, 45], [3, 83], [16, 18], [12, 7], [12, 26], [5, 19], [19, 90], [2, 80], [17, 105], [14, 36], [24, 103], [26, 61], [5, 5], [11, 111], [1, 9], [17, 41], [25, 78], [16, 84], [11, 30], [0, 0]]","[0, 16, 7, 6, 20, 11, 17, 2, 13, 18, 19, 8, 12, 10, 15, 3, 9, 1, 4, 5, 14, 21]",255.77574458125991,12.754268407821655
