Id,Coordinates,Order,Distance,Time
8414,"[[0, 0], [115, 70], [55, 68], [104, 37], [61, 21], [7, 101], [57, 54], [69, 4], [37, 29], [105, 56], [41, 122], [45, 64], [91, 60], [47, 71], [15, 95], [87, 14], [52, 107], [67, 15], [33, 67], [9, 65], [63, 98], [0, 0]]","[0, 4, 17, 7, 15, 3, 9, 1, 12, 20, 16, 10, 5, 14, 19, 18, 11, 13, 2, 6, 8, 21]",500.6191470126949,18.522579431533813
