Id,Coordinates,Order,Distance,Time
583,"[[0, 0], [28, 44], [144, 30], [23, 54], [1, 36], [29, 6], [119, 26], [2, 65], [116, 80], [141, 59], [126, 85], [109, 87], [53, 45], [154, 4], [98, 46], [121, 68], [145, 71], [142, 75], [15, 41], [77, 34], [33, 21], [0, 0]]","[0, 5, 20, 18, 4, 7, 3, 1, 12, 19, 6, 13, 2, 9, 16, 17, 10, 8, 11, 15, 14, 21]",562.4989706550447,22.48423957824707
