Id,Coordinates,Order,Distance,Time
2527,"[[0, 0], [10, 95], [20, 9], [12, 128], [10, 176], [18, 172], [15, 11], [10, 106], [17, 185], [12, 79], [6, 9], [3, 77], [21, 99], [21, 144], [18, 99], [5, 23], [14, 67], [17, 52], [23, 160], [9, 82], [14, 178], [0, 0]]","[0, 10, 6, 2, 17, 16, 9, 19, 1, 14, 12, 3, 13, 18, 5, 20, 8, 4, 7, 11, 15, 21]",405.69604299732407,17.10897159576416
