Id,Coordinates,Order,Distance,Time
8988,"[[0, 0], [131, 28], [23, 22], [82, 2], [157, 40], [157, 34], [123, 17], [111, 9], [112, 33], [131, 23], [83, 1], [28, 50], [77, 33], [30, 34], [49, 3], [32, 35], [112, 41], [129, 19], [20, 15], [5, 4], [157, 39], [0, 0]]","[0, 19, 18, 2, 13, 15, 11, 3, 10, 7, 6, 17, 9, 1, 5, 20, 4, 16, 8, 12, 14, 21]",407.0985339735468,16.634173154830933
