Id,Coordinates,Order,Distance,Time
8097,"[[0, 0], [72, 68], [152, 59], [131, 104], [23, 17], [101, 29], [6, 116], [93, 115], [83, 15], [26, 33], [39, 48], [117, 70], [10, 96], [43, 84], [155, 113], [165, 94], [151, 32], [141, 82], [26, 30], [44, 74], [117, 94], [0, 0]]","[0, 4, 18, 9, 10, 19, 13, 1, 20, 17, 2, 16, 5, 8, 11, 15, 14, 3, 7, 6, 12, 21]",746.5606059578076,15.68574857711792
