Id,Coordinates,Order,Distance,Time
5603,"[[0, 0], [27, 20], [118, 30], [39, 14], [37, 4], [136, 11], [107, 17], [58, 8], [142, 28], [121, 27], [136, 20], [106, 22], [106, 33], [113, 23], [10, 3], [139, 32], [28, 17], [27, 9], [122, 17], [139, 16], [123, 11], [0, 0]]","[0, 14, 17, 16, 1, 3, 7, 6, 11, 13, 18, 20, 5, 19, 10, 8, 15, 9, 2, 12, 4, 21]",337.1095924029412,13.9188814163208
