Id,Coordinates,Order,Distance,Time
8249,"[[0, 0], [65, 25], [118, 25], [156, 44], [95, 2], [52, 37], [146, 14], [144, 51], [20, 12], [121, 9], [118, 11], [155, 11], [158, 56], [66, 53], [100, 22], [141, 48], [54, 25], [118, 54], [59, 1], [77, 33], [32, 22], [0, 0]]","[0, 8, 16, 1, 18, 4, 14, 2, 10, 9, 6, 11, 3, 12, 7, 15, 17, 19, 13, 5, 20, 21]",463.97114866414114,16.20314311981201
