Id,Coordinates,Order,Distance,Time
4162,"[[0, 0], [14, 10], [18, 64], [6, 16], [4, 33], [8, 56], [2, 37], [5, 37], [12, 36], [4, 16], [9, 8], [1, 39], [4, 32], [1, 22], [13, 15], [9, 56], [3, 45], [17, 34], [8, 49], [11, 39], [6, 80], [0, 0]]","[0, 3, 9, 13, 12, 4, 7, 6, 11, 16, 18, 15, 5, 20, 2, 19, 8, 17, 14, 1, 10, 21]",186.92884723964653,16.03602170944214
