Id,Coordinates,Order,Distance,Time
6648,"[[0, 0], [81, 24], [94, 109], [41, 130], [14, 54], [112, 95], [113, 101], [102, 101], [19, 96], [93, 89], [96, 63], [31, 2], [84, 74], [24, 41], [78, 27], [34, 109], [71, 99], [52, 16], [70, 4], [19, 23], [42, 67], [0, 0]]","[0, 19, 13, 4, 20, 8, 15, 3, 16, 2, 7, 6, 5, 9, 12, 10, 14, 1, 18, 17, 11, 21]",469.35130713094327,17.937623500823975
