Id,Coordinates,Order,Distance,Time
912,"[[0, 0], [55, 25], [41, 49], [17, 70], [16, 71], [28, 56], [6, 72], [17, 13], [26, 43], [37, 50], [60, 20], [52, 83], [19, 10], [42, 5], [16, 52], [2, 12], [21, 23], [13, 61], [42, 80], [34, 59], [45, 46], [0, 0]]","[0, 15, 7, 12, 16, 8, 9, 19, 5, 14, 17, 6, 4, 3, 18, 11, 2, 20, 1, 10, 13, 21]",313.6037894378943,13.25430703163147
