Id,Coordinates,Order,Distance,Time
4063,"[[0, 0], [65, 70], [47, 32], [73, 13], [62, 91], [12, 2], [68, 31], [83, 30], [66, 83], [4, 13], [75, 60], [47, 68], [68, 42], [75, 14], [44, 76], [19, 45], [51, 87], [69, 55], [80, 60], [48, 23], [53, 40], [0, 0]]","[0, 5, 19, 2, 20, 12, 6, 3, 13, 7, 17, 10, 18, 1, 8, 4, 16, 14, 11, 15, 9, 21]",336.77603687800143,16.91218137741089
