Id,Coordinates,Order,Distance,Time
8525,"[[0, 0], [111, 8], [89, 27], [29, 7], [54, 24], [38, 45], [54, 28], [52, 35], [25, 40], [59, 26], [81, 42], [117, 34], [38, 22], [22, 14], [117, 19], [20, 32], [73, 44], [24, 38], [89, 37], [101, 5], [114, 36], [0, 0]]","[0, 13, 12, 6, 7, 5, 8, 17, 15, 16, 10, 18, 2, 19, 1, 14, 11, 20, 9, 4, 3, 21]",377.923300203931,14.573202133178711
