Id,Coordinates,Order,Distance,Time
8335,"[[0, 0], [97, 2], [64, 6], [48, 10], [50, 8], [20, 8], [100, 1], [53, 4], [124, 4], [32, 3], [147, 6], [103, 5], [8, 3], [97, 11], [3, 3], [11, 5], [59, 7], [31, 6], [52, 9], [58, 6], [153, 5], [0, 0]]","[0, 14, 12, 15, 5, 17, 3, 4, 18, 16, 2, 1, 6, 11, 8, 20, 10, 13, 19, 7, 9, 21]",313.06871411567704,18.062002897262573
