Id,Coordinates,Order,Distance,Time
2148,"[[0, 0], [15, 72], [10, 192], [30, 126], [12, 19], [71, 192], [14, 72], [32, 60], [60, 68], [44, 76], [69, 70], [48, 156], [20, 38], [50, 99], [50, 97], [42, 197], [3, 85], [8, 57], [34, 45], [45, 156], [28, 8], [0, 0]]","[0, 20, 18, 7, 9, 8, 10, 14, 13, 3, 19, 11, 5, 15, 2, 16, 6, 1, 17, 12, 4, 21]",544.9085299475224,14.006978750228882
