Id,Coordinates,Order,Distance,Time
2421,"[[0, 0], [15, 92], [7, 167], [8, 19], [3, 56], [15, 120], [9, 38], [3, 139], [14, 37], [5, 150], [7, 160], [6, 59], [11, 45], [6, 61], [1, 97], [1, 143], [4, 30], [1, 125], [15, 124], [5, 44], [14, 63], [0, 0]]","[0, 3, 16, 6, 8, 12, 11, 13, 20, 1, 5, 18, 7, 15, 9, 10, 2, 17, 14, 4, 19, 21]",357.3924172145106,17.83130645751953
