Id,Coordinates,Order,Distance,Time
5596,"[[0, 0], [55, 16], [78, 15], [43, 19], [51, 10], [84, 2], [34, 19], [78, 11], [22, 18], [20, 17], [26, 1], [49, 15], [49, 2], [75, 4], [71, 5], [66, 12], [84, 14], [54, 7], [5, 6], [18, 8], [50, 15], [0, 0]]","[0, 18, 19, 9, 8, 6, 3, 11, 20, 1, 4, 15, 7, 2, 16, 5, 13, 14, 17, 12, 10, 21]",208.81064399477611,17.80260396003723
