Id,Coordinates,Order,Distance,Time
6300,"[[0, 0], [128, 86], [148, 43], [110, 104], [72, 75], [38, 69], [122, 35], [151, 103], [53, 3], [117, 59], [46, 57], [132, 101], [85, 103], [91, 56], [23, 56], [89, 21], [57, 39], [2, 82], [130, 102], [121, 93], [66, 40], [0, 0]]","[0, 16, 20, 10, 14, 17, 5, 4, 9, 6, 2, 1, 7, 18, 11, 19, 3, 12, 13, 15, 8, 21]",661.3259759837216,18.69644784927368
