Id,Coordinates,Order,Distance,Time
4820,"[[0, 0], [78, 98], [54, 55], [104, 119], [68, 29], [48, 16], [90, 18], [95, 32], [37, 35], [38, 105], [72, 56], [56, 180], [59, 31], [76, 10], [66, 169], [42, 102], [22, 49], [73, 63], [42, 90], [100, 89], [74, 109], [0, 0]]","[0, 5, 12, 4, 13, 6, 7, 10, 17, 2, 20, 1, 19, 3, 14, 11, 9, 15, 18, 16, 8, 21]",602.1406446683386,15.64663290977478
