Id,Coordinates,Order,Distance,Time
5338,"[[0, 0], [64, 10], [107, 107], [65, 144], [29, 73], [113, 103], [65, 57], [119, 111], [5, 25], [6, 65], [117, 132], [5, 139], [144, 111], [35, 146], [40, 138], [153, 133], [90, 95], [47, 96], [10, 40], [60, 43], [48, 12], [0, 0]]","[0, 8, 18, 9, 11, 14, 13, 3, 7, 5, 2, 16, 6, 19, 20, 1, 12, 15, 10, 17, 4, 21]",800.2679556348147,17.131924152374268
