Id,Coordinates,Order,Distance,Time
2385,"[[0, 0], [44, 11], [10, 6], [21, 13], [12, 23], [22, 11], [10, 15], [26, 19], [27, 6], [21, 1], [22, 20], [23, 22], [18, 21], [42, 15], [42, 16], [44, 16], [20, 18], [8, 13], [4, 9], [44, 23], [37, 21], [0, 0]]","[0, 18, 17, 6, 4, 12, 16, 10, 11, 7, 3, 5, 20, 19, 14, 13, 15, 1, 8, 9, 2, 21]",144.96319918508442,20.362831830978394
