Id,Coordinates,Order,Distance,Time
1300,"[[0, 0], [103, 25], [69, 46], [9, 54], [37, 8], [149, 17], [93, 62], [48, 36], [43, 9], [26, 52], [86, 41], [117, 19], [102, 39], [128, 39], [72, 43], [102, 17], [145, 7], [71, 22], [90, 39], [113, 39], [49, 42], [0, 0]]","[0, 4, 8, 7, 20, 2, 14, 10, 18, 12, 19, 15, 1, 17, 3, 9, 6, 13, 5, 16, 11, 21]",594.2230540782672,19.667535543441772
