Id,Coordinates,Order,Distance,Time
949,"[[0, 0], [46, 66], [8, 6], [138, 8], [13, 52], [47, 65], [93, 55], [101, 72], [91, 4], [89, 52], [46, 83], [55, 2], [48, 43], [23, 86], [121, 56], [105, 22], [64, 26], [29, 34], [26, 64], [71, 82], [57, 77], [0, 0]]","[0, 2, 17, 12, 5, 1, 10, 13, 18, 16, 11, 8, 15, 3, 14, 9, 6, 7, 19, 20, 4, 21]",582.5915756355286,13.652626514434814
