Id,Coordinates,Order,Distance,Time
5158,"[[0, 0], [118, 12], [17, 46], [112, 53], [86, 5], [30, 60], [6, 28], [72, 28], [90, 17], [11, 62], [141, 27], [119, 29], [114, 15], [87, 56], [138, 72], [67, 29], [37, 8], [7, 29], [82, 40], [21, 54], [1, 7], [0, 0]]","[0, 20, 6, 17, 2, 19, 9, 5, 15, 7, 18, 13, 3, 14, 10, 11, 12, 1, 8, 4, 16, 21]",447.8808321865285,18.65999984741211
