Id,Coordinates,Order,Distance,Time
2774,"[[0, 0], [66, 65], [20, 24], [16, 90], [94, 94], [112, 69], [99, 69], [86, 29], [109, 54], [24, 85], [38, 74], [9, 60], [13, 3], [15, 69], [64, 33], [94, 98], [78, 92], [22, 80], [117, 31], [102, 16], [44, 52], [0, 0]]","[0, 2, 11, 17, 9, 3, 13, 10, 20, 1, 16, 15, 4, 6, 5, 8, 18, 19, 7, 14, 12, 21]",464.95395229115513,17.379396677017212
