Id,Coordinates,Order,Distance,Time
8065,"[[0, 0], [17, 52], [4, 5], [5, 171], [16, 30], [9, 91], [8, 85], [19, 70], [6, 2], [18, 162], [11, 177], [3, 53], [15, 96], [3, 35], [16, 44], [10, 73], [18, 7], [18, 55], [19, 185], [9, 39], [16, 109], [0, 0]]","[0, 8, 16, 4, 19, 14, 1, 17, 7, 6, 5, 12, 20, 9, 18, 10, 3, 15, 11, 13, 2, 21]",402.8010673044432,14.812032222747803
