Id,Coordinates,Order,Distance,Time
5911,"[[0, 0], [31, 59], [77, 106], [103, 116], [87, 1], [2, 56], [21, 89], [59, 118], [66, 29], [63, 72], [59, 123], [33, 6], [21, 151], [104, 92], [56, 66], [48, 137], [68, 161], [50, 53], [37, 132], [76, 106], [91, 92], [0, 0]]","[0, 4, 8, 17, 14, 9, 20, 13, 3, 2, 19, 7, 10, 15, 16, 12, 18, 6, 1, 5, 11, 21]",620.4492079976899,16.406265258789062
