Id,Coordinates,Order,Distance,Time
8852,"[[0, 0], [39, 66], [20, 102], [73, 28], [54, 62], [60, 94], [162, 95], [141, 94], [87, 43], [68, 10], [82, 108], [143, 10], [100, 48], [171, 95], [105, 42], [96, 131], [100, 117], [31, 125], [65, 70], [135, 127], [22, 92], [0, 0]]","[0, 3, 8, 14, 12, 18, 4, 1, 20, 2, 17, 5, 10, 16, 15, 19, 7, 6, 13, 11, 9, 21]",699.9706477903119,15.160990953445435
