Id,Coordinates,Order,Distance,Time
5990,"[[0, 0], [136, 37], [141, 145], [148, 56], [156, 96], [82, 62], [97, 46], [17, 146], [111, 74], [73, 122], [92, 90], [8, 127], [68, 129], [89, 148], [20, 63], [111, 168], [167, 7], [151, 49], [90, 39], [53, 135], [104, 100], [0, 0]]","[0, 14, 5, 8, 10, 20, 9, 12, 19, 11, 7, 13, 15, 2, 4, 3, 17, 16, 1, 6, 18, 21]",803.7608902257651,14.185234785079956
