Id,Coordinates,Order,Distance,Time
7100,"[[0, 0], [96, 144], [29, 137], [74, 167], [91, 57], [37, 30], [56, 90], [33, 155], [16, 185], [5, 137], [80, 84], [84, 117], [65, 109], [81, 79], [88, 94], [31, 10], [70, 61], [25, 174], [59, 9], [97, 33], [81, 177], [0, 0]]","[0, 15, 18, 19, 4, 16, 13, 10, 14, 12, 2, 9, 8, 17, 7, 3, 20, 1, 11, 6, 5, 21]",640.9803883804839,17.18839406967163
