Id,Coordinates,Order,Distance,Time
3034,"[[0, 0], [53, 32], [7, 20], [9, 38], [19, 46], [19, 96], [52, 8], [26, 15], [37, 28], [50, 40], [28, 30], [12, 97], [12, 60], [48, 31], [47, 70], [51, 30], [49, 33], [16, 83], [1, 73], [16, 12], [50, 11], [0, 0]]","[0, 19, 7, 8, 13, 16, 9, 1, 15, 20, 6, 10, 4, 12, 18, 17, 5, 11, 14, 3, 2, 21]",356.4038460365732,16.561911582946777
