Id,Coordinates,Order,Distance,Time
3410,"[[0, 0], [137, 27], [89, 41], [41, 61], [96, 11], [19, 35], [1, 8], [86, 35], [157, 39], [62, 39], [146, 6], [15, 63], [85, 26], [3, 47], [35, 48], [101, 24], [177, 46], [148, 25], [141, 45], [37, 50], [42, 19], [0, 0]]","[0, 6, 5, 13, 11, 14, 19, 3, 9, 2, 7, 12, 15, 1, 18, 8, 16, 17, 10, 4, 20, 21]",507.1092138674145,18.539366483688354
