Id,Coordinates,Order,Distance,Time
3733,"[[0, 0], [9, 20], [13, 43], [25, 33], [11, 15], [24, 16], [23, 15], [25, 22], [24, 37], [9, 24], [9, 37], [17, 36], [18, 37], [22, 37], [25, 42], [13, 39], [17, 29], [15, 50], [25, 29], [6, 22], [25, 23], [0, 0]]","[0, 4, 1, 9, 16, 11, 12, 13, 3, 18, 20, 7, 5, 6, 8, 14, 17, 2, 15, 10, 19, 21]",166.1122072530187,16.39509868621826
