Id,Coordinates,Order,Distance,Time
6298,"[[0, 0], [6, 90], [3, 152], [85, 29], [45, 147], [141, 133], [2, 23], [20, 86], [80, 43], [17, 24], [97, 149], [36, 38], [127, 166], [106, 59], [129, 95], [132, 29], [69, 159], [24, 166], [52, 72], [56, 134], [96, 4], [0, 0]]","[0, 6, 9, 11, 18, 7, 1, 2, 17, 4, 19, 16, 10, 12, 5, 14, 13, 15, 20, 3, 8, 21]",707.786442144427,13.784285306930542
