Id,Coordinates,Order,Distance,Time
2584,"[[0, 0], [2, 104], [2, 75], [11, 14], [16, 1], [6, 115], [3, 91], [16, 99], [18, 125], [4, 112], [4, 122], [17, 125], [14, 64], [8, 31], [2, 89], [4, 99], [15, 111], [17, 62], [2, 83], [5, 95], [15, 83], [0, 0]]","[0, 4, 3, 2, 18, 14, 6, 19, 15, 1, 9, 5, 10, 11, 8, 16, 7, 20, 12, 17, 13, 21]",283.6281087224519,13.572110652923584
