Id,Coordinates,Order,Distance,Time
6137,"[[0, 0], [164, 107], [17, 85], [81, 26], [9, 89], [9, 43], [21, 7], [169, 47], [31, 74], [157, 25], [156, 7], [97, 73], [57, 107], [18, 70], [152, 93], [152, 3], [171, 4], [143, 12], [147, 116], [8, 13], [12, 25], [0, 0]]","[0, 19, 20, 5, 13, 4, 2, 8, 12, 11, 17, 15, 10, 16, 9, 7, 14, 1, 18, 3, 6, 21]",659.6793455376535,19.445183992385864
