Id,Coordinates,Order,Distance,Time
6533,"[[0, 0], [17, 77], [32, 50], [12, 60], [12, 107], [36, 176], [16, 54], [36, 10], [16, 106], [89, 170], [25, 38], [20, 13], [82, 152], [47, 71], [69, 175], [40, 193], [53, 113], [11, 88], [7, 59], [79, 67], [88, 29], [0, 0]]","[0, 11, 7, 10, 2, 6, 3, 18, 1, 17, 8, 4, 12, 9, 14, 5, 15, 16, 13, 19, 20, 21]",628.89266679459,15.964335918426514
