Id,Coordinates,Order,Distance,Time
4533,"[[0, 0], [159, 11], [95, 82], [11, 23], [153, 65], [80, 79], [26, 15], [65, 80], [143, 99], [169, 39], [156, 27], [39, 24], [150, 40], [7, 100], [34, 67], [149, 22], [46, 73], [65, 94], [28, 13], [128, 29], [109, 100], [0, 0]]","[0, 18, 6, 3, 13, 14, 16, 7, 17, 5, 2, 20, 8, 4, 12, 9, 10, 1, 15, 19, 11, 21]",595.9860351441818,18.484057426452637
