Id,Coordinates,Order,Distance,Time
490,"[[0, 0], [43, 31], [31, 104], [49, 109], [17, 75], [22, 111], [25, 47], [46, 78], [44, 3], [47, 85], [14, 89], [48, 93], [24, 40], [13, 50], [30, 56], [33, 39], [31, 6], [5, 68], [44, 113], [13, 5], [2, 65], [0, 0]]","[0, 19, 16, 8, 1, 15, 13, 20, 17, 4, 10, 5, 2, 18, 3, 11, 9, 7, 14, 6, 12, 21]",338.4087798861868,19.47716522216797
