Id,Coordinates,Order,Distance,Time
9813,"[[0, 0], [1, 21], [8, 75], [10, 85], [4, 26], [11, 37], [3, 142], [9, 31], [3, 25], [2, 1], [5, 100], [12, 55], [4, 24], [5, 59], [1, 52], [2, 128], [4, 21], [1, 137], [1, 25], [11, 33], [2, 49], [0, 0]]","[0, 9, 16, 12, 8, 4, 7, 19, 5, 20, 14, 13, 2, 10, 15, 17, 6, 3, 11, 18, 1, 21]",295.8189550127841,15.279459953308105
