Id,Coordinates,Order,Distance,Time
3385,"[[0, 0], [32, 9], [20, 4], [21, 10], [19, 9], [22, 14], [29, 17], [24, 17], [22, 5], [10, 12], [31, 3], [2, 11], [5, 6], [32, 4], [18, 5], [4, 22], [22, 4], [5, 2], [7, 5], [27, 16], [8, 10], [0, 0]]","[0, 12, 11, 15, 5, 7, 19, 6, 1, 13, 10, 16, 8, 2, 14, 4, 3, 9, 20, 18, 17, 21]",116.46656858735675,18.02554726600647
