Id,Coordinates,Order,Distance,Time
5486,"[[0, 0], [11, 53], [2, 4], [6, 8], [8, 16], [1, 54], [4, 1], [3, 29], [10, 14], [1, 27], [4, 23], [11, 21], [4, 47], [10, 70], [4, 38], [1, 41], [7, 20], [9, 27], [5, 55], [1, 22], [7, 39], [0, 0]]","[0, 6, 2, 3, 8, 4, 16, 11, 17, 7, 9, 14, 15, 12, 5, 18, 13, 1, 20, 10, 19, 21]",169.10507569213746,17.932686805725098
