Id,Coordinates,Order,Distance,Time
686,"[[0, 0], [3, 80], [13, 4], [20, 6], [17, 48], [1, 2], [28, 61], [3, 2], [19, 34], [19, 21], [6, 69], [3, 96], [4, 38], [19, 46], [6, 42], [33, 70], [24, 32], [7, 30], [27, 3], [1, 14], [10, 63], [0, 0]]","[0, 5, 7, 2, 3, 18, 9, 16, 8, 13, 4, 20, 10, 1, 11, 15, 6, 14, 12, 17, 19, 21]",254.69334203767647,17.233601570129395
