Id,Coordinates,Order,Distance,Time
5560,"[[0, 0], [79, 1], [72, 2], [118, 2], [41, 4], [82, 36], [95, 19], [87, 39], [77, 16], [155, 1], [91, 20], [52, 20], [70, 38], [19, 7], [118, 28], [139, 38], [112, 13], [106, 8], [60, 38], [75, 6], [65, 8], [0, 0]]","[0, 4, 20, 2, 1, 19, 8, 10, 6, 17, 16, 3, 9, 15, 14, 7, 5, 12, 18, 11, 13, 21]",388.88629374183887,16.535231828689575
