Id,Coordinates,Order,Distance,Time
8104,"[[0, 0], [5, 90], [101, 44], [91, 62], [28, 33], [51, 67], [90, 6], [6, 40], [11, 96], [40, 1], [15, 34], [24, 37], [87, 57], [98, 88], [49, 59], [8, 33], [16, 23], [44, 42], [59, 9], [68, 2], [93, 79], [0, 0]]","[0, 16, 10, 11, 17, 14, 5, 12, 3, 20, 13, 2, 6, 19, 18, 9, 4, 8, 1, 7, 15, 21]",502.5117190356843,15.352612257003784
