Id,Coordinates,Order,Distance,Time
9011,"[[0, 0], [2, 92], [78, 61], [36, 24], [49, 95], [78, 99], [72, 35], [53, 81], [66, 21], [41, 61], [3, 49], [57, 85], [57, 24], [23, 76], [18, 15], [40, 48], [16, 100], [33, 90], [78, 82], [44, 57], [48, 17], [0, 0]]","[0, 14, 3, 20, 12, 8, 6, 2, 18, 5, 11, 4, 7, 9, 19, 15, 13, 17, 16, 1, 10, 21]",425.9415637810611,19.448297262191772
