Id,Coordinates,Order,Distance,Time
7143,"[[0, 0], [4, 30], [18, 45], [4, 13], [80, 12], [80, 22], [106, 8], [47, 32], [28, 32], [68, 42], [82, 10], [43, 20], [62, 48], [75, 33], [1, 9], [54, 2], [55, 15], [108, 29], [79, 34], [2, 42], [98, 20], [0, 0]]","[0, 14, 3, 1, 19, 2, 8, 7, 11, 16, 5, 18, 13, 9, 12, 20, 17, 6, 10, 4, 15, 21]",370.5243880453905,15.697081089019775
