Id,Coordinates,Order,Distance,Time
6374,"[[0, 0], [15, 72], [84, 2], [57, 81], [79, 79], [32, 33], [38, 62], [15, 6], [4, 13], [23, 80], [77, 98], [76, 35], [35, 23], [30, 20], [45, 110], [34, 17], [78, 59], [40, 21], [59, 45], [7, 79], [77, 99], [0, 0]]","[0, 7, 13, 15, 12, 17, 2, 11, 18, 16, 4, 10, 20, 3, 14, 9, 1, 19, 6, 5, 8, 21]",447.8967347407261,15.900303363800049
