Id,Coordinates,Order,Distance,Time
3991,"[[0, 0], [3, 44], [6, 38], [31, 83], [13, 31], [38, 96], [34, 84], [17, 7], [28, 78], [42, 13], [4, 34], [11, 83], [36, 4], [41, 84], [36, 67], [22, 97], [36, 48], [43, 5], [33, 66], [10, 3], [30, 17], [0, 0]]","[0, 19, 7, 20, 12, 17, 9, 16, 18, 14, 8, 3, 6, 13, 5, 15, 11, 1, 2, 10, 4, 21]",290.1704916756831,14.820663452148438
