Id,Coordinates,Order,Distance,Time
2047,"[[0, 0], [10, 133], [30, 127], [148, 115], [139, 69], [25, 111], [11, 28], [151, 1], [28, 59], [100, 115], [63, 14], [165, 112], [64, 119], [95, 110], [125, 138], [32, 139], [11, 145], [73, 142], [132, 63], [53, 96], [151, 97], [0, 0]]","[0, 6, 8, 19, 12, 17, 13, 9, 14, 3, 11, 20, 4, 18, 7, 10, 5, 2, 15, 16, 1, 21]",803.315851440604,20.223610401153564
