Id,Coordinates,Order,Distance,Time
9110,"[[0, 0], [76, 105], [67, 40], [77, 35], [77, 11], [73, 12], [81, 140], [61, 124], [26, 53], [13, 11], [17, 85], [94, 24], [40, 133], [81, 47], [54, 99], [14, 71], [67, 12], [16, 13], [49, 2], [94, 138], [41, 125], [0, 0]]","[0, 9, 17, 18, 16, 5, 4, 11, 3, 13, 2, 8, 15, 10, 20, 12, 7, 6, 19, 1, 14, 21]",523.5338037836617,16.84687876701355
