Id,Coordinates,Order,Distance,Time
1062,"[[0, 0], [1, 7], [13, 6], [22, 10], [12, 10], [68, 7], [19, 4], [41, 6], [51, 11], [75, 8], [45, 2], [7, 8], [8, 10], [53, 1], [59, 10], [12, 8], [41, 1], [32, 6], [39, 6], [19, 8], [23, 5], [0, 0]]","[0, 1, 11, 12, 4, 15, 2, 19, 3, 17, 18, 7, 8, 14, 5, 9, 13, 10, 16, 20, 6, 21]",165.37773944969877,12.874372959136963
