Id,Coordinates,Order,Distance,Time
568,"[[0, 0], [110, 7], [151, 6], [23, 4], [74, 4], [97, 8], [101, 1], [36, 3], [42, 7], [128, 7], [8, 1], [173, 3], [177, 4], [33, 7], [70, 6], [164, 1], [54, 5], [24, 8], [99, 5], [42, 4], [129, 1], [0, 0]]","[0, 10, 3, 13, 7, 19, 16, 14, 4, 5, 18, 1, 9, 2, 15, 11, 12, 20, 6, 8, 17, 21]",361.5751651503588,17.344964265823364
