Id,Coordinates,Order,Distance,Time
8726,"[[0, 0], [90, 152], [79, 152], [90, 116], [98, 106], [59, 79], [119, 92], [35, 109], [131, 63], [92, 169], [41, 91], [102, 81], [66, 62], [143, 134], [73, 70], [35, 147], [106, 10], [55, 151], [71, 6], [119, 107], [160, 98], [0, 0]]","[0, 18, 16, 8, 4, 3, 1, 9, 2, 17, 15, 7, 10, 5, 11, 6, 20, 13, 19, 14, 12, 21]",769.5192339333684,15.350630760192871
