Id,Coordinates,Order,Distance,Time
5728,"[[0, 0], [41, 23], [114, 3], [69, 4], [105, 20], [136, 22], [37, 8], [89, 11], [75, 1], [62, 23], [61, 10], [22, 10], [3, 4], [40, 18], [73, 7], [33, 24], [24, 17], [37, 6], [63, 11], [12, 13], [118, 17], [0, 0]]","[0, 12, 19, 16, 13, 6, 17, 10, 18, 3, 14, 8, 7, 4, 20, 5, 2, 9, 1, 15, 11, 21]",328.36047299679876,21.592764377593994
