Id,Coordinates,Order,Distance,Time
4676,"[[0, 0], [39, 20], [23, 50], [153, 20], [156, 57], [191, 7], [30, 91], [170, 99], [94, 118], [179, 71], [100, 66], [139, 63], [35, 64], [88, 43], [70, 8], [186, 104], [182, 38], [73, 67], [129, 78], [122, 5], [42, 26], [0, 0]]","[0, 1, 20, 2, 12, 17, 10, 13, 14, 19, 3, 5, 16, 7, 15, 9, 4, 11, 18, 8, 6, 21]",782.0685611350422,14.014801263809204
