Id,Coordinates,Order,Distance,Time
2326,"[[0, 0], [20, 4], [9, 39], [20, 37], [9, 8], [5, 60], [25, 66], [14, 89], [23, 78], [11, 94], [23, 58], [12, 30], [15, 67], [3, 97], [10, 73], [9, 37], [19, 98], [25, 95], [20, 83], [9, 46], [18, 20], [0, 0]]","[0, 4, 1, 20, 11, 15, 3, 10, 6, 8, 18, 7, 9, 13, 16, 17, 14, 12, 5, 19, 2, 21]",270.4331101866883,15.696115970611572
