Id,Coordinates,Order,Distance,Time
8402,"[[0, 0], [27, 37], [20, 83], [10, 27], [20, 8], [28, 53], [10, 59], [4, 75], [9, 105], [13, 66], [25, 149], [22, 30], [4, 133], [25, 8], [17, 31], [5, 141], [3, 137], [4, 57], [10, 151], [18, 47], [10, 123], [0, 0]]","[0, 4, 13, 11, 1, 19, 17, 6, 9, 7, 8, 20, 12, 16, 15, 18, 10, 2, 5, 14, 3, 21]",367.3737510770959,20.036999225616455
