Id,Coordinates,Order,Distance,Time
8910,"[[0, 0], [72, 78], [5, 65], [58, 56], [68, 5], [66, 48], [13, 56], [3, 1], [113, 4], [44, 53], [111, 72], [46, 53], [76, 75], [46, 62], [74, 49], [44, 26], [43, 9], [60, 35], [63, 1], [57, 53], [54, 54], [0, 0]]","[0, 7, 15, 17, 14, 5, 3, 19, 20, 11, 9, 13, 1, 12, 10, 8, 4, 18, 16, 6, 2, 21]",477.9553157379886,16.18060803413391
