Id,Coordinates,Order,Distance,Time
4253,"[[0, 0], [6, 25], [12, 16], [18, 12], [8, 36], [2, 26], [16, 10], [18, 19], [1, 33], [12, 36], [13, 45], [8, 1], [15, 25], [14, 51], [7, 24], [17, 36], [12, 23], [15, 43], [9, 7], [13, 28], [4, 48], [0, 0]]","[0, 11, 18, 6, 3, 2, 7, 12, 19, 16, 14, 1, 4, 9, 15, 17, 10, 13, 20, 8, 5, 21]",154.6914167043451,15.064470767974854
