Id,Coordinates,Order,Distance,Time
2791,"[[0, 0], [119, 34], [20, 69], [95, 68], [90, 41], [46, 33], [87, 27], [4, 32], [96, 52], [85, 8], [79, 21], [11, 23], [8, 31], [20, 37], [111, 79], [113, 85], [3, 59], [6, 65], [1, 74], [43, 64], [23, 58], [0, 0]]","[0, 11, 12, 7, 13, 16, 17, 18, 2, 20, 19, 5, 10, 6, 4, 8, 3, 14, 15, 1, 9, 21]",475.0694317141823,15.579158306121826
