Id,Coordinates,Order,Distance,Time
4422,"[[0, 0], [22, 10], [6, 52], [34, 7], [75, 19], [42, 41], [47, 64], [20, 48], [23, 59], [26, 41], [4, 46], [50, 40], [60, 19], [47, 31], [25, 44], [73, 13], [11, 11], [74, 27], [24, 29], [71, 55], [34, 5], [0, 0]]","[0, 1, 20, 3, 9, 14, 7, 10, 2, 8, 5, 11, 13, 12, 15, 4, 17, 19, 6, 18, 16, 21]",347.04487749262717,17.903792142868042
