Id,Coordinates,Order,Distance,Time
6649,"[[0, 0], [106, 121], [138, 98], [146, 55], [119, 45], [29, 15], [81, 33], [146, 78], [10, 68], [144, 101], [185, 112], [43, 75], [19, 102], [186, 72], [109, 1], [13, 103], [30, 111], [163, 97], [54, 92], [162, 55], [104, 121], [0, 0]]","[0, 6, 14, 4, 3, 19, 7, 2, 9, 17, 13, 10, 1, 20, 18, 11, 16, 12, 15, 8, 5, 21]",710.7778967581011,17.626306295394897
