Id,Coordinates,Order,Distance,Time
1538,"[[0, 0], [41, 193], [147, 35], [3, 61], [132, 180], [126, 115], [151, 167], [145, 174], [118, 190], [11, 141], [93, 88], [27, 60], [25, 62], [40, 173], [46, 35], [32, 183], [15, 188], [145, 66], [117, 15], [128, 131], [121, 53], [0, 0]]","[0, 3, 12, 11, 9, 16, 15, 13, 1, 8, 4, 7, 6, 19, 5, 10, 20, 17, 2, 18, 14, 21]",755.2951971493351,17.936626195907593
