Id,Coordinates,Order,Distance,Time
8009,"[[0, 0], [30, 64], [26, 24], [28, 2], [23, 49], [38, 17], [30, 63], [39, 59], [32, 62], [36, 14], [22, 44], [31, 38], [4, 63], [17, 29], [21, 55], [32, 22], [10, 9], [8, 19], [12, 1], [6, 42], [14, 45], [0, 0]]","[0, 18, 16, 13, 2, 3, 9, 5, 15, 11, 10, 4, 14, 6, 1, 8, 7, 12, 20, 19, 17, 21]",268.5244419948654,15.442210674285889
