Id,Coordinates,Order,Distance,Time
3725,"[[0, 0], [117, 66], [129, 74], [65, 6], [127, 111], [1, 133], [57, 63], [4, 104], [30, 122], [70, 67], [61, 76], [56, 30], [121, 59], [89, 48], [11, 87], [62, 119], [143, 3], [84, 65], [99, 94], [98, 45], [139, 138], [0, 0]]","[0, 11, 13, 19, 17, 9, 10, 6, 14, 7, 5, 8, 15, 18, 20, 4, 2, 1, 12, 16, 3, 21]",733.7753459198109,15.145513534545898
