Id,Coordinates,Order,Distance,Time
1670,"[[0, 0], [70, 18], [88, 3], [21, 10], [54, 19], [5, 3], [88, 8], [81, 11], [40, 20], [10, 10], [31, 1], [88, 2], [72, 18], [91, 6], [62, 15], [50, 3], [67, 4], [11, 19], [77, 16], [27, 9], [52, 16], [0, 0]]","[0, 5, 9, 17, 3, 19, 8, 20, 4, 14, 1, 12, 18, 7, 6, 13, 2, 11, 16, 15, 10, 21]",211.29513441653228,22.535998344421387
