Id,Coordinates,Order,Distance,Time
9056,"[[0, 0], [16, 102], [13, 36], [24, 46], [9, 113], [27, 30], [18, 44], [8, 84], [10, 64], [12, 44], [26, 85], [5, 69], [20, 85], [12, 85], [3, 108], [10, 79], [24, 98], [15, 19], [13, 61], [6, 11], [26, 44], [0, 0]]","[0, 19, 17, 5, 20, 3, 6, 18, 8, 15, 13, 12, 10, 16, 1, 4, 14, 7, 11, 9, 2, 21]",275.38359056498024,15.617544651031494
