Id,Coordinates,Order,Distance,Time
3501,"[[0, 0], [140, 79], [80, 49], [179, 48], [37, 81], [26, 18], [153, 83], [25, 71], [151, 39], [45, 3], [85, 45], [65, 38], [96, 10], [118, 19], [43, 21], [144, 52], [67, 47], [185, 77], [18, 8], [128, 62], [106, 55], [0, 0]]","[0, 18, 9, 14, 11, 2, 10, 20, 15, 8, 3, 17, 6, 1, 19, 13, 12, 16, 4, 7, 5, 21]",579.7336132040241,21.152994632720947
