Id,Coordinates,Order,Distance,Time
9574,"[[0, 0], [11, 2], [19, 14], [25, 21], [21, 20], [32, 14], [10, 20], [32, 26], [9, 26], [28, 3], [17, 16], [9, 9], [7, 13], [22, 14], [1, 24], [26, 31], [31, 16], [19, 20], [21, 31], [21, 29], [26, 16], [0, 0]]","[0, 11, 12, 14, 8, 6, 10, 2, 13, 20, 3, 4, 17, 19, 18, 15, 7, 16, 5, 9, 1, 21]",148.8741057472526,18.70454692840576
