Id,Coordinates,Order,Distance,Time
4071,"[[0, 0], [52, 25], [39, 43], [13, 39], [88, 72], [25, 35], [78, 39], [9, 25], [44, 20], [38, 41], [62, 31], [26, 81], [73, 28], [12, 17], [76, 56], [28, 48], [96, 33], [3, 6], [32, 44], [56, 79], [57, 80], [0, 0]]","[0, 17, 13, 7, 3, 5, 18, 2, 8, 1, 10, 12, 16, 6, 14, 4, 20, 19, 11, 15, 9, 21]",374.4752207187367,15.77702784538269
