Id,Coordinates,Order,Distance,Time
5202,"[[0, 0], [69, 25], [80, 23], [14, 58], [23, 1], [17, 14], [34, 8], [5, 28], [19, 25], [12, 23], [99, 52], [106, 20], [98, 40], [24, 21], [16, 16], [93, 22], [32, 13], [77, 31], [30, 33], [27, 44], [16, 48], [0, 0]]","[0, 5, 14, 13, 8, 9, 7, 20, 3, 19, 18, 1, 17, 2, 15, 11, 12, 10, 16, 6, 4, 21]",355.60767045565154,15.786792755126953
