Id,Coordinates,Order,Distance,Time
629,"[[0, 0], [10, 73], [3, 28], [29, 3], [38, 19], [21, 46], [1, 22], [40, 46], [31, 68], [13, 38], [31, 36], [16, 7], [20, 33], [17, 67], [14, 73], [31, 10], [23, 17], [14, 42], [2, 19], [17, 15], [25, 30], [0, 0]]","[0, 11, 19, 16, 3, 15, 4, 20, 12, 10, 7, 8, 13, 14, 1, 5, 17, 9, 2, 6, 18, 21]",245.06785523109338,18.628787994384766
