Id,Coordinates,Order,Distance,Time
5798,"[[0, 0], [47, 32], [102, 21], [166, 30], [121, 1], [21, 10], [133, 17], [180, 3], [57, 23], [83, 26], [14, 19], [89, 9], [114, 29], [46, 20], [153, 18], [50, 14], [86, 3], [47, 2], [69, 14], [182, 25], [65, 30], [0, 0]]","[0, 5, 1, 13, 15, 8, 20, 18, 9, 2, 12, 6, 14, 3, 19, 7, 4, 11, 16, 17, 10, 21]",464.1081737033777,15.827440977096558
