Id,Coordinates,Order,Distance,Time
4707,"[[0, 0], [55, 1], [62, 19], [77, 4], [63, 22], [59, 12], [92, 9], [61, 2], [10, 22], [52, 4], [42, 9], [17, 17], [47, 10], [78, 9], [92, 2], [90, 20], [67, 11], [98, 3], [44, 9], [67, 2], [12, 1], [0, 0]]","[0, 8, 11, 10, 18, 9, 1, 7, 19, 16, 2, 4, 13, 3, 14, 17, 6, 15, 5, 12, 20, 21]",265.56381517581184,14.124788999557495
