Id,Coordinates,Order,Distance,Time
4501,"[[0, 0], [6, 95], [2, 11], [11, 57], [5, 70], [14, 79], [5, 77], [14, 81], [11, 72], [11, 25], [12, 146], [1, 140], [1, 61], [14, 52], [3, 31], [6, 20], [7, 80], [5, 104], [3, 129], [14, 128], [14, 79], [0, 0]]","[0, 2, 15, 9, 13, 3, 4, 8, 5, 20, 7, 1, 17, 18, 11, 10, 19, 16, 6, 12, 14, 21]",312.2534904745289,15.740269899368286
