Id,Coordinates,Order,Distance,Time
2977,"[[0, 0], [44, 6], [32, 5], [45, 7], [79, 12], [79, 3], [12, 38], [25, 4], [37, 19], [103, 24], [81, 36], [38, 40], [74, 38], [63, 22], [86, 22], [70, 26], [7, 12], [32, 23], [24, 28], [30, 32], [85, 12], [0, 0]]","[0, 16, 7, 2, 1, 3, 8, 17, 19, 18, 6, 11, 13, 15, 12, 10, 14, 9, 20, 4, 5, 21]",338.54120341889336,14.696781396865845
