Id,Coordinates,Order,Distance,Time
864,"[[0, 0], [31, 179], [73, 130], [85, 116], [10, 151], [19, 167], [5, 178], [84, 164], [16, 67], [90, 59], [65, 151], [73, 24], [90, 39], [80, 173], [31, 144], [47, 123], [51, 189], [87, 171], [56, 14], [7, 140], [57, 189], [0, 0]]","[0, 18, 11, 12, 9, 3, 2, 10, 7, 17, 13, 20, 16, 1, 6, 5, 4, 19, 14, 15, 8, 21]",568.7510564262489,17.5054988861084
