Id,Coordinates,Order,Distance,Time
6599,"[[0, 0], [125, 107], [1, 2], [99, 97], [103, 73], [32, 65], [30, 64], [115, 21], [47, 71], [24, 38], [130, 88], [40, 104], [69, 64], [37, 77], [123, 63], [74, 106], [69, 102], [65, 108], [87, 73], [119, 110], [60, 6], [0, 0]]","[0, 2, 9, 6, 5, 13, 8, 18, 4, 14, 10, 1, 19, 3, 15, 16, 17, 11, 12, 7, 20, 21]",547.3039660130927,15.29773235321045
