Id,Coordinates,Order,Distance,Time
7043,"[[0, 0], [69, 46], [38, 113], [4, 81], [86, 105], [51, 105], [42, 30], [9, 72], [46, 97], [37, 69], [40, 78], [78, 4], [35, 65], [3, 92], [49, 90], [18, 100], [35, 24], [38, 21], [14, 90], [54, 107], [40, 76], [0, 0]]","[0, 16, 17, 6, 12, 9, 20, 10, 8, 5, 19, 2, 15, 18, 13, 3, 7, 14, 4, 1, 11, 21]",488.75315441500396,18.661778450012207
