Id,Coordinates,Order,Distance,Time
7133,"[[0, 0], [140, 21], [130, 21], [92, 6], [170, 17], [132, 5], [125, 23], [148, 4], [164, 5], [167, 16], [21, 25], [162, 2], [139, 15], [164, 15], [118, 13], [1, 17], [49, 13], [134, 3], [131, 23], [90, 9], [95, 10], [0, 0]]","[0, 15, 10, 16, 19, 20, 6, 2, 18, 5, 17, 7, 11, 8, 4, 9, 13, 1, 12, 14, 3, 21]",398.061806049332,12.896916389465332
