Id,Coordinates,Order,Distance,Time
9431,"[[0, 0], [126, 119], [30, 80], [38, 139], [87, 119], [117, 138], [72, 112], [121, 48], [73, 61], [36, 86], [94, 121], [16, 93], [36, 127], [95, 51], [98, 73], [50, 37], [71, 78], [106, 150], [88, 70], [72, 116], [15, 45], [0, 0]]","[0, 15, 8, 16, 18, 14, 13, 7, 1, 5, 17, 10, 4, 6, 19, 3, 12, 11, 9, 2, 20, 21]",564.7093723624749,17.302333116531372
