Id,Coordinates,Order,Distance,Time
1583,"[[0, 0], [13, 6], [30, 7], [30, 14], [7, 4], [38, 23], [9, 7], [15, 35], [45, 10], [47, 34], [37, 15], [25, 46], [17, 5], [44, 43], [12, 37], [24, 48], [38, 17], [16, 29], [4, 25], [25, 61], [42, 11], [0, 0]]","[0, 4, 6, 1, 12, 2, 3, 10, 20, 8, 16, 5, 9, 13, 19, 15, 11, 14, 7, 17, 18, 21]",200.21620273723101,16.52140712738037
