Id,Coordinates,Order,Distance,Time
3796,"[[0, 0], [4, 27], [8, 22], [37, 5], [26, 52], [49, 62], [1, 4], [17, 44], [21, 25], [40, 65], [14, 17], [39, 61], [32, 26], [33, 11], [27, 18], [5, 69], [50, 14], [29, 15], [26, 23], [11, 27], [15, 43], [0, 0]]","[0, 6, 10, 19, 8, 18, 14, 17, 13, 3, 16, 12, 20, 7, 4, 11, 5, 9, 15, 1, 2, 21]",287.2682628835933,16.534756422042847
