Id,Coordinates,Order,Distance,Time
1781,"[[0, 0], [10, 10], [14, 13], [14, 23], [15, 27], [3, 20], [17, 14], [12, 3], [8, 10], [11, 11], [12, 24], [13, 6], [1, 10], [14, 13], [5, 22], [12, 1], [9, 29], [11, 16], [5, 30], [6, 1], [12, 3], [0, 0]]","[0, 19, 15, 7, 20, 11, 8, 1, 9, 2, 13, 6, 17, 3, 10, 4, 16, 18, 14, 5, 12, 21]",94.77324673573172,23.143003940582275
