Id,Coordinates,Order,Distance,Time
7423,"[[0, 0], [36, 118], [40, 91], [5, 61], [53, 123], [3, 7], [41, 20], [31, 121], [5, 113], [17, 22], [14, 102], [21, 45], [38, 25], [35, 2], [20, 106], [15, 15], [2, 15], [13, 78], [9, 62], [8, 59], [48, 60], [0, 0]]","[0, 5, 16, 15, 9, 11, 19, 18, 3, 17, 10, 14, 8, 7, 1, 4, 2, 20, 12, 6, 13, 21]",364.83855361145396,15.101724624633789
