Id,Coordinates,Order,Distance,Time
3120,"[[0, 0], [20, 11], [63, 8], [55, 10], [90, 1], [8, 1], [111, 3], [57, 3], [122, 6], [120, 2], [163, 2], [38, 11], [35, 17], [40, 7], [168, 12], [124, 12], [97, 16], [31, 17], [124, 13], [97, 7], [150, 2], [0, 0]]","[0, 5, 1, 17, 12, 11, 3, 2, 4, 19, 6, 9, 8, 15, 18, 20, 10, 14, 16, 7, 13, 21]",367.3767417466273,15.990109205245972
