Id,Coordinates,Order,Distance,Time
3507,"[[0, 0], [58, 10], [17, 40], [20, 68], [50, 92], [52, 34], [60, 87], [30, 26], [11, 5], [15, 66], [14, 74], [44, 13], [16, 35], [32, 50], [33, 55], [51, 4], [39, 21], [52, 23], [19, 86], [44, 56], [61, 47], [0, 0]]","[0, 8, 7, 16, 11, 15, 1, 17, 5, 20, 19, 3, 9, 10, 18, 4, 6, 14, 13, 2, 12, 21]",344.73243992355793,14.546396732330322
