Id,Coordinates,Order,Distance,Time
3003,"[[0, 0], [137, 19], [45, 22], [132, 26], [47, 22], [22, 20], [11, 6], [13, 6], [17, 5], [11, 4], [39, 2], [148, 8], [135, 18], [162, 1], [149, 11], [86, 2], [161, 8], [125, 24], [123, 5], [58, 2], [21, 4], [0, 0]]","[0, 9, 6, 7, 8, 5, 2, 4, 15, 18, 12, 17, 3, 1, 14, 11, 16, 13, 19, 10, 20, 21]",386.06145470332575,13.964752912521362
