Id,Coordinates,Order,Distance,Time
373,"[[0, 0], [34, 66], [63, 95], [39, 51], [6, 8], [90, 59], [87, 30], [25, 24], [87, 2], [76, 22], [12, 109], [14, 12], [95, 4], [64, 54], [74, 65], [12, 97], [81, 25], [75, 72], [31, 85], [41, 73], [16, 112], [0, 0]]","[0, 4, 11, 7, 3, 1, 19, 18, 15, 10, 20, 2, 17, 14, 13, 5, 6, 16, 9, 12, 8, 21]",434.01393591275354,19.47200322151184
