Id,Coordinates,Order,Distance,Time
3557,"[[0, 0], [101, 79], [190, 99], [17, 132], [131, 96], [95, 27], [134, 71], [94, 17], [112, 132], [109, 13], [22, 111], [51, 121], [27, 129], [50, 23], [99, 81], [105, 17], [153, 17], [15, 48], [104, 133], [186, 97], [38, 40], [0, 0]]","[0, 17, 20, 13, 7, 15, 9, 16, 1, 14, 8, 18, 11, 12, 3, 10, 4, 19, 2, 6, 5, 21]",845.4801716185613,14.30657958984375
