Id,Coordinates,Order,Distance,Time
6755,"[[0, 0], [88, 56], [67, 120], [16, 102], [30, 37], [40, 106], [68, 38], [1, 2], [37, 95], [58, 125], [52, 50], [38, 51], [57, 93], [67, 79], [4, 48], [38, 42], [49, 123], [46, 5], [89, 92], [42, 9], [77, 1], [0, 0]]","[0, 7, 11, 10, 15, 4, 14, 3, 8, 5, 16, 9, 2, 12, 13, 18, 1, 6, 20, 17, 19, 21]",510.4854626885962,19.950488328933716
