Id,Coordinates,Order,Distance,Time
2531,"[[0, 0], [4, 111], [9, 28], [17, 61], [5, 90], [17, 27], [17, 147], [25, 115], [14, 61], [3, 40], [22, 29], [42, 106], [39, 144], [22, 120], [9, 80], [28, 32], [46, 65], [44, 23], [43, 136], [40, 74], [40, 107], [0, 0]]","[0, 5, 10, 15, 17, 16, 19, 3, 8, 14, 13, 7, 20, 11, 18, 12, 6, 1, 4, 9, 2, 21]",443.7452864985725,16.29834818840027
