Id,Coordinates,Order,Distance,Time
5163,"[[0, 0], [59, 42], [161, 99], [2, 2], [118, 83], [154, 5], [159, 108], [78, 67], [164, 1], [86, 107], [120, 51], [140, 88], [51, 40], [158, 45], [53, 23], [39, 30], [54, 77], [27, 95], [108, 89], [157, 93], [171, 86], [0, 0]]","[0, 3, 15, 12, 1, 7, 16, 17, 9, 18, 4, 11, 19, 6, 2, 20, 13, 8, 5, 10, 14, 21]",629.057381850297,14.775679111480713
