Id,Coordinates,Order,Distance,Time
9940,"[[0, 0], [21, 32], [11, 66], [7, 31], [14, 178], [12, 131], [8, 153], [13, 34], [12, 145], [7, 175], [19, 142], [1, 151], [19, 99], [20, 119], [19, 80], [2, 73], [15, 25], [16, 96], [12, 89], [15, 81], [2, 53], [0, 0]]","[0, 16, 1, 7, 2, 19, 14, 18, 17, 12, 13, 5, 10, 8, 6, 4, 9, 11, 15, 20, 3, 21]",395.4947892238882,15.599557399749756
