Id,Coordinates,Order,Distance,Time
5615,"[[0, 0], [100, 21], [76, 13], [19, 41], [53, 15], [97, 95], [90, 121], [38, 110], [28, 7], [92, 94], [103, 67], [74, 85], [68, 120], [72, 41], [67, 25], [90, 69], [40, 114], [102, 63], [14, 9], [100, 65], [82, 114], [0, 0]]","[0, 18, 8, 4, 14, 2, 1, 13, 17, 10, 19, 15, 11, 9, 5, 6, 20, 12, 16, 7, 3, 21]",454.1505578739269,14.120939493179321
