Id,Coordinates,Order,Distance,Time
889,"[[0, 0], [1, 20], [47, 53], [20, 62], [21, 121], [2, 72], [33, 93], [45, 6], [41, 80], [16, 26], [27, 76], [1, 35], [38, 49], [24, 3], [6, 23], [30, 146], [8, 141], [13, 106], [6, 45], [25, 18], [40, 35], [0, 0]]","[0, 1, 14, 9, 19, 13, 7, 20, 12, 2, 3, 10, 8, 6, 4, 16, 15, 17, 5, 18, 11, 21]",440.5056575033313,14.11942434310913
