Id,Coordinates,Order,Distance,Time
6601,"[[0, 0], [50, 33], [102, 26], [181, 103], [49, 125], [167, 54], [167, 43], [105, 40], [147, 80], [191, 135], [149, 103], [28, 179], [84, 87], [131, 118], [181, 117], [143, 181], [54, 133], [164, 5], [128, 156], [171, 73], [25, 160], [0, 0]]","[0, 1, 2, 7, 12, 4, 16, 20, 11, 15, 18, 13, 10, 8, 19, 3, 14, 9, 5, 6, 17, 21]",914.8254007762939,17.229581594467163
