Id,Coordinates,Order,Distance,Time
6699,"[[0, 0], [27, 55], [99, 1], [17, 39], [129, 37], [87, 23], [129, 54], [53, 54], [57, 15], [88, 65], [122, 44], [175, 48], [158, 30], [172, 39], [53, 12], [184, 11], [94, 65], [56, 35], [177, 12], [56, 16], [15, 66], [0, 0]]","[0, 3, 1, 20, 7, 17, 19, 8, 5, 4, 10, 9, 16, 6, 12, 13, 11, 18, 15, 2, 14, 21]",618.1847314344942,19.42434334754944
