Id,Coordinates,Order,Distance,Time
8382,"[[0, 0], [64, 52], [119, 20], [122, 92], [116, 71], [6, 46], [75, 95], [86, 30], [89, 14], [25, 90], [75, 6], [17, 12], [53, 95], [138, 5], [134, 37], [118, 32], [88, 81], [5, 44], [29, 11], [94, 58], [67, 94], [0, 0]]","[0, 17, 5, 9, 12, 20, 6, 16, 3, 4, 14, 13, 2, 15, 8, 10, 7, 19, 1, 18, 11, 21]",550.765898123441,21.11097550392151
