Id,Coordinates,Order,Distance,Time
7221,"[[0, 0], [20, 57], [163, 27], [115, 3], [57, 28], [73, 25], [7, 55], [192, 32], [23, 33], [94, 42], [182, 12], [195, 3], [95, 49], [123, 20], [181, 18], [159, 56], [81, 49], [170, 38], [110, 20], [189, 13], [97, 50], [0, 0]]","[0, 6, 1, 8, 4, 5, 16, 12, 20, 9, 18, 13, 15, 17, 7, 14, 10, 19, 11, 2, 3, 21]",578.8443230014444,17.672200679779053
