Id,Coordinates,Order,Distance,Time
7307,"[[0, 0], [19, 38], [35, 25], [123, 41], [1, 51], [99, 23], [48, 116], [107, 101], [10, 116], [107, 116], [102, 85], [104, 140], [98, 51], [77, 124], [96, 96], [124, 50], [106, 83], [117, 9], [27, 142], [120, 70], [35, 134], [0, 0]]","[0, 1, 4, 8, 20, 18, 6, 13, 9, 11, 14, 10, 16, 19, 15, 3, 17, 5, 12, 7, 2, 21]",682.3325415845497,13.88896632194519
