Id,Coordinates,Order,Distance,Time
4128,"[[0, 0], [14, 14], [81, 140], [81, 144], [72, 74], [77, 39], [49, 87], [39, 127], [52, 89], [17, 2], [81, 142], [51, 101], [7, 72], [57, 21], [39, 5], [80, 53], [40, 109], [51, 12], [66, 65], [82, 3], [15, 131], [0, 0]]","[0, 9, 14, 17, 13, 19, 5, 15, 18, 4, 6, 8, 11, 16, 2, 10, 3, 7, 20, 12, 1, 21]",492.22448237957224,15.487960815429688
