Id,Coordinates,Order,Distance,Time
3767,"[[0, 0], [16, 110], [125, 8], [123, 57], [57, 124], [121, 35], [72, 65], [106, 74], [112, 35], [24, 43], [13, 117], [37, 2], [43, 100], [75, 121], [90, 83], [28, 22], [88, 10], [101, 36], [140, 110], [98, 31], [87, 18], [0, 0]]","[0, 15, 9, 20, 19, 17, 8, 5, 3, 7, 14, 6, 12, 1, 10, 4, 13, 18, 2, 16, 11, 21]",696.0329946484333,15.586820840835571
