Id,Coordinates,Order,Distance,Time
950,"[[0, 0], [34, 19], [18, 60], [70, 126], [77, 144], [116, 137], [110, 23], [56, 40], [114, 127], [103, 101], [30, 71], [59, 122], [41, 109], [85, 42], [7, 13], [142, 35], [5, 26], [135, 140], [113, 23], [47, 144], [114, 49], [0, 0]]","[0, 14, 1, 7, 13, 6, 18, 15, 20, 9, 8, 5, 17, 4, 3, 11, 19, 12, 10, 2, 16, 21]",577.253812389689,21.768518924713135
