Id,Coordinates,Order,Distance,Time
1120,"[[0, 0], [58, 23], [42, 1], [46, 11], [30, 8], [9, 28], [31, 11], [53, 4], [33, 9], [64, 26], [2, 27], [31, 32], [59, 9], [9, 12], [42, 32], [17, 11], [48, 32], [44, 24], [3, 7], [26, 24], [21, 18], [0, 0]]","[0, 18, 13, 15, 20, 19, 11, 14, 16, 17, 3, 12, 9, 1, 7, 2, 8, 4, 6, 5, 10, 21]",235.83588790808244,16.074631452560425
