Id,Coordinates,Order,Distance,Time
3099,"[[0, 0], [107, 14], [69, 111], [58, 21], [90, 160], [36, 70], [104, 76], [25, 107], [14, 3], [115, 82], [70, 117], [50, 144], [24, 49], [25, 81], [79, 53], [99, 70], [9, 112], [118, 14], [14, 119], [50, 136], [20, 140], [0, 0]]","[0, 8, 12, 5, 13, 7, 18, 16, 20, 11, 19, 10, 2, 4, 9, 6, 15, 14, 1, 17, 3, 21]",615.9441706843306,17.025456428527832
