Id,Coordinates,Order,Distance,Time
5514,"[[0, 0], [37, 34], [8, 129], [25, 108], [144, 90], [139, 136], [59, 27], [68, 109], [116, 97], [39, 68], [138, 117], [71, 123], [20, 3], [99, 124], [105, 37], [146, 75], [33, 55], [43, 30], [111, 16], [114, 89], [128, 112], [0, 0]]","[0, 1, 16, 9, 3, 2, 7, 11, 13, 5, 10, 20, 8, 19, 4, 15, 14, 18, 6, 17, 12, 21]",607.360213937594,18.906996726989746
