Id,Coordinates,Order,Distance,Time
5439,"[[0, 0], [31, 50], [115, 109], [64, 22], [57, 149], [35, 102], [146, 152], [6, 55], [148, 58], [11, 96], [57, 22], [94, 67], [52, 170], [53, 172], [43, 36], [69, 100], [47, 75], [66, 94], [20, 83], [24, 21], [15, 11], [0, 0]]","[0, 20, 19, 14, 1, 7, 18, 9, 5, 16, 17, 15, 4, 12, 13, 6, 2, 8, 11, 3, 10, 21]",694.2546741752841,15.819949626922607
