Id,Coordinates,Order,Distance,Time
5696,"[[0, 0], [20, 54], [13, 85], [34, 60], [27, 23], [6, 5], [14, 34], [9, 55], [37, 8], [13, 58], [24, 5], [11, 48], [16, 19], [34, 23], [14, 73], [42, 82], [15, 54], [6, 62], [28, 11], [24, 43], [5, 90], [0, 0]]","[0, 5, 12, 18, 10, 8, 13, 4, 19, 1, 16, 9, 7, 17, 14, 2, 20, 15, 3, 11, 6, 21]",308.67433758506183,17.282103300094604
