Id,Coordinates,Order,Distance,Time
3663,"[[0, 0], [88, 66], [46, 134], [49, 61], [83, 13], [100, 109], [23, 5], [81, 55], [16, 43], [132, 15], [112, 45], [80, 125], [30, 77], [38, 9], [147, 27], [53, 109], [2, 7], [92, 37], [64, 92], [69, 112], [18, 86], [0, 0]]","[0, 16, 6, 13, 8, 3, 7, 17, 4, 9, 14, 10, 1, 18, 15, 19, 11, 5, 2, 20, 12, 21]",667.0353503325223,13.9057137966156
