Id,Coordinates,Order,Distance,Time
8888,"[[0, 0], [92, 5], [82, 28], [31, 18], [48, 32], [50, 14], [12, 27], [58, 40], [51, 26], [35, 30], [69, 33], [6, 30], [18, 32], [29, 42], [21, 29], [80, 8], [105, 39], [39, 13], [49, 44], [14, 18], [21, 16], [0, 0]]","[0, 19, 20, 3, 17, 8, 4, 18, 7, 10, 2, 16, 1, 15, 5, 9, 13, 14, 12, 6, 11, 21]",326.7996439009288,17.984106302261353
