Id,Coordinates,Order,Distance,Time
4168,"[[0, 0], [26, 120], [107, 17], [48, 153], [59, 154], [69, 68], [154, 131], [50, 56], [126, 140], [2, 24], [152, 124], [130, 87], [41, 168], [5, 30], [98, 74], [66, 56], [13, 131], [66, 144], [17, 45], [87, 75], [11, 48], [0, 0]]","[0, 9, 13, 20, 18, 7, 5, 19, 14, 11, 10, 6, 8, 17, 4, 3, 12, 16, 1, 15, 2, 21]",661.134384333092,17.724600315093994
