Id,Coordinates,Order,Distance,Time
5170,"[[0, 0], [63, 55], [14, 29], [46, 114], [30, 87], [13, 119], [62, 83], [53, 55], [24, 95], [20, 116], [11, 50], [40, 103], [10, 114], [21, 111], [30, 26], [11, 33], [18, 24], [64, 39], [16, 119], [13, 81], [37, 40], [0, 0]]","[0, 16, 14, 20, 17, 1, 7, 6, 11, 3, 13, 9, 18, 5, 12, 8, 4, 19, 10, 15, 2, 21]",362.5455819000987,20.627031326293945
