Id,Coordinates,Order,Distance,Time
3490,"[[0, 0], [100, 22], [3, 58], [13, 94], [28, 190], [21, 115], [88, 30], [61, 57], [45, 91], [67, 88], [99, 137], [58, 140], [37, 186], [89, 126], [33, 159], [9, 192], [67, 41], [59, 74], [65, 115], [68, 119], [73, 7], [0, 0]]","[0, 2, 3, 18, 19, 13, 10, 11, 14, 12, 4, 15, 5, 8, 9, 17, 7, 16, 6, 1, 20, 21]",648.036128348591,16.575000047683716
