Id,Coordinates,Order,Distance,Time
7803,"[[0, 0], [45, 41], [55, 113], [81, 50], [19, 62], [15, 111], [14, 14], [54, 10], [94, 126], [112, 134], [37, 6], [98, 120], [3, 128], [24, 58], [146, 84], [73, 136], [13, 101], [35, 122], [94, 37], [55, 143], [74, 51], [0, 0]]","[0, 10, 7, 13, 4, 16, 5, 12, 17, 2, 19, 15, 8, 11, 9, 14, 18, 3, 20, 1, 6, 21]",589.0900090182702,16.35919189453125
