Id,Coordinates,Order,Distance,Time
4769,"[[0, 0], [89, 46], [106, 102], [106, 72], [7, 50], [43, 43], [70, 98], [57, 84], [64, 20], [8, 30], [51, 8], [68, 55], [83, 96], [36, 35], [18, 100], [48, 101], [33, 106], [95, 102], [70, 67], [16, 21], [2, 72], [0, 0]]","[0, 19, 9, 4, 20, 14, 16, 15, 7, 6, 12, 17, 2, 3, 1, 18, 11, 5, 13, 8, 10, 21]",461.1447682682951,13.686464309692383
