Id,Coordinates,Order,Distance,Time
58,"[[0, 0], [1, 26], [8, 164], [10, 88], [7, 50], [1, 85], [6, 145], [10, 8], [3, 72], [16, 71], [8, 160], [6, 62], [2, 140], [9, 39], [6, 5], [5, 117], [11, 73], [1, 143], [11, 146], [11, 163], [4, 94], [0, 0]]","[0, 14, 7, 13, 4, 11, 16, 9, 3, 20, 15, 12, 17, 6, 10, 2, 19, 18, 5, 8, 1, 21]",351.1184451423181,21.136174201965332
