Id,Coordinates,Order,Distance,Time
811,"[[0, 0], [53, 165], [81, 126], [37, 100], [57, 52], [91, 129], [35, 152], [94, 100], [88, 83], [25, 168], [45, 144], [77, 153], [72, 105], [115, 61], [105, 35], [97, 59], [71, 124], [118, 79], [4, 129], [103, 23], [87, 105], [0, 0]]","[0, 4, 13, 17, 7, 20, 16, 2, 5, 11, 1, 10, 6, 9, 18, 3, 12, 8, 15, 14, 19, 21]",667.2498047329256,19.197651863098145
