Id,Coordinates,Order,Distance,Time
3219,"[[0, 0], [13, 126], [18, 6], [21, 56], [20, 35], [23, 37], [17, 123], [9, 118], [17, 37], [5, 13], [12, 43], [10, 34], [24, 122], [14, 66], [23, 122], [25, 70], [1, 7], [25, 76], [2, 94], [24, 13], [21, 2], [0, 0]]","[0, 2, 20, 19, 4, 5, 8, 10, 3, 15, 17, 18, 7, 1, 6, 14, 12, 13, 11, 9, 16, 21]",310.7607923053131,18.841795444488525
