Id,Coordinates,Order,Distance,Time
2549,"[[0, 0], [31, 2], [15, 21], [8, 7], [29, 10], [5, 60], [27, 54], [16, 22], [20, 21], [11, 3], [33, 29], [23, 63], [17, 9], [27, 51], [18, 29], [24, 72], [36, 24], [19, 57], [1, 62], [16, 65], [33, 3], [0, 0]]","[0, 3, 9, 12, 1, 20, 4, 8, 7, 2, 14, 16, 10, 13, 6, 17, 11, 15, 19, 5, 18, 21]",241.68010734864941,14.245861053466797
