Id,Coordinates,Order,Distance,Time
8943,"[[0, 0], [43, 22], [15, 11], [43, 54], [10, 67], [58, 85], [125, 16], [160, 110], [18, 24], [26, 120], [156, 63], [60, 111], [145, 6], [140, 48], [128, 44], [140, 129], [30, 58], [26, 85], [151, 53], [20, 55], [46, 110], [0, 0]]","[0, 2, 8, 3, 16, 19, 4, 17, 9, 20, 11, 5, 15, 7, 10, 18, 13, 14, 12, 6, 1, 21]",629.450717290547,15.834287881851196
