Id,Coordinates,Order,Distance,Time
3526,"[[0, 0], [57, 49], [50, 44], [44, 44], [125, 31], [39, 27], [106, 87], [54, 44], [83, 69], [117, 78], [7, 49], [130, 2], [5, 59], [8, 85], [117, 47], [19, 67], [145, 35], [58, 61], [41, 16], [19, 62], [97, 85], [0, 0]]","[0, 18, 5, 7, 1, 17, 8, 20, 6, 9, 14, 4, 16, 11, 2, 3, 19, 15, 13, 12, 10, 21]",510.3346334689458,15.751512050628662
