Id,Coordinates,Order,Distance,Time
3742,"[[0, 0], [89, 129], [11, 170], [30, 117], [62, 75], [38, 39], [103, 91], [22, 15], [5, 21], [39, 20], [63, 70], [88, 3], [48, 85], [81, 19], [52, 97], [27, 93], [67, 50], [105, 114], [8, 71], [40, 115], [65, 131], [0, 0]]","[0, 8, 18, 5, 16, 10, 4, 12, 14, 15, 19, 3, 2, 20, 1, 17, 6, 13, 11, 9, 7, 21]",642.9531779443762,17.073817491531372
