Id,Coordinates,Order,Distance,Time
421,"[[0, 0], [7, 153], [4, 19], [11, 83], [14, 7], [12, 147], [9, 19], [8, 112], [11, 88], [2, 89], [4, 90], [12, 165], [11, 5], [7, 131], [13, 98], [13, 9], [12, 44], [11, 71], [2, 1], [12, 110], [14, 134], [0, 0]]","[0, 18, 12, 4, 15, 6, 16, 17, 3, 8, 14, 19, 20, 5, 1, 11, 13, 7, 10, 9, 2, 21]",344.6145416570159,13.253416061401367
