Id,Coordinates,Order,Distance,Time
1929,"[[0, 0], [51, 48], [62, 14], [8, 34], [82, 43], [32, 55], [71, 14], [52, 21], [63, 15], [95, 55], [5, 21], [49, 12], [35, 41], [18, 30], [69, 47], [72, 39], [66, 37], [8, 1], [54, 27], [31, 29], [42, 1], [0, 0]]","[0, 10, 3, 13, 19, 12, 5, 1, 14, 16, 18, 7, 2, 8, 6, 4, 9, 15, 11, 20, 17, 21]",344.34370511815587,16.041430711746216
