Id,Coordinates,Order,Distance,Time
133,"[[0, 0], [26, 11], [171, 15], [172, 10], [89, 21], [20, 14], [115, 1], [169, 4], [66, 20], [168, 17], [82, 21], [90, 17], [51, 16], [74, 20], [91, 3], [171, 20], [133, 8], [144, 14], [84, 11], [79, 10], [58, 17], [0, 0]]","[0, 5, 1, 12, 20, 8, 13, 10, 4, 11, 16, 17, 9, 2, 15, 3, 7, 6, 14, 18, 19, 21]",377.95500091847475,20.721667528152466
