Id,Coordinates,Order,Distance,Time
4025,"[[0, 0], [45, 49], [62, 71], [40, 65], [59, 112], [32, 86], [15, 25], [88, 93], [24, 87], [35, 30], [72, 85], [62, 47], [88, 124], [50, 109], [70, 61], [52, 45], [13, 46], [38, 65], [61, 26], [99, 20], [19, 17], [0, 0]]","[0, 6, 16, 1, 15, 14, 2, 10, 7, 12, 4, 13, 5, 8, 17, 3, 11, 19, 18, 9, 20, 21]",483.7683208791751,19.264280557632446
