Id,Coordinates,Order,Distance,Time
2720,"[[0, 0], [15, 44], [13, 67], [6, 86], [5, 116], [1, 27], [2, 62], [10, 8], [4, 39], [15, 62], [8, 69], [3, 46], [16, 132], [2, 126], [12, 107], [1, 74], [12, 95], [16, 53], [14, 170], [1, 22], [14, 144], [0, 0]]","[0, 7, 19, 5, 8, 1, 17, 9, 2, 10, 3, 16, 14, 4, 13, 18, 20, 12, 15, 6, 11, 21]",366.41032722256864,15.6073739528656
