Id,Coordinates,Order,Distance,Time
7511,"[[0, 0], [169, 36], [122, 150], [96, 43], [71, 33], [176, 29], [3, 98], [5, 54], [185, 103], [9, 43], [6, 83], [7, 17], [71, 44], [115, 94], [170, 151], [43, 45], [38, 104], [51, 149], [4, 150], [163, 137], [157, 78], [0, 0]]","[0, 11, 9, 7, 10, 6, 18, 17, 16, 12, 3, 20, 8, 19, 14, 2, 13, 1, 5, 4, 15, 21]",894.2239794588844,20.366263151168823
