Id,Coordinates,Order,Distance,Time
2959,"[[0, 0], [40, 152], [53, 87], [35, 118], [17, 101], [45, 81], [84, 33], [23, 96], [84, 13], [76, 124], [3, 10], [25, 45], [70, 36], [69, 1], [80, 2], [70, 18], [89, 153], [71, 153], [63, 146], [58, 91], [82, 83], [0, 0]]","[0, 10, 11, 5, 2, 19, 20, 9, 16, 17, 18, 1, 3, 4, 7, 12, 6, 8, 14, 13, 15, 21]",548.807371585625,16.131345510482788
