Id,Coordinates,Order,Distance,Time
7149,"[[0, 0], [78, 7], [3, 68], [3, 53], [11, 45], [50, 43], [21, 12], [43, 66], [49, 41], [65, 51], [70, 11], [56, 47], [22, 18], [1, 33], [28, 3], [86, 20], [45, 7], [48, 3], [28, 22], [79, 40], [77, 57], [0, 0]]","[0, 6, 12, 18, 14, 16, 17, 10, 1, 15, 19, 20, 9, 11, 5, 8, 7, 2, 3, 4, 13, 21]",337.29144078347326,14.644124031066895
