Id,Coordinates,Order,Distance,Time
4528,"[[0, 0], [122, 67], [84, 50], [24, 20], [24, 1], [108, 124], [5, 134], [112, 22], [72, 90], [23, 27], [90, 132], [124, 3], [11, 43], [98, 59], [107, 41], [109, 17], [29, 20], [48, 92], [38, 47], [77, 78], [26, 80], [0, 0]]","[0, 4, 16, 3, 9, 18, 17, 8, 19, 2, 13, 14, 7, 15, 11, 1, 5, 10, 6, 20, 12, 21]",644.2413153834834,15.698699712753296
