Id,Coordinates,Order,Distance,Time
9938,"[[0, 0], [86, 60], [34, 39], [151, 8], [141, 61], [181, 38], [82, 76], [8, 35], [93, 76], [97, 65], [30, 37], [5, 71], [151, 51], [149, 19], [125, 36], [45, 61], [155, 29], [49, 69], [177, 52], [40, 66], [112, 3], [0, 0]]","[0, 10, 2, 15, 19, 17, 6, 8, 9, 1, 14, 12, 4, 18, 5, 16, 13, 3, 20, 11, 7, 21]",590.8846369645061,15.012685060501099
