Id,Coordinates,Order,Distance,Time
2978,"[[0, 0], [121, 63], [90, 61], [49, 12], [96, 9], [128, 35], [11, 17], [129, 35], [15, 22], [111, 30], [34, 62], [98, 43], [84, 40], [60, 6], [47, 54], [118, 11], [54, 37], [61, 43], [108, 48], [99, 61], [24, 27], [0, 0]]","[0, 6, 8, 20, 16, 10, 14, 17, 12, 11, 18, 19, 2, 1, 5, 7, 9, 15, 4, 13, 3, 21]",427.20846631326526,15.051942825317383
