Id,Coordinates,Order,Distance,Time
1493,"[[0, 0], [32, 101], [64, 160], [39, 74], [84, 127], [30, 97], [11, 121], [35, 38], [27, 24], [45, 13], [60, 109], [20, 115], [51, 100], [16, 73], [40, 105], [66, 5], [28, 103], [29, 124], [20, 25], [32, 139], [81, 108], [0, 0]]","[0, 18, 8, 9, 15, 7, 3, 5, 16, 1, 14, 12, 10, 20, 4, 2, 19, 17, 11, 6, 13, 21]",511.35876002415966,16.951035976409912
