Id,Coordinates,Order,Distance,Time
394,"[[0, 0], [40, 6], [45, 10], [14, 4], [68, 4], [61, 11], [59, 2], [37, 1], [53, 2], [52, 15], [10, 15], [17, 10], [50, 14], [64, 10], [56, 12], [50, 16], [46, 10], [40, 16], [23, 14], [25, 16], [59, 9], [0, 0]]","[0, 10, 11, 18, 19, 17, 2, 16, 12, 15, 9, 14, 20, 5, 13, 4, 6, 8, 1, 7, 3, 21]",164.2242448948185,17.85272192955017
