Id,Coordinates,Order,Distance,Time
5122,"[[0, 0], [19, 16], [21, 8], [7, 41], [21, 34], [17, 44], [8, 10], [26, 40], [18, 43], [20, 45], [12, 45], [16, 8], [28, 15], [7, 26], [6, 27], [14, 34], [16, 18], [17, 19], [24, 24], [36, 31], [33, 34], [0, 0]]","[0, 11, 2, 1, 16, 17, 12, 18, 19, 20, 7, 4, 8, 9, 5, 10, 3, 15, 14, 13, 6, 21]",169.63396027626692,17.656030893325806
