Id,Coordinates,Order,Distance,Time
7334,"[[0, 0], [8, 40], [9, 52], [13, 11], [8, 21], [15, 34], [8, 6], [14, 55], [6, 37], [10, 12], [6, 51], [12, 54], [11, 9], [10, 50], [11, 20], [15, 36], [1, 34], [4, 46], [14, 21], [8, 40], [16, 51], [0, 0]]","[0, 6, 12, 3, 9, 14, 18, 5, 15, 1, 19, 17, 10, 2, 13, 11, 7, 20, 8, 16, 4, 21]",143.00612686584242,14.648209571838379
