Id,Coordinates,Order,Distance,Time
8435,"[[0, 0], [117, 173], [12, 173], [93, 73], [16, 123], [36, 13], [3, 128], [13, 171], [7, 119], [47, 151], [144, 128], [44, 31], [96, 14], [136, 84], [123, 114], [79, 91], [9, 157], [120, 155], [28, 95], [121, 153], [76, 166], [0, 0]]","[0, 5, 12, 13, 14, 10, 19, 17, 1, 20, 9, 7, 2, 16, 6, 8, 4, 18, 15, 3, 11, 21]",694.5952849777569,19.14326286315918
