Id,Coordinates,Order,Distance,Time
9160,"[[0, 0], [112, 53], [29, 47], [55, 44], [176, 31], [115, 59], [24, 35], [15, 88], [1, 44], [127, 50], [88, 31], [153, 65], [108, 28], [7, 24], [56, 25], [88, 34], [69, 74], [182, 29], [92, 68], [92, 34], [172, 36], [0, 0]]","[0, 13, 6, 2, 3, 14, 10, 15, 19, 12, 20, 4, 17, 11, 9, 5, 1, 18, 16, 7, 8, 21]",529.0111915664922,17.4061758518219
