Id,Coordinates,Order,Distance,Time
6542,"[[0, 0], [14, 58], [32, 30], [30, 9], [21, 34], [24, 40], [24, 92], [21, 16], [52, 85], [49, 19], [32, 100], [54, 89], [52, 92], [29, 77], [52, 10], [20, 70], [14, 65], [10, 58], [43, 69], [47, 22], [19, 68], [0, 0]]","[0, 7, 4, 5, 1, 17, 16, 20, 15, 13, 6, 10, 12, 11, 8, 18, 2, 19, 9, 14, 3, 21]",301.2898751674662,20.63685393333435
