Id,Coordinates,Order,Distance,Time
4386,"[[0, 0], [46, 62], [95, 90], [77, 4], [105, 71], [100, 47], [3, 8], [121, 77], [82, 50], [91, 9], [26, 26], [146, 80], [135, 1], [126, 69], [25, 22], [53, 38], [96, 41], [108, 6], [45, 73], [88, 91], [82, 90], [0, 0]]","[0, 6, 14, 10, 15, 1, 18, 20, 19, 2, 4, 7, 11, 13, 5, 8, 16, 12, 17, 9, 3, 21]",505.2798489717055,14.206652164459229
