Id,Coordinates,Order,Distance,Time
1951,"[[0, 0], [112, 42], [65, 23], [59, 30], [29, 1], [162, 9], [23, 13], [115, 21], [150, 9], [55, 33], [176, 44], [21, 37], [121, 12], [108, 39], [104, 21], [162, 21], [164, 14], [147, 13], [37, 2], [7, 32], [36, 29], [0, 0]]","[0, 6, 19, 11, 20, 9, 3, 2, 14, 7, 12, 17, 8, 5, 16, 15, 10, 1, 13, 18, 4, 21]",445.41271195279467,19.52065873146057
