Id,Coordinates,Order,Distance,Time
4979,"[[0, 0], [122, 57], [67, 47], [174, 52], [133, 16], [77, 1], [74, 61], [118, 66], [180, 80], [177, 55], [95, 20], [12, 24], [91, 6], [21, 4], [18, 44], [128, 85], [69, 59], [157, 57], [117, 86], [67, 41], [106, 27], [0, 0]]","[0, 11, 14, 19, 2, 16, 6, 7, 1, 18, 15, 8, 9, 3, 17, 4, 20, 10, 12, 5, 13, 21]",509.9282246524754,16.86503267288208
