Id,Coordinates,Order,Distance,Time
6064,"[[0, 0], [28, 113], [62, 120], [58, 158], [21, 32], [78, 167], [31, 133], [40, 124], [28, 116], [77, 21], [10, 78], [21, 119], [8, 137], [16, 32], [77, 118], [38, 109], [47, 126], [56, 155], [27, 135], [59, 129], [78, 118], [0, 0]]","[0, 13, 4, 10, 1, 8, 11, 12, 18, 6, 16, 19, 20, 14, 2, 15, 7, 17, 3, 5, 9, 21]",578.5206537299453,15.379552364349365
