Id,Coordinates,Order,Distance,Time
5780,"[[0, 0], [14, 34], [21, 36], [4, 52], [6, 64], [37, 88], [7, 53], [32, 61], [39, 10], [2, 98], [34, 69], [20, 8], [25, 6], [34, 42], [28, 98], [11, 112], [32, 82], [13, 65], [30, 112], [31, 36], [2, 84], [0, 0]]","[0, 11, 12, 8, 19, 13, 7, 10, 16, 5, 14, 18, 15, 9, 20, 17, 4, 6, 3, 2, 1, 21]",310.57874841191216,16.752937078475952
