Id,Coordinates,Order,Distance,Time
769,"[[0, 0], [80, 5], [56, 19], [6, 38], [34, 25], [173, 30], [101, 13], [51, 23], [171, 21], [57, 7], [139, 9], [149, 21], [1, 37], [153, 7], [73, 32], [185, 5], [12, 14], [124, 37], [108, 6], [178, 9], [175, 38], [0, 0]]","[0, 16, 4, 7, 2, 9, 1, 6, 18, 10, 13, 8, 5, 20, 15, 19, 11, 17, 14, 3, 12, 21]",482.84816739963003,14.775789499282837
