Id,Coordinates,Order,Distance,Time
22,"[[0, 0], [54, 5], [10, 40], [36, 39], [21, 71], [21, 57], [13, 41], [9, 25], [7, 141], [31, 137], [52, 89], [12, 105], [28, 123], [11, 86], [56, 162], [40, 2], [55, 57], [30, 98], [17, 42], [48, 144], [36, 16], [0, 0]]","[0, 7, 2, 6, 18, 5, 4, 3, 20, 15, 1, 16, 10, 17, 12, 9, 19, 14, 8, 11, 13, 21]",545.4155030883658,19.098029851913452
