Id,Coordinates,Order,Distance,Time
2360,"[[0, 0], [5, 18], [40, 39], [11, 32], [68, 23], [15, 2], [35, 30], [66, 9], [34, 38], [19, 43], [6, 38], [48, 30], [38, 20], [50, 30], [80, 14], [78, 37], [1, 39], [11, 2], [58, 25], [45, 3], [73, 47], [0, 0]]","[0, 1, 3, 10, 16, 9, 8, 2, 6, 12, 11, 13, 18, 4, 14, 15, 20, 7, 19, 5, 17, 21]",297.6095116884937,15.430707693099976
