Id,Coordinates,Order,Distance,Time
8783,"[[0, 0], [118, 33], [96, 29], [151, 34], [20, 16], [6, 57], [174, 46], [13, 3], [162, 2], [46, 16], [60, 50], [119, 33], [66, 16], [132, 48], [145, 41], [116, 27], [20, 10], [184, 52], [162, 23], [131, 2], [189, 27], [0, 0]]","[0, 7, 16, 4, 9, 12, 2, 15, 1, 11, 13, 14, 3, 6, 17, 20, 18, 8, 19, 10, 5, 21]",518.058473326518,13.7918860912323
