Id,Coordinates,Order,Distance,Time
6801,"[[0, 0], [72, 66], [104, 76], [127, 45], [102, 49], [90, 33], [52, 53], [74, 67], [25, 24], [38, 43], [31, 39], [23, 30], [63, 13], [79, 55], [74, 31], [109, 40], [36, 24], [9, 55], [126, 66], [48, 60], [113, 31], [0, 0]]","[0, 17, 10, 9, 6, 19, 1, 7, 13, 4, 15, 20, 3, 18, 2, 5, 14, 12, 16, 8, 11, 21]",431.9701724767091,16.90715789794922
