Id,Coordinates,Order,Distance,Time
3942,"[[0, 0], [34, 71], [45, 104], [38, 64], [33, 3], [24, 95], [15, 96], [23, 80], [64, 112], [50, 55], [62, 107], [50, 118], [29, 48], [8, 92], [9, 36], [15, 59], [22, 80], [49, 116], [63, 67], [53, 46], [49, 70], [0, 0]]","[0, 14, 12, 15, 16, 7, 1, 3, 20, 5, 6, 13, 2, 17, 11, 8, 10, 18, 9, 19, 4, 21]",409.8001030422519,17.73352885246277
