Id,Coordinates,Order,Distance,Time
4368,"[[0, 0], [94, 74], [125, 76], [46, 65], [126, 30], [4, 77], [79, 43], [12, 40], [3, 28], [60, 87], [134, 22], [6, 8], [84, 38], [78, 14], [44, 80], [15, 2], [84, 51], [94, 11], [30, 51], [6, 71], [23, 18], [0, 0]]","[0, 11, 15, 20, 18, 3, 16, 6, 12, 13, 17, 4, 10, 2, 1, 9, 14, 19, 5, 7, 8, 21]",505.3136146376285,15.537733316421509
