Id,Coordinates,Order,Distance,Time
9757,"[[0, 0], [58, 108], [112, 165], [76, 168], [107, 184], [106, 176], [18, 7], [140, 35], [26, 181], [110, 160], [140, 48], [39, 98], [134, 111], [24, 1], [56, 46], [119, 108], [95, 101], [137, 73], [128, 188], [5, 33], [84, 62], [0, 0]]","[0, 6, 13, 14, 20, 16, 15, 12, 17, 10, 7, 3, 5, 2, 9, 18, 4, 8, 1, 11, 19, 21]",811.5707125703075,17.92779302597046
