Id,Coordinates,Order,Distance,Time
3875,"[[0, 0], [64, 129], [37, 108], [37, 33], [27, 26], [5, 51], [88, 46], [3, 76], [44, 7], [7, 69], [32, 120], [93, 21], [31, 11], [85, 99], [97, 107], [68, 48], [80, 80], [98, 119], [55, 89], [25, 97], [18, 35], [0, 0]]","[0, 4, 3, 20, 5, 9, 7, 19, 2, 10, 1, 17, 14, 13, 16, 18, 15, 6, 11, 8, 12, 21]",501.70150457116415,15.11562967300415
