Id,Coordinates,Order,Distance,Time
5876,"[[0, 0], [27, 116], [3, 84], [53, 111], [63, 2], [26, 93], [7, 124], [64, 12], [4, 105], [6, 27], [23, 127], [43, 84], [43, 58], [20, 20], [2, 66], [12, 28], [44, 117], [31, 50], [58, 116], [59, 60], [29, 49], [0, 0]]","[0, 9, 15, 20, 17, 12, 11, 1, 10, 6, 8, 2, 14, 5, 16, 18, 3, 19, 7, 4, 13, 21]",496.2582834827768,14.5239577293396
