Id,Coordinates,Order,Distance,Time
5877,"[[0, 0], [28, 57], [61, 17], [7, 50], [44, 138], [37, 138], [38, 125], [71, 32], [87, 107], [52, 40], [4, 66], [49, 83], [97, 135], [68, 105], [100, 138], [55, 100], [25, 39], [88, 91], [76, 96], [18, 46], [79, 3], [0, 0]]","[0, 16, 19, 1, 9, 2, 20, 7, 11, 15, 13, 18, 17, 8, 12, 14, 4, 5, 6, 10, 3, 21]",550.5331718584844,15.781365633010864
