Id,Coordinates,Order,Distance,Time
2826,"[[0, 0], [43, 38], [40, 57], [42, 102], [20, 150], [25, 127], [3, 136], [11, 73], [40, 155], [36, 78], [38, 87], [8, 96], [21, 89], [40, 143], [31, 120], [38, 28], [21, 59], [30, 163], [22, 41], [26, 33], [8, 7], [0, 0]]","[0, 20, 19, 18, 16, 9, 2, 1, 15, 10, 3, 14, 5, 13, 8, 17, 4, 6, 11, 12, 7, 21]",481.9944971681774,19.870056867599487
