Id,Coordinates,Order,Distance,Time
2637,"[[0, 0], [15, 39], [141, 36], [102, 14], [96, 16], [178, 42], [88, 13], [42, 49], [48, 31], [56, 51], [36, 25], [130, 47], [101, 29], [131, 14], [115, 41], [89, 4], [129, 14], [110, 19], [38, 52], [47, 53], [118, 46], [0, 0]]","[0, 1, 10, 8, 7, 18, 19, 9, 6, 4, 3, 12, 14, 20, 11, 2, 5, 13, 16, 17, 15, 21]",481.8731844871194,16.84198021888733
