Id,Coordinates,Order,Distance,Time
1972,"[[0, 0], [9, 75], [1, 7], [9, 68], [4, 51], [9, 23], [11, 87], [1, 23], [7, 103], [5, 66], [11, 8], [10, 40], [11, 63], [7, 103], [7, 80], [5, 26], [4, 11], [5, 25], [10, 43], [9, 112], [1, 21], [0, 0]]","[0, 2, 16, 17, 15, 7, 20, 11, 18, 12, 3, 1, 14, 6, 8, 13, 19, 9, 4, 5, 10, 21]",247.0840950845907,15.663958311080933
