Id,Coordinates,Order,Distance,Time
9053,"[[0, 0], [15, 8], [16, 20], [21, 44], [14, 29], [22, 32], [22, 4], [23, 31], [1, 32], [25, 30], [8, 22], [4, 36], [2, 5], [11, 22], [7, 20], [13, 36], [22, 6], [8, 35], [10, 18], [23, 9], [5, 36], [0, 0]]","[0, 12, 1, 16, 6, 19, 2, 13, 10, 14, 17, 20, 11, 8, 15, 3, 7, 9, 5, 4, 18, 21]",163.75851867631414,16.40061354637146
