Id,Coordinates,Order,Distance,Time
282,"[[0, 0], [4, 93], [12, 91], [53, 105], [13, 13], [12, 30], [83, 104], [52, 47], [41, 65], [33, 99], [6, 135], [39, 63], [76, 130], [26, 12], [41, 110], [63, 111], [51, 54], [50, 36], [66, 44], [31, 95], [40, 9], [0, 0]]","[0, 4, 13, 20, 17, 7, 18, 16, 11, 19, 9, 14, 3, 15, 6, 12, 10, 1, 2, 8, 5, 21]",493.08017231800505,13.335180759429932
