Id,Coordinates,Order,Distance,Time
1182,"[[0, 0], [110, 52], [84, 33], [50, 31], [65, 99], [77, 18], [86, 156], [70, 90], [18, 100], [14, 90], [102, 116], [4, 47], [99, 132], [100, 35], [24, 129], [59, 12], [52, 87], [31, 145], [55, 58], [64, 165], [56, 118], [0, 0]]","[0, 11, 20, 4, 7, 16, 18, 3, 15, 5, 2, 13, 1, 10, 12, 6, 19, 17, 14, 8, 9, 21]",652.1151337742867,18.369678735733032
