Id,Coordinates,Order,Distance,Time
9240,"[[0, 0], [14, 21], [57, 61], [51, 61], [34, 19], [74, 27], [55, 9], [17, 60], [5, 32], [75, 44], [74, 10], [74, 24], [25, 43], [29, 18], [21, 10], [38, 24], [36, 25], [26, 25], [26, 7], [21, 8], [37, 59], [0, 0]]","[0, 14, 13, 4, 15, 16, 17, 1, 8, 12, 7, 20, 3, 2, 9, 5, 11, 10, 6, 18, 19, 21]",300.408575676257,16.42825984954834
