Id,Coordinates,Order,Distance,Time
4084,"[[0, 0], [17, 12], [9, 20], [116, 33], [176, 14], [12, 35], [87, 2], [69, 3], [150, 5], [117, 43], [90, 39], [170, 25], [115, 7], [39, 23], [110, 29], [39, 36], [60, 26], [141, 40], [72, 24], [78, 29], [106, 26], [0, 0]]","[0, 2, 5, 15, 16, 18, 19, 10, 20, 14, 3, 9, 17, 11, 4, 8, 12, 6, 7, 13, 1, 21]",424.8481862739077,18.177084922790527
