Id,Coordinates,Order,Distance,Time
7053,"[[0, 0], [10, 4], [28, 89], [1, 46], [2, 86], [6, 103], [28, 64], [15, 23], [26, 94], [24, 37], [28, 6], [23, 101], [20, 18], [14, 4], [2, 56], [16, 106], [2, 35], [17, 87], [10, 74], [19, 95], [16, 70], [0, 0]]","[0, 1, 13, 10, 12, 16, 3, 14, 18, 17, 2, 8, 19, 11, 15, 5, 4, 20, 6, 9, 7, 21]",296.07960350918825,18.889567852020264
