Id,Coordinates,Order,Distance,Time
6071,"[[0, 0], [1, 13], [9, 3], [138, 15], [43, 15], [186, 12], [178, 21], [37, 9], [96, 19], [5, 22], [56, 20], [60, 18], [34, 17], [64, 21], [54, 16], [112, 10], [141, 3], [158, 20], [87, 11], [175, 19], [52, 16], [0, 0]]","[0, 1, 9, 12, 4, 20, 14, 10, 11, 13, 8, 15, 3, 17, 19, 6, 5, 16, 18, 7, 2, 21]",404.3658168272271,18.343600749969482
