Id,Coordinates,Order,Distance,Time
4225,"[[0, 0], [39, 5], [43, 50], [25, 17], [56, 31], [36, 63], [4, 60], [44, 36], [23, 39], [44, 69], [36, 47], [16, 43], [44, 28], [15, 28], [45, 56], [24, 43], [24, 40], [49, 55], [31, 11], [48, 12], [18, 56], [0, 0]]","[0, 3, 18, 1, 19, 4, 12, 7, 2, 14, 17, 9, 5, 10, 16, 8, 15, 20, 6, 11, 13, 21]",281.36822487959716,14.031507968902588
