Id,Coordinates,Order,Distance,Time
8632,"[[0, 0], [74, 17], [7, 3], [78, 19], [88, 19], [14, 17], [62, 22], [23, 4], [41, 14], [53, 23], [17, 13], [38, 14], [81, 16], [4, 24], [71, 17], [95, 5], [5, 10], [88, 17], [18, 17], [96, 6], [41, 19], [0, 0]]","[0, 2, 7, 11, 8, 20, 9, 6, 14, 1, 3, 12, 17, 4, 19, 15, 10, 18, 5, 13, 16, 21]",242.09412359581353,15.978471755981445
