Id,Coordinates,Order,Distance,Time
461,"[[0, 0], [90, 8], [62, 4], [67, 10], [84, 10], [113, 5], [86, 5], [85, 8], [5, 9], [91, 3], [34, 9], [118, 1], [129, 6], [99, 5], [111, 10], [98, 9], [6, 9], [44, 10], [70, 2], [32, 9], [21, 4], [0, 0]]","[0, 8, 16, 20, 19, 10, 17, 3, 4, 7, 6, 9, 13, 5, 11, 12, 14, 15, 1, 18, 2, 21]",272.5513059539921,15.582132339477539
