Id,Coordinates,Order,Distance,Time
8303,"[[0, 0], [46, 9], [17, 4], [83, 7], [60, 7], [39, 12], [30, 9], [80, 13], [49, 14], [76, 12], [65, 5], [17, 7], [84, 13], [5, 7], [31, 8], [52, 10], [20, 13], [30, 8], [64, 9], [26, 6], [54, 8], [0, 0]]","[0, 2, 19, 17, 6, 14, 1, 15, 20, 18, 9, 7, 12, 3, 10, 4, 8, 5, 16, 11, 13, 21]",186.20889556952824,14.270793914794922
