Id,Coordinates,Order,Distance,Time
8853,"[[0, 0], [83, 26], [121, 4], [22, 26], [29, 1], [13, 23], [7, 2], [26, 22], [99, 34], [26, 19], [17, 19], [110, 18], [62, 33], [121, 11], [42, 5], [18, 6], [45, 20], [17, 18], [37, 19], [72, 36], [76, 23], [0, 0]]","[0, 17, 10, 5, 3, 7, 9, 18, 16, 12, 19, 20, 1, 8, 11, 13, 2, 14, 4, 15, 6, 21]",301.699212328707,16.299922466278076
