Id,Coordinates,Order,Distance,Time
7635,"[[0, 0], [95, 1], [77, 51], [15, 118], [170, 114], [114, 122], [70, 41], [96, 80], [45, 51], [117, 152], [172, 74], [139, 37], [142, 119], [35, 141], [146, 137], [44, 20], [100, 2], [126, 12], [154, 15], [32, 56], [139, 26], [0, 0]]","[0, 15, 6, 2, 7, 5, 9, 14, 12, 4, 10, 11, 20, 18, 17, 16, 1, 8, 19, 13, 3, 21]",782.4724745955803,15.67853331565857
