Id,Coordinates,Order,Distance,Time
7085,"[[0, 0], [81, 27], [23, 18], [85, 16], [23, 28], [101, 21], [71, 31], [160, 6], [1, 21], [151, 16], [158, 27], [124, 6], [34, 1], [53, 29], [168, 7], [93, 28], [155, 23], [71, 20], [47, 5], [92, 5], [64, 14], [0, 0]]","[0, 8, 2, 12, 18, 20, 17, 3, 19, 11, 9, 16, 10, 14, 7, 5, 15, 1, 6, 13, 4, 21]",415.1058254638836,15.637121438980103
