Id,Coordinates,Order,Distance,Time
7121,"[[0, 0], [5, 58], [11, 113], [7, 97], [10, 148], [10, 10], [1, 80], [4, 76], [12, 154], [4, 104], [9, 144], [5, 112], [7, 125], [2, 106], [7, 33], [1, 140], [11, 12], [1, 29], [6, 66], [7, 64], [12, 146], [0, 0]]","[0, 5, 16, 14, 1, 19, 18, 7, 6, 9, 13, 11, 12, 15, 10, 4, 8, 20, 2, 3, 17, 21]",322.8070741396248,15.559162378311157
