Id,Coordinates,Order,Distance,Time
1414,"[[0, 0], [35, 98], [46, 57], [11, 100], [8, 129], [20, 131], [3, 166], [42, 71], [36, 125], [46, 66], [61, 172], [22, 100], [12, 40], [39, 39], [39, 130], [28, 50], [58, 1], [10, 186], [39, 29], [43, 149], [39, 17], [0, 0]]","[0, 15, 13, 18, 20, 16, 2, 9, 7, 1, 11, 8, 14, 19, 10, 17, 6, 5, 4, 3, 12, 21]",571.6050239624882,15.86992597579956
