Id,Coordinates,Order,Distance,Time
8280,"[[0, 0], [39, 24], [20, 35], [71, 6], [31, 7], [63, 37], [75, 57], [92, 48], [8, 46], [108, 26], [55, 22], [64, 1], [29, 1], [37, 1], [22, 36], [60, 6], [72, 4], [116, 42], [119, 35], [35, 53], [44, 4], [0, 0]]","[0, 12, 13, 20, 15, 11, 16, 3, 1, 14, 2, 8, 19, 6, 7, 17, 18, 9, 5, 10, 4, 21]",410.2813759606134,12.914267778396606
