Id,Coordinates,Order,Distance,Time
6791,"[[0, 0], [86, 5], [45, 12], [29, 2], [74, 13], [53, 4], [78, 4], [41, 14], [28, 6], [60, 17], [52, 7], [13, 18], [73, 16], [48, 19], [86, 4], [68, 14], [59, 4], [33, 3], [26, 14], [18, 19], [27, 13], [0, 0]]","[0, 11, 19, 18, 20, 7, 2, 13, 9, 15, 12, 4, 1, 14, 6, 16, 5, 10, 17, 3, 8, 21]",200.41419067965546,15.312604427337646
