Id,Coordinates,Order,Distance,Time
6139,"[[0, 0], [70, 84], [81, 45], [18, 86], [18, 51], [39, 17], [62, 79], [40, 68], [16, 53], [8, 18], [55, 87], [17, 64], [52, 30], [5, 82], [44, 34], [56, 4], [62, 9], [76, 9], [22, 11], [12, 68], [75, 39], [0, 0]]","[0, 18, 5, 14, 12, 16, 15, 17, 20, 2, 6, 1, 10, 7, 4, 8, 19, 13, 3, 11, 9, 21]",410.36513328983443,16.536476850509644
