Id,Coordinates,Order,Distance,Time
2467,"[[0, 0], [22, 30], [19, 9], [32, 43], [5, 79], [20, 58], [36, 53], [36, 14], [32, 47], [27, 18], [33, 26], [20, 98], [24, 31], [35, 38], [31, 104], [17, 55], [41, 30], [19, 20], [25, 40], [33, 65], [39, 5], [0, 0]]","[0, 2, 20, 7, 9, 10, 16, 13, 3, 8, 5, 15, 18, 12, 1, 4, 11, 14, 19, 6, 17, 21]",352.07453005271833,13.979095935821533
