Id,Coordinates,Order,Distance,Time
3571,"[[0, 0], [5, 30], [13, 50], [4, 74], [18, 49], [15, 80], [1, 15], [3, 39], [12, 7], [11, 74], [14, 66], [21, 68], [17, 33], [14, 85], [15, 80], [20, 7], [14, 81], [9, 38], [8, 47], [10, 26], [15, 68], [0, 0]]","[0, 8, 15, 19, 1, 17, 7, 18, 2, 10, 20, 9, 3, 13, 16, 14, 5, 11, 4, 12, 6, 21]",219.6166156321756,13.776278018951416
