Id,Coordinates,Order,Distance,Time
6131,"[[0, 0], [4, 41], [3, 73], [3, 124], [2, 155], [5, 17], [9, 162], [1, 125], [1, 95], [8, 68], [11, 13], [8, 89], [5, 85], [2, 18], [9, 145], [6, 108], [6, 168], [9, 50], [3, 18], [7, 168], [9, 138], [0, 0]]","[0, 5, 18, 13, 1, 17, 9, 12, 11, 15, 3, 20, 14, 6, 19, 16, 4, 7, 8, 2, 10, 21]",348.8380889583755,16.85053586959839
