Id,Coordinates,Order,Distance,Time
9258,"[[0, 0], [73, 179], [54, 59], [9, 19], [89, 9], [55, 102], [89, 163], [62, 46], [83, 98], [51, 13], [89, 15], [52, 156], [28, 158], [23, 158], [3, 99], [10, 31], [60, 48], [65, 167], [7, 107], [18, 51], [71, 152], [0, 0]]","[0, 3, 15, 19, 2, 16, 7, 10, 4, 5, 14, 18, 13, 12, 11, 17, 1, 6, 20, 8, 9, 21]",669.4833615544635,13.914412498474121
