Id,Coordinates,Order,Distance,Time
1746,"[[0, 0], [8, 102], [129, 76], [173, 42], [103, 111], [113, 75], [22, 79], [16, 56], [136, 100], [61, 136], [153, 42], [23, 104], [105, 92], [164, 97], [138, 148], [165, 40], [17, 59], [163, 1], [78, 58], [109, 137], [122, 68], [0, 0]]","[0, 7, 16, 6, 11, 1, 9, 19, 4, 12, 5, 20, 8, 14, 13, 3, 15, 10, 17, 2, 18, 21]",800.3197191140894,17.22373867034912
