Id,Coordinates,Order,Distance,Time
555,"[[0, 0], [43, 85], [7, 84], [79, 33], [46, 60], [8, 52], [14, 91], [20, 96], [78, 48], [28, 38], [67, 48], [93, 82], [98, 11], [92, 4], [94, 11], [66, 109], [95, 20], [40, 31], [44, 31], [38, 53], [73, 48], [0, 0]]","[0, 9, 17, 18, 19, 4, 10, 20, 8, 3, 13, 14, 12, 16, 11, 15, 1, 7, 6, 2, 5, 21]",461.58510810404294,15.401919603347778
