Id,Coordinates,Order,Distance,Time
1976,"[[0, 0], [127, 41], [72, 69], [16, 11], [75, 86], [35, 18], [51, 28], [27, 5], [38, 53], [21, 69], [63, 101], [99, 111], [83, 67], [1, 3], [76, 39], [28, 91], [51, 78], [77, 102], [119, 17], [78, 112], [49, 51], [0, 0]]","[0, 13, 3, 5, 20, 8, 9, 15, 16, 2, 12, 4, 10, 17, 19, 11, 1, 18, 14, 6, 7, 21]",515.2568575053727,14.996906757354736
