Id,Coordinates,Order,Distance,Time
7780,"[[0, 0], [9, 3], [15, 4], [27, 11], [43, 2], [5, 1], [32, 4], [29, 10], [17, 8], [53, 7], [35, 3], [26, 4], [6, 4], [32, 1], [24, 8], [51, 11], [54, 2], [12, 9], [16, 7], [31, 6], [28, 8], [0, 0]]","[0, 5, 1, 2, 18, 8, 14, 3, 7, 20, 19, 6, 10, 4, 16, 9, 15, 13, 11, 17, 12, 21]",130.6490314538104,15.799408912658691
