Id,Coordinates,Order,Distance,Time
7953,"[[0, 0], [143, 27], [140, 61], [47, 3], [87, 31], [39, 16], [133, 40], [137, 44], [4, 35], [76, 52], [120, 57], [103, 34], [89, 58], [43, 21], [117, 21], [111, 34], [62, 24], [173, 63], [52, 1], [150, 61], [72, 21], [0, 0]]","[0, 5, 13, 3, 18, 16, 20, 4, 11, 15, 14, 6, 7, 1, 17, 19, 2, 10, 12, 9, 8, 21]",466.9363996862086,19.87117648124695
