Id,Coordinates,Order,Distance,Time
1534,"[[0, 0], [43, 40], [6, 85], [40, 71], [20, 9], [13, 94], [50, 83], [32, 14], [57, 55], [100, 160], [35, 40], [61, 173], [100, 98], [80, 96], [35, 75], [45, 10], [90, 6], [66, 174], [74, 162], [1, 36], [90, 113], [0, 0]]","[0, 7, 15, 16, 1, 10, 8, 3, 14, 6, 13, 20, 12, 9, 18, 17, 11, 5, 2, 19, 4, 21]",618.1780942374813,15.19724416732788
