Id,Coordinates,Order,Distance,Time
1981,"[[0, 0], [81, 30], [110, 133], [68, 20], [91, 121], [78, 62], [111, 108], [99, 11], [130, 11], [95, 103], [11, 119], [100, 68], [99, 6], [65, 32], [129, 90], [3, 131], [17, 76], [130, 34], [73, 110], [21, 6], [131, 126], [0, 0]]","[0, 19, 3, 13, 1, 7, 12, 8, 17, 11, 5, 4, 2, 20, 14, 6, 9, 18, 15, 10, 16, 21]",667.2783777144565,16.891788721084595
