Id,Coordinates,Order,Distance,Time
9212,"[[0, 0], [131, 38], [149, 55], [95, 19], [25, 34], [113, 30], [129, 31], [134, 17], [48, 53], [97, 28], [147, 18], [82, 33], [88, 24], [160, 29], [169, 45], [47, 27], [129, 10], [131, 14], [13, 19], [168, 14], [130, 15], [0, 0]]","[0, 18, 4, 8, 11, 12, 3, 5, 6, 7, 17, 20, 16, 10, 19, 13, 14, 2, 1, 9, 15, 21]",455.88305994817154,16.18607759475708
