Id,Coordinates,Order,Distance,Time
2211,"[[0, 0], [15, 49], [31, 54], [45, 112], [29, 178], [24, 30], [55, 108], [32, 71], [25, 156], [74, 38], [69, 90], [33, 116], [15, 37], [69, 4], [25, 135], [29, 4], [30, 148], [18, 112], [9, 94], [69, 73], [2, 97], [0, 0]]","[0, 15, 5, 12, 1, 2, 7, 6, 10, 19, 9, 13, 3, 11, 14, 16, 8, 4, 17, 20, 18, 21]",645.5456948306226,15.223771333694458
