Id,Coordinates,Order,Distance,Time
6086,"[[0, 0], [71, 28], [56, 36], [97, 99], [110, 87], [152, 111], [137, 43], [44, 104], [90, 143], [85, 42], [31, 148], [75, 50], [118, 62], [24, 70], [13, 38], [123, 144], [167, 15], [30, 78], [143, 37], [89, 118], [91, 46], [0, 0]]","[0, 14, 13, 17, 7, 10, 8, 19, 3, 4, 12, 6, 18, 16, 5, 15, 11, 20, 9, 1, 2, 21]",748.8291012316869,17.44909644126892
