Id,Coordinates,Order,Distance,Time
5999,"[[0, 0], [39, 82], [19, 74], [42, 130], [75, 90], [51, 73], [64, 42], [81, 186], [81, 150], [17, 139], [68, 155], [40, 136], [30, 29], [52, 141], [34, 162], [73, 152], [25, 138], [26, 26], [8, 58], [77, 61], [52, 144], [0, 0]]","[0, 17, 12, 6, 19, 4, 3, 11, 13, 20, 10, 15, 8, 7, 14, 16, 9, 1, 5, 2, 18, 21]",545.481372970241,13.685813188552856
