Id,Coordinates,Order,Distance,Time
3977,"[[0, 0], [62, 22], [41, 32], [44, 3], [67, 19], [37, 12], [54, 31], [38, 13], [7, 1], [45, 25], [57, 41], [57, 14], [15, 2], [6, 20], [19, 26], [53, 31], [43, 33], [53, 40], [38, 9], [56, 8], [54, 13], [0, 0]]","[0, 13, 14, 2, 16, 9, 15, 6, 17, 10, 1, 4, 11, 20, 19, 3, 18, 7, 5, 12, 8, 21]",203.06724197357087,14.19221806526184
