Id,Coordinates,Order,Distance,Time
295,"[[0, 0], [22, 8], [30, 38], [26, 58], [37, 18], [17, 59], [2, 10], [75, 5], [8, 55], [34, 1], [23, 58], [13, 56], [36, 14], [7, 63], [6, 54], [85, 59], [60, 34], [64, 58], [11, 44], [83, 26], [2, 61], [0, 0]]","[0, 6, 1, 12, 4, 2, 18, 14, 8, 20, 13, 11, 5, 10, 3, 17, 15, 19, 7, 16, 9, 21]",363.58889490504896,14.432537078857422
