Id,Coordinates,Order,Distance,Time
1733,"[[0, 0], [16, 137], [13, 118], [10, 31], [35, 127], [3, 39], [4, 40], [3, 149], [13, 69], [2, 112], [24, 130], [38, 88], [7, 7], [5, 28], [11, 24], [36, 21], [18, 142], [20, 166], [15, 36], [28, 132], [1, 1], [0, 0]]","[0, 20, 12, 14, 3, 13, 5, 6, 18, 8, 9, 2, 10, 1, 16, 7, 17, 19, 4, 11, 15, 21]",417.7821351313939,22.756999731063843
