Id,Coordinates,Order,Distance,Time
3371,"[[0, 0], [157, 47], [42, 4], [43, 42], [41, 73], [80, 103], [43, 37], [74, 5], [87, 3], [160, 60], [84, 118], [121, 73], [38, 101], [44, 111], [151, 104], [2, 108], [146, 63], [97, 113], [16, 106], [22, 26], [109, 42], [0, 0]]","[0, 19, 6, 3, 4, 12, 13, 18, 15, 5, 10, 17, 14, 16, 9, 1, 11, 20, 7, 8, 2, 21]",635.4919129068564,24.309000730514526
