Id,Coordinates,Order,Distance,Time
8705,"[[0, 0], [1, 165], [22, 84], [20, 39], [5, 90], [12, 120], [4, 24], [12, 62], [18, 122], [7, 11], [12, 100], [6, 53], [4, 48], [19, 33], [23, 73], [16, 138], [18, 8], [21, 65], [22, 53], [2, 144], [23, 85], [0, 0]]","[0, 9, 16, 13, 3, 18, 17, 14, 2, 20, 7, 11, 10, 5, 8, 15, 19, 1, 4, 12, 6, 21]",429.2795691768767,18.691242694854736
