Id,Coordinates,Order,Distance,Time
7498,"[[0, 0], [138, 71], [127, 26], [130, 93], [144, 29], [115, 27], [109, 22], [35, 57], [67, 2], [136, 92], [82, 72], [34, 79], [171, 102], [148, 27], [161, 71], [113, 14], [13, 117], [162, 52], [64, 51], [146, 61], [11, 8], [0, 0]]","[0, 20, 7, 11, 16, 3, 9, 12, 1, 19, 14, 17, 13, 4, 2, 5, 6, 15, 10, 18, 8, 21]",678.3883664244975,14.476827144622803
