Id,Coordinates,Order,Distance,Time
1725,"[[0, 0], [63, 11], [111, 11], [106, 5], [46, 4], [28, 2], [41, 18], [50, 20], [15, 4], [94, 21], [105, 11], [42, 20], [24, 23], [61, 1], [80, 8], [62, 19], [39, 19], [64, 25], [20, 8], [32, 8], [110, 15], [0, 0]]","[0, 8, 18, 5, 19, 16, 6, 11, 7, 17, 15, 1, 14, 9, 10, 20, 2, 3, 13, 4, 12, 21]",285.2569325462011,19.939305543899536
