Id,Coordinates,Order,Distance,Time
7374,"[[0, 0], [53, 5], [9, 122], [124, 106], [28, 23], [11, 67], [73, 69], [44, 12], [14, 51], [147, 65], [144, 64], [135, 23], [48, 53], [8, 45], [70, 71], [37, 45], [46, 97], [56, 22], [138, 86], [1, 86], [141, 98], [0, 0]]","[0, 7, 1, 17, 14, 16, 2, 19, 5, 8, 13, 15, 11, 10, 9, 18, 20, 3, 6, 12, 4, 21]",680.9461093123361,15.718178749084473
