Id,Coordinates,Order,Distance,Time
5218,"[[0, 0], [39, 8], [48, 8], [28, 14], [48, 12], [32, 16], [36, 5], [13, 16], [52, 14], [9, 16], [13, 5], [50, 7], [15, 5], [32, 16], [37, 9], [36, 4], [21, 15], [47, 7], [37, 14], [47, 1], [50, 12], [0, 0]]","[0, 9, 7, 16, 3, 5, 13, 18, 14, 1, 6, 15, 17, 2, 4, 20, 8, 11, 19, 12, 10, 21]",142.63702276787188,16.692407846450806
