Id,Coordinates,Order,Distance,Time
1152,"[[0, 0], [68, 8], [151, 9], [18, 41], [119, 42], [106, 4], [25, 3], [83, 17], [95, 4], [31, 3], [11, 39], [127, 8], [40, 21], [27, 19], [76, 24], [71, 14], [132, 10], [65, 31], [119, 19], [40, 42], [38, 15], [0, 0]]","[0, 20, 12, 13, 10, 3, 19, 17, 14, 7, 8, 5, 18, 11, 16, 2, 4, 15, 1, 9, 6, 21]",427.81231870730755,15.340101957321167
