Id,Coordinates,Order,Distance,Time
2028,"[[0, 0], [43, 115], [34, 18], [66, 81], [61, 2], [55, 22], [24, 54], [26, 8], [20, 1], [65, 86], [11, 62], [30, 4], [57, 96], [3, 105], [15, 33], [53, 79], [17, 104], [32, 23], [28, 67], [62, 26], [3, 109], [0, 0]]","[0, 7, 2, 17, 14, 6, 18, 10, 13, 20, 16, 1, 12, 9, 3, 15, 19, 5, 4, 11, 8, 21]",408.01177772259433,20.093241930007935
