Id,Coordinates,Order,Distance,Time
2437,"[[0, 0], [20, 40], [100, 98], [13, 14], [113, 132], [96, 119], [52, 90], [29, 160], [34, 76], [44, 41], [102, 74], [42, 17], [67, 87], [30, 30], [70, 119], [48, 85], [31, 162], [121, 36], [24, 85], [94, 52], [16, 161], [0, 0]]","[0, 3, 13, 11, 9, 15, 6, 12, 14, 5, 2, 10, 19, 17, 4, 16, 7, 20, 18, 8, 1, 21]",680.2384050744407,19.343787670135498
