Id,Coordinates,Order,Distance,Time
2189,"[[0, 0], [174, 73], [168, 23], [4, 14], [65, 42], [161, 39], [94, 76], [118, 7], [139, 65], [6, 72], [71, 19], [73, 74], [31, 3], [124, 77], [92, 77], [130, 56], [61, 67], [75, 38], [35, 28], [130, 38], [99, 16], [0, 0]]","[0, 12, 18, 4, 17, 10, 20, 7, 19, 15, 8, 13, 6, 14, 1, 5, 2, 11, 16, 9, 3, 21]",668.8712993367662,13.45419430732727
