Id,Coordinates,Order,Distance,Time
4859,"[[0, 0], [22, 5], [17, 15], [40, 2], [34, 17], [26, 14], [40, 14], [41, 11], [1, 14], [35, 16], [18, 12], [31, 12], [42, 5], [44, 4], [4, 6], [44, 12], [31, 17], [50, 4], [7, 11], [40, 9], [9, 4], [0, 0]]","[0, 14, 8, 18, 2, 10, 5, 16, 4, 9, 6, 7, 19, 12, 3, 13, 17, 15, 11, 1, 20, 21]",140.5096447050946,17.142184734344482
