Id,Coordinates,Order,Distance,Time
3651,"[[0, 0], [4, 8], [2, 72], [16, 27], [2, 81], [4, 57], [15, 57], [6, 8], [18, 10], [9, 72], [4, 3], [12, 69], [2, 21], [14, 76], [10, 74], [5, 81], [9, 6], [7, 66], [2, 16], [5, 12], [1, 33], [0, 0]]","[0, 1, 7, 19, 18, 12, 20, 5, 17, 11, 9, 14, 13, 15, 4, 2, 6, 3, 8, 16, 10, 21]",196.52315274141245,18.46979522705078
