Id,Coordinates,Order,Distance,Time
6798,"[[0, 0], [2, 27], [3, 3], [11, 23], [1, 7], [8, 3], [2, 14], [9, 28], [2, 25], [4, 2], [6, 11], [7, 32], [3, 1], [4, 13], [3, 34], [7, 16], [7, 12], [1, 1], [2, 27], [3, 13], [2, 29], [0, 0]]","[0, 17, 12, 9, 5, 10, 16, 15, 3, 7, 11, 14, 20, 1, 18, 8, 6, 19, 13, 4, 2, 21]",81.9398656799886,17.636285305023193
