Id,Coordinates,Order,Distance,Time
1530,"[[0, 0], [24, 8], [70, 30], [28, 18], [65, 33], [84, 51], [10, 6], [14, 57], [72, 23], [46, 68], [52, 7], [30, 25], [71, 41], [81, 8], [13, 64], [52, 64], [43, 8], [75, 34], [3, 54], [16, 26], [1, 8], [0, 0]]","[0, 20, 6, 1, 3, 11, 19, 18, 7, 14, 9, 15, 5, 17, 12, 4, 2, 8, 13, 10, 16, 21]",336.5580773617925,18.25271248817444
