Id,Coordinates,Order,Distance,Time
9137,"[[0, 0], [11, 24], [42, 18], [51, 7], [55, 18], [39, 23], [4, 22], [6, 25], [40, 19], [10, 30], [40, 16], [41, 29], [21, 3], [43, 6], [4, 1], [64, 6], [77, 24], [20, 10], [46, 24], [48, 27], [55, 4], [0, 0]]","[0, 14, 17, 1, 7, 6, 9, 5, 8, 2, 10, 18, 19, 11, 3, 20, 15, 16, 4, 13, 12, 21]",260.5148005283016,16.3079354763031
