Id,Coordinates,Order,Distance,Time
3657,"[[0, 0], [39, 89], [3, 51], [5, 52], [11, 10], [21, 91], [10, 54], [50, 3], [21, 100], [2, 4], [59, 70], [18, 62], [22, 42], [39, 79], [49, 56], [49, 28], [36, 37], [34, 64], [48, 105], [34, 95], [46, 105], [0, 0]]","[0, 4, 12, 16, 7, 15, 14, 10, 1, 19, 5, 8, 20, 18, 13, 17, 11, 6, 3, 2, 9, 21]",384.92447860369253,13.897977590560913
