Id,Coordinates,Order,Distance,Time
2137,"[[0, 0], [27, 23], [66, 10], [47, 16], [63, 7], [5, 24], [61, 11], [67, 18], [5, 2], [23, 23], [60, 19], [59, 5], [41, 10], [38, 24], [52, 6], [68, 23], [18, 14], [50, 19], [28, 18], [1, 24], [35, 17], [0, 0]]","[0, 8, 16, 9, 1, 13, 3, 17, 10, 15, 7, 2, 6, 4, 11, 14, 12, 20, 18, 5, 19, 21]",196.70797077833842,16.943846940994263
