Id,Coordinates,Order,Distance,Time
7436,"[[0, 0], [128, 11], [136, 3], [23, 7], [122, 3], [106, 11], [77, 13], [47, 9], [77, 2], [64, 2], [61, 1], [107, 2], [16, 10], [15, 2], [18, 13], [145, 7], [126, 12], [25, 8], [9, 9], [43, 7], [59, 12], [0, 0]]","[0, 18, 12, 14, 3, 17, 19, 7, 9, 10, 8, 11, 4, 16, 1, 2, 15, 5, 6, 20, 13, 21]",317.36584739954094,17.277016162872314
