Id,Coordinates,Order,Distance,Time
9333,"[[0, 0], [30, 4], [50, 25], [49, 31], [48, 18], [88, 32], [39, 29], [14, 51], [61, 37], [87, 30], [59, 3], [5, 11], [5, 37], [85, 17], [64, 23], [62, 14], [57, 26], [57, 52], [72, 16], [54, 3], [77, 30], [0, 0]]","[0, 1, 4, 2, 3, 16, 14, 18, 13, 9, 5, 20, 8, 17, 15, 10, 19, 6, 7, 12, 11, 21]",338.48192252471625,16.96140217781067
