Id,Coordinates,Order,Distance,Time
9286,"[[0, 0], [33, 116], [93, 87], [66, 82], [74, 17], [35, 96], [76, 117], [33, 59], [28, 91], [95, 51], [62, 23], [18, 78], [92, 44], [54, 60], [20, 1], [48, 95], [82, 102], [95, 103], [47, 105], [40, 100], [63, 43], [0, 0]]","[0, 14, 10, 20, 13, 7, 11, 8, 5, 19, 15, 18, 1, 6, 17, 2, 16, 3, 9, 12, 4, 21]",505.01854736114205,18.70621156692505
