Id,Coordinates,Order,Distance,Time
1993,"[[0, 0], [6, 18], [19, 91], [21, 46], [21, 119], [16, 135], [6, 89], [26, 124], [16, 56], [33, 186], [42, 30], [44, 164], [24, 128], [37, 97], [18, 161], [22, 33], [42, 21], [22, 134], [13, 118], [40, 41], [42, 54], [0, 0]]","[0, 1, 15, 3, 19, 10, 16, 20, 2, 6, 18, 4, 7, 12, 17, 5, 14, 9, 11, 13, 8, 21]",495.83468732776555,13.569490432739258
