Id,Coordinates,Order,Distance,Time
9437,"[[0, 0], [38, 50], [142, 125], [154, 14], [2, 119], [87, 25], [82, 30], [139, 132], [73, 179], [125, 24], [84, 144], [85, 80], [69, 141], [137, 52], [134, 117], [36, 1], [66, 138], [39, 44], [18, 141], [115, 6], [29, 78], [0, 0]]","[0, 17, 1, 20, 4, 18, 16, 12, 8, 10, 7, 2, 14, 11, 6, 5, 13, 3, 9, 19, 15, 21]",755.4959261736949,18.93845796585083
