Id,Coordinates,Order,Distance,Time
5234,"[[0, 0], [115, 8], [58, 7], [109, 10], [5, 2], [118, 1], [45, 4], [139, 10], [72, 1], [84, 4], [148, 8], [71, 10], [133, 10], [134, 6], [80, 7], [61, 1], [133, 2], [47, 9], [36, 8], [108, 2], [63, 3], [0, 0]]","[0, 4, 18, 17, 2, 20, 15, 8, 14, 9, 3, 1, 5, 16, 13, 10, 7, 12, 19, 11, 6, 21]",317.55060673614116,17.773994207382202
