Id,Coordinates,Order,Distance,Time
1411,"[[0, 0], [82, 39], [17, 17], [5, 9], [18, 27], [23, 41], [55, 9], [82, 10], [15, 15], [7, 9], [20, 28], [1, 30], [80, 11], [4, 45], [17, 22], [30, 44], [3, 14], [39, 6], [59, 10], [62, 15], [6, 15], [0, 0]]","[0, 16, 20, 8, 14, 4, 10, 15, 5, 13, 11, 2, 17, 6, 18, 19, 12, 7, 1, 9, 3, 21]",315.48599099075966,23.465042114257812
