Id,Coordinates,Order,Distance,Time
7552,"[[0, 0], [57, 82], [41, 27], [3, 49], [80, 107], [90, 102], [11, 4], [77, 18], [64, 72], [81, 80], [29, 87], [91, 105], [11, 67], [41, 31], [69, 54], [26, 62], [89, 61], [69, 127], [26, 129], [34, 130], [83, 62], [0, 0]]","[0, 6, 2, 13, 7, 12, 15, 1, 8, 14, 20, 16, 9, 5, 11, 4, 17, 19, 18, 10, 3, 21]",540.7677127728477,14.624310731887817
