Id,Coordinates,Order,Distance,Time
9527,"[[0, 0], [112, 62], [99, 89], [144, 48], [50, 138], [113, 68], [79, 60], [72, 10], [138, 21], [36, 23], [104, 146], [97, 117], [42, 124], [30, 138], [75, 130], [79, 70], [75, 75], [60, 70], [23, 125], [67, 16], [94, 72], [0, 0]]","[0, 9, 19, 7, 6, 15, 16, 20, 1, 3, 8, 5, 2, 11, 10, 14, 4, 13, 18, 12, 17, 21]",649.2710421056628,15.17736029624939
