Id,Coordinates,Order,Distance,Time
4720,"[[0, 0], [168, 58], [29, 47], [116, 98], [120, 70], [116, 34], [115, 94], [155, 86], [165, 61], [62, 58], [19, 31], [88, 25], [128, 156], [104, 123], [78, 134], [119, 23], [119, 94], [1, 116], [120, 50], [178, 84], [193, 38], [0, 0]]","[0, 10, 2, 9, 11, 15, 5, 18, 4, 16, 6, 3, 7, 19, 20, 1, 8, 12, 13, 14, 17, 21]",756.7269328332009,19.411203861236572
