Id,Coordinates,Order,Distance,Time
628,"[[0, 0], [3, 91], [76, 21], [79, 75], [79, 144], [26, 111], [108, 44], [118, 42], [95, 140], [63, 109], [76, 8], [8, 1], [7, 58], [134, 74], [113, 92], [121, 89], [25, 22], [22, 110], [84, 160], [65, 117], [58, 100], [0, 0]]","[0, 12, 1, 17, 5, 20, 9, 19, 4, 18, 8, 14, 15, 13, 7, 6, 3, 2, 10, 16, 11, 21]",567.1708389946142,17.373488187789917
