Id,Coordinates,Order,Distance,Time
8254,"[[0, 0], [77, 21], [114, 9], [34, 25], [63, 21], [120, 4], [6, 11], [76, 18], [61, 15], [75, 8], [82, 26], [63, 7], [87, 8], [59, 15], [15, 17], [26, 21], [111, 24], [104, 26], [13, 19], [71, 3], [77, 28], [0, 0]]","[0, 6, 18, 14, 15, 3, 13, 8, 4, 7, 1, 20, 10, 17, 16, 2, 5, 12, 9, 19, 11, 21]",286.14104522932854,15.39363980293274
