Id,Coordinates,Order,Distance,Time
114,"[[0, 0], [39, 27], [74, 26], [10, 28], [102, 33], [73, 24], [46, 8], [111, 35], [35, 22], [40, 30], [70, 21], [109, 15], [138, 29], [111, 35], [132, 34], [102, 35], [94, 28], [4, 28], [58, 17], [109, 26], [132, 9], [0, 0]]","[0, 17, 3, 8, 1, 9, 10, 5, 2, 16, 4, 15, 19, 13, 7, 14, 12, 20, 11, 18, 6, 21]",344.72831080714167,19.549969911575317
