Id,Coordinates,Order,Distance,Time
5927,"[[0, 0], [79, 19], [47, 52], [96, 28], [26, 55], [33, 45], [146, 46], [27, 7], [65, 56], [129, 2], [132, 28], [118, 14], [75, 10], [45, 15], [132, 41], [5, 46], [14, 7], [111, 1], [29, 23], [33, 4], [5, 33], [0, 0]]","[0, 16, 7, 19, 18, 13, 1, 12, 3, 11, 17, 9, 10, 14, 6, 8, 2, 5, 4, 15, 20, 21]",453.45267844508294,12.675905704498291
