Id,Coordinates,Order,Distance,Time
9312,"[[0, 0], [10, 31], [4, 23], [10, 32], [7, 7], [9, 32], [3, 19], [6, 12], [7, 6], [7, 30], [11, 21], [12, 11], [4, 21], [6, 25], [7, 1], [6, 3], [9, 21], [9, 8], [8, 23], [5, 39], [6, 22], [0, 0]]","[0, 14, 15, 8, 4, 17, 11, 7, 6, 12, 20, 16, 10, 18, 13, 9, 5, 3, 1, 19, 2, 21]",107.45293213782746,14.21086597442627
