Id,Coordinates,Order,Distance,Time
850,"[[0, 0], [34, 18], [40, 43], [17, 27], [33, 31], [139, 3], [169, 16], [117, 12], [30, 8], [149, 9], [58, 16], [178, 10], [111, 40], [156, 5], [169, 11], [138, 33], [35, 26], [72, 27], [16, 18], [30, 6], [121, 18], [0, 0]]","[0, 18, 3, 16, 1, 8, 19, 10, 17, 20, 7, 5, 9, 13, 14, 11, 6, 15, 12, 2, 4, 21]",446.73078905725475,15.347858905792236
