Id,Coordinates,Order,Distance,Time
4897,"[[0, 0], [35, 20], [99, 17], [131, 18], [3, 22], [52, 6], [27, 4], [73, 18], [114, 18], [3, 4], [131, 22], [120, 8], [114, 21], [68, 12], [54, 2], [89, 10], [95, 21], [98, 12], [65, 3], [30, 7], [125, 5], [0, 0]]","[0, 9, 6, 19, 5, 14, 18, 13, 7, 15, 17, 2, 12, 8, 11, 20, 3, 10, 16, 1, 4, 21]",323.9101564566049,14.503149271011353
