Id,Coordinates,Order,Distance,Time
952,"[[0, 0], [39, 36], [3, 99], [111, 110], [85, 4], [46, 31], [70, 139], [1, 28], [98, 20], [84, 115], [31, 64], [110, 14], [92, 90], [9, 42], [24, 70], [103, 39], [83, 89], [78, 98], [27, 75], [21, 88], [62, 141], [0, 0]]","[0, 7, 13, 1, 5, 10, 14, 18, 19, 2, 20, 6, 9, 17, 16, 12, 3, 15, 8, 11, 4, 21]",559.0022222268778,13.696073532104492
