Id,Coordinates,Order,Distance,Time
7483,"[[0, 0], [129, 104], [123, 5], [15, 7], [7, 153], [79, 126], [98, 61], [77, 46], [68, 101], [30, 33], [85, 12], [78, 124], [97, 115], [119, 155], [146, 49], [85, 116], [3, 106], [98, 42], [86, 137], [74, 4], [47, 83], [0, 0]]","[0, 3, 9, 7, 17, 6, 14, 2, 10, 19, 20, 8, 11, 5, 15, 12, 1, 13, 18, 4, 16, 21]",805.4585744559495,14.864812850952148
