Id,Coordinates,Order,Distance,Time
9742,"[[0, 0], [56, 90], [29, 71], [79, 94], [47, 81], [64, 56], [62, 29], [57, 9], [29, 6], [69, 100], [53, 53], [79, 3], [16, 88], [72, 73], [67, 8], [75, 70], [50, 87], [34, 71], [26, 51], [8, 20], [9, 94], [0, 0]]","[0, 8, 7, 14, 11, 6, 10, 5, 15, 13, 3, 9, 1, 16, 4, 12, 20, 2, 17, 18, 19, 21]",388.9928990019075,14.794095277786255
