Id,Coordinates,Order,Distance,Time
5299,"[[0, 0], [7, 45], [20, 65], [72, 80], [91, 22], [3, 70], [101, 34], [84, 53], [48, 51], [62, 14], [12, 45], [13, 69], [97, 53], [111, 25], [47, 87], [13, 57], [105, 57], [65, 40], [52, 22], [41, 55], [29, 47], [0, 0]]","[0, 1, 10, 15, 5, 11, 2, 19, 8, 17, 18, 9, 4, 13, 6, 16, 12, 7, 3, 14, 20, 21]",446.3245207347039,18.61640453338623
