Id,Coordinates,Order,Distance,Time
1431,"[[0, 0], [15, 16], [15, 170], [30, 137], [6, 37], [18, 114], [23, 145], [32, 32], [4, 94], [13, 52], [33, 138], [8, 110], [10, 97], [8, 25], [20, 148], [27, 160], [31, 12], [24, 98], [3, 127], [10, 169], [12, 79], [0, 0]]","[0, 1, 13, 4, 9, 20, 8, 12, 11, 18, 6, 14, 19, 2, 15, 10, 3, 5, 17, 7, 16, 21]",406.52610132454265,17.478878259658813
