Id,Coordinates,Order,Distance,Time
5175,"[[0, 0], [18, 39], [94, 34], [169, 12], [125, 15], [112, 32], [36, 39], [105, 19], [72, 28], [42, 7], [87, 7], [160, 5], [162, 42], [1, 28], [64, 34], [91, 8], [35, 7], [140, 30], [66, 18], [165, 29], [23, 34], [0, 0]]","[0, 13, 1, 20, 6, 14, 8, 10, 15, 7, 17, 12, 19, 3, 11, 4, 5, 2, 18, 9, 16, 21]",435.65391259538046,15.840647220611572
