Id,Coordinates,Order,Distance,Time
8400,"[[0, 0], [3, 47], [7, 102], [49, 96], [49, 124], [42, 101], [19, 75], [40, 7], [11, 90], [21, 41], [36, 154], [13, 36], [3, 3], [50, 52], [20, 112], [37, 74], [38, 26], [44, 100], [2, 163], [44, 116], [53, 17], [0, 0]]","[0, 12, 11, 9, 6, 8, 2, 14, 5, 17, 3, 13, 20, 7, 16, 15, 19, 4, 10, 18, 1, 21]",606.1397031178252,20.142000675201416
