Id,Coordinates,Order,Distance,Time
5869,"[[0, 0], [24, 79], [22, 20], [46, 56], [19, 67], [58, 79], [62, 23], [68, 40], [16, 19], [95, 18], [80, 27], [107, 20], [91, 41], [31, 61], [71, 18], [83, 48], [31, 24], [26, 19], [68, 21], [5, 17], [82, 58], [0, 0]]","[0, 8, 2, 17, 16, 6, 18, 14, 10, 9, 11, 12, 15, 20, 7, 3, 5, 1, 4, 13, 19, 21]",377.3596987457513,14.177664518356323
