Id,Coordinates,Order,Distance,Time
4930,"[[0, 0], [125, 13], [66, 9], [67, 1], [142, 18], [116, 15], [43, 2], [15, 18], [101, 8], [136, 10], [44, 3], [152, 13], [2, 14], [157, 2], [87, 9], [142, 4], [147, 18], [106, 14], [130, 11], [127, 4], [35, 13], [0, 0]]","[0, 12, 7, 20, 10, 6, 2, 14, 8, 17, 5, 1, 18, 15, 13, 11, 16, 4, 9, 19, 3, 21]",354.84747884564683,18.358307123184204
