Id,Coordinates,Order,Distance,Time
4870,"[[0, 0], [111, 42], [82, 122], [55, 144], [59, 35], [18, 34], [78, 108], [121, 105], [94, 38], [69, 84], [22, 1], [44, 50], [54, 29], [102, 24], [89, 41], [18, 147], [30, 59], [99, 67], [56, 125], [36, 99], [10, 66], [0, 0]]","[0, 10, 4, 12, 14, 8, 13, 1, 17, 7, 6, 2, 18, 3, 15, 19, 9, 11, 16, 20, 5, 21]",608.7908433910749,16.61904263496399
