Id,Coordinates,Order,Distance,Time
1615,"[[0, 0], [41, 13], [93, 56], [98, 51], [13, 73], [10, 61], [52, 32], [59, 51], [17, 76], [4, 36], [1, 16], [51, 63], [45, 11], [22, 46], [1, 58], [37, 3], [38, 24], [65, 32], [53, 64], [39, 69], [12, 45], [0, 0]]","[0, 10, 9, 20, 13, 5, 14, 4, 8, 19, 11, 18, 7, 17, 2, 3, 6, 16, 12, 1, 15, 21]",360.2059057814246,13.320961952209473
