Id,Coordinates,Order,Distance,Time
1870,"[[0, 0], [90, 7], [71, 71], [116, 55], [135, 107], [48, 42], [42, 103], [25, 5], [50, 105], [134, 110], [96, 96], [57, 47], [44, 48], [104, 101], [70, 2], [2, 29], [120, 19], [53, 94], [70, 47], [8, 11], [125, 70], [0, 0]]","[0, 19, 15, 12, 5, 11, 18, 2, 17, 6, 8, 10, 13, 9, 4, 20, 3, 16, 1, 14, 7, 21]",490.2182417393871,14.092627048492432
