Id,Coordinates,Order,Distance,Time
1773,"[[0, 0], [62, 25], [113, 4], [26, 20], [56, 7], [30, 14], [87, 21], [43, 12], [78, 4], [40, 9], [88, 16], [38, 1], [20, 8], [47, 9], [83, 1], [26, 22], [81, 3], [60, 9], [23, 1], [46, 20], [32, 24], [0, 0]]","[0, 12, 5, 3, 15, 20, 19, 7, 13, 1, 6, 10, 2, 14, 16, 8, 17, 4, 9, 11, 18, 21]",277.6084680863157,24.903002738952637
