Id,Coordinates,Order,Distance,Time
402,"[[0, 0], [15, 43], [18, 19], [28, 13], [33, 46], [2, 4], [50, 4], [36, 5], [38, 45], [7, 40], [65, 44], [65, 11], [39, 4], [65, 46], [68, 8], [1, 16], [59, 19], [66, 5], [44, 19], [15, 15], [19, 44], [0, 0]]","[0, 5, 15, 19, 2, 3, 7, 12, 6, 17, 14, 11, 16, 20, 1, 9, 4, 8, 13, 10, 18, 21]",306.7812589799108,18.197471141815186
