Id,Coordinates,Order,Distance,Time
4723,"[[0, 0], [121, 17], [33, 75], [44, 92], [7, 80], [58, 72], [84, 64], [114, 100], [27, 32], [87, 30], [113, 105], [119, 46], [113, 49], [57, 95], [13, 38], [56, 45], [73, 77], [85, 92], [38, 91], [76, 98], [43, 75], [0, 0]]","[0, 8, 15, 5, 20, 18, 3, 13, 16, 6, 12, 11, 1, 9, 7, 10, 17, 19, 2, 4, 14, 21]",576.7904779567971,15.800164461135864
