Id,Coordinates,Order,Distance,Time
3420,"[[0, 0], [1, 97], [121, 62], [20, 18], [124, 7], [107, 95], [29, 86], [81, 15], [99, 49], [19, 2], [96, 5], [77, 68], [119, 11], [6, 43], [39, 31], [87, 13], [134, 102], [54, 49], [92, 42], [103, 98], [53, 84], [0, 0]]","[0, 3, 14, 20, 6, 1, 13, 7, 15, 10, 12, 4, 18, 8, 2, 16, 5, 19, 11, 17, 9, 21]",645.8056490061858,23.68899917602539
