Id,Coordinates,Order,Distance,Time
6832,"[[0, 0], [88, 52], [46, 16], [95, 49], [93, 76], [10, 14], [43, 58], [42, 103], [71, 5], [63, 38], [75, 86], [22, 82], [16, 24], [23, 28], [57, 58], [88, 47], [43, 20], [78, 4], [19, 48], [69, 76], [64, 54], [0, 0]]","[0, 5, 12, 13, 6, 14, 20, 9, 15, 3, 1, 4, 10, 19, 7, 11, 18, 16, 2, 17, 8, 21]",463.92977277436825,15.258967399597168
