Id,Coordinates,Order,Distance,Time
3408,"[[0, 0], [67, 74], [57, 62], [91, 63], [30, 15], [110, 56], [138, 67], [154, 54], [141, 70], [8, 43], [1, 25], [67, 26], [2, 62], [40, 29], [15, 51], [96, 78], [83, 3], [65, 19], [171, 20], [109, 21], [93, 10], [0, 0]]","[0, 10, 9, 12, 14, 13, 17, 16, 20, 5, 3, 2, 1, 15, 6, 8, 7, 18, 19, 11, 4, 21]",607.7377708925355,22.393413066864014
