Id,Coordinates,Order,Distance,Time
261,"[[0, 0], [87, 74], [66, 41], [42, 71], [64, 105], [111, 144], [47, 50], [65, 69], [3, 48], [29, 38], [74, 73], [81, 51], [97, 111], [97, 87], [37, 105], [29, 107], [75, 64], [96, 19], [127, 113], [26, 3], [57, 17], [0, 0]]","[0, 20, 17, 2, 11, 16, 7, 10, 1, 13, 12, 18, 5, 4, 14, 15, 3, 6, 9, 8, 19, 21]",588.8830002260935,14.727408647537231
