Id,Coordinates,Order,Distance,Time
8579,"[[0, 0], [17, 30], [15, 53], [41, 47], [35, 9], [7, 67], [30, 4], [19, 32], [17, 63], [2, 31], [29, 21], [10, 60], [18, 52], [5, 51], [13, 12], [21, 76], [1, 34], [8, 22], [31, 49], [11, 39], [3, 23], [0, 0]]","[0, 14, 17, 9, 16, 19, 7, 1, 10, 6, 4, 3, 18, 12, 2, 8, 15, 5, 11, 13, 20, 21]",280.383587729196,17.037288665771484
