Id,Coordinates,Order,Distance,Time
6788,"[[0, 0], [122, 40], [40, 17], [16, 37], [80, 8], [44, 30], [114, 34], [86, 16], [134, 14], [56, 3], [110, 14], [9, 26], [56, 25], [77, 3], [21, 40], [128, 17], [90, 34], [37, 39], [150, 13], [116, 39], [146, 40], [0, 0]]","[0, 11, 3, 14, 17, 5, 12, 4, 7, 16, 6, 19, 1, 20, 18, 8, 15, 10, 13, 9, 2, 21]",391.9242347789533,16.0562424659729
