Id,Coordinates,Order,Distance,Time
9033,"[[0, 0], [127, 43], [8, 52], [29, 73], [133, 24], [46, 57], [149, 56], [98, 87], [118, 25], [25, 58], [58, 32], [55, 73], [7, 43], [47, 11], [137, 41], [125, 74], [126, 19], [55, 25], [101, 57], [111, 20], [47, 18], [0, 0]]","[0, 9, 5, 10, 17, 20, 13, 19, 8, 16, 4, 1, 14, 6, 15, 18, 7, 11, 3, 2, 12, 21]",520.4278277444752,18.5237078666687
