Id,Coordinates,Order,Distance,Time
3183,"[[0, 0], [20, 69], [24, 64], [2, 60], [24, 9], [9, 97], [14, 12], [3, 69], [26, 71], [7, 44], [2, 96], [6, 50], [25, 99], [7, 97], [9, 117], [28, 63], [10, 43], [24, 48], [21, 113], [28, 14], [25, 95], [0, 0]]","[0, 6, 4, 19, 16, 9, 11, 3, 1, 2, 15, 8, 20, 12, 18, 14, 5, 13, 10, 7, 17, 21]",320.0388413829993,16.06206965446472
