Id,Coordinates,Order,Distance,Time
9715,"[[0, 0], [28, 10], [88, 7], [34, 19], [75, 9], [55, 9], [45, 15], [20, 3], [74, 17], [64, 18], [100, 5], [72, 8], [101, 16], [81, 1], [59, 5], [30, 13], [101, 11], [56, 6], [13, 15], [19, 12], [17, 14], [0, 0]]","[0, 18, 20, 19, 3, 5, 17, 14, 11, 4, 13, 2, 10, 16, 12, 8, 9, 6, 15, 1, 7, 21]",236.80561045071667,14.52814269065857
