Id,Coordinates,Order,Distance,Time
7336,"[[0, 0], [11, 34], [13, 18], [6, 65], [10, 36], [2, 12], [6, 57], [5, 27], [10, 71], [9, 12], [11, 10], [9, 62], [11, 5], [4, 33], [12, 19], [4, 46], [13, 65], [7, 7], [8, 5], [7, 24], [9, 19], [0, 0]]","[0, 18, 17, 12, 10, 9, 2, 14, 20, 19, 7, 4, 1, 15, 6, 11, 16, 8, 3, 13, 5, 21]",171.26437201299817,17.33147430419922
