Id,Coordinates,Order,Distance,Time
8209,"[[0, 0], [14, 76], [159, 85], [149, 86], [4, 91], [114, 3], [143, 31], [77, 39], [87, 1], [11, 10], [18, 4], [126, 55], [69, 53], [103, 51], [155, 88], [4, 18], [12, 36], [60, 71], [114, 30], [143, 40], [90, 12], [0, 0]]","[0, 9, 15, 16, 1, 4, 17, 12, 13, 11, 19, 6, 5, 8, 20, 18, 3, 14, 2, 7, 10, 21]",638.1462116320384,15.79124641418457
