Id,Coordinates,Order,Distance,Time
4335,"[[0, 0], [16, 103], [7, 98], [15, 172], [14, 27], [85, 140], [19, 33], [45, 126], [36, 159], [84, 165], [37, 140], [52, 149], [14, 161], [87, 154], [76, 171], [46, 166], [9, 10], [38, 129], [24, 68], [24, 59], [45, 56], [0, 0]]","[0, 16, 4, 6, 19, 18, 2, 1, 17, 7, 10, 11, 8, 12, 3, 15, 14, 9, 13, 5, 20, 21]",507.9445315875008,14.964711427688599
