Id,Coordinates,Order,Distance,Time
7241,"[[0, 0], [24, 44], [41, 12], [46, 49], [31, 26], [40, 33], [93, 42], [77, 7], [26, 58], [34, 19], [40, 49], [68, 1], [38, 52], [22, 1], [32, 16], [67, 33], [10, 8], [11, 45], [28, 8], [85, 8], [81, 57], [0, 0]]","[0, 13, 18, 14, 9, 4, 5, 10, 3, 12, 8, 1, 17, 2, 11, 7, 19, 6, 20, 15, 16, 21]",382.5529127180731,14.235368728637695
