Id,Coordinates,Order,Distance,Time
3881,"[[0, 0], [9, 24], [19, 101], [69, 63], [54, 58], [68, 93], [13, 97], [61, 135], [57, 82], [5, 24], [58, 70], [23, 37], [34, 119], [65, 143], [65, 133], [21, 151], [65, 156], [64, 100], [77, 109], [9, 44], [37, 139], [0, 0]]","[0, 1, 11, 4, 3, 10, 8, 5, 17, 18, 14, 7, 13, 16, 15, 20, 12, 2, 6, 19, 9, 21]",427.96176949255425,12.971501588821411
