Id,Coordinates,Order,Distance,Time
3010,"[[0, 0], [44, 95], [7, 11], [84, 54], [8, 39], [83, 121], [28, 5], [90, 16], [81, 53], [115, 70], [74, 106], [18, 143], [21, 66], [99, 146], [19, 145], [15, 3], [39, 156], [112, 4], [72, 100], [29, 85], [69, 139], [0, 0]]","[0, 2, 4, 12, 19, 1, 18, 10, 5, 13, 20, 16, 14, 11, 8, 3, 9, 17, 7, 6, 15, 21]",611.4105157057838,14.13909125328064
