Id,Coordinates,Order,Distance,Time
2371,"[[0, 0], [43, 70], [1, 59], [17, 93], [41, 27], [4, 49], [30, 83], [33, 5], [33, 55], [19, 93], [21, 10], [13, 32], [19, 35], [37, 22], [20, 63], [19, 1], [4, 85], [11, 5], [4, 18], [32, 57], [13, 51], [0, 0]]","[0, 17, 15, 10, 7, 13, 4, 12, 20, 14, 19, 8, 1, 6, 9, 3, 16, 2, 5, 11, 18, 21]",295.6301029957433,12.863299369812012
