Id,Coordinates,Order,Distance,Time
2719,"[[0, 0], [23, 2], [14, 102], [16, 129], [2, 57], [9, 141], [19, 136], [5, 133], [20, 116], [12, 60], [8, 126], [26, 3], [27, 83], [10, 132], [28, 3], [23, 10], [27, 59], [11, 107], [17, 5], [19, 138], [22, 130], [0, 0]]","[0, 18, 1, 11, 14, 15, 16, 12, 8, 3, 20, 6, 19, 5, 7, 13, 10, 17, 2, 9, 4, 21]",337.8800035058267,12.902249813079834
