Id,Coordinates,Order,Distance,Time
3576,"[[0, 0], [55, 41], [13, 128], [54, 64], [8, 103], [93, 81], [77, 9], [41, 11], [47, 23], [45, 6], [92, 24], [6, 51], [61, 68], [55, 51], [35, 95], [40, 108], [40, 113], [7, 109], [31, 91], [26, 66], [73, 82], [0, 0]]","[0, 9, 7, 8, 1, 13, 3, 12, 20, 5, 10, 6, 19, 18, 14, 15, 16, 2, 17, 4, 11, 21]",518.5525163434968,13.435154676437378
