Id,Coordinates,Order,Distance,Time
4725,"[[0, 0], [99, 102], [23, 79], [30, 93], [98, 78], [63, 105], [35, 15], [85, 1], [82, 79], [56, 73], [4, 80], [2, 20], [61, 10], [59, 51], [47, 50], [56, 27], [95, 88], [6, 8], [93, 56], [97, 74], [19, 2], [0, 0]]","[0, 17, 20, 6, 15, 12, 7, 18, 19, 4, 16, 1, 8, 13, 14, 9, 5, 3, 2, 10, 11, 21]",498.8721135731771,13.972827196121216
