Id,Coordinates,Order,Distance,Time
8253,"[[0, 0], [40, 44], [103, 99], [28, 1], [42, 58], [61, 42], [73, 62], [85, 66], [19, 82], [4, 62], [45, 77], [89, 74], [7, 26], [37, 58], [101, 85], [104, 78], [44, 31], [79, 76], [29, 44], [103, 41], [105, 44], [0, 0]]","[0, 3, 18, 1, 16, 5, 6, 7, 17, 11, 2, 14, 15, 20, 19, 4, 13, 10, 8, 9, 12, 21]",464.21062762251285,13.879568338394165
