Id,Coordinates,Order,Distance,Time
3233,"[[0, 0], [4, 13], [10, 5], [7, 1], [5, 5], [9, 4], [2, 6], [2, 12], [5, 7], [8, 19], [3, 18], [9, 7], [5, 5], [10, 19], [4, 9], [9, 14], [10, 10], [4, 8], [14, 12], [6, 5], [12, 5], [0, 0]]","[0, 6, 17, 14, 8, 4, 12, 19, 11, 16, 1, 7, 10, 9, 13, 15, 18, 20, 2, 5, 3, 21]",75.13806017181564,14.288140058517456
