Id,Coordinates,Order,Distance,Time
7992,"[[0, 0], [13, 2], [38, 4], [17, 38], [16, 52], [37, 32], [14, 18], [27, 38], [32, 36], [40, 33], [16, 11], [10, 43], [7, 17], [5, 33], [32, 52], [8, 11], [28, 6], [25, 10], [32, 52], [9, 43], [26, 32], [0, 0]]","[0, 1, 10, 17, 16, 2, 5, 9, 8, 7, 20, 3, 11, 19, 4, 14, 18, 13, 6, 12, 15, 21]",222.16930169725586,15.625199317932129
