Id,Coordinates,Order,Distance,Time
9093,"[[0, 0], [56, 7], [18, 133], [46, 123], [55, 108], [16, 96], [12, 76], [76, 10], [66, 63], [71, 70], [25, 94], [54, 73], [53, 82], [29, 26], [14, 103], [73, 13], [44, 19], [5, 7], [63, 22], [16, 61], [47, 90], [0, 0]]","[0, 17, 13, 16, 1, 7, 15, 18, 8, 9, 11, 12, 20, 4, 3, 2, 14, 5, 10, 6, 19, 21]",410.1653918814717,23.63917326927185
