Id,Coordinates,Order,Distance,Time
1778,"[[0, 0], [26, 34], [43, 31], [96, 3], [11, 29], [73, 57], [70, 43], [114, 29], [50, 12], [127, 57], [12, 38], [140, 23], [101, 50], [115, 55], [66, 16], [115, 36], [56, 47], [99, 12], [116, 34], [9, 17], [106, 15], [0, 0]]","[0, 19, 4, 10, 1, 2, 14, 6, 16, 5, 12, 13, 9, 15, 18, 7, 11, 20, 17, 3, 8, 21]",425.02402074017755,22.581997871398926
