Id,Coordinates,Order,Distance,Time
8328,"[[0, 0], [1, 2], [58, 126], [15, 22], [44, 24], [45, 6], [67, 16], [23, 36], [26, 113], [37, 77], [63, 19], [40, 42], [62, 83], [7, 88], [32, 120], [3, 84], [18, 8], [34, 48], [64, 13], [48, 110], [59, 94], [0, 0]]","[0, 16, 5, 18, 6, 10, 4, 11, 17, 9, 12, 20, 19, 2, 14, 8, 13, 15, 7, 3, 1, 21]",394.1189813260636,12.337401390075684
