Id,Coordinates,Order,Distance,Time
9539,"[[0, 0], [83, 68], [17, 23], [148, 157], [150, 137], [81, 136], [6, 116], [58, 99], [73, 145], [134, 153], [143, 80], [5, 17], [74, 138], [13, 146], [5, 97], [106, 8], [98, 142], [79, 149], [83, 16], [21, 102], [88, 156], [0, 0]]","[0, 11, 2, 1, 7, 19, 14, 6, 13, 8, 12, 5, 17, 20, 16, 9, 3, 4, 10, 15, 18, 21]",689.2392530337613,14.16323184967041
