Id,Coordinates,Order,Distance,Time
1100,"[[0, 0], [129, 76], [17, 44], [26, 116], [53, 137], [91, 14], [46, 121], [90, 33], [119, 156], [127, 175], [22, 133], [131, 77], [76, 173], [68, 176], [31, 6], [18, 45], [143, 189], [125, 146], [29, 128], [145, 123], [91, 130], [0, 0]]","[0, 2, 15, 3, 18, 10, 4, 17, 8, 9, 16, 19, 11, 1, 5, 7, 20, 12, 13, 6, 14, 21]",863.331248316629,18.997318744659424
