Id,Coordinates,Order,Distance,Time
1895,"[[0, 0], [30, 41], [45, 3], [10, 14], [125, 33], [135, 45], [117, 18], [47, 29], [67, 56], [39, 27], [100, 47], [82, 2], [123, 57], [145, 42], [7, 44], [93, 58], [6, 27], [107, 50], [10, 45], [22, 71], [59, 64], [0, 0]]","[0, 16, 1, 9, 7, 2, 11, 6, 4, 13, 5, 12, 17, 10, 15, 8, 20, 19, 18, 14, 3, 21]",439.5671976975297,22.064744234085083
