Id,Coordinates,Order,Distance,Time
399,"[[0, 0], [44, 91], [14, 5], [79, 7], [80, 22], [59, 56], [19, 11], [48, 93], [75, 36], [26, 9], [86, 24], [49, 28], [70, 36], [5, 17], [72, 83], [50, 80], [53, 27], [40, 85], [11, 53], [22, 7], [23, 29], [0, 0]]","[0, 2, 19, 20, 18, 17, 1, 7, 15, 14, 5, 12, 8, 10, 4, 3, 16, 11, 9, 6, 13, 21]",363.6121037232838,16.904144048690796
