Id,Coordinates,Order,Distance,Time
5029,"[[0, 0], [89, 18], [110, 46], [165, 101], [64, 37], [63, 6], [123, 70], [165, 88], [48, 72], [96, 78], [103, 22], [99, 10], [114, 85], [129, 98], [168, 101], [154, 24], [165, 2], [102, 85], [134, 18], [108, 87], [6, 14], [0, 0]]","[0, 5, 1, 10, 2, 6, 12, 9, 17, 19, 13, 3, 14, 7, 15, 16, 18, 11, 4, 8, 20, 21]",616.15155947473,20.349998235702515
