Id,Coordinates,Order,Distance,Time
6303,"[[0, 0], [34, 132], [177, 114], [41, 38], [135, 121], [189, 164], [136, 138], [117, 70], [79, 160], [122, 17], [127, 73], [13, 80], [45, 16], [52, 101], [134, 141], [107, 117], [105, 73], [17, 153], [74, 25], [45, 90], [50, 113], [0, 0]]","[0, 12, 18, 9, 10, 7, 16, 15, 14, 6, 4, 2, 5, 8, 20, 13, 19, 1, 17, 11, 3, 21]",840.050555439322,16.006332874298096
