Id,Coordinates,Order,Distance,Time
3753,"[[0, 0], [86, 63], [114, 50], [77, 155], [89, 33], [46, 150], [104, 161], [32, 89], [12, 100], [59, 3], [61, 85], [66, 29], [53, 7], [162, 23], [151, 14], [23, 96], [113, 89], [58, 77], [58, 7], [93, 96], [3, 149], [0, 0]]","[0, 12, 18, 11, 4, 1, 10, 17, 7, 15, 8, 20, 5, 3, 6, 19, 16, 2, 13, 14, 9, 21]",726.9863345669028,16.616249799728394
