Id,Coordinates,Order,Distance,Time
314,"[[0, 0], [37, 37], [1, 52], [12, 15], [64, 91], [50, 158], [72, 141], [98, 44], [21, 148], [51, 119], [7, 42], [47, 150], [38, 77], [59, 160], [65, 30], [34, 11], [82, 141], [18, 12], [59, 93], [18, 184], [93, 176], [0, 0]]","[0, 3, 17, 15, 1, 14, 7, 4, 18, 9, 5, 11, 8, 19, 13, 20, 16, 6, 12, 2, 10, 21]",635.3235858089063,17.157772064208984
