Id,Coordinates,Order,Distance,Time
9874,"[[0, 0], [115, 57], [64, 85], [80, 13], [32, 33], [92, 98], [61, 76], [16, 20], [25, 35], [108, 15], [72, 17], [58, 9], [75, 42], [74, 67], [77, 54], [49, 97], [3, 84], [4, 73], [104, 66], [75, 99], [11, 74], [0, 0]]","[0, 7, 8, 4, 11, 10, 3, 9, 1, 18, 12, 14, 13, 6, 2, 5, 19, 15, 16, 17, 20, 21]",497.8577755870323,15.866336822509766
