Id,Coordinates,Order,Distance,Time
1854,"[[0, 0], [45, 8], [82, 3], [48, 6], [72, 13], [168, 6], [96, 2], [98, 1], [76, 9], [59, 4], [152, 13], [55, 11], [100, 2], [72, 13], [109, 4], [4, 3], [4, 13], [71, 12], [164, 3], [12, 7], [144, 2], [0, 0]]","[0, 15, 19, 1, 3, 9, 17, 4, 13, 8, 2, 6, 7, 12, 14, 20, 18, 5, 10, 11, 16, 21]",357.6588320314972,17.808892488479614
