Id,Coordinates,Order,Distance,Time
4187,"[[0, 0], [42, 21], [34, 109], [19, 86], [23, 37], [20, 97], [2, 113], [51, 12], [50, 132], [37, 70], [19, 25], [52, 114], [17, 107], [40, 69], [18, 109], [32, 4], [42, 73], [11, 58], [50, 97], [32, 102], [42, 27], [0, 0]]","[0, 15, 7, 1, 20, 10, 4, 9, 13, 16, 18, 11, 8, 2, 19, 5, 12, 14, 6, 3, 17, 21]",407.8631279110244,15.882777452468872
