Id,Coordinates,Order,Distance,Time
5586,"[[0, 0], [64, 82], [86, 108], [22, 12], [70, 47], [67, 142], [53, 3], [37, 12], [110, 95], [51, 139], [25, 39], [5, 103], [39, 106], [22, 95], [59, 90], [49, 127], [110, 165], [111, 20], [57, 72], [123, 12], [106, 173], [0, 0]]","[0, 3, 10, 4, 18, 1, 14, 12, 13, 11, 15, 9, 5, 20, 16, 2, 8, 17, 19, 6, 7, 21]",655.1288064855376,14.261091232299805
