Id,Coordinates,Order,Distance,Time
9157,"[[0, 0], [75, 96], [52, 19], [28, 4], [27, 47], [36, 63], [30, 104], [24, 8], [81, 81], [12, 52], [45, 147], [39, 123], [42, 62], [49, 142], [6, 92], [66, 107], [27, 73], [7, 83], [63, 18], [46, 42], [82, 56], [0, 0]]","[0, 7, 3, 2, 18, 19, 4, 5, 12, 20, 8, 1, 15, 17, 14, 6, 13, 10, 11, 16, 9, 21]",542.4394277082463,19.3514986038208
