Id,Coordinates,Order,Distance,Time
1894,"[[0, 0], [79, 2], [3, 1], [105, 8], [16, 3], [54, 10], [30, 11], [87, 5], [103, 1], [57, 7], [100, 3], [8, 11], [96, 4], [63, 4], [68, 10], [28, 10], [5, 7], [5, 6], [44, 9], [30, 3], [115, 6], [0, 0]]","[0, 17, 16, 11, 15, 6, 18, 9, 13, 1, 7, 12, 10, 8, 20, 3, 14, 5, 19, 4, 2, 21]",240.0944270758548,20.09496831893921
