Id,Coordinates,Order,Distance,Time
1896,"[[0, 0], [115, 1], [78, 49], [116, 27], [87, 4], [26, 27], [103, 37], [94, 19], [100, 38], [44, 4], [61, 5], [19, 42], [89, 36], [22, 34], [72, 9], [100, 28], [60, 12], [114, 31], [71, 13], [25, 28], [86, 16], [0, 0]]","[0, 5, 19, 13, 11, 16, 18, 20, 7, 15, 8, 12, 2, 6, 17, 3, 1, 4, 14, 10, 9, 21]",375.50544471307035,20.15396761894226
