Id,Coordinates,Order,Distance,Time
7266,"[[0, 0], [127, 22], [45, 94], [97, 91], [2, 29], [86, 57], [84, 111], [74, 149], [51, 150], [72, 131], [58, 134], [53, 10], [63, 146], [29, 78], [90, 30], [110, 12], [128, 112], [109, 140], [120, 73], [28, 14], [135, 37], [0, 0]]","[0, 19, 11, 14, 15, 1, 20, 18, 3, 6, 9, 10, 12, 7, 8, 17, 16, 5, 2, 13, 4, 21]",663.2034529023066,15.104902982711792
