Id,Coordinates,Order,Distance,Time
3242,"[[0, 0], [25, 47], [64, 28], [52, 19], [13, 11], [57, 33], [15, 40], [90, 35], [100, 35], [18, 34], [47, 45], [46, 5], [56, 43], [34, 45], [13, 37], [99, 14], [32, 31], [102, 20], [15, 18], [36, 46], [30, 17], [0, 0]]","[0, 4, 18, 20, 16, 9, 14, 6, 1, 13, 19, 10, 12, 5, 2, 7, 8, 17, 15, 3, 11, 21]",306.3529974318107,14.864412307739258
