Id,Coordinates,Order,Distance,Time
3265,"[[0, 0], [3, 53], [17, 141], [34, 12], [50, 60], [29, 6], [45, 152], [42, 13], [19, 132], [17, 109], [53, 79], [43, 41], [2, 44], [21, 64], [29, 85], [5, 112], [47, 32], [28, 124], [3, 61], [16, 86], [31, 130], [0, 0]]","[0, 5, 3, 7, 16, 11, 4, 10, 14, 19, 9, 15, 8, 2, 20, 17, 6, 13, 18, 1, 12, 21]",448.0995287931029,16.32029700279236
