Id,Coordinates,Order,Distance,Time
5211,"[[0, 0], [39, 8], [6, 12], [9, 13], [80, 3], [80, 14], [50, 7], [71, 5], [9, 9], [68, 2], [14, 1], [68, 5], [83, 11], [64, 8], [18, 12], [39, 5], [29, 15], [80, 14], [88, 1], [11, 2], [57, 6], [0, 0]]","[0, 8, 2, 3, 14, 16, 1, 6, 20, 9, 11, 7, 4, 18, 12, 5, 17, 13, 15, 10, 19, 21]",202.43435990110186,15.068761825561523
