Id,Coordinates,Order,Distance,Time
7716,"[[0, 0], [111, 2], [40, 13], [30, 24], [54, 6], [79, 31], [173, 11], [126, 34], [53, 24], [67, 25], [6, 18], [114, 13], [180, 8], [96, 30], [163, 12], [176, 25], [159, 29], [156, 1], [10, 30], [8, 6], [59, 26], [0, 0]]","[0, 19, 10, 18, 3, 2, 8, 20, 9, 5, 13, 7, 16, 15, 6, 12, 14, 17, 11, 1, 4, 21]",431.5208418661339,15.618237733840942
