Id,Coordinates,Order,Distance,Time
9046,"[[0, 0], [7, 57], [41, 20], [10, 76], [4, 124], [41, 111], [139, 114], [96, 28], [146, 51], [65, 109], [15, 128], [148, 84], [59, 52], [18, 74], [98, 71], [51, 129], [125, 47], [31, 20], [26, 115], [7, 75], [23, 73], [0, 0]]","[0, 17, 2, 12, 20, 13, 5, 9, 14, 7, 16, 8, 11, 6, 15, 18, 10, 4, 3, 19, 1, 21]",684.4572197698267,12.905099391937256
