Id,Coordinates,Order,Distance,Time
9726,"[[0, 0], [37, 10], [104, 26], [48, 37], [39, 27], [83, 43], [79, 55], [105, 54], [64, 61], [117, 70], [69, 84], [102, 8], [21, 47], [108, 41], [42, 57], [78, 24], [54, 83], [92, 51], [34, 88], [9, 77], [93, 28], [0, 0]]","[0, 1, 4, 3, 14, 8, 6, 5, 17, 15, 11, 2, 20, 13, 7, 9, 10, 16, 18, 19, 12, 21]",490.47728998894024,18.490702152252197
