Id,Coordinates,Order,Distance,Time
7060,"[[0, 0], [12, 163], [42, 173], [37, 20], [30, 87], [47, 142], [6, 123], [45, 68], [26, 63], [15, 124], [21, 26], [31, 42], [4, 172], [26, 77], [29, 32], [14, 159], [18, 14], [24, 53], [43, 54], [26, 57], [1, 165], [0, 0]]","[0, 16, 10, 14, 11, 17, 19, 8, 13, 4, 9, 6, 15, 1, 20, 12, 2, 5, 7, 18, 3, 21]",445.94626122034066,14.155470132827759
