Id,Coordinates,Order,Distance,Time
2863,"[[0, 0], [4, 62], [15, 16], [12, 147], [9, 38], [14, 77], [16, 5], [15, 80], [12, 146], [3, 38], [12, 128], [10, 81], [8, 20], [5, 53], [16, 14], [12, 131], [8, 137], [11, 1], [4, 138], [2, 86], [10, 130], [0, 0]]","[0, 17, 6, 14, 2, 12, 4, 13, 5, 7, 11, 10, 20, 15, 16, 8, 3, 18, 19, 1, 9, 21]",323.66133232946663,19.10969638824463
