Id,Coordinates,Order,Distance,Time
8781,"[[0, 0], [59, 17], [55, 10], [79, 4], [57, 31], [17, 42], [37, 13], [6, 2], [37, 6], [68, 45], [83, 25], [57, 23], [5, 9], [61, 41], [57, 3], [21, 6], [83, 38], [61, 41], [76, 13], [9, 30], [67, 23], [0, 0]]","[0, 7, 15, 6, 8, 14, 2, 1, 11, 4, 13, 17, 9, 16, 10, 3, 18, 20, 5, 19, 12, 21]",287.4909087116077,14.180281639099121
