Id,Coordinates,Order,Distance,Time
693,"[[0, 0], [54, 11], [16, 41], [14, 7], [30, 16], [41, 100], [81, 83], [26, 72], [68, 35], [32, 78], [72, 5], [19, 51], [46, 88], [10, 96], [27, 100], [89, 83], [13, 47], [69, 7], [78, 40], [69, 24], [4, 27], [0, 0]]","[0, 3, 4, 1, 17, 10, 19, 8, 18, 15, 6, 12, 5, 14, 13, 9, 7, 11, 16, 2, 20, 21]",369.02006750221966,16.729016065597534
