Id,Coordinates,Order,Distance,Time
275,"[[0, 0], [17, 35], [12, 95], [24, 78], [8, 87], [42, 10], [9, 68], [5, 50], [4, 32], [38, 49], [27, 16], [27, 48], [15, 55], [41, 79], [28, 80], [19, 59], [13, 41], [35, 84], [15, 73], [14, 75], [23, 67], [0, 0]]","[0, 10, 5, 1, 16, 12, 15, 18, 19, 3, 14, 17, 13, 9, 11, 20, 2, 4, 6, 7, 8, 21]",343.8680126200285,18.586682081222534
