Id,Coordinates,Order,Distance,Time
8743,"[[0, 0], [108, 46], [62, 158], [55, 30], [103, 146], [144, 85], [58, 22], [145, 87], [79, 3], [118, 148], [148, 70], [161, 79], [54, 7], [62, 67], [91, 174], [53, 81], [127, 122], [146, 2], [24, 156], [77, 109], [143, 120], [0, 0]]","[0, 12, 8, 17, 10, 11, 5, 7, 20, 16, 9, 4, 14, 2, 18, 19, 15, 13, 1, 3, 6, 21]",744.2148154488922,15.926817178726196
