Id,Coordinates,Order,Distance,Time
589,"[[0, 0], [34, 102], [68, 46], [114, 25], [155, 119], [5, 135], [93, 89], [57, 56], [81, 117], [141, 61], [91, 93], [44, 85], [89, 41], [36, 157], [84, 95], [18, 60], [115, 56], [82, 159], [33, 117], [129, 25], [27, 67], [0, 0]]","[0, 15, 20, 11, 1, 18, 5, 13, 17, 8, 14, 10, 6, 4, 9, 19, 3, 16, 12, 2, 7, 21]",684.7516616355446,17.336214780807495
