Id,Coordinates,Order,Distance,Time
6775,"[[0, 0], [110, 24], [41, 14], [103, 4], [126, 20], [115, 6], [143, 9], [2, 9], [93, 14], [81, 24], [57, 23], [27, 14], [132, 16], [54, 12], [69, 8], [70, 22], [76, 9], [131, 7], [81, 12], [51, 19], [147, 16], [0, 0]]","[0, 7, 11, 2, 19, 13, 14, 16, 18, 8, 3, 5, 17, 12, 6, 20, 4, 1, 9, 15, 10, 21]",332.151565374561,17.48404836654663
