Id,Coordinates,Order,Distance,Time
5391,"[[0, 0], [54, 70], [85, 134], [65, 95], [56, 60], [187, 9], [55, 62], [164, 53], [155, 162], [58, 129], [161, 166], [120, 71], [44, 5], [97, 143], [108, 53], [155, 61], [34, 116], [31, 62], [98, 112], [124, 160], [180, 46], [0, 0]]","[0, 12, 4, 6, 1, 3, 2, 18, 11, 14, 15, 7, 20, 5, 8, 10, 19, 13, 9, 16, 17, 21]",814.6163948324081,17.357259273529053
