Id,Coordinates,Order,Distance,Time
812,"[[0, 0], [2, 33], [156, 58], [127, 78], [126, 56], [174, 76], [150, 70], [25, 59], [26, 98], [95, 30], [21, 21], [92, 24], [55, 37], [74, 44], [79, 60], [54, 103], [53, 27], [136, 71], [28, 44], [124, 13], [182, 28], [0, 0]]","[0, 10, 18, 12, 16, 13, 14, 9, 11, 19, 4, 17, 6, 5, 20, 2, 3, 15, 8, 7, 1, 21]",644.987338254335,16.535873413085938
