Id,Coordinates,Order,Distance,Time
8526,"[[0, 0], [8, 20], [18, 12], [8, 8], [8, 6], [6, 25], [16, 8], [19, 32], [19, 39], [1, 6], [17, 21], [2, 26], [6, 22], [2, 33], [7, 7], [5, 10], [18, 26], [3, 11], [16, 24], [15, 24], [17, 40], [0, 0]]","[0, 4, 14, 3, 6, 2, 10, 19, 18, 16, 7, 8, 20, 13, 11, 5, 12, 1, 15, 17, 9, 21]",113.75753705734512,15.72407841682434
