Id,Coordinates,Order,Distance,Time
233,"[[0, 0], [59, 25], [86, 75], [44, 1], [34, 55], [79, 24], [118, 10], [45, 41], [128, 93], [133, 40], [22, 38], [142, 55], [34, 24], [116, 81], [146, 98], [149, 8], [97, 30], [61, 88], [53, 46], [97, 62], [144, 51], [0, 0]]","[0, 10, 7, 18, 1, 5, 16, 6, 15, 9, 20, 11, 14, 8, 13, 19, 2, 17, 4, 12, 3, 21]",545.8912525305207,13.27971625328064
