Id,Coordinates,Order,Distance,Time
6524,"[[0, 0], [5, 54], [4, 17], [5, 4], [9, 49], [33, 19], [16, 53], [33, 31], [6, 43], [12, 40], [14, 1], [12, 26], [16, 43], [13, 40], [11, 20], [29, 35], [34, 54], [34, 6], [12, 54], [9, 8], [18, 46], [0, 0]]","[0, 3, 19, 2, 14, 11, 9, 13, 12, 20, 6, 18, 4, 1, 8, 16, 7, 15, 5, 17, 10, 21]",215.52881420852137,16.12273669242859
