Id,Coordinates,Order,Distance,Time
3337,"[[0, 0], [4, 100], [81, 1], [41, 5], [34, 65], [28, 89], [19, 23], [82, 13], [57, 57], [83, 14], [41, 73], [27, 54], [66, 65], [62, 93], [45, 72], [13, 36], [55, 94], [79, 49], [41, 15], [74, 37], [41, 14], [0, 0]]","[0, 15, 11, 4, 10, 14, 12, 17, 19, 9, 7, 2, 3, 20, 18, 1, 5, 16, 13, 8, 6, 21]",502.7787855120354,24.98999834060669
