Id,Coordinates,Order,Distance,Time
5116,"[[0, 0], [69, 88], [17, 105], [43, 68], [97, 73], [8, 75], [96, 101], [5, 43], [59, 48], [62, 58], [23, 96], [73, 92], [85, 33], [87, 98], [82, 1], [31, 39], [58, 60], [55, 88], [97, 48], [34, 82], [48, 28], [0, 0]]","[0, 7, 15, 20, 8, 9, 16, 3, 5, 2, 10, 19, 17, 1, 11, 13, 6, 4, 18, 12, 14, 21]",491.80634386741906,19.168999671936035
