Id,Coordinates,Order,Distance,Time
5834,"[[0, 0], [109, 23], [105, 92], [58, 158], [15, 103], [28, 171], [107, 153], [126, 101], [41, 156], [12, 137], [74, 83], [109, 63], [14, 7], [114, 163], [27, 153], [38, 34], [95, 44], [84, 35], [79, 51], [30, 75], [130, 67], [0, 0]]","[0, 12, 15, 19, 4, 9, 14, 5, 8, 3, 6, 13, 7, 2, 20, 11, 16, 10, 18, 17, 1, 21]",695.7429548523799,14.98285436630249
