Id,Coordinates,Order,Distance,Time
7883,"[[0, 0], [155, 98], [166, 28], [118, 8], [90, 12], [167, 135], [60, 23], [79, 97], [29, 60], [109, 52], [94, 115], [4, 88], [84, 96], [174, 88], [39, 43], [23, 111], [50, 51], [35, 43], [96, 6], [170, 138], [8, 132], [0, 0]]","[0, 17, 14, 16, 8, 11, 20, 15, 7, 12, 10, 19, 5, 1, 13, 2, 3, 18, 4, 9, 6, 21]",739.3118399743539,14.171380043029785
