Id,Coordinates,Order,Distance,Time
2124,"[[0, 0], [6, 3], [18, 27], [28, 24], [30, 10], [37, 2], [29, 26], [10, 5], [5, 2], [31, 15], [3, 6], [7, 17], [25, 17], [37, 30], [9, 6], [33, 20], [17, 7], [32, 2], [13, 8], [13, 2], [30, 13], [0, 0]]","[0, 8, 1, 10, 14, 7, 18, 11, 2, 3, 6, 13, 9, 20, 4, 17, 5, 15, 12, 16, 19, 21]",162.9854277365456,16.47926902770996
