Id,Coordinates,Order,Distance,Time
2591,"[[0, 0], [50, 41], [56, 78], [99, 54], [84, 126], [99, 77], [40, 165], [26, 37], [56, 151], [72, 159], [16, 47], [102, 131], [42, 9], [41, 38], [1, 149], [52, 121], [53, 42], [24, 148], [57, 164], [72, 96], [106, 90], [0, 0]]","[0, 16, 1, 13, 7, 10, 2, 19, 15, 8, 9, 18, 6, 14, 17, 4, 11, 20, 5, 3, 12, 21]",638.4476336711684,16.75910472869873
