Id,Coordinates,Order,Distance,Time
9392,"[[0, 0], [6, 66], [15, 74], [13, 58], [1, 36], [3, 55], [9, 67], [3, 105], [6, 111], [1, 113], [11, 79], [3, 77], [15, 108], [15, 112], [14, 28], [9, 115], [8, 3], [12, 29], [9, 16], [9, 13], [10, 70], [0, 0]]","[0, 16, 19, 18, 14, 17, 5, 3, 6, 20, 2, 10, 7, 9, 8, 15, 13, 12, 11, 1, 4, 21]",267.2147851728243,15.51802372932434
