Id,Coordinates,Order,Distance,Time
9042,"[[0, 0], [16, 34], [34, 44], [73, 14], [95, 31], [72, 34], [55, 16], [14, 30], [85, 31], [59, 16], [17, 41], [62, 29], [95, 30], [10, 26], [96, 5], [28, 7], [38, 19], [59, 21], [69, 23], [19, 38], [90, 11], [0, 0]]","[0, 13, 7, 1, 19, 10, 2, 6, 9, 17, 18, 3, 20, 14, 12, 4, 8, 5, 11, 16, 15, 21]",283.67308392996443,12.933810234069824
