Id,Coordinates,Order,Distance,Time
728,"[[0, 0], [72, 34], [124, 39], [12, 10], [171, 6], [94, 10], [129, 16], [156, 52], [28, 11], [15, 41], [72, 38], [128, 42], [131, 14], [32, 38], [167, 4], [50, 20], [89, 54], [49, 36], [116, 43], [71, 18], [45, 26], [0, 0]]","[0, 3, 8, 20, 15, 17, 10, 1, 19, 5, 6, 12, 2, 11, 7, 4, 14, 18, 16, 13, 9, 21]",510.0040538257996,17.5480797290802
