Id,Coordinates,Order,Distance,Time
1649,"[[0, 0], [17, 58], [128, 19], [143, 28], [86, 1], [97, 26], [107, 83], [24, 1], [135, 75], [1, 60], [121, 43], [113, 56], [85, 125], [16, 127], [73, 6], [109, 65], [118, 54], [30, 11], [6, 54], [77, 19], [112, 28], [0, 0]]","[0, 7, 17, 14, 4, 19, 5, 20, 11, 16, 10, 2, 3, 8, 15, 6, 12, 13, 1, 9, 18, 21]",593.0053584316372,11.168532609939575
