Id,Coordinates,Order,Distance,Time
3829,"[[0, 0], [86, 51], [33, 27], [50, 69], [55, 41], [25, 17], [60, 10], [91, 19], [79, 50], [24, 57], [114, 61], [56, 36], [59, 1], [106, 12], [107, 44], [107, 16], [37, 72], [41, 31], [99, 61], [63, 48], [12, 39], [0, 0]]","[0, 5, 2, 17, 19, 8, 1, 18, 10, 14, 15, 13, 7, 12, 6, 11, 4, 3, 16, 9, 20, 21]",401.6906197385618,18.0710711479187
