Id,Coordinates,Order,Distance,Time
5094,"[[0, 0], [8, 3], [31, 44], [15, 45], [4, 78], [24, 46], [36, 62], [9, 95], [24, 72], [36, 93], [15, 5], [26, 112], [10, 41], [19, 54], [4, 57], [20, 112], [7, 80], [27, 109], [19, 23], [12, 76], [5, 60], [0, 0]]","[0, 1, 10, 18, 12, 3, 13, 14, 20, 19, 4, 16, 7, 15, 11, 17, 9, 8, 6, 2, 5, 21]",297.9695956652725,15.588984489440918
