Id,Coordinates,Order,Distance,Time
9138,"[[0, 0], [73, 7], [7, 3], [105, 7], [77, 3], [79, 6], [82, 6], [51, 9], [28, 8], [102, 7], [80, 6], [13, 9], [68, 6], [55, 2], [64, 8], [53, 8], [82, 7], [24, 3], [86, 7], [54, 9], [53, 3], [0, 0]]","[0, 2, 11, 8, 7, 15, 19, 14, 12, 1, 5, 10, 16, 18, 9, 3, 6, 4, 13, 20, 17, 21]",215.0444603915309,16.905148029327393
