Id,Coordinates,Order,Distance,Time
4330,"[[0, 0], [28, 16], [88, 45], [6, 37], [87, 27], [51, 46], [67, 29], [120, 2], [2, 42], [29, 5], [115, 49], [113, 50], [65, 23], [59, 23], [67, 5], [58, 13], [79, 27], [32, 49], [21, 4], [12, 18], [91, 45], [0, 0]]","[0, 1, 19, 3, 8, 17, 5, 13, 12, 6, 16, 4, 2, 20, 11, 10, 7, 14, 15, 9, 18, 21]",398.3239571592865,14.02742075920105
