Id,Coordinates,Order,Distance,Time
5347,"[[0, 0], [4, 40], [116, 6], [111, 14], [48, 14], [122, 53], [18, 32], [75, 13], [23, 31], [6, 36], [32, 32], [125, 26], [125, 45], [132, 24], [127, 7], [36, 28], [6, 10], [8, 3], [82, 33], [81, 54], [107, 20], [0, 0]]","[0, 17, 10, 15, 18, 19, 5, 12, 11, 13, 14, 2, 3, 20, 7, 4, 8, 6, 9, 1, 16, 21]",393.3418389330674,14.027479887008667
