Id,Coordinates,Order,Distance,Time
9476,"[[0, 0], [28, 129], [82, 191], [40, 74], [16, 160], [83, 115], [40, 33], [11, 111], [56, 6], [33, 178], [7, 9], [1, 49], [62, 161], [61, 183], [43, 175], [61, 25], [39, 174], [45, 157], [65, 62], [49, 180], [80, 32], [0, 0]]","[0, 10, 6, 15, 8, 20, 18, 3, 7, 1, 12, 2, 13, 19, 14, 16, 9, 4, 17, 5, 11, 21]",663.3067582997456,15.222925901412964
