Id,Coordinates,Order,Distance,Time
4323,"[[0, 0], [84, 44], [26, 37], [52, 41], [59, 139], [51, 82], [27, 164], [62, 32], [16, 91], [43, 72], [44, 149], [11, 77], [15, 61], [23, 73], [46, 13], [42, 20], [58, 44], [54, 30], [68, 39], [22, 51], [50, 34], [0, 0]]","[0, 2, 19, 12, 13, 9, 16, 3, 20, 17, 7, 18, 1, 14, 15, 5, 4, 10, 6, 8, 11, 21]",575.5571775500408,16.148933172225952
