Id,Coordinates,Order,Distance,Time
9761,"[[0, 0], [55, 60], [57, 16], [101, 59], [61, 54], [123, 39], [107, 50], [46, 93], [47, 19], [98, 17], [28, 44], [71, 12], [48, 18], [121, 56], [22, 33], [107, 74], [77, 80], [64, 97], [125, 70], [37, 24], [15, 83], [0, 0]]","[0, 19, 8, 12, 2, 11, 9, 5, 13, 18, 6, 3, 15, 16, 17, 7, 20, 1, 4, 10, 14, 21]",470.1004550382735,18.640551328659058
