Id,Coordinates,Order,Distance,Time
1915,"[[0, 0], [49, 40], [4, 7], [65, 48], [42, 35], [34, 47], [23, 16], [19, 8], [13, 11], [60, 4], [73, 27], [54, 42], [69, 20], [33, 5], [63, 10], [74, 14], [77, 21], [78, 8], [64, 14], [42, 35], [15, 26], [0, 0]]","[0, 7, 6, 13, 9, 14, 18, 12, 15, 17, 16, 10, 3, 11, 1, 4, 19, 5, 20, 8, 2, 21]",249.13213011375794,16.7910897731781
