Id,Coordinates,Order,Distance,Time
6261,"[[0, 0], [72, 64], [98, 39], [59, 109], [15, 101], [37, 144], [107, 149], [31, 79], [111, 96], [77, 109], [26, 8], [14, 98], [79, 63], [100, 96], [114, 97], [96, 120], [98, 145], [97, 92], [87, 94], [37, 93], [92, 96], [0, 0]]","[0, 7, 11, 4, 19, 9, 18, 20, 17, 13, 8, 14, 15, 6, 16, 5, 3, 1, 12, 2, 10, 21]",590.5250790499871,14.427643775939941
