Id,Coordinates,Order,Distance,Time
7140,"[[0, 0], [30, 71], [3, 67], [51, 11], [31, 26], [27, 75], [11, 38], [30, 8], [39, 8], [24, 78], [4, 67], [41, 58], [3, 4], [17, 34], [25, 10], [45, 37], [59, 29], [30, 4], [51, 5], [40, 21], [4, 4], [0, 0]]","[0, 12, 20, 14, 7, 8, 18, 3, 19, 4, 13, 6, 2, 10, 9, 5, 1, 11, 15, 16, 17, 21]",294.32874283674005,18.14360475540161
