Id,Coordinates,Order,Distance,Time
217,"[[0, 0], [25, 8], [72, 12], [71, 71], [37, 76], [90, 70], [76, 115], [95, 92], [82, 31], [9, 45], [39, 3], [32, 6], [23, 93], [81, 69], [68, 9], [53, 8], [43, 60], [81, 63], [94, 45], [53, 107], [51, 74], [0, 0]]","[0, 1, 11, 10, 15, 14, 2, 8, 18, 17, 13, 3, 20, 4, 12, 19, 6, 7, 5, 16, 9, 21]",450.7007162549819,14.064852714538574
