Id,Coordinates,Order,Distance,Time
4412,"[[0, 0], [43, 124], [52, 152], [73, 151], [10, 53], [100, 155], [28, 6], [107, 58], [84, 162], [63, 27], [71, 24], [44, 125], [106, 32], [28, 122], [75, 130], [85, 149], [54, 27], [54, 165], [76, 130], [108, 157], [98, 100], [0, 0]]","[0, 6, 16, 9, 10, 12, 7, 20, 18, 14, 15, 5, 19, 8, 3, 17, 2, 11, 1, 13, 4, 21]",514.3282872909551,14.444069147109985
