Id,Coordinates,Order,Distance,Time
1181,"[[0, 0], [6, 57], [10, 26], [1, 17], [16, 26], [9, 42], [10, 48], [14, 32], [10, 25], [9, 35], [10, 47], [6, 59], [10, 46], [19, 50], [8, 23], [16, 35], [3, 6], [7, 38], [11, 36], [18, 9], [1, 14], [0, 0]]","[0, 16, 20, 3, 14, 8, 2, 18, 9, 17, 5, 12, 10, 6, 1, 11, 13, 15, 7, 4, 19, 21]",146.6183890258146,18.620432138442993
