Id,Coordinates,Order,Distance,Time
3171,"[[0, 0], [57, 100], [41, 89], [41, 79], [44, 97], [96, 147], [133, 6], [156, 122], [9, 68], [130, 44], [44, 44], [141, 154], [122, 130], [51, 46], [139, 8], [38, 105], [129, 33], [124, 89], [110, 158], [149, 52], [76, 118], [0, 0]]","[0, 8, 3, 2, 4, 15, 1, 20, 5, 18, 12, 11, 7, 17, 19, 9, 16, 14, 6, 13, 10, 21]",641.5156480866832,16.905581951141357
