Id,Coordinates,Order,Distance,Time
7966,"[[0, 0], [52, 4], [29, 25], [111, 37], [30, 32], [53, 31], [18, 17], [98, 7], [105, 39], [80, 43], [2, 11], [115, 22], [71, 24], [61, 4], [45, 10], [7, 43], [89, 63], [1, 9], [116, 38], [87, 6], [97, 2], [0, 0]]","[0, 17, 10, 15, 4, 5, 12, 9, 16, 8, 3, 18, 11, 7, 20, 19, 13, 1, 14, 2, 6, 21]",352.893760585839,18.571428537368774
