Id,Coordinates,Order,Distance,Time
8601,"[[0, 0], [68, 147], [79, 73], [67, 180], [11, 179], [100, 50], [58, 9], [65, 37], [86, 115], [110, 47], [93, 30], [39, 19], [61, 39], [99, 71], [84, 63], [102, 100], [17, 5], [100, 42], [4, 49], [26, 52], [74, 127], [0, 0]]","[0, 16, 11, 6, 12, 7, 10, 17, 9, 5, 14, 2, 13, 15, 8, 20, 1, 3, 4, 19, 18, 21]",592.3710568315769,14.727408647537231
