Id,Coordinates,Order,Distance,Time
5657,"[[0, 0], [64, 44], [86, 5], [58, 38], [32, 39], [83, 2], [13, 36], [9, 34], [25, 1], [84, 20], [23, 44], [57, 19], [58, 12], [30, 29], [50, 11], [64, 4], [70, 23], [9, 2], [33, 32], [28, 29], [38, 1], [0, 0]]","[0, 17, 8, 20, 14, 16, 9, 2, 5, 15, 12, 11, 1, 3, 18, 13, 19, 4, 10, 6, 7, 21]",285.9790268900706,15.59262228012085
