Id,Coordinates,Order,Distance,Time
6894,"[[0, 0], [44, 3], [15, 43], [11, 1], [16, 3], [32, 33], [16, 7], [29, 28], [5, 6], [28, 16], [33, 7], [44, 30], [9, 2], [32, 13], [10, 31], [6, 36], [26, 14], [12, 35], [37, 12], [26, 16], [38, 46], [0, 0]]","[0, 8, 12, 3, 4, 6, 16, 19, 9, 13, 18, 10, 1, 11, 5, 7, 20, 2, 15, 17, 14, 21]",211.55109125228893,12.900823831558228
