Id,Coordinates,Order,Distance,Time
8314,"[[0, 0], [23, 24], [13, 21], [143, 39], [88, 9], [11, 33], [58, 35], [14, 28], [150, 4], [12, 3], [109, 22], [139, 16], [38, 40], [115, 34], [64, 8], [97, 9], [149, 6], [143, 22], [125, 21], [109, 3], [51, 34], [0, 0]]","[0, 2, 7, 5, 1, 12, 20, 6, 10, 13, 18, 3, 17, 11, 16, 8, 19, 15, 4, 14, 9, 21]",395.47293982229985,12.677260875701904
