Id,Coordinates,Order,Distance,Time
6810,"[[0, 0], [80, 19], [58, 9], [87, 34], [66, 3], [13, 26], [95, 42], [31, 80], [6, 39], [61, 5], [33, 34], [98, 44], [50, 46], [20, 64], [52, 79], [39, 80], [23, 37], [14, 48], [45, 56], [16, 41], [96, 49], [0, 0]]","[0, 8, 19, 18, 14, 15, 7, 13, 17, 16, 10, 2, 9, 4, 1, 3, 6, 11, 20, 12, 5, 21]",408.6282945028545,17.890615224838257
