Id,Coordinates,Order,Distance,Time
5719,"[[0, 0], [45, 11], [42, 10], [36, 11], [42, 4], [14, 12], [51, 13], [30, 1], [10, 4], [21, 7], [32, 1], [43, 12], [39, 5], [47, 3], [9, 8], [44, 10], [39, 8], [18, 1], [41, 1], [32, 7], [1, 8], [0, 0]]","[0, 20, 14, 5, 9, 19, 3, 16, 12, 4, 18, 13, 6, 1, 11, 15, 2, 10, 7, 17, 8, 21]",136.95129112632478,13.895079135894775
