Id,Coordinates,Order,Distance,Time
5552,"[[0, 0], [44, 137], [138, 1], [138, 16], [125, 83], [89, 26], [70, 31], [122, 131], [3, 159], [86, 59], [145, 68], [76, 130], [88, 34], [41, 61], [71, 165], [91, 144], [44, 14], [106, 106], [11, 66], [37, 137], [56, 55], [0, 0]]","[0, 16, 6, 20, 13, 8, 19, 1, 11, 14, 15, 7, 17, 4, 10, 3, 2, 5, 12, 9, 18, 21]",785.8834045803295,13.948867321014404
