Id,Coordinates,Order,Distance,Time
6364,"[[0, 0], [94, 72], [43, 37], [63, 52], [107, 42], [119, 31], [39, 16], [58, 48], [84, 40], [113, 66], [95, 37], [113, 19], [121, 64], [138, 75], [82, 7], [132, 83], [48, 56], [81, 34], [111, 49], [119, 85], [114, 24], [0, 0]]","[0, 2, 16, 7, 3, 8, 17, 10, 4, 18, 9, 12, 13, 15, 19, 1, 5, 20, 11, 14, 6, 21]",438.8515495784307,15.00325322151184
