Id,Coordinates,Order,Distance,Time
7107,"[[0, 0], [192, 42], [77, 57], [49, 71], [18, 132], [28, 23], [129, 73], [3, 5], [184, 137], [87, 119], [160, 134], [186, 132], [2, 86], [144, 71], [68, 36], [191, 143], [185, 104], [58, 24], [11, 76], [104, 132], [32, 40], [0, 0]]","[0, 7, 5, 17, 14, 3, 18, 12, 4, 9, 19, 10, 8, 11, 15, 16, 1, 13, 6, 2, 20, 21]",737.6892197070606,14.141981601715088
