Id,Coordinates,Order,Distance,Time
7760,"[[0, 0], [3, 7], [45, 100], [25, 102], [24, 56], [43, 93], [65, 40], [28, 81], [43, 7], [39, 91], [60, 45], [25, 2], [13, 87], [26, 65], [2, 47], [51, 60], [37, 115], [35, 107], [5, 65], [3, 28], [16, 8], [0, 0]]","[0, 1, 20, 11, 8, 6, 10, 15, 4, 13, 7, 9, 5, 2, 17, 16, 3, 12, 18, 14, 19, 21]",338.83260991049025,18.974370002746582
