Id,Coordinates,Order,Distance,Time
3390,"[[0, 0], [4, 78], [1, 77], [18, 107], [43, 98], [54, 62], [9, 69], [12, 99], [14, 110], [3, 110], [15, 79], [17, 101], [46, 62], [27, 58], [32, 119], [41, 103], [28, 22], [49, 48], [28, 117], [38, 108], [21, 72], [0, 0]]","[0, 16, 17, 5, 12, 13, 20, 1, 2, 7, 11, 9, 8, 3, 18, 14, 19, 15, 4, 10, 6, 21]",366.8044897522533,20.881998300552368
