Id,Coordinates,Order,Distance,Time
7762,"[[0, 0], [47, 132], [105, 105], [31, 76], [179, 42], [23, 166], [170, 68], [50, 167], [155, 177], [98, 164], [5, 120], [2, 133], [101, 130], [24, 91], [11, 13], [48, 20], [170, 47], [141, 60], [105, 73], [113, 158], [189, 20], [0, 0]]","[0, 14, 3, 13, 10, 11, 5, 7, 1, 2, 18, 17, 16, 4, 20, 6, 8, 19, 9, 12, 15, 21]",880.5870739456991,17.1650071144104
