Id,Coordinates,Order,Distance,Time
3431,"[[0, 0], [23, 38], [20, 32], [12, 12], [48, 3], [59, 48], [99, 51], [99, 28], [126, 35], [46, 17], [61, 3], [93, 18], [44, 41], [66, 26], [36, 34], [83, 8], [34, 37], [119, 42], [98, 5], [15, 12], [22, 25], [0, 0]]","[0, 3, 19, 20, 2, 1, 16, 14, 12, 5, 13, 11, 7, 6, 17, 8, 18, 15, 10, 4, 9, 21]",362.37545336896414,15.698987245559692
