Id,Coordinates,Order,Distance,Time
1646,"[[0, 0], [50, 22], [42, 12], [44, 2], [71, 8], [21, 19], [34, 1], [54, 6], [56, 4], [65, 28], [25, 26], [78, 11], [67, 3], [11, 13], [46, 28], [18, 2], [87, 1], [46, 6], [52, 7], [95, 6], [101, 8], [0, 0]]","[0, 13, 5, 10, 2, 18, 7, 8, 12, 4, 16, 19, 20, 11, 9, 14, 1, 17, 3, 6, 15, 21]",260.6556573589866,10.98939561843872
