Id,Coordinates,Order,Distance,Time
7078,"[[0, 0], [81, 162], [50, 139], [124, 153], [76, 142], [83, 113], [30, 117], [2, 59], [44, 25], [142, 96], [97, 120], [98, 165], [65, 172], [129, 128], [91, 56], [20, 183], [130, 72], [64, 144], [66, 191], [141, 20], [21, 172], [0, 0]]","[0, 8, 6, 2, 17, 4, 1, 11, 3, 13, 10, 5, 14, 19, 16, 9, 12, 18, 15, 20, 7, 21]",897.8012165924166,15.733823299407959
