Id,Coordinates,Order,Distance,Time
3014,"[[0, 0], [1, 108], [24, 4], [6, 89], [33, 75], [22, 76], [10, 42], [22, 11], [17, 9], [35, 98], [18, 133], [13, 34], [39, 120], [19, 23], [35, 16], [26, 108], [18, 116], [40, 131], [39, 46], [3, 27], [6, 69], [0, 0]]","[0, 8, 7, 2, 14, 13, 11, 18, 4, 5, 3, 1, 16, 15, 9, 12, 17, 10, 20, 6, 19, 21]",421.91275328768353,16.688100337982178
