Id,Coordinates,Order,Distance,Time
9543,"[[0, 0], [63, 21], [70, 133], [135, 123], [144, 112], [134, 49], [82, 69], [68, 8], [117, 31], [33, 56], [58, 132], [106, 134], [128, 20], [36, 125], [87, 122], [53, 142], [140, 2], [65, 5], [102, 4], [122, 66], [85, 42], [0, 0]]","[0, 1, 7, 17, 18, 16, 12, 8, 20, 6, 19, 5, 4, 3, 11, 14, 2, 10, 15, 13, 9, 21]",650.8265436158738,13.203431606292725
