Id,Coordinates,Order,Distance,Time
2336,"[[0, 0], [97, 64], [160, 34], [63, 23], [152, 6], [103, 14], [166, 40], [158, 59], [2, 57], [33, 4], [97, 16], [145, 11], [148, 35], [22, 38], [148, 53], [86, 57], [141, 20], [31, 20], [147, 63], [47, 43], [59, 64], [0, 0]]","[0, 9, 17, 19, 20, 15, 10, 5, 16, 11, 4, 2, 6, 12, 14, 7, 18, 1, 3, 13, 8, 21]",563.3662354461228,15.569061040878296
