Id,Coordinates,Order,Distance,Time
2356,"[[0, 0], [15, 56], [109, 81], [53, 55], [69, 113], [74, 108], [22, 18], [85, 99], [5, 31], [66, 105], [14, 126], [44, 114], [54, 63], [19, 71], [103, 108], [111, 61], [103, 5], [90, 84], [78, 122], [48, 8], [114, 100], [0, 0]]","[0, 8, 12, 17, 7, 5, 4, 9, 18, 14, 20, 2, 15, 16, 19, 3, 11, 10, 13, 1, 6, 21]",667.7751227389077,18.27897548675537
