Id,Coordinates,Order,Distance,Time
216,"[[0, 0], [14, 24], [17, 69], [9, 19], [37, 12], [16, 23], [35, 16], [12, 59], [4, 65], [18, 58], [26, 10], [34, 25], [19, 34], [18, 72], [1, 27], [7, 52], [30, 34], [34, 47], [22, 21], [25, 44], [18, 23], [0, 0]]","[0, 3, 1, 5, 20, 18, 10, 4, 6, 11, 16, 12, 19, 17, 9, 2, 13, 8, 7, 15, 14, 21]",234.82058331176273,18.24282956123352
