Id,Coordinates,Order,Distance,Time
2217,"[[0, 0], [8, 16], [1, 3], [4, 6], [1, 16], [6, 33], [9, 21], [2, 21], [2, 12], [7, 49], [7, 9], [1, 20], [2, 20], [3, 36], [5, 46], [3, 48], [1, 3], [4, 48], [9, 10], [6, 12], [3, 31], [0, 0]]","[0, 2, 16, 3, 10, 19, 8, 4, 11, 12, 7, 20, 13, 14, 17, 15, 9, 5, 6, 1, 18, 21]",113.575973081316,16.23747181892395
