Id,Coordinates,Order,Distance,Time
792,"[[0, 0], [39, 70], [64, 14], [53, 84], [54, 118], [25, 111], [45, 21], [12, 104], [5, 59], [23, 79], [34, 25], [24, 7], [38, 122], [12, 76], [17, 103], [53, 77], [63, 12], [4, 57], [56, 7], [59, 22], [9, 116], [0, 0]]","[0, 11, 10, 6, 18, 2, 16, 19, 15, 9, 13, 8, 17, 7, 14, 20, 5, 12, 4, 3, 1, 21]",467.4215388523618,18.359270095825195
