Id,Coordinates,Order,Distance,Time
1743,"[[0, 0], [168, 25], [74, 27], [84, 9], [50, 2], [109, 50], [73, 1], [170, 25], [175, 34], [136, 36], [96, 56], [152, 35], [133, 16], [55, 42], [9, 42], [125, 22], [141, 13], [136, 29], [132, 10], [49, 56], [162, 51], [0, 0]]","[0, 14, 19, 13, 2, 10, 5, 9, 17, 12, 18, 16, 1, 7, 8, 20, 11, 15, 3, 6, 4, 21]",482.56768743255424,22.68076992034912
