Id,Coordinates,Order,Distance,Time
3553,"[[0, 0], [86, 22], [35, 19], [77, 15], [61, 15], [69, 6], [76, 5], [20, 3], [66, 4], [82, 22], [8, 11], [69, 26], [38, 4], [85, 16], [18, 8], [95, 3], [2, 20], [29, 16], [82, 8], [58, 19], [69, 19], [0, 0]]","[0, 10, 14, 7, 17, 2, 19, 4, 20, 11, 3, 9, 1, 13, 18, 15, 6, 5, 8, 12, 16, 21]",266.92653100799737,19.38891315460205
