Id,Coordinates,Order,Distance,Time
7188,"[[0, 0], [55, 39], [20, 73], [66, 85], [102, 40], [42, 107], [55, 16], [15, 10], [9, 9], [76, 21], [10, 95], [24, 81], [58, 18], [103, 23], [39, 99], [58, 53], [136, 90], [69, 3], [17, 108], [60, 88], [42, 26], [0, 0]]","[0, 8, 7, 20, 6, 12, 1, 15, 3, 19, 14, 5, 18, 10, 11, 2, 16, 4, 13, 9, 17, 21]",555.3905496398446,14.193134784698486
