Id,Coordinates,Order,Distance,Time
3855,"[[0, 0], [121, 39], [93, 105], [40, 151], [31, 82], [98, 69], [57, 158], [94, 101], [130, 56], [129, 140], [92, 123], [113, 63], [86, 22], [95, 160], [66, 147], [103, 118], [48, 6], [54, 13], [20, 17], [132, 18], [123, 50], [0, 0]]","[0, 17, 16, 12, 19, 1, 20, 8, 11, 5, 7, 2, 15, 10, 14, 6, 3, 13, 9, 4, 18, 21]",663.8789177779126,13.918910503387451
