Id,Coordinates,Order,Distance,Time
1151,"[[0, 0], [73, 7], [45, 4], [69, 3], [38, 10], [53, 8], [52, 6], [28, 4], [8, 4], [20, 14], [22, 5], [19, 1], [61, 2], [6, 9], [37, 2], [31, 5], [71, 9], [25, 9], [8, 13], [39, 5], [2, 11], [0, 0]]","[0, 8, 13, 20, 18, 9, 17, 10, 7, 15, 14, 19, 2, 6, 5, 12, 3, 1, 16, 4, 11, 21]",183.00930697168081,17.07941222190857
