Id,Coordinates,Order,Distance,Time
9350,"[[0, 0], [86, 98], [68, 31], [31, 11], [66, 143], [42, 51], [51, 47], [96, 69], [44, 104], [20, 45], [117, 50], [75, 60], [114, 160], [53, 40], [35, 157], [43, 105], [47, 108], [3, 153], [91, 152], [37, 76], [126, 32], [0, 0]]","[0, 3, 5, 6, 13, 2, 11, 20, 10, 7, 1, 16, 8, 15, 4, 18, 12, 14, 17, 19, 9, 21]",697.228705950693,14.943303346633911
