Id,Coordinates,Order,Distance,Time
3091,"[[0, 0], [33, 42], [26, 61], [18, 50], [78, 67], [9, 40], [50, 57], [57, 12], [74, 56], [63, 51], [12, 9], [35, 47], [22, 18], [47, 58], [54, 39], [53, 10], [58, 13], [80, 30], [45, 19], [78, 52], [42, 49], [0, 0]]","[0, 10, 12, 18, 15, 7, 16, 17, 8, 19, 4, 9, 6, 13, 20, 11, 2, 3, 5, 1, 14, 21]",356.1395219491226,15.038620233535767
