Id,Coordinates,Order,Distance,Time
8800,"[[0, 0], [162, 35], [123, 85], [102, 69], [180, 29], [17, 1], [62, 18], [170, 34], [173, 12], [110, 25], [79, 36], [13, 41], [77, 57], [10, 76], [113, 33], [20, 7], [8, 4], [4, 8], [21, 81], [149, 47], [122, 63], [0, 0]]","[0, 16, 5, 15, 11, 13, 18, 12, 10, 14, 3, 2, 20, 19, 1, 7, 4, 8, 9, 6, 17, 21]",575.6225755884229,18.537441968917847
