Id,Coordinates,Order,Distance,Time
364,"[[0, 0], [14, 20], [18, 83], [47, 126], [20, 60], [34, 73], [49, 119], [35, 84], [50, 35], [33, 166], [22, 125], [63, 194], [13, 10], [5, 65], [17, 94], [44, 39], [58, 129], [28, 115], [4, 179], [54, 177], [43, 119], [0, 0]]","[0, 12, 1, 15, 8, 4, 5, 7, 17, 20, 6, 3, 16, 9, 19, 11, 18, 10, 14, 2, 13, 21]",544.5965766079667,19.617239713668823
