Id,Coordinates,Order,Distance,Time
355,"[[0, 0], [46, 86], [56, 31], [15, 66], [50, 12], [20, 73], [47, 47], [10, 48], [3, 57], [60, 9], [40, 95], [44, 44], [3, 94], [29, 39], [11, 93], [32, 46], [34, 37], [9, 38], [16, 1], [4, 36], [19, 23], [0, 0]]","[0, 20, 19, 17, 7, 8, 3, 5, 12, 14, 10, 1, 6, 11, 15, 13, 16, 2, 9, 4, 18, 21]",349.88050158748194,18.979070901870728
