Id,Coordinates,Order,Distance,Time
1614,"[[0, 0], [37, 22], [26, 38], [4, 109], [7, 155], [72, 138], [17, 29], [35, 116], [52, 5], [76, 96], [55, 35], [45, 149], [41, 133], [12, 6], [32, 153], [16, 71], [43, 82], [18, 58], [51, 55], [35, 39], [79, 85], [0, 0]]","[0, 6, 2, 19, 18, 16, 17, 15, 3, 7, 12, 4, 14, 11, 5, 9, 20, 10, 8, 1, 13, 21]",555.9585788828061,13.26698350906372
