Id,Coordinates,Order,Distance,Time
343,"[[0, 0], [68, 95], [36, 111], [1, 116], [39, 119], [49, 91], [20, 76], [41, 50], [49, 26], [59, 119], [48, 19], [44, 35], [29, 33], [26, 35], [14, 102], [9, 47], [65, 5], [17, 31], [63, 82], [35, 64], [2, 11], [0, 0]]","[0, 17, 13, 12, 10, 16, 8, 11, 7, 19, 6, 14, 3, 2, 4, 9, 1, 18, 5, 15, 20, 21]",453.07789341145235,21.085869550704956
