Id,Coordinates,Order,Distance,Time
6519,"[[0, 0], [52, 51], [12, 69], [14, 27], [79, 42], [74, 32], [36, 5], [80, 79], [68, 65], [72, 62], [43, 65], [23, 28], [9, 35], [23, 68], [38, 35], [77, 49], [29, 37], [15, 51], [62, 21], [53, 71], [68, 22], [0, 0]]","[0, 3, 11, 16, 14, 1, 19, 7, 8, 9, 15, 4, 5, 20, 18, 6, 10, 2, 13, 17, 12, 21]",406.7764333008215,19.9287166595459
