Id,Coordinates,Order,Distance,Time
5187,"[[0, 0], [30, 67], [45, 57], [17, 44], [19, 22], [35, 67], [26, 29], [30, 51], [30, 34], [27, 65], [8, 97], [28, 10], [3, 116], [29, 36], [20, 32], [38, 131], [7, 40], [2, 45], [48, 106], [19, 114], [43, 1], [0, 0]]","[0, 4, 6, 8, 13, 3, 16, 17, 9, 1, 18, 15, 19, 12, 10, 5, 2, 7, 14, 11, 20, 21]",421.68142342523913,12.93038034439087
