Id,Coordinates,Order,Distance,Time
614,"[[0, 0], [14, 16], [26, 34], [3, 34], [6, 46], [13, 21], [25, 47], [40, 13], [24, 17], [33, 49], [39, 22], [9, 60], [31, 65], [23, 46], [38, 66], [33, 55], [12, 30], [24, 30], [40, 73], [37, 41], [30, 36], [0, 0]]","[0, 1, 5, 16, 3, 4, 11, 13, 6, 12, 18, 14, 15, 9, 19, 20, 2, 17, 10, 7, 8, 21]",247.81372533988025,15.923524618148804
