Id,Coordinates,Order,Distance,Time
6257,"[[0, 0], [68, 89], [4, 82], [79, 30], [77, 99], [2, 16], [7, 59], [81, 95], [15, 67], [36, 96], [60, 49], [68, 18], [15, 41], [88, 101], [17, 49], [16, 39], [38, 74], [51, 20], [54, 75], [74, 16], [9, 83], [0, 0]]","[0, 5, 15, 12, 14, 6, 8, 2, 20, 9, 16, 18, 1, 4, 13, 7, 10, 3, 19, 11, 17, 21]",393.95574134359885,15.739268064498901
