Id,Coordinates,Order,Distance,Time
1417,"[[0, 0], [14, 26], [6, 12], [20, 64], [18, 92], [20, 21], [13, 59], [6, 75], [2, 90], [11, 107], [22, 30], [14, 80], [23, 82], [17, 57], [10, 88], [26, 11], [24, 105], [1, 45], [4, 91], [22, 3], [14, 98], [0, 0]]","[0, 2, 1, 5, 19, 15, 10, 6, 13, 3, 11, 14, 18, 8, 20, 9, 16, 4, 12, 7, 17, 21]",316.62146050875015,14.172385931015015
