Id,Coordinates,Order,Distance,Time
6968,"[[0, 0], [84, 56], [36, 15], [18, 128], [72, 69], [12, 47], [71, 76], [68, 44], [68, 44], [126, 108], [4, 125], [123, 73], [68, 30], [76, 51], [33, 30], [99, 145], [97, 131], [71, 90], [87, 96], [56, 31], [54, 83], [0, 0]]","[0, 2, 14, 19, 12, 7, 8, 13, 1, 4, 6, 20, 10, 3, 15, 16, 9, 11, 18, 17, 5, 21]",595.5606071496564,16.195822715759277
