Id,Coordinates,Order,Distance,Time
3953,"[[0, 0], [96, 42], [51, 60], [27, 41], [4, 37], [96, 3], [84, 28], [83, 19], [18, 56], [48, 18], [32, 60], [86, 25], [88, 55], [108, 59], [86, 43], [79, 5], [25, 51], [91, 15], [26, 19], [103, 56], [135, 52], [0, 0]]","[0, 4, 3, 16, 8, 10, 2, 12, 19, 13, 20, 1, 14, 6, 11, 7, 17, 5, 15, 9, 18, 21]",400.6748245910944,17.226693868637085
