Id,Coordinates,Order,Distance,Time
2530,"[[0, 0], [34, 70], [35, 1], [95, 24], [37, 53], [106, 28], [85, 41], [98, 96], [29, 4], [17, 100], [154, 11], [106, 97], [146, 73], [26, 34], [27, 72], [74, 70], [32, 58], [36, 46], [103, 52], [45, 45], [39, 75], [0, 0]]","[0, 8, 2, 13, 17, 4, 16, 1, 14, 9, 20, 15, 6, 3, 18, 7, 11, 12, 10, 5, 19, 21]",636.0378047501579,14.760301351547241
