Id,Coordinates,Order,Distance,Time
9781,"[[0, 0], [8, 111], [2, 69], [13, 59], [8, 10], [14, 53], [11, 118], [16, 16], [1, 89], [10, 166], [5, 51], [14, 146], [1, 7], [3, 173], [9, 57], [11, 32], [8, 64], [6, 1], [11, 126], [16, 61], [14, 135], [0, 0]]","[0, 17, 4, 7, 15, 10, 14, 16, 2, 8, 1, 6, 18, 20, 11, 9, 13, 19, 3, 5, 12, 21]",369.9055920636276,18.138591051101685
