Id,Coordinates,Order,Distance,Time
9467,"[[0, 0], [57, 59], [52, 40], [13, 60], [72, 95], [18, 100], [119, 53], [64, 104], [27, 92], [87, 76], [94, 81], [107, 63], [88, 81], [5, 114], [97, 12], [90, 25], [18, 87], [19, 10], [34, 21], [106, 3], [22, 53], [0, 0]]","[0, 17, 18, 2, 9, 12, 10, 11, 6, 19, 14, 15, 20, 3, 16, 13, 5, 8, 7, 4, 1, 21]",589.0208922760728,15.399906873703003
