Id,Coordinates,Order,Distance,Time
9036,"[[0, 0], [35, 124], [64, 106], [5, 56], [24, 40], [46, 92], [51, 34], [44, 156], [67, 168], [46, 87], [54, 8], [11, 58], [46, 94], [42, 57], [36, 159], [61, 7], [13, 101], [22, 18], [3, 100], [61, 103], [63, 109], [0, 0]]","[0, 17, 4, 13, 6, 10, 15, 9, 5, 12, 19, 2, 20, 16, 18, 14, 7, 8, 1, 11, 3, 21]",595.4637888439813,13.723320007324219
