Id,Coordinates,Order,Distance,Time
5948,"[[0, 0], [196, 12], [117, 58], [115, 113], [127, 116], [36, 47], [174, 25], [135, 116], [56, 81], [132, 64], [75, 120], [57, 116], [122, 49], [4, 74], [120, 6], [96, 72], [11, 70], [126, 52], [192, 90], [185, 51], [112, 105], [0, 0]]","[0, 16, 13, 11, 10, 20, 3, 4, 7, 9, 17, 12, 14, 6, 1, 19, 18, 2, 15, 8, 5, 21]",755.7451752406687,18.9385085105896
