Id,Coordinates,Order,Distance,Time
434,"[[0, 0], [74, 189], [135, 44], [110, 104], [125, 43], [83, 61], [53, 127], [108, 129], [64, 116], [132, 52], [30, 159], [88, 182], [114, 88], [129, 105], [17, 104], [50, 103], [56, 194], [29, 164], [101, 117], [14, 25], [55, 146], [0, 0]]","[0, 5, 12, 3, 18, 7, 13, 9, 2, 4, 8, 10, 17, 16, 1, 11, 20, 6, 15, 14, 19, 21]",755.4765459447078,16.554309844970703
