Id,Coordinates,Order,Distance,Time
6523,"[[0, 0], [62, 86], [9, 57], [58, 53], [48, 36], [54, 36], [68, 74], [40, 66], [52, 25], [74, 80], [82, 51], [34, 20], [67, 49], [37, 49], [79, 33], [89, 84], [72, 58], [76, 72], [92, 84], [78, 86], [3, 83], [0, 0]]","[0, 11, 8, 5, 4, 13, 3, 12, 14, 10, 16, 17, 6, 9, 18, 15, 19, 1, 7, 20, 2, 21]",407.7699982842113,17.88545060157776
