Id,Coordinates,Order,Distance,Time
9115,"[[0, 0], [108, 19], [58, 57], [76, 59], [46, 48], [27, 57], [105, 46], [67, 64], [18, 41], [11, 30], [17, 54], [86, 8], [111, 57], [124, 3], [26, 57], [34, 2], [95, 50], [66, 6], [68, 11], [57, 14], [78, 3], [0, 0]]","[0, 9, 8, 10, 14, 5, 4, 2, 7, 3, 16, 12, 6, 1, 13, 11, 20, 17, 18, 19, 15, 21]",362.9682645234963,13.118215084075928
