Id,Coordinates,Order,Distance,Time
4035,"[[0, 0], [44, 13], [143, 34], [76, 43], [38, 58], [88, 26], [11, 16], [27, 22], [25, 13], [166, 19], [52, 56], [129, 52], [36, 4], [145, 39], [2, 44], [144, 8], [26, 24], [84, 25], [13, 53], [134, 31], [163, 59], [0, 0]]","[0, 6, 8, 7, 16, 17, 10, 4, 18, 14, 3, 11, 19, 2, 13, 20, 9, 15, 5, 1, 12, 21]",609.4078082904646,15.221856832504272
