Id,Coordinates,Order,Distance,Time
2862,"[[0, 0], [25, 5], [21, 9], [25, 5], [10, 23], [24, 11], [12, 14], [8, 20], [15, 24], [17, 2], [20, 23], [11, 10], [9, 23], [2, 20], [22, 13], [10, 9], [23, 3], [14, 11], [9, 18], [17, 21], [5, 1], [0, 0]]","[0, 15, 11, 17, 6, 18, 7, 13, 12, 4, 8, 19, 10, 14, 5, 2, 1, 3, 16, 9, 20, 21]",103.13830511728125,16.530370712280273
