Id,Coordinates,Order,Distance,Time
7849,"[[0, 0], [8, 23], [33, 4], [50, 107], [66, 44], [10, 47], [71, 42], [9, 105], [148, 71], [23, 82], [136, 23], [66, 27], [143, 66], [91, 96], [26, 80], [118, 24], [98, 120], [55, 64], [7, 8], [147, 45], [11, 19], [0, 0]]","[0, 18, 20, 1, 5, 14, 9, 7, 3, 16, 13, 8, 12, 19, 10, 15, 6, 4, 17, 11, 2, 21]",557.3222024081017,16.21843719482422
