Id,Coordinates,Order,Distance,Time
9854,"[[0, 0], [31, 153], [48, 156], [42, 69], [15, 42], [42, 160], [60, 50], [67, 50], [68, 82], [43, 115], [23, 141], [24, 111], [60, 38], [28, 149], [76, 155], [66, 99], [3, 90], [78, 7], [15, 58], [16, 109], [81, 20], [0, 0]]","[0, 4, 18, 3, 6, 12, 20, 17, 7, 8, 15, 9, 10, 13, 1, 5, 2, 14, 11, 19, 16, 21]",574.4004158387204,14.853944778442383
