Id,Coordinates,Order,Distance,Time
9401,"[[0, 0], [25, 16], [32, 5], [37, 27], [39, 26], [2, 34], [19, 35], [18, 52], [11, 16], [27, 44], [41, 40], [10, 35], [38, 1], [21, 13], [22, 24], [16, 23], [22, 44], [39, 10], [24, 36], [23, 13], [2, 51], [0, 0]]","[0, 8, 15, 14, 1, 13, 19, 2, 12, 17, 4, 3, 10, 9, 18, 6, 16, 7, 20, 11, 5, 21]",231.46634190570563,17.549948930740356
