Id,Coordinates,Order,Distance,Time
9358,"[[0, 0], [40, 56], [59, 164], [57, 97], [3, 149], [39, 50], [37, 46], [1, 52], [14, 4], [38, 179], [15, 121], [50, 76], [9, 182], [30, 3], [35, 58], [54, 40], [51, 116], [56, 60], [8, 33], [47, 12], [63, 16], [0, 0]]","[0, 8, 13, 19, 20, 15, 6, 5, 1, 17, 11, 10, 4, 12, 9, 2, 16, 3, 14, 7, 18, 21]",531.1828094618375,14.882331371307373
