Id,Coordinates,Order,Distance,Time
4990,"[[0, 0], [42, 69], [64, 5], [78, 13], [91, 90], [14, 101], [49, 65], [38, 26], [45, 103], [57, 22], [77, 97], [10, 24], [75, 56], [7, 27], [48, 52], [98, 18], [83, 22], [10, 72], [10, 50], [47, 55], [47, 95], [0, 0]]","[0, 11, 13, 18, 17, 5, 8, 20, 1, 19, 16, 15, 3, 2, 9, 12, 4, 10, 6, 14, 7, 21]",525.0096749461794,16.244035243988037
