Id,Coordinates,Order,Distance,Time
1755,"[[0, 0], [118, 38], [138, 4], [78, 8], [44, 19], [73, 17], [144, 33], [123, 33], [75, 31], [23, 38], [131, 43], [19, 16], [69, 35], [96, 14], [70, 12], [62, 8], [44, 2], [139, 34], [66, 23], [160, 19], [55, 29], [0, 0]]","[0, 11, 9, 4, 20, 18, 5, 14, 12, 8, 1, 7, 10, 17, 6, 19, 2, 13, 3, 15, 16, 21]",416.83727663224295,20.57202911376953
