Id,Coordinates,Order,Distance,Time
1276,"[[0, 0], [29, 36], [32, 29], [32, 95], [45, 12], [24, 6], [55, 79], [42, 67], [46, 94], [15, 12], [1, 48], [1, 72], [20, 48], [25, 56], [51, 16], [10, 43], [28, 106], [9, 6], [29, 2], [15, 79], [50, 35], [0, 0]]","[0, 17, 5, 18, 4, 14, 20, 2, 1, 15, 10, 11, 19, 16, 3, 8, 6, 7, 13, 12, 9, 21]",349.24019510079825,17.66214084625244
