Id,Coordinates,Order,Distance,Time
7108,"[[0, 0], [107, 30], [65, 40], [26, 17], [160, 43], [141, 18], [25, 35], [165, 32], [81, 29], [13, 24], [161, 14], [72, 18], [65, 19], [79, 20], [50, 21], [23, 12], [116, 5], [43, 33], [151, 21], [102, 29], [119, 34], [0, 0]]","[0, 15, 3, 17, 14, 12, 11, 13, 8, 19, 1, 16, 5, 18, 10, 7, 4, 20, 2, 6, 9, 21]",420.9243172579197,20.179487943649292
