Id,Coordinates,Order,Distance,Time
7963,"[[0, 0], [42, 21], [58, 1], [28, 32], [66, 15], [56, 57], [25, 23], [50, 51], [34, 63], [55, 58], [49, 62], [69, 56], [66, 52], [19, 54], [28, 52], [31, 60], [13, 28], [12, 13], [39, 15], [38, 59], [64, 63], [0, 0]]","[0, 17, 6, 3, 1, 18, 2, 4, 12, 11, 20, 5, 9, 7, 10, 19, 8, 15, 14, 13, 16, 21]",285.1009678595673,16.149700164794922
