Id,Coordinates,Order,Distance,Time
206,"[[0, 0], [44, 62], [150, 12], [48, 94], [144, 8], [77, 17], [3, 58], [45, 45], [100, 74], [140, 51], [74, 98], [131, 78], [138, 10], [83, 105], [115, 14], [100, 94], [86, 10], [77, 100], [157, 93], [93, 53], [97, 51], [0, 0]]","[0, 5, 16, 14, 12, 4, 2, 9, 11, 18, 15, 8, 19, 20, 13, 17, 10, 3, 1, 7, 6, 21]",602.5960057914766,18.294513463974
