Id,Coordinates,Order,Distance,Time
6554,"[[0, 0], [23, 30], [26, 4], [89, 19], [25, 44], [26, 23], [65, 63], [14, 43], [2, 46], [22, 7], [79, 32], [82, 18], [53, 29], [23, 12], [81, 27], [66, 14], [24, 58], [38, 2], [14, 10], [46, 16], [43, 43], [0, 0]]","[0, 18, 13, 5, 1, 4, 7, 8, 16, 20, 12, 15, 11, 3, 14, 10, 6, 19, 17, 2, 9, 21]",349.6690517522884,16.436379432678223
