Id,Coordinates,Order,Distance,Time
2413,"[[0, 0], [1, 64], [3, 40], [34, 121], [8, 76], [7, 59], [27, 151], [33, 23], [20, 108], [38, 48], [5, 47], [8, 74], [6, 153], [11, 146], [40, 122], [17, 81], [9, 67], [36, 40], [43, 7], [3, 116], [29, 115], [0, 0]]","[0, 2, 10, 5, 1, 16, 11, 4, 8, 20, 3, 14, 6, 12, 13, 19, 15, 9, 17, 7, 18, 21]",400.73453471485124,17.009961128234863
