Id,Coordinates,Order,Distance,Time
4505,"[[0, 0], [23, 150], [18, 122], [5, 104], [12, 84], [19, 43], [35, 123], [11, 68], [34, 28], [28, 19], [34, 38], [35, 51], [8, 64], [22, 75], [9, 62], [21, 86], [28, 120], [32, 159], [18, 78], [17, 103], [13, 68], [0, 0]]","[0, 9, 8, 10, 11, 14, 12, 7, 20, 18, 13, 15, 19, 16, 6, 17, 1, 2, 3, 4, 5, 21]",386.0071039074258,12.93546199798584
