Id,Coordinates,Order,Distance,Time
6697,"[[0, 0], [59, 79], [61, 55], [27, 42], [50, 106], [21, 167], [30, 81], [39, 48], [9, 118], [26, 92], [4, 60], [41, 64], [59, 128], [58, 52], [77, 96], [92, 65], [65, 167], [5, 150], [73, 154], [16, 70], [41, 81], [0, 0]]","[0, 3, 7, 11, 20, 6, 1, 13, 2, 15, 14, 4, 12, 18, 16, 5, 17, 8, 9, 19, 10, 21]",561.7468209132443,19.03896927833557
