Id,Coordinates,Order,Distance,Time
9541,"[[0, 0], [48, 65], [57, 162], [38, 165], [56, 43], [51, 117], [37, 63], [54, 46], [63, 161], [32, 63], [55, 58], [57, 39], [24, 19], [11, 100], [59, 118], [61, 143], [44, 49], [28, 43], [36, 117], [35, 105], [13, 119], [0, 0]]","[0, 12, 17, 16, 11, 4, 7, 10, 1, 6, 9, 19, 18, 5, 14, 15, 8, 2, 3, 20, 13, 21]",451.0631817484576,15.795395612716675
