Id,Coordinates,Order,Distance,Time
8132,"[[0, 0], [33, 14], [18, 10], [36, 14], [18, 6], [11, 9], [25, 4], [13, 5], [12, 11], [12, 11], [35, 7], [21, 7], [3, 9], [18, 10], [32, 3], [3, 12], [1, 3], [15, 12], [22, 6], [7, 5], [33, 7], [0, 0]]","[0, 16, 12, 15, 5, 8, 9, 17, 2, 13, 11, 18, 6, 14, 20, 10, 3, 1, 4, 7, 19, 21]",98.26372519389521,18.826092958450317
