Id,Coordinates,Order,Distance,Time
3339,"[[0, 0], [158, 122], [26, 66], [175, 9], [151, 93], [107, 132], [96, 47], [134, 117], [96, 109], [161, 96], [128, 117], [65, 6], [145, 101], [37, 80], [51, 40], [45, 95], [156, 86], [150, 103], [61, 88], [121, 116], [192, 87], [0, 0]]","[0, 14, 2, 13, 15, 18, 8, 5, 19, 10, 7, 12, 17, 4, 16, 9, 1, 20, 3, 6, 11, 21]",666.5704804459608,17.417999744415283
