Id,Coordinates,Order,Distance,Time
6636,"[[0, 0], [68, 63], [46, 107], [88, 40], [79, 29], [15, 94], [20, 64], [29, 68], [42, 48], [77, 29], [43, 114], [62, 14], [57, 77], [17, 38], [10, 17], [98, 32], [21, 141], [45, 135], [79, 23], [101, 53], [46, 10], [0, 0]]","[0, 14, 13, 6, 7, 12, 2, 10, 17, 16, 5, 8, 1, 19, 4, 9, 3, 15, 18, 11, 20, 21]",523.6585562849874,21.410446166992188
