Id,Coordinates,Order,Distance,Time
3596,"[[0, 0], [45, 62], [12, 26], [45, 25], [19, 111], [1, 18], [27, 7], [21, 109], [21, 39], [12, 19], [16, 6], [46, 19], [35, 56], [6, 118], [11, 75], [13, 47], [22, 45], [4, 29], [49, 60], [24, 7], [46, 95], [0, 0]]","[0, 9, 5, 17, 2, 8, 16, 12, 1, 18, 20, 7, 4, 13, 14, 15, 3, 11, 6, 19, 10, 21]",355.79485273920045,16.701775550842285
