Id,Coordinates,Order,Distance,Time
9102,"[[0, 0], [60, 87], [68, 5], [1, 91], [111, 112], [66, 76], [109, 79], [93, 96], [104, 93], [77, 14], [35, 54], [135, 66], [60, 51], [43, 93], [103, 48], [32, 102], [96, 97], [28, 47], [74, 29], [17, 60], [40, 111], [0, 0]]","[0, 17, 10, 19, 3, 15, 20, 13, 1, 5, 12, 14, 6, 8, 16, 7, 4, 11, 18, 9, 2, 21]",582.0912145088847,14.061187505722046
