Id,Coordinates,Order,Distance,Time
1169,"[[0, 0], [6, 155], [1, 115], [4, 34], [2, 14], [3, 165], [7, 137], [3, 144], [3, 40], [3, 9], [2, 182], [2, 168], [1, 6], [7, 106], [2, 9], [6, 71], [3, 157], [10, 125], [10, 127], [8, 142], [3, 85], [0, 0]]","[0, 12, 14, 4, 3, 8, 15, 20, 13, 17, 18, 6, 19, 1, 5, 11, 10, 16, 7, 2, 9, 21]",366.3925719887138,18.721417665481567
