Id,Coordinates,Order,Distance,Time
3892,"[[0, 0], [115, 5], [9, 74], [105, 66], [1, 8], [9, 43], [191, 32], [174, 28], [136, 73], [149, 30], [90, 50], [31, 4], [116, 44], [176, 3], [16, 79], [133, 44], [77, 58], [78, 2], [144, 64], [105, 65], [39, 28], [0, 0]]","[0, 4, 5, 2, 14, 16, 10, 19, 3, 12, 15, 9, 13, 6, 7, 18, 8, 1, 17, 20, 11, 21]",606.3337602678039,15.674663782119751
