Id,Coordinates,Order,Distance,Time
8348,"[[0, 0], [12, 74], [46, 72], [16, 53], [29, 121], [89, 58], [62, 48], [69, 155], [44, 146], [2, 163], [104, 150], [49, 38], [32, 60], [17, 95], [17, 56], [24, 175], [67, 68], [89, 12], [74, 172], [90, 130], [54, 67], [0, 0]]","[0, 3, 14, 12, 2, 20, 16, 5, 17, 6, 11, 13, 4, 8, 7, 19, 10, 18, 15, 9, 1, 21]",729.1983903092805,18.812000513076782
