Id,Coordinates,Order,Distance,Time
8696,"[[0, 0], [30, 57], [108, 7], [77, 6], [50, 53], [147, 36], [141, 51], [150, 14], [63, 60], [65, 4], [3, 21], [177, 31], [96, 35], [107, 39], [178, 24], [152, 14], [132, 41], [36, 40], [32, 4], [103, 25], [8, 23], [0, 0]]","[0, 10, 20, 18, 9, 3, 2, 19, 13, 7, 15, 14, 11, 5, 6, 16, 12, 8, 4, 1, 17, 21]",497.22254324169046,16.098957777023315
