Id,Coordinates,Order,Distance,Time
6450,"[[0, 0], [4, 34], [7, 76], [3, 146], [2, 93], [14, 124], [3, 96], [9, 47], [4, 140], [13, 103], [8, 69], [4, 178], [5, 3], [2, 101], [4, 44], [13, 148], [12, 33], [2, 118], [8, 126], [7, 114], [14, 120], [0, 0]]","[0, 12, 16, 1, 14, 7, 10, 2, 4, 6, 13, 19, 17, 18, 8, 3, 11, 15, 5, 20, 9, 21]",377.7835239655209,13.751191854476929
