Id,Coordinates,Order,Distance,Time
4622,"[[0, 0], [51, 142], [27, 83], [1, 144], [64, 117], [62, 14], [61, 30], [61, 71], [38, 91], [59, 128], [58, 102], [18, 38], [7, 31], [74, 67], [54, 42], [35, 40], [77, 84], [72, 63], [9, 92], [33, 148], [29, 50], [0, 0]]","[0, 5, 6, 14, 17, 13, 7, 16, 10, 4, 9, 1, 19, 3, 18, 2, 8, 20, 15, 11, 12, 21]",482.50278364030936,12.452166318893433
