Id,Coordinates,Order,Distance,Time
9299,"[[0, 0], [66, 73], [113, 31], [62, 73], [18, 5], [91, 61], [107, 56], [103, 54], [19, 46], [27, 12], [27, 83], [35, 56], [58, 22], [27, 83], [41, 84], [4, 56], [33, 25], [85, 38], [62, 40], [15, 21], [23, 84], [0, 0]]","[0, 19, 8, 15, 11, 10, 13, 20, 14, 3, 1, 5, 7, 6, 2, 17, 18, 12, 16, 9, 4, 21]",388.9160546115703,15.123615741729736
