Id,Coordinates,Order,Distance,Time
3001,"[[0, 0], [73, 185], [25, 112], [16, 53], [79, 113], [63, 116], [23, 156], [49, 161], [34, 181], [87, 20], [13, 22], [10, 116], [65, 41], [28, 5], [46, 180], [76, 168], [64, 146], [73, 140], [102, 23], [101, 184], [76, 56], [0, 0]]","[0, 13, 12, 9, 18, 20, 4, 17, 16, 7, 14, 8, 6, 11, 2, 15, 1, 19, 5, 3, 10, 21]",733.9501815098646,17.301235675811768
