Id,Coordinates,Order,Distance,Time
751,"[[0, 0], [58, 37], [9, 41], [148, 54], [97, 65], [51, 106], [97, 14], [108, 34], [151, 37], [79, 17], [2, 3], [156, 45], [10, 37], [33, 27], [65, 19], [63, 6], [130, 61], [109, 106], [59, 89], [46, 104], [56, 27], [0, 0]]","[0, 10, 13, 20, 1, 14, 15, 9, 6, 7, 3, 11, 8, 16, 4, 17, 18, 5, 19, 2, 12, 21]",534.5101697687198,21.111934185028076
