Id,Coordinates,Order,Distance,Time
3161,"[[0, 0], [12, 101], [14, 4], [2, 166], [11, 147], [12, 113], [9, 80], [9, 23], [9, 44], [4, 147], [16, 98], [10, 126], [2, 2], [17, 140], [2, 91], [5, 151], [9, 53], [8, 115], [2, 36], [15, 110], [5, 12], [0, 0]]","[0, 12, 20, 7, 8, 16, 6, 10, 1, 19, 5, 17, 11, 13, 4, 3, 15, 9, 14, 18, 2, 21]",359.75650914246205,16.707195520401
