Id,Coordinates,Order,Distance,Time
599,"[[0, 0], [42, 9], [59, 15], [87, 16], [6, 3], [35, 16], [97, 11], [43, 15], [81, 15], [14, 7], [88, 12], [11, 2], [120, 8], [55, 6], [5, 8], [72, 4], [53, 5], [25, 11], [54, 6], [6, 12], [118, 11], [0, 0]]","[0, 4, 14, 19, 17, 5, 7, 16, 18, 13, 2, 8, 3, 10, 6, 20, 12, 15, 1, 9, 11, 21]",269.1340562996062,13.97922945022583
