Id,Coordinates,Order,Distance,Time
4021,"[[0, 0], [64, 19], [148, 13], [49, 21], [122, 29], [118, 4], [10, 10], [111, 28], [146, 30], [76, 12], [12, 2], [57, 8], [96, 16], [146, 15], [121, 7], [133, 9], [144, 31], [122, 14], [97, 10], [46, 3], [135, 14], [0, 0]]","[0, 10, 19, 11, 9, 18, 5, 14, 17, 15, 20, 2, 13, 8, 16, 4, 7, 12, 1, 3, 6, 21]",335.78218742316307,15.312498092651367
