Id,Coordinates,Order,Distance,Time
2355,"[[0, 0], [45, 13], [93, 27], [79, 24], [15, 10], [14, 6], [24, 22], [141, 14], [111, 1], [54, 10], [7, 2], [116, 10], [122, 13], [149, 16], [124, 19], [13, 29], [82, 20], [104, 21], [86, 19], [115, 13], [86, 4], [0, 0]]","[0, 10, 4, 15, 6, 3, 16, 18, 2, 17, 19, 11, 12, 14, 7, 13, 8, 20, 9, 1, 5, 21]",347.9087979448532,15.511636018753052
