Id,Coordinates,Order,Distance,Time
1841,"[[0, 0], [20, 52], [16, 19], [9, 151], [10, 37], [69, 102], [71, 142], [50, 118], [20, 113], [24, 21], [40, 118], [65, 32], [39, 80], [34, 60], [63, 32], [42, 89], [64, 151], [62, 86], [32, 67], [47, 106], [65, 70], [0, 0]]","[0, 4, 1, 13, 18, 12, 15, 19, 7, 10, 8, 3, 16, 6, 5, 17, 20, 11, 14, 9, 2, 21]",457.07863259808425,14.391432523727417
