Id,Coordinates,Order,Distance,Time
6605,"[[0, 0], [2, 46], [40, 139], [18, 63], [85, 101], [35, 85], [55, 110], [23, 101], [63, 55], [68, 2], [68, 110], [9, 144], [91, 127], [52, 141], [58, 108], [18, 24], [31, 79], [83, 42], [61, 18], [65, 19], [26, 80], [0, 0]]","[0, 15, 1, 3, 20, 16, 5, 6, 14, 10, 4, 12, 13, 2, 11, 7, 8, 17, 19, 18, 9, 21]",536.2447004372925,14.390709638595581
