Id,Coordinates,Order,Distance,Time
2457,"[[0, 0], [155, 3], [102, 34], [157, 67], [87, 7], [74, 186], [128, 89], [156, 178], [170, 60], [88, 105], [141, 71], [181, 104], [35, 101], [116, 80], [83, 99], [177, 35], [58, 60], [110, 2], [3, 185], [69, 40], [81, 118], [0, 0]]","[0, 19, 16, 14, 20, 9, 13, 6, 3, 8, 15, 1, 17, 4, 2, 10, 11, 7, 5, 18, 12, 21]",983.6085875019907,13.711364030838013
