Id,Coordinates,Order,Distance,Time
5419,"[[0, 0], [8, 21], [9, 7], [7, 26], [9, 10], [7, 23], [8, 12], [8, 4], [6, 24], [5, 22], [6, 10], [3, 20], [4, 18], [8, 8], [1, 3], [8, 7], [3, 11], [8, 7], [7, 5], [5, 14], [2, 19], [0, 0]]","[0, 7, 18, 15, 17, 2, 13, 4, 6, 10, 19, 12, 20, 11, 9, 8, 3, 5, 1, 16, 14, 21]",68.33128273924733,18.34387707710266
