Id,Coordinates,Order,Distance,Time
4215,"[[0, 0], [74, 45], [146, 21], [172, 5], [55, 91], [138, 62], [33, 22], [95, 34], [141, 94], [10, 36], [14, 68], [4, 91], [8, 79], [15, 7], [82, 5], [53, 33], [190, 62], [33, 36], [49, 10], [12, 97], [24, 47], [0, 0]]","[0, 13, 6, 17, 9, 20, 10, 12, 11, 19, 4, 1, 7, 5, 8, 16, 3, 2, 14, 15, 18, 21]",681.0353118008728,13.537172079086304
