Id,Coordinates,Order,Distance,Time
8215,"[[0, 0], [45, 70], [42, 8], [62, 51], [48, 66], [21, 28], [24, 38], [67, 75], [11, 64], [23, 36], [1, 71], [39, 18], [33, 38], [46, 30], [47, 2], [7, 21], [58, 58], [36, 37], [55, 43], [12, 68], [55, 48], [0, 0]]","[0, 5, 9, 6, 12, 17, 11, 2, 14, 13, 18, 20, 3, 16, 7, 4, 1, 19, 8, 10, 15, 21]",325.78181646615997,14.91380763053894
