Id,Coordinates,Order,Distance,Time
2329,"[[0, 0], [121, 14], [92, 145], [56, 4], [158, 40], [53, 61], [140, 68], [43, 35], [118, 138], [75, 148], [24, 146], [105, 153], [21, 3], [142, 184], [90, 136], [153, 36], [141, 7], [109, 58], [2, 44], [104, 98], [117, 27], [0, 0]]","[0, 12, 3, 7, 5, 10, 9, 2, 14, 11, 13, 8, 19, 20, 1, 16, 15, 4, 6, 17, 18, 21]",811.8137538132933,19.18667721748352
