Id,Coordinates,Order,Distance,Time
9587,"[[0, 0], [58, 19], [87, 96], [55, 28], [165, 8], [109, 119], [7, 105], [92, 14], [117, 81], [41, 59], [62, 31], [17, 48], [136, 126], [105, 44], [100, 37], [91, 80], [147, 119], [25, 70], [96, 104], [152, 38], [56, 19], [0, 0]]","[0, 6, 17, 9, 3, 20, 1, 14, 13, 15, 2, 18, 5, 12, 16, 8, 19, 4, 7, 10, 11, 21]",733.6225798820592,14.2622971534729
