Id,Coordinates,Order,Distance,Time
9442,"[[0, 0], [60, 4], [39, 23], [10, 2], [67, 18], [27, 26], [72, 26], [90, 18], [57, 12], [125, 8], [118, 28], [66, 25], [77, 14], [7, 7], [99, 21], [90, 20], [32, 21], [104, 6], [54, 6], [118, 3], [36, 3], [0, 0]]","[0, 3, 20, 18, 1, 8, 4, 11, 6, 7, 17, 19, 9, 10, 14, 15, 12, 2, 16, 5, 13, 21]",309.906226825307,17.91195845603943
