Id,Coordinates,Order,Distance,Time
1635,"[[0, 0], [14, 79], [45, 69], [50, 35], [25, 22], [49, 12], [26, 64], [9, 7], [13, 3], [54, 18], [3, 1], [36, 56], [41, 37], [28, 79], [23, 84], [56, 27], [31, 47], [5, 51], [5, 71], [51, 8], [56, 45], [0, 0]]","[0, 10, 8, 4, 12, 3, 5, 19, 9, 15, 20, 2, 11, 6, 13, 14, 1, 18, 17, 16, 7, 21]",334.0554229776366,12.078430652618408
