Id,Coordinates,Order,Distance,Time
3547,"[[0, 0], [20, 127], [7, 83], [18, 96], [29, 93], [16, 41], [12, 31], [6, 98], [24, 122], [6, 12], [10, 2], [14, 135], [15, 4], [11, 56], [4, 117], [4, 58], [18, 67], [19, 70], [21, 135], [28, 86], [23, 21], [0, 0]]","[0, 10, 12, 20, 6, 5, 13, 16, 17, 19, 4, 3, 8, 1, 18, 11, 14, 7, 2, 15, 9, 21]",315.36781117970804,13.891882181167603
