Id,Coordinates,Order,Distance,Time
8841,"[[0, 0], [56, 36], [105, 9], [117, 76], [19, 11], [7, 53], [53, 53], [96, 86], [24, 84], [19, 37], [31, 47], [9, 63], [76, 19], [51, 58], [10, 81], [84, 35], [16, 20], [30, 51], [79, 65], [19, 33], [56, 11], [0, 0]]","[0, 4, 16, 19, 9, 10, 17, 13, 6, 18, 7, 3, 15, 2, 12, 20, 1, 5, 11, 14, 8, 21]",519.0001368379687,15.171144008636475
