Id,Coordinates,Order,Distance,Time
6678,"[[0, 0], [11, 150], [9, 144], [7, 61], [16, 36], [12, 17], [6, 70], [8, 62], [9, 53], [16, 129], [3, 148], [2, 55], [4, 96], [6, 86], [8, 52], [2, 95], [2, 101], [11, 80], [1, 96], [5, 25], [8, 28], [0, 0]]","[0, 5, 4, 14, 8, 3, 7, 6, 17, 13, 15, 18, 16, 9, 2, 1, 10, 12, 11, 20, 19, 21]",324.6706150141239,19.594000577926636
