Id,Coordinates,Order,Distance,Time
8240,"[[0, 0], [45, 53], [59, 27], [10, 31], [54, 75], [66, 1], [7, 21], [3, 10], [23, 12], [40, 20], [7, 77], [60, 28], [52, 18], [18, 73], [32, 68], [38, 2], [43, 25], [4, 59], [15, 26], [66, 21], [45, 93], [0, 0]]","[0, 7, 6, 18, 8, 15, 9, 16, 12, 2, 11, 19, 5, 1, 14, 4, 20, 13, 10, 17, 3, 21]",386.01360530041467,18.124865770339966
