Id,Coordinates,Order,Distance,Time
4592,"[[0, 0], [66, 35], [28, 116], [65, 14], [57, 13], [62, 52], [17, 49], [31, 113], [1, 133], [15, 74], [42, 101], [13, 127], [50, 135], [11, 65], [49, 52], [47, 25], [19, 121], [13, 121], [20, 126], [65, 6], [4, 3], [0, 0]]","[0, 20, 6, 13, 9, 7, 2, 16, 17, 8, 11, 18, 12, 10, 14, 5, 1, 3, 19, 4, 15, 21]",433.6102355959734,14.616150379180908
