Id,Coordinates,Order,Distance,Time
2493,"[[0, 0], [6, 18], [27, 43], [39, 135], [63, 78], [7, 174], [9, 108], [59, 91], [2, 111], [30, 24], [23, 103], [7, 53], [15, 23], [26, 8], [67, 168], [27, 42], [40, 49], [3, 172], [77, 111], [28, 138], [44, 65], [0, 0]]","[0, 1, 12, 13, 9, 15, 2, 16, 20, 4, 7, 18, 3, 19, 6, 8, 17, 5, 14, 10, 11, 21]",586.6537800199332,15.402890682220459
