Id,Coordinates,Order,Distance,Time
9534,"[[0, 0], [17, 119], [82, 119], [36, 6], [87, 41], [105, 70], [118, 20], [79, 39], [24, 38], [61, 33], [66, 67], [64, 63], [49, 88], [6, 28], [4, 40], [121, 43], [93, 90], [107, 3], [48, 36], [122, 42], [18, 88], [0, 0]]","[0, 13, 14, 8, 18, 9, 7, 4, 11, 10, 12, 20, 1, 2, 16, 5, 15, 19, 6, 17, 3, 21]",552.1880020938901,13.271281480789185
