Id,Coordinates,Order,Distance,Time
8030,"[[0, 0], [142, 22], [21, 20], [82, 9], [67, 6], [172, 24], [123, 20], [46, 32], [102, 3], [172, 10], [197, 35], [125, 14], [195, 27], [81, 6], [4, 32], [49, 40], [187, 30], [103, 29], [31, 41], [61, 8], [88, 41], [0, 0]]","[0, 14, 18, 7, 19, 4, 13, 3, 8, 11, 6, 1, 5, 16, 12, 10, 9, 17, 20, 15, 2, 21]",492.36368383767757,14.67529034614563
