Id,Coordinates,Order,Distance,Time
1592,"[[0, 0], [86, 36], [135, 10], [35, 28], [81, 3], [103, 6], [86, 29], [90, 21], [94, 21], [118, 35], [141, 5], [121, 3], [123, 4], [161, 17], [49, 1], [159, 19], [41, 36], [66, 24], [17, 19], [119, 6], [104, 9], [0, 0]]","[0, 18, 3, 16, 17, 1, 6, 7, 20, 5, 19, 11, 12, 2, 10, 13, 15, 9, 8, 4, 14, 21]",387.5130117378563,20.15283727645874
