Id,Coordinates,Order,Distance,Time
8543,"[[0, 0], [48, 28], [104, 46], [50, 78], [5, 28], [140, 163], [100, 117], [55, 116], [11, 177], [125, 28], [131, 131], [36, 6], [72, 106], [11, 67], [109, 40], [141, 143], [57, 157], [127, 139], [91, 107], [78, 120], [142, 8], [0, 0]]","[0, 4, 13, 1, 3, 12, 19, 18, 6, 10, 17, 15, 5, 16, 8, 7, 2, 14, 9, 20, 11, 21]",821.5333322393685,14.820113182067871
