Id,Coordinates,Order,Distance,Time
1328,"[[0, 0], [54, 36], [31, 27], [33, 30], [89, 18], [53, 82], [126, 24], [161, 42], [93, 8], [65, 3], [111, 40], [66, 3], [34, 2], [19, 70], [15, 1], [142, 21], [132, 101], [2, 54], [148, 73], [106, 65], [113, 14], [0, 0]]","[0, 14, 12, 2, 3, 1, 9, 11, 4, 8, 20, 6, 15, 7, 18, 16, 19, 10, 5, 13, 17, 21]",560.3941685757961,20.272751331329346
