Id,Coordinates,Order,Distance,Time
2442,"[[0, 0], [154, 17], [68, 1], [173, 91], [121, 43], [137, 95], [52, 96], [82, 36], [118, 47], [81, 1], [59, 6], [5, 67], [172, 33], [70, 104], [6, 75], [125, 55], [58, 90], [135, 60], [10, 92], [30, 2], [21, 51], [0, 0]]","[0, 19, 10, 2, 9, 7, 15, 17, 5, 3, 12, 1, 4, 8, 13, 16, 6, 18, 14, 11, 20, 21]",622.1655176102989,17.96111798286438
