Id,Coordinates,Order,Distance,Time
9606,"[[0, 0], [24, 45], [91, 36], [34, 86], [70, 60], [15, 52], [14, 38], [27, 10], [15, 74], [10, 25], [18, 43], [86, 64], [61, 55], [52, 29], [70, 13], [60, 58], [26, 55], [62, 61], [42, 31], [50, 48], [88, 3], [0, 0]]","[0, 9, 6, 10, 1, 16, 5, 8, 3, 17, 15, 12, 4, 11, 2, 20, 14, 13, 19, 18, 7, 21]",388.1655638712143,22.26792550086975
