Id,Coordinates,Order,Distance,Time
8167,"[[0, 0], [83, 43], [66, 26], [16, 89], [160, 140], [20, 16], [159, 16], [36, 34], [148, 8], [62, 133], [89, 106], [118, 51], [55, 14], [50, 70], [29, 42], [111, 100], [18, 11], [10, 48], [59, 153], [140, 112], [80, 111], [0, 0]]","[0, 16, 5, 7, 14, 17, 3, 13, 1, 11, 15, 10, 20, 9, 18, 4, 19, 6, 8, 2, 12, 21]",774.9812835354685,15.542159795761108
