Id,Coordinates,Order,Distance,Time
8143,"[[0, 0], [100, 80], [105, 54], [19, 95], [58, 17], [75, 21], [80, 44], [51, 119], [68, 30], [80, 77], [74, 56], [40, 84], [67, 62], [139, 107], [109, 84], [136, 12], [58, 66], [19, 79], [36, 138], [52, 19], [3, 128], [0, 0]]","[0, 19, 4, 5, 8, 6, 10, 12, 16, 2, 15, 13, 14, 1, 9, 7, 18, 20, 3, 11, 17, 21]",677.0572660405,20.22172784805298
