Id,Coordinates,Order,Distance,Time
212,"[[0, 0], [113, 44], [115, 42], [45, 57], [16, 50], [1, 11], [96, 67], [97, 27], [41, 24], [2, 15], [39, 29], [27, 63], [69, 63], [17, 65], [35, 37], [105, 2], [87, 56], [15, 27], [20, 42], [18, 66], [16, 9], [0, 0]]","[0, 5, 9, 17, 18, 4, 13, 19, 11, 14, 10, 3, 12, 16, 6, 1, 2, 7, 15, 8, 20, 21]",401.8943443440564,16.504588842391968
