Id,Coordinates,Order,Distance,Time
6756,"[[0, 0], [38, 36], [107, 63], [51, 75], [2, 78], [7, 71], [182, 25], [20, 65], [88, 67], [131, 74], [158, 22], [26, 97], [87, 51], [121, 32], [140, 29], [24, 55], [20, 2], [178, 53], [132, 64], [176, 90], [167, 71], [0, 0]]","[0, 15, 7, 5, 4, 11, 3, 8, 2, 18, 9, 19, 20, 17, 6, 10, 14, 13, 12, 1, 16, 21]",578.6142447893908,20.106985569000244
