Id,Coordinates,Order,Distance,Time
4277,"[[0, 0], [94, 39], [137, 49], [83, 24], [157, 47], [100, 29], [139, 36], [150, 42], [50, 29], [20, 8], [83, 50], [49, 28], [165, 12], [116, 42], [57, 45], [135, 36], [33, 50], [94, 31], [113, 6], [122, 10], [67, 51], [0, 0]]","[0, 9, 11, 8, 14, 20, 10, 1, 5, 18, 19, 12, 15, 6, 7, 4, 2, 13, 17, 3, 16, 21]",468.55951875309836,14.554713010787964
