Id,Coordinates,Order,Distance,Time
7746,"[[0, 0], [6, 22], [60, 42], [54, 35], [1, 143], [64, 23], [2, 90], [33, 54], [73, 18], [18, 44], [43, 116], [65, 148], [10, 152], [29, 57], [3, 40], [10, 36], [59, 58], [59, 75], [25, 48], [77, 46], [62, 31], [0, 0]]","[0, 1, 15, 9, 18, 13, 7, 2, 3, 20, 5, 8, 19, 16, 17, 10, 11, 12, 4, 6, 14, 21]",497.6076593824619,14.492467641830444
