Id,Coordinates,Order,Distance,Time
1922,"[[0, 0], [43, 11], [39, 14], [17, 7], [36, 26], [32, 37], [45, 9], [31, 33], [14, 10], [34, 33], [25, 5], [35, 2], [5, 19], [12, 16], [20, 24], [7, 6], [19, 1], [29, 30], [23, 32], [29, 31], [32, 13], [0, 0]]","[0, 15, 8, 3, 16, 10, 11, 20, 2, 1, 6, 4, 9, 7, 19, 17, 5, 18, 14, 12, 13, 21]",174.02814593506133,14.439549684524536
