Id,Coordinates,Order,Distance,Time
1999,"[[0, 0], [1, 25], [28, 26], [28, 118], [73, 45], [39, 135], [9, 62], [47, 150], [32, 83], [28, 148], [96, 157], [41, 99], [16, 33], [86, 84], [61, 22], [81, 54], [98, 58], [9, 123], [97, 130], [71, 5], [63, 20], [0, 0]]","[0, 2, 14, 20, 19, 4, 15, 16, 13, 18, 10, 7, 5, 9, 17, 3, 11, 8, 6, 12, 1, 21]",541.7381670739532,16.282555103302002
