Id,Coordinates,Order,Distance,Time
1578,"[[0, 0], [40, 72], [45, 35], [21, 19], [1, 80], [18, 5], [34, 2], [14, 46], [18, 72], [55, 12], [51, 23], [19, 26], [55, 60], [22, 50], [47, 72], [24, 34], [27, 67], [6, 56], [44, 3], [7, 1], [53, 84], [0, 0]]","[0, 19, 11, 3, 15, 13, 7, 17, 4, 8, 16, 1, 14, 20, 12, 2, 10, 9, 18, 6, 5, 21]",317.5511725086161,19.067601203918457
