Id,Coordinates,Order,Distance,Time
1016,"[[0, 0], [4, 86], [7, 58], [12, 77], [3, 84], [21, 117], [1, 96], [11, 75], [11, 27], [20, 14], [4, 82], [19, 121], [4, 118], [16, 50], [7, 141], [11, 36], [1, 138], [5, 55], [15, 87], [1, 35], [16, 76], [0, 0]]","[0, 9, 8, 15, 13, 17, 2, 7, 3, 20, 18, 1, 4, 6, 5, 11, 14, 16, 12, 10, 19, 21]",340.932729441174,15.389556169509888
