Id,Coordinates,Order,Distance,Time
9804,"[[0, 0], [10, 68], [11, 6], [7, 77], [12, 47], [11, 11], [10, 68], [5, 33], [4, 51], [5, 26], [3, 11], [5, 58], [10, 78], [7, 87], [11, 75], [1, 15], [1, 73], [5, 23], [7, 65], [1, 54], [2, 41], [0, 0]]","[0, 10, 15, 17, 9, 7, 20, 8, 19, 18, 1, 6, 14, 12, 13, 3, 16, 11, 4, 5, 2, 21]",192.61316115588562,19.645668506622314
