Id,Coordinates,Order,Distance,Time
1704,"[[0, 0], [10, 105], [4, 84], [12, 122], [2, 37], [9, 66], [13, 85], [13, 63], [3, 30], [12, 31], [4, 76], [13, 71], [8, 3], [11, 73], [1, 116], [9, 69], [11, 39], [1, 6], [3, 79], [8, 67], [9, 55], [0, 0]]","[0, 17, 8, 4, 20, 7, 5, 19, 15, 11, 13, 10, 18, 2, 1, 14, 3, 6, 16, 9, 12, 21]",272.85287990296104,22.75199317932129
