Id,Coordinates,Order,Distance,Time
3638,"[[0, 0], [47, 1], [59, 92], [15, 157], [30, 71], [36, 90], [47, 160], [60, 122], [47, 129], [44, 107], [18, 85], [33, 126], [27, 107], [43, 143], [9, 145], [44, 50], [58, 49], [8, 114], [11, 117], [6, 30], [43, 31], [0, 0]]","[0, 19, 4, 10, 5, 9, 12, 18, 17, 11, 13, 6, 3, 14, 8, 7, 2, 16, 15, 20, 1, 21]",522.9587086654722,18.031283855438232
