Id,Coordinates,Order,Distance,Time
765,"[[0, 0], [38, 61], [10, 32], [41, 11], [51, 22], [39, 57], [51, 48], [31, 17], [15, 50], [60, 51], [22, 58], [47, 46], [14, 22], [9, 11], [7, 33], [1, 61], [28, 31], [60, 35], [2, 70], [61, 2], [16, 51], [0, 0]]","[0, 13, 12, 2, 8, 20, 10, 1, 5, 11, 6, 9, 17, 4, 19, 3, 7, 16, 18, 15, 14, 21]",333.7246659301644,16.695106506347656
