Id,Coordinates,Order,Distance,Time
5146,"[[0, 0], [10, 37], [7, 31], [71, 7], [51, 31], [49, 39], [45, 9], [59, 29], [67, 31], [17, 42], [72, 45], [44, 24], [32, 1], [58, 48], [14, 4], [13, 18], [27, 42], [45, 8], [10, 19], [38, 3], [61, 45], [0, 0]]","[0, 15, 18, 2, 1, 9, 16, 5, 4, 7, 8, 10, 20, 13, 11, 3, 17, 6, 19, 12, 14, 21]",274.1595046026441,21.083679914474487
