Id,Coordinates,Order,Distance,Time
1429,"[[0, 0], [56, 30], [36, 1], [25, 29], [16, 42], [97, 28], [49, 36], [77, 11], [98, 24], [117, 17], [7, 41], [116, 10], [71, 33], [80, 15], [32, 21], [49, 54], [136, 32], [80, 45], [64, 18], [78, 51], [131, 11], [0, 0]]","[0, 2, 14, 3, 6, 1, 18, 7, 13, 5, 8, 9, 11, 20, 16, 17, 19, 12, 15, 4, 10, 21]",423.2140357996966,15.07275915145874
