Id,Coordinates,Order,Distance,Time
2601,"[[0, 0], [46, 8], [29, 10], [44, 5], [31, 9], [9, 10], [17, 15], [30, 1], [19, 2], [12, 12], [15, 8], [3, 7], [26, 3], [40, 2], [10, 5], [15, 5], [22, 11], [37, 12], [11, 10], [40, 5], [11, 15], [0, 0]]","[0, 11, 5, 18, 9, 20, 6, 16, 2, 4, 17, 1, 3, 19, 13, 7, 12, 8, 15, 10, 14, 21]",116.19956688291921,19.986745595932007
