Id,Coordinates,Order,Distance,Time
8141,"[[0, 0], [126, 2], [29, 10], [120, 12], [36, 8], [31, 13], [144, 9], [147, 10], [47, 9], [78, 9], [101, 13], [119, 2], [84, 4], [114, 1], [13, 10], [21, 13], [49, 6], [27, 7], [73, 5], [137, 13], [20, 12], [0, 0]]","[0, 14, 20, 15, 2, 5, 4, 8, 16, 18, 12, 13, 11, 1, 6, 7, 19, 3, 10, 9, 17, 21]",306.53047282067325,16.065169095993042
