Id,Coordinates,Order,Distance,Time
8035,"[[0, 0], [118, 18], [100, 45], [60, 58], [38, 32], [81, 39], [131, 29], [36, 55], [14, 1], [17, 46], [109, 13], [112, 61], [137, 48], [109, 36], [79, 38], [85, 46], [15, 46], [108, 17], [29, 39], [92, 25], [67, 10], [0, 0]]","[0, 4, 18, 16, 9, 7, 3, 14, 5, 15, 13, 17, 10, 1, 6, 12, 11, 2, 19, 20, 8, 21]",423.89541489617557,17.811277389526367
