Id,Coordinates,Order,Distance,Time
9857,"[[0, 0], [6, 116], [15, 49], [61, 53], [17, 121], [38, 137], [3, 17], [45, 151], [12, 114], [65, 183], [66, 4], [30, 39], [54, 116], [4, 123], [62, 156], [19, 140], [20, 125], [23, 154], [68, 58], [4, 73], [52, 174], [0, 0]]","[0, 6, 2, 11, 3, 18, 19, 8, 1, 13, 4, 16, 15, 17, 7, 14, 20, 9, 5, 12, 10, 21]",614.769834261584,13.703197002410889
