Id,Coordinates,Order,Distance,Time
8991,"[[0, 0], [49, 78], [39, 105], [25, 77], [34, 111], [92, 18], [68, 27], [76, 32], [45, 8], [59, 58], [69, 51], [55, 102], [3, 93], [65, 105], [72, 28], [52, 42], [51, 48], [48, 55], [79, 68], [88, 43], [62, 53], [0, 0]]","[0, 6, 14, 7, 10, 20, 9, 15, 16, 17, 1, 3, 12, 4, 2, 11, 13, 18, 19, 5, 8, 21]",476.29458357854173,21.898695468902588
