Id,Coordinates,Order,Distance,Time
1400,"[[0, 0], [30, 14], [160, 4], [27, 34], [78, 41], [39, 7], [101, 5], [37, 22], [128, 37], [85, 10], [34, 43], [145, 9], [39, 34], [106, 42], [150, 38], [89, 16], [116, 21], [28, 30], [148, 30], [114, 15], [113, 20], [0, 0]]","[0, 1, 7, 17, 3, 10, 12, 9, 15, 6, 19, 20, 16, 8, 14, 18, 2, 11, 13, 4, 5, 21]",445.81997456317583,13.768884897232056
