Id,Coordinates,Order,Distance,Time
2044,"[[0, 0], [28, 81], [135, 70], [7, 61], [142, 46], [61, 84], [53, 85], [146, 7], [150, 27], [163, 50], [37, 42], [118, 1], [155, 38], [94, 82], [62, 21], [98, 17], [158, 66], [25, 40], [138, 9], [29, 10], [153, 81], [0, 0]]","[0, 19, 17, 10, 14, 15, 11, 18, 7, 8, 12, 4, 9, 16, 20, 2, 13, 5, 6, 1, 3, 21]",518.7289200990599,19.10041093826294
