Id,Coordinates,Order,Distance,Time
7852,"[[0, 0], [30, 51], [35, 63], [52, 54], [33, 10], [12, 24], [40, 14], [7, 26], [15, 38], [25, 37], [38, 4], [8, 22], [37, 53], [38, 45], [9, 10], [7, 55], [29, 11], [52, 31], [16, 54], [1, 6], [41, 67], [0, 0]]","[0, 19, 11, 7, 5, 8, 9, 12, 3, 20, 2, 18, 15, 1, 13, 17, 6, 10, 4, 16, 14, 21]",275.33882506906394,15.270593881607056
