Id,Coordinates,Order,Distance,Time
2844,"[[0, 0], [4, 1], [3, 92], [8, 27], [2, 108], [5, 121], [7, 86], [8, 5], [7, 30], [2, 69], [4, 35], [5, 57], [1, 63], [4, 15], [7, 7], [6, 28], [5, 35], [2, 14], [6, 28], [4, 114], [3, 9], [0, 0]]","[0, 1, 7, 14, 13, 3, 15, 18, 8, 16, 10, 12, 9, 2, 4, 19, 5, 6, 11, 17, 20, 21]",251.57438936423296,16.549638986587524
