Id,Coordinates,Order,Distance,Time
7477,"[[0, 0], [46, 27], [10, 45], [47, 26], [13, 43], [5, 74], [5, 17], [31, 43], [22, 36], [4, 73], [15, 68], [5, 57], [23, 28], [42, 31], [10, 51], [45, 32], [9, 66], [14, 85], [48, 53], [42, 32], [40, 42], [0, 0]]","[0, 6, 4, 2, 14, 11, 16, 5, 9, 17, 10, 18, 20, 19, 13, 1, 3, 15, 7, 8, 12, 21]",262.1441343743676,17.934900283813477
