Id,Coordinates,Order,Distance,Time
4017,"[[0, 0], [55, 53], [125, 41], [89, 38], [138, 37], [44, 66], [48, 39], [9, 100], [148, 57], [80, 33], [25, 72], [62, 33], [107, 72], [36, 82], [42, 93], [13, 24], [25, 38], [138, 57], [75, 6], [44, 10], [114, 97], [0, 0]]","[0, 15, 16, 6, 11, 1, 5, 13, 10, 7, 14, 20, 12, 17, 8, 4, 2, 3, 9, 18, 19, 21]",548.675524434087,14.735079050064087
