Id,Coordinates,Order,Distance,Time
6964,"[[0, 0], [23, 42], [79, 37], [37, 65], [58, 21], [21, 127], [33, 24], [71, 112], [60, 12], [56, 11], [67, 105], [23, 61], [50, 61], [48, 119], [30, 105], [30, 60], [35, 42], [44, 99], [69, 52], [56, 114], [76, 1], [0, 0]]","[0, 6, 16, 1, 11, 15, 3, 12, 18, 2, 20, 8, 9, 4, 17, 19, 10, 7, 13, 5, 14, 21]",533.008029154203,17.31415057182312
