Id,Coordinates,Order,Distance,Time
4939,"[[0, 0], [92, 25], [20, 88], [43, 123], [68, 47], [26, 62], [107, 150], [5, 10], [24, 91], [62, 146], [79, 47], [93, 78], [42, 110], [25, 93], [61, 101], [4, 143], [53, 148], [112, 93], [40, 97], [56, 147], [114, 112], [0, 0]]","[0, 7, 5, 2, 8, 13, 18, 12, 15, 16, 19, 9, 3, 14, 6, 20, 17, 11, 4, 10, 1, 21]",616.8188908722202,14.593153715133667
