Id,Coordinates,Order,Distance,Time
9901,"[[0, 0], [6, 4], [46, 28], [56, 7], [3, 36], [59, 9], [8, 7], [41, 25], [62, 23], [56, 13], [30, 4], [45, 5], [25, 10], [26, 11], [12, 3], [4, 15], [41, 8], [13, 22], [54, 33], [20, 9], [59, 34], [0, 0]]","[0, 1, 6, 14, 19, 12, 13, 10, 16, 11, 3, 5, 9, 8, 20, 18, 2, 7, 17, 4, 15, 21]",201.88007750763936,16.286374807357788
