Id,Coordinates,Order,Distance,Time
1626,"[[0, 0], [94, 63], [45, 93], [45, 96], [145, 156], [134, 140], [38, 151], [80, 38], [50, 110], [128, 42], [65, 35], [108, 137], [152, 93], [22, 53], [66, 78], [126, 113], [80, 79], [95, 16], [122, 116], [22, 149], [18, 128], [0, 0]]","[0, 13, 2, 3, 8, 14, 16, 1, 7, 10, 17, 9, 12, 15, 18, 5, 4, 11, 6, 19, 20, 21]",733.0951627139282,15.376706838607788
