Id,Coordinates,Order,Distance,Time
1115,"[[0, 0], [4, 4], [83, 34], [71, 5], [29, 32], [75, 45], [61, 49], [94, 6], [75, 46], [31, 39], [35, 23], [87, 38], [47, 10], [49, 13], [79, 21], [57, 18], [18, 28], [20, 11], [62, 40], [34, 35], [83, 4], [0, 0]]","[0, 1, 16, 4, 9, 19, 12, 13, 15, 3, 20, 7, 14, 2, 11, 5, 8, 6, 18, 10, 17, 21]",292.6490854690581,16.542572736740112
