Id,Coordinates,Order,Distance,Time
4238,"[[0, 0], [10, 36], [46, 28], [37, 26], [68, 56], [101, 60], [114, 57], [107, 61], [72, 56], [41, 82], [37, 13], [140, 37], [70, 22], [126, 26], [16, 86], [72, 79], [50, 66], [95, 24], [51, 27], [137, 38], [12, 82], [0, 0]]","[0, 10, 3, 2, 18, 12, 17, 13, 19, 11, 6, 7, 5, 8, 4, 15, 9, 16, 20, 14, 1, 21]",448.4475560783062,12.161951065063477
