Id,Coordinates,Order,Distance,Time
4805,"[[0, 0], [137, 38], [179, 110], [65, 93], [47, 123], [61, 102], [9, 50], [122, 23], [161, 66], [41, 153], [4, 166], [150, 142], [171, 135], [4, 125], [134, 149], [185, 37], [133, 128], [10, 92], [16, 160], [187, 120], [128, 126], [0, 0]]","[0, 6, 17, 13, 10, 18, 9, 4, 5, 3, 20, 16, 14, 11, 12, 19, 2, 8, 15, 1, 7, 21]",721.8381900779472,14.115336179733276
