Id,Coordinates,Order,Distance,Time
3874,"[[0, 0], [6, 25], [4, 54], [9, 66], [20, 7], [10, 28], [41, 20], [101, 9], [44, 12], [101, 24], [103, 59], [60, 38], [55, 79], [104, 81], [68, 50], [35, 50], [40, 19], [108, 50], [82, 18], [54, 81], [67, 86], [0, 0]]","[0, 1, 5, 2, 3, 15, 11, 14, 12, 19, 20, 13, 10, 17, 9, 7, 18, 8, 6, 16, 4, 21]",415.56661948582433,14.439920902252197
