Id,Coordinates,Order,Distance,Time
1728,"[[0, 0], [5, 93], [5, 131], [12, 116], [35, 64], [19, 121], [17, 55], [34, 53], [38, 127], [15, 33], [62, 76], [54, 125], [56, 1], [19, 14], [92, 113], [94, 61], [18, 80], [51, 41], [86, 1], [31, 43], [70, 77], [0, 0]]","[0, 13, 9, 19, 7, 4, 6, 16, 1, 3, 2, 5, 8, 11, 14, 15, 20, 10, 17, 18, 12, 21]",544.3913085262626,22.553524494171143
