Id,Coordinates,Order,Distance,Time
1005,"[[0, 0], [10, 13], [10, 9], [6, 15], [17, 19], [2, 15], [15, 6], [4, 32], [5, 20], [16, 3], [9, 21], [13, 41], [23, 40], [23, 45], [9, 24], [11, 19], [24, 9], [17, 46], [4, 36], [19, 41], [19, 31], [0, 0]]","[0, 2, 1, 3, 5, 8, 10, 15, 4, 20, 12, 19, 13, 17, 11, 18, 7, 14, 16, 9, 6, 21]",162.24906094272802,17.800097942352295
