Id,Coordinates,Order,Distance,Time
4476,"[[0, 0], [51, 37], [52, 13], [15, 39], [82, 69], [41, 123], [90, 123], [26, 90], [34, 58], [14, 69], [90, 143], [74, 138], [72, 51], [90, 158], [46, 54], [34, 64], [15, 55], [21, 126], [104, 10], [22, 172], [99, 26], [0, 0]]","[0, 3, 16, 9, 15, 8, 14, 1, 18, 20, 7, 5, 17, 19, 11, 13, 10, 6, 4, 12, 2, 21]",698.0800814494456,18.189869165420532
