Id,Coordinates,Order,Distance,Time
25,"[[0, 0], [2, 1], [11, 19], [10, 21], [11, 21], [6, 13], [6, 1], [9, 7], [7, 23], [3, 12], [4, 11], [5, 7], [1, 19], [7, 15], [10, 3], [5, 17], [11, 5], [7, 22], [7, 18], [4, 10], [9, 15], [0, 0]]","[0, 1, 6, 14, 16, 7, 19, 10, 9, 5, 13, 18, 15, 12, 17, 8, 3, 4, 2, 20, 11, 21]",74.45690240213601,17.826971769332886
