Id,Coordinates,Order,Distance,Time
7819,"[[0, 0], [39, 122], [40, 184], [33, 59], [25, 24], [33, 69], [11, 118], [37, 116], [28, 105], [9, 87], [41, 33], [7, 35], [30, 131], [19, 185], [9, 147], [25, 128], [16, 23], [3, 147], [12, 112], [19, 164], [5, 151], [0, 0]]","[0, 16, 4, 10, 3, 5, 9, 18, 6, 15, 12, 14, 20, 17, 19, 13, 2, 1, 7, 8, 11, 21]",469.1508096857834,14.199989557266235
