Id,Coordinates,Order,Distance,Time
8893,"[[0, 0], [24, 8], [45, 29], [40, 16], [90, 1], [30, 22], [116, 26], [98, 31], [151, 11], [30, 28], [109, 27], [115, 2], [99, 30], [89, 22], [80, 20], [71, 30], [46, 3], [43, 18], [115, 14], [67, 26], [14, 3], [0, 0]]","[0, 5, 9, 3, 17, 2, 19, 15, 14, 13, 7, 12, 10, 6, 18, 8, 11, 4, 16, 1, 20, 21]",357.1946183391378,15.741307735443115
