Id,Coordinates,Order,Distance,Time
1289,"[[0, 0], [101, 6], [111, 6], [138, 17], [129, 24], [131, 18], [121, 10], [150, 37], [100, 34], [82, 12], [60, 16], [89, 21], [27, 32], [100, 4], [118, 36], [6, 28], [153, 11], [23, 20], [57, 28], [6, 5], [140, 14], [0, 0]]","[0, 19, 15, 12, 18, 9, 11, 8, 14, 4, 5, 3, 20, 16, 7, 6, 2, 1, 13, 10, 17, 21]",402.5569572600251,14.499754905700684
