Id,Coordinates,Order,Distance,Time
7942,"[[0, 0], [107, 58], [88, 159], [79, 81], [44, 161], [25, 98], [17, 36], [132, 186], [23, 49], [123, 13], [123, 60], [103, 30], [39, 133], [35, 111], [124, 89], [101, 184], [78, 41], [101, 190], [132, 43], [33, 192], [79, 94], [0, 0]]","[0, 6, 8, 5, 13, 12, 4, 19, 2, 15, 17, 7, 14, 1, 10, 18, 9, 11, 16, 3, 20, 21]",760.5729875122627,18.361841917037964
