Id,Coordinates,Order,Distance,Time
4868,"[[0, 0], [72, 79], [26, 130], [43, 105], [38, 85], [53, 32], [30, 16], [69, 71], [71, 124], [55, 141], [59, 15], [15, 101], [12, 56], [27, 18], [38, 14], [27, 37], [22, 29], [52, 24], [64, 116], [4, 28], [43, 87], [0, 0]]","[0, 16, 15, 13, 6, 14, 10, 17, 5, 7, 1, 20, 4, 3, 18, 8, 9, 2, 11, 12, 19, 21]",445.1752632279536,18.533392667770386
