Id,Coordinates,Order,Distance,Time
7408,"[[0, 0], [17, 47], [53, 5], [61, 19], [34, 33], [56, 50], [55, 42], [1, 34], [5, 28], [22, 57], [28, 44], [15, 20], [23, 21], [60, 38], [4, 29], [42, 24], [4, 11], [55, 51], [18, 30], [55, 11], [56, 22], [0, 0]]","[0, 16, 11, 8, 14, 7, 1, 9, 10, 4, 15, 2, 19, 3, 20, 13, 6, 5, 17, 18, 12, 21]",276.1206035741577,16.30367612838745
