Id,Coordinates,Order,Distance,Time
4256,"[[0, 0], [16, 23], [27, 18], [53, 38], [62, 43], [49, 40], [34, 5], [54, 29], [12, 26], [27, 10], [55, 46], [22, 11], [12, 35], [28, 49], [71, 54], [31, 18], [36, 46], [37, 50], [70, 52], [65, 41], [60, 31], [0, 0]]","[0, 11, 9, 2, 15, 1, 8, 12, 13, 16, 17, 5, 3, 10, 4, 14, 18, 19, 20, 7, 6, 21]",252.03253504823675,14.524718761444092
