Id,Coordinates,Order,Distance,Time
5839,"[[0, 0], [43, 61], [35, 26], [15, 43], [104, 4], [47, 17], [88, 65], [35, 77], [30, 69], [26, 31], [124, 59], [56, 71], [33, 76], [3, 45], [27, 77], [119, 1], [121, 19], [52, 61], [57, 17], [32, 65], [128, 69], [0, 0]]","[0, 9, 17, 1, 19, 8, 12, 7, 14, 11, 6, 20, 10, 16, 15, 4, 18, 5, 2, 3, 13, 21]",466.1281952715941,16.167520999908447
