Id,Coordinates,Order,Distance,Time
2018,"[[0, 0], [40, 2], [15, 4], [2, 14], [32, 9], [5, 15], [39, 4], [36, 1], [37, 14], [4, 2], [43, 5], [3, 2], [22, 10], [45, 12], [31, 14], [11, 13], [9, 1], [16, 9], [1, 4], [37, 9], [28, 15], [0, 0]]","[0, 11, 9, 16, 2, 12, 20, 14, 4, 19, 8, 13, 10, 6, 1, 7, 17, 15, 5, 3, 18, 21]",128.31606409098234,15.855523586273193
