Id,Coordinates,Order,Distance,Time
18,"[[0, 0], [126, 70], [36, 64], [12, 21], [108, 70], [84, 41], [94, 62], [23, 12], [132, 11], [106, 46], [145, 70], [161, 22], [80, 51], [84, 71], [167, 71], [120, 22], [15, 17], [155, 54], [45, 4], [31, 5], [139, 49], [0, 0]]","[0, 16, 3, 7, 19, 18, 5, 12, 6, 4, 1, 10, 14, 17, 15, 8, 11, 20, 9, 13, 2, 21]",561.7619026843705,17.99100089073181
