Id,Coordinates,Order,Distance,Time
1988,"[[0, 0], [101, 114], [162, 42], [112, 102], [65, 51], [16, 4], [61, 27], [32, 80], [58, 114], [90, 58], [156, 64], [103, 132], [52, 37], [64, 140], [124, 95], [4, 144], [118, 99], [14, 112], [148, 121], [108, 5], [47, 42], [0, 0]]","[0, 5, 12, 20, 4, 9, 14, 16, 3, 1, 8, 7, 17, 15, 13, 11, 18, 10, 2, 19, 6, 21]",764.6713891053349,16.90800714492798
