Id,Coordinates,Order,Distance,Time
3066,"[[0, 0], [34, 112], [13, 4], [4, 106], [29, 30], [14, 59], [43, 74], [55, 30], [30, 21], [70, 49], [24, 49], [59, 13], [22, 103], [23, 66], [42, 120], [57, 92], [44, 38], [28, 8], [63, 15], [41, 118], [6, 69], [0, 0]]","[0, 2, 17, 8, 4, 16, 7, 11, 18, 9, 13, 5, 20, 3, 12, 1, 19, 14, 15, 6, 10, 21]",434.0616529836179,14.828596353530884
