Id,Coordinates,Order,Distance,Time
2337,"[[0, 0], [40, 15], [9, 46], [42, 61], [25, 9], [51, 47], [26, 54], [74, 34], [65, 58], [57, 80], [4, 39], [40, 51], [18, 71], [59, 55], [37, 15], [43, 13], [5, 68], [57, 36], [67, 16], [68, 23], [6, 40], [0, 0]]","[0, 4, 14, 1, 15, 18, 19, 7, 17, 5, 13, 8, 9, 3, 11, 6, 20, 10, 16, 12, 2, 21]",351.6331474889015,14.627541065216064
