Id,Coordinates,Order,Distance,Time
4974,"[[0, 0], [91, 9], [92, 79], [79, 109], [63, 69], [64, 118], [47, 62], [5, 57], [26, 84], [26, 111], [104, 95], [94, 100], [21, 17], [4, 16], [37, 116], [94, 45], [7, 85], [72, 120], [78, 53], [91, 85], [4, 93], [0, 0]]","[0, 13, 7, 16, 20, 8, 9, 14, 5, 17, 3, 11, 10, 19, 2, 15, 1, 18, 4, 6, 12, 21]",489.93795311068,14.66590929031372
