Id,Coordinates,Order,Distance,Time
9605,"[[0, 0], [107, 60], [82, 21], [54, 63], [55, 39], [104, 11], [33, 14], [19, 70], [18, 58], [105, 34], [90, 68], [67, 10], [25, 59], [103, 50], [54, 64], [6, 57], [2, 42], [50, 29], [15, 56], [45, 57], [69, 44], [0, 0]]","[0, 6, 17, 4, 19, 12, 8, 18, 16, 15, 7, 14, 3, 20, 10, 1, 13, 9, 5, 2, 11, 21]",444.90298916528207,15.098148822784424
