Id,Coordinates,Order,Distance,Time
6349,"[[0, 0], [119, 31], [144, 38], [79, 16], [139, 25], [67, 38], [87, 36], [88, 8], [101, 57], [62, 11], [74, 20], [53, 23], [149, 1], [4, 9], [142, 25], [104, 2], [37, 26], [3, 40], [15, 6], [92, 12], [12, 33], [0, 0]]","[0, 13, 20, 17, 16, 11, 9, 10, 3, 7, 19, 15, 12, 4, 14, 2, 1, 8, 6, 5, 18, 21]",435.61907640210535,18.653871774673462
