Id,Coordinates,Order,Distance,Time
9253,"[[0, 0], [9, 129], [8, 149], [70, 107], [114, 99], [59, 128], [33, 90], [97, 72], [43, 93], [51, 95], [45, 114], [67, 121], [22, 69], [96, 34], [4, 153], [54, 2], [82, 31], [18, 5], [76, 96], [3, 58], [114, 156], [0, 0]]","[0, 17, 15, 16, 13, 7, 18, 3, 11, 5, 10, 6, 1, 2, 14, 20, 4, 9, 8, 12, 19, 21]",684.2600554333906,18.318262815475464
