Id,Coordinates,Order,Distance,Time
9290,"[[0, 0], [160, 13], [47, 20], [31, 24], [105, 21], [156, 25], [68, 17], [9, 8], [13, 23], [162, 25], [40, 10], [50, 27], [106, 29], [123, 8], [149, 31], [110, 1], [102, 30], [57, 20], [146, 10], [42, 11], [129, 14], [0, 0]]","[0, 7, 8, 3, 2, 10, 19, 17, 16, 12, 4, 15, 13, 20, 18, 1, 9, 5, 14, 6, 11, 21]",413.95380952621565,15.150517702102661
