Id,Coordinates,Order,Distance,Time
2954,"[[0, 0], [44, 31], [53, 53], [68, 61], [75, 51], [36, 33], [49, 36], [74, 30], [47, 20], [2, 61], [76, 58], [11, 18], [39, 6], [87, 35], [44, 48], [51, 13], [25, 38], [8, 26], [12, 30], [12, 60], [73, 51], [0, 0]]","[0, 11, 17, 18, 5, 1, 6, 14, 2, 3, 10, 20, 4, 13, 7, 8, 15, 12, 16, 19, 9, 21]",348.4958072887088,17.3906831741333
