Id,Coordinates,Order,Distance,Time
7613,"[[0, 0], [3, 101], [40, 94], [13, 16], [54, 144], [41, 149], [47, 38], [29, 164], [44, 139], [38, 134], [67, 110], [59, 155], [32, 174], [44, 89], [9, 13], [53, 60], [2, 120], [20, 139], [2, 1], [41, 1], [48, 71], [0, 0]]","[0, 18, 14, 3, 19, 6, 15, 20, 13, 2, 10, 9, 8, 5, 4, 11, 12, 7, 17, 16, 1, 21]",478.66459204716915,13.977108478546143
