Id,Coordinates,Order,Distance,Time
2145,"[[0, 0], [16, 25], [38, 80], [70, 3], [58, 3], [49, 15], [16, 72], [59, 37], [44, 78], [62, 62], [39, 68], [46, 26], [14, 16], [2, 42], [22, 30], [35, 25], [18, 60], [55, 12], [55, 73], [11, 12], [35, 88], [0, 0]]","[0, 19, 12, 1, 14, 15, 11, 5, 17, 4, 3, 7, 9, 18, 10, 8, 2, 20, 6, 16, 13, 21]",321.7797979580916,16.851767539978027
