Id,Coordinates,Order,Distance,Time
771,"[[0, 0], [55, 39], [138, 55], [118, 79], [100, 1], [22, 37], [58, 48], [24, 35], [23, 24], [163, 53], [138, 59], [132, 41], [30, 87], [94, 35], [135, 44], [11, 38], [78, 27], [45, 9], [127, 40], [55, 16], [73, 79], [0, 0]]","[0, 8, 7, 5, 15, 1, 4, 16, 13, 18, 11, 14, 2, 10, 9, 3, 20, 12, 6, 19, 17, 21]",574.805024133306,16.00748038291931
