Id,Coordinates,Order,Distance,Time
1473,"[[0, 0], [79, 142], [16, 91], [9, 3], [37, 137], [98, 133], [119, 19], [8, 92], [4, 103], [98, 13], [86, 68], [50, 72], [110, 152], [96, 6], [15, 35], [117, 57], [104, 150], [59, 106], [117, 130], [11, 113], [55, 21], [0, 0]]","[0, 3, 20, 13, 9, 6, 15, 10, 17, 19, 8, 7, 2, 4, 1, 5, 16, 12, 18, 11, 14, 21]",667.6580507952226,14.31436824798584
