Id,Coordinates,Order,Distance,Time
4471,"[[0, 0], [59, 118], [28, 114], [16, 27], [69, 57], [21, 118], [146, 8], [136, 29], [125, 93], [116, 117], [87, 127], [136, 76], [73, 46], [139, 29], [137, 139], [19, 78], [136, 97], [72, 64], [96, 95], [49, 46], [75, 138], [0, 0]]","[0, 3, 19, 4, 17, 18, 8, 11, 16, 14, 9, 10, 20, 1, 2, 5, 15, 12, 7, 13, 6, 21]",732.1664161850088,16.923681259155273
