Id,Coordinates,Order,Distance,Time
6314,"[[0, 0], [46, 3], [78, 93], [85, 51], [135, 26], [141, 64], [116, 13], [157, 35], [134, 30], [75, 24], [71, 26], [173, 28], [19, 15], [113, 89], [61, 6], [171, 61], [53, 80], [73, 74], [51, 78], [47, 51], [30, 20], [0, 0]]","[0, 12, 1, 14, 10, 9, 3, 17, 16, 18, 2, 13, 5, 15, 11, 7, 4, 8, 6, 19, 20, 21]",560.4876692579735,13.13669490814209
