Id,Coordinates,Order,Distance,Time
2718,"[[0, 0], [71, 9], [70, 12], [61, 9], [79, 11], [35, 7], [13, 6], [18, 14], [5, 4], [103, 14], [82, 14], [84, 5], [26, 3], [100, 8], [28, 13], [46, 1], [67, 7], [64, 5], [31, 1], [30, 10], [79, 5], [0, 0]]","[0, 8, 6, 7, 14, 19, 5, 15, 3, 17, 16, 1, 2, 4, 10, 9, 13, 11, 20, 18, 12, 21]",230.34872252169288,15.676119804382324
