Id,Coordinates,Order,Distance,Time
1741,"[[0, 0], [9, 77], [23, 1], [68, 115], [127, 115], [29, 105], [18, 90], [55, 118], [9, 56], [77, 69], [34, 17], [85, 70], [92, 122], [51, 51], [11, 126], [44, 62], [120, 51], [129, 72], [119, 113], [78, 127], [13, 126], [0, 0]]","[0, 2, 10, 13, 15, 9, 11, 16, 17, 4, 18, 12, 19, 3, 7, 20, 14, 5, 6, 1, 8, 21]",505.0844713588702,20.379998922348022
