Id,Coordinates,Order,Distance,Time
8120,"[[0, 0], [25, 1], [105, 7], [78, 6], [158, 22], [150, 21], [152, 21], [120, 15], [80, 10], [23, 10], [14, 20], [94, 9], [122, 3], [176, 13], [25, 16], [144, 20], [85, 2], [92, 12], [169, 21], [41, 7], [66, 11], [0, 0]]","[0, 10, 14, 9, 19, 20, 3, 8, 17, 11, 2, 7, 15, 5, 6, 4, 18, 13, 12, 16, 1, 21]",383.74847394783365,16.9868483543396
