Id,Coordinates,Order,Distance,Time
3411,"[[0, 0], [11, 11], [14, 44], [4, 61], [11, 13], [1, 77], [4, 45], [14, 71], [18, 26], [18, 74], [18, 74], [15, 5], [15, 61], [11, 16], [15, 45], [8, 54], [4, 68], [16, 8], [9, 71], [1, 21], [7, 18], [0, 0]]","[0, 1, 4, 13, 20, 11, 17, 8, 2, 14, 6, 15, 3, 16, 18, 7, 9, 10, 5, 12, 19, 21]",234.08724489148358,16.179563283920288
