Id,Coordinates,Order,Distance,Time
5483,"[[0, 0], [26, 114], [60, 71], [6, 123], [32, 7], [2, 96], [51, 64], [26, 4], [11, 14], [62, 167], [33, 145], [12, 66], [15, 10], [19, 173], [46, 39], [34, 118], [27, 15], [38, 85], [41, 132], [16, 38], [6, 122], [0, 0]]","[0, 12, 7, 4, 16, 19, 11, 5, 20, 3, 13, 9, 10, 18, 15, 1, 17, 2, 6, 14, 8, 21]",484.92302188967005,16.24076223373413
