Id,Coordinates,Order,Distance,Time
8786,"[[0, 0], [40, 44], [42, 24], [7, 126], [16, 71], [32, 89], [72, 128], [66, 8], [44, 100], [31, 116], [40, 14], [44, 114], [11, 138], [64, 114], [54, 31], [58, 39], [68, 35], [14, 6], [73, 2], [46, 50], [56, 51], [0, 0]]","[0, 17, 10, 2, 14, 15, 19, 1, 4, 5, 8, 11, 9, 3, 12, 6, 13, 20, 16, 7, 18, 21]",512.287762590495,15.607585668563843
