Id,Coordinates,Order,Distance,Time
1938,"[[0, 0], [87, 3], [99, 6], [15, 36], [99, 42], [99, 2], [90, 39], [101, 41], [29, 42], [70, 30], [48, 8], [6, 40], [93, 35], [80, 11], [80, 30], [45, 1], [7, 15], [86, 2], [43, 17], [10, 33], [75, 20], [0, 0]]","[0, 16, 19, 11, 3, 8, 18, 20, 13, 1, 17, 5, 2, 12, 7, 4, 6, 14, 9, 10, 15, 21]",325.60759116260385,18.669397592544556
