Id,Coordinates,Order,Distance,Time
1772,"[[0, 0], [17, 6], [33, 23], [48, 20], [16, 25], [14, 3], [55, 20], [36, 3], [55, 25], [2, 11], [51, 7], [52, 25], [36, 22], [18, 2], [51, 21], [1, 25], [57, 13], [28, 21], [39, 19], [37, 3], [5, 6], [0, 0]]","[0, 20, 9, 15, 4, 17, 2, 12, 18, 3, 14, 11, 8, 6, 16, 10, 19, 7, 13, 1, 5, 21]",163.49376743280266,20.062030792236328
