Id,Coordinates,Order,Distance,Time
6869,"[[0, 0], [2, 69], [8, 29], [23, 123], [32, 16], [28, 2], [7, 2], [19, 153], [28, 72], [14, 121], [15, 122], [12, 89], [17, 126], [22, 136], [27, 92], [6, 18], [16, 147], [44, 120], [8, 166], [58, 58], [30, 155], [0, 0]]","[0, 6, 4, 5, 19, 8, 14, 9, 10, 12, 3, 13, 16, 7, 18, 20, 17, 11, 1, 2, 15, 21]",459.64325552483615,16.570344924926758
