Id,Coordinates,Order,Distance,Time
2384,"[[0, 0], [42, 8], [23, 6], [40, 19], [65, 4], [45, 9], [38, 5], [5, 2], [21, 15], [40, 21], [18, 8], [38, 14], [6, 18], [63, 25], [50, 2], [52, 13], [43, 4], [56, 8], [60, 19], [2, 25], [64, 23], [0, 0]]","[0, 7, 10, 12, 19, 8, 11, 3, 9, 5, 1, 16, 14, 17, 4, 18, 20, 13, 15, 6, 2, 21]",229.08150869518192,17.034972667694092
