Id,Coordinates,Order,Distance,Time
5201,"[[0, 0], [72, 27], [121, 19], [133, 35], [84, 13], [4, 29], [65, 9], [122, 16], [22, 4], [93, 5], [127, 26], [56, 16], [127, 26], [120, 7], [87, 35], [88, 57], [123, 46], [17, 38], [12, 22], [46, 11], [121, 23], [0, 0]]","[0, 18, 5, 17, 1, 14, 15, 16, 3, 10, 12, 20, 2, 7, 13, 9, 4, 6, 11, 19, 8, 21]",359.54884283287504,16.019586324691772
