Id,Coordinates,Order,Distance,Time
9311,"[[0, 0], [32, 105], [44, 26], [25, 126], [18, 178], [45, 64], [33, 124], [11, 63], [29, 40], [18, 156], [23, 138], [47, 2], [3, 31], [33, 121], [23, 17], [50, 50], [28, 62], [9, 19], [19, 112], [9, 100], [34, 191], [0, 0]]","[0, 17, 14, 11, 2, 8, 16, 5, 15, 1, 18, 3, 6, 13, 10, 9, 4, 20, 19, 7, 12, 21]",536.8675268846533,13.651549816131592
