Id,Coordinates,Order,Distance,Time
4109,"[[0, 0], [74, 32], [94, 1], [45, 31], [33, 31], [42, 1], [40, 26], [67, 20], [93, 1], [94, 37], [65, 6], [85, 11], [41, 1], [98, 17], [19, 19], [66, 36], [81, 21], [83, 25], [94, 27], [4, 22], [76, 3], [0, 0]]","[0, 19, 14, 4, 6, 3, 15, 1, 7, 16, 11, 17, 9, 18, 13, 2, 8, 20, 10, 5, 12, 21]",302.75207107241397,15.081828594207764
