Id,Coordinates,Order,Distance,Time
7173,"[[0, 0], [179, 21], [183, 85], [44, 66], [183, 45], [179, 96], [163, 27], [40, 121], [112, 101], [93, 163], [188, 43], [100, 36], [161, 46], [81, 113], [19, 193], [2, 172], [26, 117], [134, 137], [134, 146], [21, 154], [72, 92], [0, 0]]","[0, 3, 20, 13, 17, 18, 7, 16, 19, 15, 14, 9, 8, 12, 6, 1, 10, 4, 2, 5, 11, 21]",949.8096129631017,16.379633903503418
