Id,Coordinates,Order,Distance,Time
5444,"[[0, 0], [88, 16], [137, 17], [17, 1], [128, 22], [136, 3], [142, 4], [115, 21], [159, 16], [4, 21], [87, 13], [107, 12], [60, 4], [154, 10], [68, 3], [153, 19], [149, 16], [87, 22], [84, 16], [151, 20], [79, 19], [0, 0]]","[0, 3, 12, 14, 18, 10, 1, 7, 4, 2, 16, 19, 15, 8, 13, 6, 5, 11, 17, 20, 9, 21]",356.45048929172054,12.285996198654175
