Id,Coordinates,Order,Distance,Time
7002,"[[0, 0], [45, 51], [43, 165], [39, 96], [17, 129], [45, 63], [4, 97], [13, 123], [46, 88], [46, 32], [53, 87], [43, 37], [5, 66], [2, 156], [33, 128], [13, 2], [2, 41], [2, 32], [11, 117], [38, 35], [31, 156], [0, 0]]","[0, 17, 16, 12, 6, 18, 7, 4, 13, 20, 2, 14, 3, 8, 10, 5, 1, 11, 9, 19, 15, 21]",414.8252216234244,15.013079404830933
