Id,Coordinates,Order,Distance,Time
8575,"[[0, 0], [115, 20], [55, 135], [132, 9], [21, 45], [168, 46], [94, 63], [62, 116], [137, 10], [7, 6], [21, 29], [125, 31], [67, 128], [66, 51], [146, 93], [146, 96], [17, 22], [109, 73], [168, 27], [113, 53], [143, 21], [0, 0]]","[0, 9, 13, 6, 17, 19, 11, 1, 3, 8, 20, 18, 5, 14, 15, 12, 2, 7, 4, 10, 16, 21]",581.9451869836298,14.139541149139404
