Id,Coordinates,Order,Distance,Time
1590,"[[0, 0], [15, 40], [3, 32], [12, 61], [14, 58], [78, 12], [55, 118], [97, 76], [107, 17], [96, 53], [82, 1], [82, 7], [87, 38], [47, 95], [50, 80], [30, 69], [55, 44], [82, 119], [125, 147], [81, 63], [135, 48], [0, 0]]","[0, 2, 1, 4, 3, 15, 14, 13, 6, 17, 18, 7, 19, 12, 5, 11, 10, 8, 20, 9, 16, 21]",613.4473899911075,16.888028144836426
