Id,Coordinates,Order,Distance,Time
5156,"[[0, 0], [16, 22], [9, 19], [141, 56], [62, 49], [18, 51], [5, 85], [45, 83], [164, 15], [50, 109], [106, 85], [154, 101], [139, 24], [129, 79], [64, 14], [89, 112], [98, 5], [165, 31], [69, 83], [81, 42], [77, 14], [0, 0]]","[0, 2, 1, 5, 6, 7, 18, 9, 15, 10, 13, 11, 3, 17, 8, 12, 16, 4, 19, 20, 14, 21]",670.6369042139152,17.016034841537476
