Id,Coordinates,Order,Distance,Time
7321,"[[0, 0], [24, 10], [43, 22], [15, 22], [18, 23], [36, 14], [16, 33], [21, 21], [35, 10], [3, 19], [52, 29], [11, 25], [12, 27], [35, 33], [29, 26], [9, 17], [35, 26], [26, 3], [57, 12], [60, 21], [13, 15], [0, 0]]","[0, 9, 15, 3, 4, 7, 14, 16, 2, 5, 1, 20, 11, 12, 6, 13, 10, 19, 18, 8, 17, 21]",235.4535546362526,18.29978656768799
