Id,Coordinates,Order,Distance,Time
8267,"[[0, 0], [70, 34], [106, 71], [27, 150], [18, 100], [11, 39], [27, 26], [12, 134], [88, 61], [22, 53], [22, 62], [10, 75], [35, 73], [36, 35], [7, 53], [83, 135], [30, 89], [57, 67], [129, 90], [73, 18], [66, 2], [0, 0]]","[0, 6, 13, 9, 10, 11, 14, 5, 17, 8, 2, 18, 15, 3, 7, 4, 16, 12, 1, 19, 20, 21]",635.3208028796164,17.43454384803772
