Id,Coordinates,Order,Distance,Time
4612,"[[0, 0], [39, 37], [47, 29], [93, 60], [53, 144], [17, 10], [82, 134], [49, 74], [77, 122], [101, 153], [95, 44], [69, 29], [91, 27], [55, 12], [65, 126], [37, 105], [60, 29], [80, 14], [28, 4], [74, 55], [3, 114], [0, 0]]","[0, 18, 13, 16, 11, 17, 12, 10, 3, 19, 14, 8, 6, 9, 4, 20, 15, 7, 1, 2, 5, 21]",575.551419571089,16.270198583602905
