Id,Coordinates,Order,Distance,Time
2310,"[[0, 0], [3, 63], [146, 34], [89, 142], [47, 114], [49, 78], [138, 155], [125, 135], [110, 20], [98, 60], [49, 139], [76, 96], [134, 7], [21, 43], [51, 154], [34, 59], [106, 7], [93, 23], [40, 55], [31, 40], [89, 79], [0, 0]]","[0, 13, 19, 18, 15, 5, 11, 20, 9, 17, 8, 16, 12, 2, 7, 6, 3, 14, 10, 4, 1, 21]",695.0273067255828,20.824416399002075
