Id,Coordinates,Order,Distance,Time
4290,"[[0, 0], [6, 58], [51, 72], [66, 69], [64, 47], [32, 67], [10, 16], [9, 97], [15, 62], [44, 56], [26, 34], [45, 57], [9, 21], [4, 64], [53, 44], [18, 98], [40, 20], [26, 18], [31, 26], [53, 63], [10, 80], [0, 0]]","[0, 17, 18, 16, 14, 4, 3, 2, 19, 11, 9, 5, 8, 1, 13, 20, 7, 15, 10, 12, 6, 21]",350.8024287165828,18.369038581848145
