Id,Coordinates,Order,Distance,Time
9047,"[[0, 0], [16, 116], [19, 45], [8, 41], [7, 32], [36, 101], [43, 124], [44, 104], [40, 153], [81, 15], [52, 27], [65, 100], [43, 52], [21, 22], [48, 122], [17, 65], [64, 4], [40, 128], [81, 27], [10, 130], [4, 56], [0, 0]]","[0, 4, 3, 2, 12, 10, 16, 9, 18, 11, 7, 5, 14, 6, 17, 8, 19, 1, 15, 20, 13, 21]",514.78630433558,15.465126991271973
