Id,Coordinates,Order,Distance,Time
1198,"[[0, 0], [3, 62], [3, 93], [9, 90], [2, 114], [5, 83], [1, 96], [4, 59], [1, 78], [6, 75], [5, 32], [9, 74], [8, 42], [4, 15], [1, 93], [2, 109], [4, 83], [4, 58], [7, 80], [6, 53], [1, 6], [0, 0]]","[0, 20, 13, 10, 12, 19, 17, 7, 1, 11, 9, 18, 5, 2, 14, 6, 15, 4, 3, 16, 8, 21]",238.7264580471704,14.96373987197876
