Id,Coordinates,Order,Distance,Time
6556,"[[0, 0], [11, 42], [65, 9], [89, 49], [49, 51], [38, 35], [16, 70], [20, 71], [74, 55], [36, 53], [136, 35], [129, 55], [116, 73], [64, 3], [118, 39], [89, 54], [6, 74], [59, 11], [95, 65], [134, 20], [113, 65], [0, 0]]","[0, 5, 17, 13, 2, 3, 15, 18, 20, 12, 11, 10, 19, 14, 8, 4, 9, 7, 6, 16, 1, 21]",472.22778801614805,15.046885251998901
