Id,Coordinates,Order,Distance,Time
5700,"[[0, 0], [36, 30], [52, 25], [56, 21], [33, 6], [49, 12], [58, 6], [21, 6], [4, 13], [49, 17], [42, 35], [64, 35], [64, 32], [44, 16], [20, 25], [30, 13], [19, 31], [18, 37], [40, 31], [6, 29], [1, 13], [0, 0]]","[0, 20, 8, 19, 16, 14, 17, 1, 18, 10, 2, 3, 9, 5, 6, 12, 11, 13, 15, 4, 7, 21]",247.1939856937239,16.88558864593506
