Id,Coordinates,Order,Distance,Time
3073,"[[0, 0], [9, 65], [12, 36], [6, 89], [10, 3], [2, 13], [8, 89], [7, 18], [8, 6], [7, 82], [12, 92], [7, 16], [2, 9], [8, 41], [11, 88], [6, 95], [3, 30], [8, 35], [14, 88], [5, 1], [12, 22], [0, 0]]","[0, 19, 4, 8, 11, 7, 20, 2, 13, 1, 9, 6, 14, 18, 10, 15, 3, 17, 16, 5, 12, 21]",214.85463509877297,14.658096075057983
