Id,Coordinates,Order,Distance,Time
5873,"[[0, 0], [44, 74], [82, 58], [3, 64], [105, 31], [41, 84], [4, 11], [22, 27], [6, 22], [82, 45], [7, 43], [36, 87], [88, 66], [46, 69], [23, 28], [49, 33], [78, 62], [86, 23], [82, 86], [105, 22], [89, 74], [0, 0]]","[0, 6, 8, 7, 14, 10, 3, 11, 5, 1, 13, 18, 20, 12, 16, 2, 9, 4, 19, 17, 15, 21]",388.80219588070577,18.089988231658936
