Id,Coordinates,Order,Distance,Time
1177,"[[0, 0], [98, 11], [161, 6], [94, 11], [7, 3], [61, 7], [185, 3], [114, 9], [88, 10], [43, 3], [19, 14], [149, 7], [186, 4], [156, 16], [84, 1], [115, 2], [112, 11], [103, 2], [87, 8], [102, 13], [87, 10], [0, 0]]","[0, 4, 10, 9, 5, 18, 20, 8, 3, 1, 19, 16, 7, 11, 2, 6, 12, 13, 15, 17, 14, 21]",387.7023028013456,20.1952166557312
