Id,Coordinates,Order,Distance,Time
3251,"[[0, 0], [73, 36], [147, 80], [99, 2], [129, 56], [42, 78], [130, 33], [72, 25], [95, 16], [34, 56], [55, 3], [121, 35], [18, 69], [81, 4], [66, 41], [151, 55], [116, 61], [130, 11], [52, 16], [105, 25], [60, 69], [0, 0]]","[0, 18, 10, 13, 3, 8, 19, 17, 6, 11, 4, 15, 2, 16, 1, 7, 14, 20, 5, 12, 9, 21]",543.3300818864386,16.4447283744812
