Id,Coordinates,Order,Distance,Time
6527,"[[0, 0], [17, 94], [43, 8], [65, 24], [43, 3], [25, 76], [59, 33], [52, 68], [3, 46], [28, 66], [65, 94], [40, 69], [62, 51], [23, 82], [49, 71], [1, 97], [40, 65], [14, 33], [52, 84], [30, 77], [20, 60], [0, 0]]","[0, 17, 8, 20, 9, 5, 15, 1, 13, 19, 11, 16, 14, 18, 10, 7, 12, 6, 3, 2, 4, 21]",375.0574552669133,14.803127765655518
