Id,Coordinates,Order,Distance,Time
5324,"[[0, 0], [47, 3], [50, 23], [73, 21], [84, 35], [16, 10], [20, 23], [51, 3], [47, 6], [80, 20], [44, 9], [33, 7], [68, 30], [72, 4], [72, 2], [90, 11], [2, 13], [11, 41], [54, 1], [78, 24], [78, 37], [0, 0]]","[0, 5, 11, 10, 8, 1, 7, 18, 14, 13, 3, 19, 9, 15, 4, 20, 12, 2, 6, 17, 16, 21]",277.2444184367663,14.84075927734375
