Id,Coordinates,Order,Distance,Time
8973,"[[0, 0], [17, 80], [2, 70], [24, 82], [18, 87], [28, 1], [9, 36], [18, 88], [17, 89], [23, 12], [26, 74], [24, 47], [12, 4], [12, 77], [18, 43], [6, 13], [18, 16], [6, 42], [13, 40], [19, 83], [28, 60], [0, 0]]","[0, 12, 5, 9, 16, 18, 14, 11, 20, 10, 3, 19, 4, 7, 8, 1, 13, 2, 17, 6, 15, 21]",231.14024408642473,18.27727746963501
