Id,Coordinates,Order,Distance,Time
2635,"[[0, 0], [132, 3], [115, 57], [123, 39], [148, 2], [173, 117], [61, 81], [107, 20], [153, 25], [89, 18], [112, 2], [162, 124], [170, 43], [95, 58], [152, 100], [125, 42], [170, 31], [46, 77], [29, 58], [114, 117], [167, 46], [0, 0]]","[0, 18, 13, 2, 15, 3, 7, 9, 10, 1, 4, 8, 16, 12, 20, 14, 5, 11, 19, 6, 17, 21]",650.2338214155026,13.422974586486816
