Id,Coordinates,Order,Distance,Time
2004,"[[0, 0], [66, 7], [26, 105], [108, 50], [38, 146], [95, 52], [77, 120], [9, 83], [12, 21], [58, 23], [33, 123], [6, 64], [80, 134], [84, 29], [96, 130], [15, 132], [31, 33], [11, 115], [30, 146], [102, 50], [55, 107], [0, 0]]","[0, 8, 16, 9, 1, 13, 5, 19, 3, 14, 12, 6, 20, 17, 15, 18, 4, 10, 2, 7, 11, 21]",541.6727345034967,16.00729513168335
