Id,Coordinates,Order,Distance,Time
7850,"[[0, 0], [33, 6], [30, 13], [145, 8], [29, 9], [64, 1], [32, 5], [53, 6], [19, 10], [117, 14], [26, 11], [145, 7], [55, 4], [128, 13], [92, 10], [132, 1], [15, 5], [62, 13], [61, 11], [148, 1], [100, 1], [0, 0]]","[0, 16, 8, 10, 4, 2, 1, 6, 7, 12, 18, 17, 14, 9, 13, 11, 3, 19, 15, 20, 5, 21]",321.51636670992553,14.1142418384552
