Id,Coordinates,Order,Distance,Time
3132,"[[0, 0], [38, 75], [108, 47], [86, 114], [65, 142], [86, 9], [53, 156], [13, 91], [67, 22], [105, 94], [2, 57], [17, 102], [89, 74], [69, 138], [128, 42], [71, 14], [105, 24], [110, 182], [24, 32], [29, 157], [13, 15], [0, 0]]","[0, 20, 18, 10, 7, 11, 1, 13, 4, 19, 6, 17, 3, 9, 12, 2, 14, 16, 5, 15, 8, 21]",683.2152874632346,18.586986780166626
