Id,Coordinates,Order,Distance,Time
1791,"[[0, 0], [148, 31], [126, 6], [126, 4], [80, 20], [57, 40], [51, 15], [92, 7], [70, 15], [33, 2], [17, 3], [103, 39], [25, 16], [156, 16], [47, 21], [16, 20], [3, 20], [106, 36], [147, 17], [72, 31], [17, 2], [0, 0]]","[0, 20, 10, 16, 15, 12, 6, 14, 5, 19, 4, 17, 11, 2, 3, 18, 13, 1, 7, 8, 9, 21]",432.14710701940106,17.639000415802002
