Id,Coordinates,Order,Distance,Time
662,"[[0, 0], [34, 81], [20, 132], [6, 83], [12, 13], [24, 101], [8, 72], [69, 3], [11, 26], [117, 29], [19, 116], [64, 3], [116, 19], [38, 59], [113, 60], [55, 121], [48, 121], [30, 57], [26, 117], [15, 6], [74, 76], [0, 0]]","[0, 19, 4, 8, 17, 1, 5, 10, 18, 2, 16, 15, 20, 14, 9, 12, 7, 11, 13, 3, 6, 21]",567.3035237312008,17.95718741416931
