Id,Coordinates,Order,Distance,Time
1971,"[[0, 0], [61, 80], [63, 53], [66, 34], [4, 9], [11, 23], [79, 11], [4, 110], [73, 85], [73, 3], [9, 22], [26, 58], [25, 34], [56, 135], [4, 107], [13, 143], [43, 137], [41, 126], [10, 137], [63, 109], [57, 35], [0, 0]]","[0, 4, 10, 5, 12, 20, 9, 6, 3, 2, 1, 8, 19, 13, 16, 17, 15, 18, 7, 14, 11, 21]",470.9953798387845,15.30273151397705
