Id,Coordinates,Order,Distance,Time
6101,"[[0, 0], [35, 9], [6, 57], [21, 17], [55, 75], [54, 36], [32, 72], [48, 63], [30, 45], [15, 3], [2, 70], [14, 73], [6, 69], [6, 37], [40, 1], [10, 57], [62, 15], [21, 34], [15, 62], [49, 90], [18, 58], [0, 0]]","[0, 9, 1, 14, 16, 5, 17, 13, 2, 15, 18, 20, 12, 10, 11, 6, 19, 4, 7, 8, 3, 21]",365.0803575556451,15.729462623596191
