Id,Coordinates,Order,Distance,Time
5555,"[[0, 0], [38, 133], [144, 70], [57, 47], [3, 134], [94, 124], [95, 66], [157, 49], [1, 47], [133, 96], [65, 15], [50, 104], [29, 8], [3, 11], [146, 4], [123, 51], [54, 122], [21, 21], [9, 107], [157, 96], [52, 64], [0, 0]]","[0, 17, 12, 10, 3, 20, 11, 16, 1, 4, 18, 6, 15, 14, 7, 2, 19, 9, 5, 8, 13, 21]",791.5834414876213,14.687403202056885
