Id,Coordinates,Order,Distance,Time
5744,"[[0, 0], [121, 2], [98, 74], [34, 114], [15, 145], [39, 2], [21, 154], [103, 69], [21, 40], [2, 18], [63, 139], [126, 64], [118, 40], [9, 110], [86, 7], [59, 89], [43, 127], [100, 66], [24, 86], [69, 147], [123, 137], [0, 0]]","[0, 9, 5, 14, 1, 12, 11, 7, 17, 2, 15, 3, 16, 10, 19, 20, 4, 6, 13, 18, 8, 21]",704.9755982989856,18.61935520172119
