Id,Coordinates,Order,Distance,Time
707,"[[0, 0], [80, 43], [95, 45], [41, 51], [68, 70], [74, 27], [26, 40], [86, 31], [41, 28], [39, 41], [87, 76], [16, 38], [57, 46], [1, 32], [46, 70], [40, 24], [72, 28], [9, 18], [39, 16], [78, 74], [12, 44], [0, 0]]","[0, 17, 13, 20, 11, 6, 9, 12, 16, 5, 7, 1, 2, 10, 19, 4, 14, 3, 8, 15, 18, 21]",338.5143365860436,18.566503286361694
