Id,Coordinates,Order,Distance,Time
8722,"[[0, 0], [159, 71], [44, 24], [52, 35], [68, 68], [43, 22], [182, 99], [172, 71], [45, 60], [105, 3], [105, 87], [64, 65], [78, 19], [102, 85], [68, 48], [163, 84], [100, 84], [28, 40], [95, 111], [41, 28], [77, 105], [0, 0]]","[0, 5, 2, 19, 3, 14, 11, 4, 16, 13, 10, 20, 18, 15, 6, 7, 1, 9, 12, 8, 17, 21]",590.5618733523069,14.676165342330933
