Id,Coordinates,Order,Distance,Time
991,"[[0, 0], [51, 6], [48, 16], [54, 7], [29, 2], [16, 12], [3, 8], [31, 9], [23, 13], [48, 1], [45, 13], [23, 9], [1, 11], [20, 13], [31, 7], [8, 7], [33, 5], [50, 10], [17, 1], [41, 5], [25, 4], [0, 0]]","[0, 12, 6, 15, 5, 13, 8, 11, 4, 16, 19, 9, 1, 3, 17, 2, 10, 7, 14, 20, 18, 21]",142.99106015428382,15.44284200668335
