Id,Coordinates,Order,Distance,Time
4385,"[[0, 0], [73, 54], [125, 20], [64, 82], [70, 93], [81, 19], [69, 78], [59, 71], [122, 70], [25, 10], [60, 104], [80, 21], [113, 38], [11, 107], [116, 5], [16, 47], [3, 97], [3, 34], [111, 38], [37, 86], [12, 73], [0, 0]]","[0, 17, 15, 20, 16, 13, 19, 7, 3, 10, 4, 6, 1, 8, 18, 12, 2, 14, 5, 11, 9, 21]",514.4411382271257,13.22080135345459
