Id,Coordinates,Order,Distance,Time
3980,"[[0, 0], [50, 25], [11, 6], [145, 12], [73, 69], [92, 3], [132, 17], [141, 5], [161, 18], [31, 46], [98, 76], [58, 11], [120, 6], [43, 31], [14, 17], [107, 70], [131, 19], [165, 27], [22, 36], [139, 66], [142, 60], [0, 0]]","[0, 2, 13, 1, 11, 5, 12, 6, 16, 7, 3, 8, 17, 20, 19, 15, 10, 4, 9, 18, 14, 21]",431.2262380125197,17.032556295394897
