Id,Coordinates,Order,Distance,Time
6925,"[[0, 0], [62, 31], [2, 14], [94, 18], [76, 14], [8, 1], [3, 50], [82, 15], [55, 14], [53, 50], [17, 15], [40, 25], [93, 41], [43, 53], [59, 8], [7, 47], [32, 40], [41, 50], [4, 24], [8, 52], [86, 41], [0, 0]]","[0, 5, 10, 11, 17, 13, 9, 1, 8, 14, 4, 7, 3, 12, 20, 16, 19, 6, 15, 18, 2, 21]",339.7347771415476,15.30967092514038
