Id,Coordinates,Order,Distance,Time
3248,"[[0, 0], [39, 100], [95, 66], [74, 50], [11, 15], [51, 70], [70, 125], [72, 46], [73, 1], [84, 40], [108, 5], [29, 123], [57, 18], [25, 32], [100, 68], [44, 118], [69, 48], [90, 44], [44, 36], [93, 125], [95, 7], [0, 0]]","[0, 12, 8, 20, 10, 9, 17, 3, 7, 16, 5, 1, 11, 15, 6, 19, 14, 2, 18, 13, 4, 21]",526.4675768103452,17.942445516586304
