Id,Coordinates,Order,Distance,Time
2611,"[[0, 0], [15, 14], [53, 26], [58, 23], [15, 20], [3, 27], [55, 23], [53, 30], [62, 37], [20, 7], [42, 43], [20, 43], [42, 10], [21, 24], [34, 12], [22, 20], [19, 15], [13, 33], [14, 29], [50, 22], [5, 33], [0, 0]]","[0, 1, 16, 15, 13, 4, 18, 5, 20, 17, 11, 10, 7, 2, 6, 3, 8, 19, 12, 14, 9, 21]",229.70202152047548,15.761210918426514
