Id,Coordinates,Order,Distance,Time
9600,"[[0, 0], [28, 5], [49, 78], [45, 12], [17, 7], [47, 15], [16, 70], [10, 57], [22, 34], [13, 69], [53, 29], [4, 14], [45, 79], [20, 7], [24, 4], [26, 53], [45, 84], [8, 31], [49, 87], [27, 79], [4, 88], [0, 0]]","[0, 4, 13, 14, 1, 3, 5, 10, 8, 15, 9, 6, 19, 12, 2, 16, 18, 20, 7, 17, 11, 21]",324.55926002137295,15.882894039154053
