Id,Coordinates,Order,Distance,Time
4808,"[[0, 0], [14, 22], [28, 46], [30, 72], [33, 72], [5, 4], [17, 3], [27, 81], [29, 47], [3, 31], [9, 13], [6, 73], [4, 75], [2, 79], [4, 9], [16, 55], [25, 6], [17, 91], [4, 44], [20, 91], [5, 79], [0, 0]]","[0, 5, 14, 10, 9, 2, 8, 4, 3, 7, 19, 17, 20, 13, 12, 11, 15, 18, 1, 16, 6, 21]",252.98974012403445,14.294757843017578
