Id,Coordinates,Order,Distance,Time
1584,"[[0, 0], [103, 41], [11, 12], [59, 25], [77, 26], [61, 36], [104, 38], [101, 3], [96, 47], [82, 27], [8, 36], [35, 7], [102, 21], [52, 47], [120, 48], [58, 48], [58, 18], [25, 38], [78, 32], [118, 38], [102, 40], [0, 0]]","[0, 2, 10, 17, 13, 15, 5, 4, 9, 18, 8, 1, 20, 6, 14, 19, 12, 7, 3, 16, 11, 21]",356.8698282135306,16.147016525268555
