Id,Coordinates,Order,Distance,Time
546,"[[0, 0], [8, 35], [109, 65], [27, 54], [25, 17], [6, 28], [79, 49], [73, 28], [147, 31], [111, 64], [68, 64], [88, 17], [80, 64], [107, 35], [45, 61], [6, 31], [113, 15], [11, 38], [1, 52], [13, 18], [71, 32], [0, 0]]","[0, 5, 15, 1, 17, 18, 3, 14, 10, 12, 6, 11, 16, 8, 9, 2, 13, 7, 20, 4, 19, 21]",451.0246592650672,15.430425882339478
