Id,Coordinates,Order,Distance,Time
2882,"[[0, 0], [19, 16], [1, 16], [2, 1], [26, 27], [101, 20], [5, 34], [114, 33], [144, 15], [114, 6], [11, 9], [53, 18], [67, 14], [58, 8], [143, 11], [57, 10], [25, 14], [107, 31], [34, 28], [33, 15], [42, 9], [0, 0]]","[0, 3, 10, 1, 16, 19, 20, 15, 13, 5, 17, 7, 8, 14, 9, 12, 11, 18, 4, 6, 2, 21]",347.7460670225923,15.754936218261719
