Id,Coordinates,Order,Distance,Time
1104,"[[0, 0], [46, 94], [46, 74], [7, 85], [48, 9], [30, 51], [38, 82], [32, 80], [30, 109], [22, 31], [4, 24], [39, 40], [18, 110], [35, 107], [44, 14], [73, 17], [62, 91], [40, 67], [70, 33], [40, 107], [15, 102], [0, 0]]","[0, 10, 9, 11, 5, 17, 2, 16, 1, 19, 13, 8, 12, 20, 3, 7, 6, 18, 15, 4, 14, 21]",393.3282455968895,21.03296422958374
