Id,Coordinates,Order,Distance,Time
1553,"[[0, 0], [44, 92], [11, 142], [48, 140], [21, 97], [19, 8], [46, 58], [4, 50], [15, 161], [42, 166], [38, 90], [27, 70], [34, 92], [27, 163], [22, 74], [10, 108], [18, 3], [16, 67], [4, 126], [49, 61], [41, 116], [0, 0]]","[0, 16, 5, 11, 6, 19, 10, 12, 4, 15, 18, 2, 8, 13, 9, 3, 20, 1, 14, 17, 7, 21]",444.3495196331049,16.440568923950195
