Id,Coordinates,Order,Distance,Time
5062,"[[0, 0], [124, 148], [152, 136], [162, 184], [178, 186], [4, 197], [16, 12], [136, 103], [6, 136], [125, 38], [91, 185], [36, 33], [25, 192], [175, 57], [159, 121], [159, 73], [112, 61], [90, 154], [19, 67], [84, 70], [13, 95], [0, 0]]","[0, 18, 20, 8, 5, 12, 10, 17, 1, 2, 14, 15, 13, 9, 16, 7, 4, 3, 19, 11, 6, 21]",956.2089945489174,23.118999242782593
