Id,Coordinates,Order,Distance,Time
7342,"[[0, 0], [3, 16], [130, 8], [36, 2], [94, 12], [75, 16], [9, 8], [169, 12], [54, 1], [140, 10], [1, 1], [85, 11], [149, 16], [142, 15], [74, 13], [19, 4], [86, 16], [9, 10], [145, 9], [33, 1], [124, 15], [0, 0]]","[0, 10, 1, 17, 6, 15, 19, 3, 8, 14, 5, 16, 4, 2, 9, 18, 7, 12, 13, 20, 11, 21]",364.82670187276574,16.54968023300171
