Id,Coordinates,Order,Distance,Time
5580,"[[0, 0], [138, 78], [155, 60], [36, 46], [156, 95], [33, 13], [100, 100], [52, 67], [39, 50], [110, 76], [109, 102], [37, 33], [67, 76], [179, 106], [134, 26], [105, 43], [26, 92], [41, 72], [108, 44], [168, 123], [131, 112], [0, 0]]","[0, 11, 3, 8, 16, 17, 7, 12, 6, 10, 1, 2, 14, 9, 20, 19, 13, 4, 18, 15, 5, 21]",685.6961404480448,14.877721309661865
