Id,Coordinates,Order,Distance,Time
1348,"[[0, 0], [60, 127], [114, 155], [121, 142], [56, 35], [33, 11], [113, 163], [116, 65], [137, 112], [132, 47], [107, 70], [12, 56], [44, 22], [44, 68], [75, 86], [102, 41], [45, 1], [60, 143], [103, 149], [81, 117], [94, 139], [0, 0]]","[0, 5, 12, 4, 13, 14, 10, 7, 15, 9, 8, 3, 2, 6, 18, 20, 19, 1, 17, 11, 16, 21]",668.4511310647649,15.303072452545166
