Id,Coordinates,Order,Distance,Time
4927,"[[0, 0], [69, 127], [6, 72], [63, 102], [5, 85], [76, 115], [82, 78], [9, 54], [26, 134], [31, 88], [4, 122], [30, 49], [89, 77], [26, 99], [51, 28], [23, 120], [41, 99], [12, 65], [10, 38], [41, 105], [23, 141], [0, 0]]","[0, 18, 7, 17, 2, 4, 13, 9, 16, 3, 5, 1, 8, 20, 10, 15, 19, 6, 12, 14, 11, 21]",520.5647776816206,19.23718285560608
