Id,Coordinates,Order,Distance,Time
3558,"[[0, 0], [51, 69], [66, 107], [40, 58], [58, 63], [89, 111], [41, 108], [16, 51], [16, 30], [30, 4], [65, 38], [30, 119], [69, 20], [38, 57], [55, 61], [119, 88], [136, 92], [73, 103], [137, 23], [131, 13], [66, 94], [0, 0]]","[0, 9, 13, 3, 14, 4, 20, 2, 17, 5, 15, 16, 18, 19, 12, 10, 1, 6, 11, 7, 8, 21]",605.9983957810953,16.460017204284668
