Id,Coordinates,Order,Distance,Time
4968,"[[0, 0], [6, 132], [34, 106], [10, 132], [15, 92], [33, 10], [8, 81], [17, 165], [3, 48], [5, 56], [14, 69], [9, 153], [30, 116], [18, 159], [19, 59], [2, 174], [2, 53], [16, 31], [29, 159], [27, 4], [30, 118], [0, 0]]","[0, 19, 5, 17, 8, 16, 9, 10, 6, 4, 12, 20, 3, 1, 11, 15, 7, 13, 18, 2, 14, 21]",436.00187832984824,15.043399572372437
