Id,Coordinates,Order,Distance,Time
4958,"[[0, 0], [62, 160], [173, 140], [94, 118], [62, 157], [170, 134], [3, 28], [8, 133], [67, 78], [28, 117], [82, 44], [7, 119], [59, 156], [53, 134], [164, 150], [158, 49], [47, 90], [181, 145], [169, 89], [2, 59], [147, 87], [0, 0]]","[0, 6, 19, 16, 8, 13, 12, 4, 1, 7, 11, 9, 3, 20, 18, 5, 2, 17, 14, 15, 10, 21]",817.111725732045,14.047102928161621
