Id,Coordinates,Order,Distance,Time
145,"[[0, 0], [81, 120], [43, 163], [86, 21], [49, 152], [75, 67], [22, 32], [111, 140], [83, 157], [78, 4], [72, 59], [90, 9], [116, 30], [23, 44], [89, 38], [59, 103], [68, 61], [110, 105], [82, 4], [22, 152], [64, 45], [0, 0]]","[0, 6, 20, 10, 16, 5, 14, 3, 9, 18, 11, 12, 17, 7, 8, 2, 19, 4, 1, 15, 13, 21]",652.710991056248,23.9955096244812
