Id,Coordinates,Order,Distance,Time
3611,"[[0, 0], [92, 116], [22, 129], [51, 110], [106, 63], [100, 17], [99, 34], [65, 113], [107, 20], [26, 77], [106, 21], [65, 80], [11, 116], [54, 44], [62, 149], [94, 123], [110, 121], [40, 52], [5, 102], [77, 23], [58, 71], [0, 0]]","[0, 17, 20, 11, 3, 2, 12, 18, 9, 13, 19, 5, 8, 10, 6, 4, 16, 15, 1, 14, 7, 21]",679.3123062299439,14.716284275054932
