Id,Coordinates,Order,Distance,Time
4498,"[[0, 0], [2, 164], [13, 64], [15, 110], [9, 178], [8, 153], [3, 178], [7, 75], [5, 116], [1, 176], [14, 79], [6, 121], [8, 161], [5, 1], [6, 42], [2, 52], [14, 7], [6, 106], [15, 138], [11, 48], [15, 67], [0, 0]]","[0, 13, 16, 14, 19, 2, 20, 10, 17, 8, 11, 5, 12, 1, 9, 6, 4, 18, 3, 7, 15, 21]",381.2758409352053,14.320128917694092
