Id,Coordinates,Order,Distance,Time
8990,"[[0, 0], [1, 121], [141, 133], [180, 164], [122, 84], [146, 69], [122, 21], [50, 74], [105, 48], [93, 96], [65, 79], [131, 96], [165, 90], [67, 108], [61, 104], [132, 179], [60, 144], [156, 68], [90, 116], [69, 176], [137, 162], [0, 0]]","[0, 7, 14, 13, 18, 9, 4, 11, 5, 17, 12, 2, 3, 20, 15, 19, 16, 1, 10, 8, 6, 21]",885.464433032391,16.958675861358643
