Id,Coordinates,Order,Distance,Time
6000,"[[0, 0], [50, 50], [12, 105], [15, 50], [7, 106], [71, 6], [43, 171], [28, 23], [68, 46], [50, 26], [44, 64], [44, 131], [26, 113], [37, 18], [5, 151], [34, 96], [3, 129], [30, 134], [35, 88], [58, 143], [67, 156], [0, 0]]","[0, 9, 5, 8, 1, 10, 18, 15, 2, 4, 16, 14, 17, 11, 19, 20, 6, 12, 3, 7, 13, 21]",579.042157669356,13.4252188205719
