Id,Coordinates,Order,Distance,Time
4068,"[[0, 0], [40, 31], [19, 6], [30, 36], [13, 6], [39, 29], [37, 31], [32, 21], [18, 33], [15, 29], [19, 49], [38, 65], [24, 57], [45, 1], [44, 66], [18, 44], [33, 32], [19, 19], [4, 51], [25, 8], [31, 10], [0, 0]]","[0, 4, 19, 13, 20, 7, 5, 1, 6, 16, 3, 15, 10, 12, 11, 14, 18, 8, 9, 17, 2, 21]",264.7321630968338,20.021056413650513
