Id,Coordinates,Order,Distance,Time
237,"[[0, 0], [46, 44], [11, 44], [18, 15], [6, 24], [4, 19], [5, 49], [11, 39], [40, 48], [31, 26], [40, 46], [11, 1], [13, 34], [44, 1], [9, 10], [17, 23], [16, 14], [14, 2], [35, 6], [10, 49], [9, 5], [0, 0]]","[0, 11, 17, 20, 14, 16, 3, 15, 12, 7, 6, 19, 2, 9, 18, 13, 1, 8, 10, 4, 5, 21]",256.4050735166459,14.085216045379639
