Id,Coordinates,Order,Distance,Time
8250,"[[0, 0], [36, 11], [1, 29], [89, 49], [49, 88], [70, 58], [89, 35], [4, 85], [46, 85], [9, 10], [57, 53], [4, 28], [19, 31], [26, 56], [23, 8], [17, 89], [25, 47], [64, 89], [85, 45], [16, 40], [12, 49], [0, 0]]","[0, 9, 14, 1, 12, 19, 16, 13, 10, 5, 18, 6, 3, 17, 4, 8, 15, 7, 20, 2, 11, 21]",386.2952064678535,16.795049905776978
