Id,Coordinates,Order,Distance,Time
5022,"[[0, 0], [78, 23], [61, 41], [33, 42], [42, 39], [32, 43], [6, 35], [26, 40], [95, 5], [29, 53], [69, 52], [13, 19], [13, 38], [27, 3], [50, 13], [10, 38], [26, 44], [44, 25], [31, 32], [93, 45], [70, 6], [0, 0]]","[0, 11, 6, 15, 12, 7, 16, 9, 3, 5, 18, 17, 14, 20, 8, 1, 19, 10, 2, 4, 13, 21]",347.9393648191686,24.254968643188477
