Id,Coordinates,Order,Distance,Time
5915,"[[0, 0], [65, 57], [33, 38], [60, 43], [58, 10], [9, 14], [76, 7], [109, 22], [25, 46], [17, 50], [25, 27], [93, 38], [78, 31], [44, 6], [37, 37], [58, 40], [67, 46], [11, 56], [23, 47], [107, 29], [58, 26], [0, 0]]","[0, 5, 10, 18, 9, 17, 8, 2, 14, 15, 3, 1, 16, 12, 11, 19, 7, 6, 20, 4, 13, 21]",351.5252260983842,16.276919841766357
