Id,Coordinates,Order,Distance,Time
540,"[[0, 0], [14, 63], [34, 23], [62, 183], [13, 24], [75, 147], [57, 61], [11, 58], [51, 1], [37, 189], [159, 52], [180, 152], [60, 43], [86, 160], [148, 13], [86, 121], [70, 97], [109, 140], [81, 52], [93, 177], [51, 20], [0, 0]]","[0, 4, 2, 8, 20, 12, 6, 16, 15, 5, 9, 3, 19, 13, 17, 11, 10, 14, 18, 1, 7, 21]",820.2032240499624,19.59783124923706
