Id,Coordinates,Order,Distance,Time
9956,"[[0, 0], [19, 19], [24, 9], [72, 23], [88, 36], [49, 30], [14, 22], [75, 1], [54, 11], [44, 8], [65, 8], [57, 26], [61, 17], [88, 5], [33, 25], [16, 5], [80, 21], [45, 20], [88, 14], [13, 13], [86, 35], [0, 0]]","[0, 15, 19, 1, 6, 14, 17, 5, 11, 12, 10, 7, 13, 18, 16, 4, 20, 3, 8, 9, 2, 21]",271.11493143961053,16.7370548248291
