Id,Coordinates,Order,Distance,Time
183,"[[0, 0], [91, 31], [62, 87], [22, 190], [13, 150], [56, 63], [12, 67], [54, 24], [32, 195], [88, 35], [32, 132], [52, 49], [1, 56], [26, 3], [51, 21], [60, 70], [26, 151], [89, 164], [56, 79], [76, 145], [76, 174], [0, 0]]","[0, 13, 14, 7, 11, 12, 6, 10, 16, 4, 3, 8, 20, 17, 19, 2, 18, 15, 5, 9, 1, 21]",624.8965082914535,16.517614364624023
