Id,Coordinates,Order,Distance,Time
6564,"[[0, 0], [1, 6], [10, 17], [46, 22], [54, 23], [100, 17], [46, 32], [78, 7], [19, 28], [77, 23], [63, 8], [30, 2], [106, 3], [90, 30], [106, 9], [41, 12], [2, 34], [63, 7], [84, 13], [17, 5], [4, 29], [0, 0]]","[0, 1, 2, 20, 16, 8, 15, 3, 6, 4, 10, 17, 7, 18, 9, 13, 5, 14, 12, 11, 19, 21]",324.9686605420989,13.389151334762573
