Id,Coordinates,Order,Distance,Time
2285,"[[0, 0], [58, 22], [11, 24], [117, 25], [93, 15], [115, 14], [17, 10], [35, 22], [137, 16], [116, 18], [155, 8], [140, 25], [102, 8], [94, 13], [4, 3], [35, 26], [5, 23], [124, 13], [137, 12], [28, 17], [146, 19], [0, 0]]","[0, 14, 6, 19, 7, 1, 4, 13, 12, 5, 9, 17, 18, 8, 10, 20, 11, 3, 15, 2, 16, 21]",356.7869724691718,18.369309902191162
