Id,Coordinates,Order,Distance,Time
749,"[[0, 0], [43, 50], [114, 3], [32, 26], [72, 43], [31, 30], [80, 55], [28, 25], [86, 10], [76, 50], [112, 53], [49, 56], [20, 3], [8, 29], [31, 53], [98, 44], [3, 13], [4, 56], [102, 31], [115, 4], [110, 53], [0, 0]]","[0, 13, 7, 3, 5, 17, 14, 1, 11, 4, 9, 6, 15, 20, 10, 18, 19, 2, 8, 12, 16, 21]",406.0532992628339,14.796335220336914
