Id,Coordinates,Order,Distance,Time
9089,"[[0, 0], [26, 9], [25, 79], [1, 4], [19, 38], [11, 111], [13, 131], [6, 74], [19, 127], [38, 19], [33, 18], [14, 30], [30, 111], [30, 105], [16, 128], [11, 1], [29, 130], [39, 6], [2, 104], [42, 42], [10, 131], [0, 0]]","[0, 3, 15, 1, 17, 9, 10, 11, 4, 7, 18, 5, 14, 20, 6, 8, 16, 12, 13, 2, 19, 21]",370.589127360667,18.599354028701782
