Id,Coordinates,Order,Distance,Time
4350,"[[0, 0], [56, 9], [74, 99], [13, 40], [98, 34], [6, 30], [71, 16], [78, 72], [86, 38], [20, 45], [84, 10], [77, 48], [23, 104], [119, 8], [88, 34], [98, 100], [28, 105], [83, 45], [53, 44], [93, 31], [74, 19], [0, 0]]","[0, 5, 3, 9, 18, 11, 17, 8, 20, 6, 1, 10, 13, 4, 19, 14, 7, 15, 2, 16, 12, 21]",529.224840047008,14.567273616790771
