Id,Coordinates,Order,Distance,Time
4510,"[[0, 0], [22, 1], [56, 9], [93, 13], [54, 38], [68, 34], [3, 71], [8, 71], [12, 75], [111, 65], [111, 72], [99, 21], [93, 16], [36, 1], [2, 47], [14, 38], [24, 17], [91, 70], [12, 58], [130, 73], [41, 40], [0, 0]]","[0, 16, 15, 14, 18, 6, 7, 8, 20, 4, 5, 3, 12, 11, 9, 19, 10, 17, 2, 13, 1, 21]",457.87071700198925,16.200742721557617
