Id,Coordinates,Order,Distance,Time
4478,"[[0, 0], [5, 87], [65, 116], [48, 97], [58, 111], [24, 138], [51, 127], [44, 118], [77, 54], [76, 103], [75, 66], [39, 111], [63, 143], [17, 70], [56, 129], [11, 58], [15, 26], [58, 39], [3, 52], [84, 62], [71, 81], [0, 0]]","[0, 18, 1, 5, 7, 6, 14, 12, 2, 4, 9, 20, 10, 19, 8, 17, 3, 11, 13, 15, 16, 21]",537.1478796948096,18.877671480178833
