Id,Coordinates,Order,Distance,Time
916,"[[0, 0], [43, 122], [124, 139], [36, 96], [120, 30], [61, 28], [51, 162], [57, 163], [81, 37], [27, 11], [34, 10], [152, 33], [59, 65], [16, 51], [83, 86], [78, 18], [97, 51], [27, 113], [3, 73], [18, 100], [95, 129], [0, 0]]","[0, 9, 10, 5, 15, 8, 4, 11, 16, 12, 3, 19, 17, 1, 6, 7, 2, 20, 14, 18, 13, 21]",721.390440682324,18.928168773651123
