Id,Coordinates,Order,Distance,Time
9490,"[[0, 0], [26, 22], [47, 1], [73, 23], [81, 11], [39, 11], [43, 6], [77, 19], [82, 20], [38, 17], [56, 18], [79, 10], [9, 12], [83, 24], [52, 16], [55, 24], [22, 7], [42, 1], [63, 3], [5, 18], [33, 20], [0, 0]]","[0, 12, 19, 1, 20, 9, 5, 6, 14, 10, 15, 3, 7, 8, 13, 4, 11, 18, 2, 17, 16, 21]",223.04605261529835,14.131479978561401
