Id,Coordinates,Order,Distance,Time
8037,"[[0, 0], [65, 130], [56, 53], [57, 31], [111, 131], [146, 175], [106, 68], [24, 163], [68, 41], [20, 114], [147, 19], [154, 136], [29, 124], [132, 115], [25, 105], [122, 151], [150, 13], [85, 147], [24, 165], [119, 73], [27, 29], [0, 0]]","[0, 20, 3, 8, 2, 6, 13, 11, 5, 15, 4, 17, 14, 9, 12, 7, 18, 1, 19, 10, 16, 21]",852.7920193574604,20.354946851730347
