Id,Coordinates,Order,Distance,Time
809,"[[0, 0], [107, 100], [56, 27], [11, 15], [52, 94], [88, 98], [15, 19], [135, 42], [39, 10], [33, 88], [128, 11], [130, 15], [109, 85], [61, 60], [136, 49], [20, 21], [125, 95], [134, 57], [17, 34], [115, 97], [4, 95], [0, 0]]","[0, 3, 6, 15, 18, 20, 9, 4, 5, 1, 19, 16, 12, 17, 14, 7, 11, 10, 13, 2, 8, 21]",512.5199297306974,16.548388481140137
