Id,Coordinates,Order,Distance,Time
4135,"[[0, 0], [81, 22], [79, 108], [110, 99], [101, 25], [63, 149], [173, 111], [142, 124], [112, 21], [83, 111], [50, 106], [103, 163], [31, 17], [73, 168], [104, 8], [31, 138], [156, 155], [106, 157], [53, 10], [9, 14], [15, 106], [0, 0]]","[0, 18, 1, 14, 8, 4, 9, 2, 10, 20, 15, 5, 13, 11, 17, 16, 6, 7, 3, 12, 19, 21]",746.577495303063,14.728057146072388
