Id,Coordinates,Order,Distance,Time
7882,"[[0, 0], [103, 8], [177, 76], [155, 79], [95, 50], [104, 19], [27, 42], [164, 119], [132, 114], [130, 69], [121, 88], [99, 56], [146, 25], [152, 7], [68, 32], [13, 37], [177, 119], [138, 100], [22, 33], [38, 4], [43, 79], [0, 0]]","[0, 15, 18, 6, 20, 4, 11, 9, 10, 17, 8, 7, 16, 2, 3, 12, 13, 1, 5, 14, 19, 21]",617.9913912391522,18.482250690460205
