Id,Coordinates,Order,Distance,Time
8725,"[[0, 0], [62, 34], [159, 21], [44, 87], [4, 61], [105, 26], [102, 38], [179, 19], [98, 74], [53, 68], [130, 81], [40, 8], [107, 61], [82, 74], [92, 7], [153, 67], [139, 84], [181, 54], [34, 60], [107, 15], [138, 72], [0, 0]]","[0, 11, 1, 9, 13, 8, 12, 6, 5, 19, 14, 2, 7, 17, 15, 20, 16, 10, 3, 18, 4, 21]",632.4978736301862,15.926552295684814
