Id,Coordinates,Order,Distance,Time
2373,"[[0, 0], [134, 21], [87, 43], [35, 147], [56, 61], [132, 27], [82, 73], [128, 28], [61, 113], [96, 40], [100, 152], [4, 51], [93, 52], [62, 85], [84, 108], [42, 157], [56, 19], [34, 27], [109, 45], [14, 21], [34, 45], [0, 0]]","[0, 19, 17, 20, 4, 16, 2, 9, 18, 7, 5, 1, 12, 6, 13, 8, 14, 10, 15, 3, 11, 21]",650.1489901859544,17.268888473510742
