Id,Coordinates,Order,Distance,Time
1501,"[[0, 0], [34, 5], [33, 33], [16, 18], [23, 28], [25, 17], [4, 1], [12, 30], [27, 15], [28, 14], [23, 34], [24, 8], [24, 2], [27, 2], [32, 12], [20, 2], [9, 24], [8, 16], [8, 5], [34, 16], [12, 7], [0, 0]]","[0, 6, 18, 20, 15, 12, 13, 11, 9, 1, 14, 19, 8, 5, 3, 16, 7, 10, 2, 4, 17, 21]",171.08974353244332,18.4235258102417
