Id,Coordinates,Order,Distance,Time
368,"[[0, 0], [11, 146], [1, 130], [1, 27], [14, 93], [21, 115], [10, 77], [16, 158], [11, 93], [4, 60], [18, 92], [19, 155], [5, 50], [12, 155], [18, 9], [4, 37], [8, 169], [2, 157], [3, 130], [19, 122], [12, 40], [0, 0]]","[0, 3, 15, 12, 9, 6, 8, 4, 10, 5, 19, 18, 1, 13, 7, 11, 16, 17, 2, 20, 14, 21]",385.8882938190521,15.493041753768921
