Id,Coordinates,Order,Distance,Time
6128,"[[0, 0], [73, 28], [57, 55], [115, 36], [129, 46], [53, 43], [61, 62], [79, 41], [75, 83], [121, 22], [11, 81], [131, 44], [89, 32], [129, 53], [85, 48], [46, 27], [66, 15], [47, 8], [134, 79], [15, 93], [20, 19], [0, 0]]","[0, 20, 15, 5, 2, 6, 14, 7, 1, 17, 16, 12, 3, 9, 11, 4, 13, 18, 8, 19, 10, 21]",541.302673239564,14.09013843536377
