Id,Coordinates,Order,Distance,Time
7274,"[[0, 0], [96, 13], [65, 55], [18, 147], [33, 5], [67, 80], [85, 20], [64, 24], [61, 140], [43, 157], [45, 82], [100, 130], [10, 82], [82, 42], [14, 120], [21, 134], [51, 19], [82, 47], [37, 20], [12, 95], [32, 124], [0, 0]]","[0, 4, 18, 16, 7, 6, 1, 13, 17, 2, 5, 10, 14, 15, 3, 9, 8, 11, 20, 19, 12, 21]",582.675925630335,15.855537414550781
