Id,Coordinates,Order,Distance,Time
5259,"[[0, 0], [84, 14], [88, 27], [6, 2], [9, 3], [37, 6], [97, 5], [9, 18], [18, 17], [89, 10], [47, 12], [72, 29], [72, 10], [2, 7], [17, 11], [79, 36], [52, 39], [98, 17], [53, 4], [62, 14], [22, 34], [0, 0]]","[0, 3, 4, 14, 5, 10, 18, 19, 12, 1, 9, 6, 17, 2, 15, 11, 16, 20, 8, 7, 13, 21]",263.21193173015246,12.709538698196411
