Id,Coordinates,Order,Distance,Time
9468,"[[0, 0], [3, 56], [57, 5], [85, 17], [71, 89], [77, 72], [8, 108], [27, 18], [117, 71], [65, 79], [104, 44], [120, 42], [69, 10], [10, 12], [87, 92], [115, 55], [70, 18], [20, 8], [142, 52], [53, 29], [136, 33], [0, 0]]","[0, 13, 17, 7, 19, 2, 12, 16, 3, 10, 11, 20, 18, 15, 8, 14, 4, 5, 9, 6, 1, 21]",514.0598570475928,14.171539545059204
