Id,Coordinates,Order,Distance,Time
4562,"[[0, 0], [53, 40], [89, 110], [66, 37], [57, 49], [75, 89], [92, 63], [37, 11], [81, 10], [20, 30], [48, 4], [86, 26], [59, 32], [71, 69], [35, 65], [97, 37], [9, 86], [81, 62], [77, 8], [93, 26], [78, 69], [0, 0]]","[0, 7, 10, 18, 8, 11, 19, 15, 6, 17, 20, 2, 5, 13, 3, 12, 1, 4, 14, 16, 9, 21]",467.6654105572219,14.764525651931763
