Id,Coordinates,Order,Distance,Time
1980,"[[0, 0], [52, 5], [62, 28], [107, 74], [126, 31], [44, 25], [5, 50], [152, 56], [89, 66], [127, 53], [89, 18], [16, 33], [35, 29], [33, 63], [13, 13], [89, 71], [56, 51], [160, 36], [112, 17], [30, 76], [101, 15], [0, 0]]","[0, 14, 12, 16, 13, 19, 6, 11, 1, 10, 20, 18, 4, 17, 7, 9, 3, 15, 8, 2, 5, 21]",547.5803220429211,18.451554536819458
