Id,Coordinates,Order,Distance,Time
7232,"[[0, 0], [110, 28], [115, 26], [21, 78], [51, 39], [144, 79], [102, 21], [144, 39], [82, 73], [73, 71], [37, 73], [139, 54], [77, 44], [108, 121], [9, 119], [40, 25], [60, 54], [143, 119], [42, 70], [147, 187], [128, 157], [0, 0]]","[0, 15, 4, 16, 18, 10, 3, 14, 5, 11, 7, 2, 1, 6, 17, 20, 19, 13, 8, 9, 12, 21]",839.8129185898082,17.83467411994934
