Id,Coordinates,Order,Distance,Time
2169,"[[0, 0], [16, 44], [5, 1], [12, 17], [11, 14], [19, 71], [18, 21], [11, 16], [5, 22], [4, 61], [14, 5], [7, 13], [3, 24], [14, 7], [11, 14], [12, 52], [14, 70], [2, 2], [23, 26], [20, 48], [6, 21], [0, 0]]","[0, 17, 2, 10, 13, 4, 14, 7, 3, 20, 6, 18, 1, 15, 9, 16, 5, 19, 12, 8, 11, 21]",192.24884343144768,19.715623140335083
