Id,Coordinates,Order,Distance,Time
1810,"[[0, 0], [99, 5], [127, 2], [133, 18], [48, 4], [32, 9], [1, 3], [73, 1], [72, 16], [54, 3], [80, 10], [32, 16], [40, 2], [106, 18], [18, 4], [97, 15], [7, 16], [100, 17], [64, 3], [115, 8], [124, 8], [0, 0]]","[0, 14, 5, 12, 4, 9, 18, 7, 10, 15, 17, 13, 3, 20, 2, 19, 1, 8, 11, 16, 6, 21]",303.7858495552311,22.378031253814697
