Id,Coordinates,Order,Distance,Time
6674,"[[0, 0], [130, 27], [168, 69], [148, 40], [44, 40], [109, 31], [135, 57], [100, 8], [4, 14], [60, 23], [25, 62], [47, 7], [65, 57], [170, 2], [117, 18], [7, 22], [71, 23], [98, 1], [74, 68], [106, 35], [13, 67], [0, 0]]","[0, 11, 9, 16, 17, 7, 14, 5, 19, 1, 3, 13, 2, 6, 18, 12, 4, 10, 20, 15, 8, 21]",567.5707872317697,24.753000259399414
