Id,Coordinates,Order,Distance,Time
9315,"[[0, 0], [28, 72], [17, 21], [7, 44], [21, 60], [20, 75], [28, 73], [27, 44], [17, 134], [30, 48], [14, 39], [20, 57], [3, 98], [4, 112], [26, 47], [21, 39], [9, 27], [24, 69], [36, 58], [20, 80], [21, 124], [0, 0]]","[0, 2, 15, 7, 14, 9, 18, 11, 4, 17, 1, 6, 19, 12, 13, 8, 20, 5, 3, 10, 16, 21]",324.33281363587224,14.410379886627197
