Id,Coordinates,Order,Distance,Time
4381,"[[0, 0], [8, 59], [47, 8], [54, 49], [20, 3], [120, 20], [56, 49], [127, 34], [87, 27], [69, 51], [118, 53], [70, 1], [13, 62], [66, 42], [10, 2], [113, 39], [65, 44], [6, 31], [61, 55], [82, 22], [126, 32], [0, 0]]","[0, 14, 4, 2, 13, 16, 9, 18, 6, 3, 12, 1, 10, 15, 20, 7, 5, 8, 19, 11, 17, 21]",488.4838269123855,16.57035994529724
