Id,Coordinates,Order,Distance,Time
4888,"[[0, 0], [40, 17], [30, 6], [12, 16], [18, 31], [15, 21], [1, 27], [10, 23], [24, 26], [40, 3], [3, 14], [26, 8], [9, 28], [1, 30], [1, 22], [24, 10], [33, 30], [16, 9], [7, 9], [8, 13], [2, 4], [0, 0]]","[0, 20, 10, 7, 12, 13, 6, 14, 19, 17, 15, 11, 2, 9, 1, 16, 8, 4, 5, 3, 18, 21]",175.1174185496114,14.593415260314941
