Id,Coordinates,Order,Distance,Time
7260,"[[0, 0], [36, 7], [34, 36], [8, 92], [25, 76], [135, 11], [70, 52], [20, 61], [1, 45], [27, 31], [89, 44], [14, 92], [87, 106], [56, 92], [62, 109], [128, 93], [28, 29], [122, 37], [56, 23], [59, 102], [112, 49], [0, 0]]","[0, 1, 16, 9, 2, 18, 6, 10, 5, 17, 20, 15, 12, 14, 19, 13, 11, 3, 4, 7, 8, 21]",539.6690943826582,17.373076915740967
