Id,Coordinates,Order,Distance,Time
8241,"[[0, 0], [5, 31], [1, 7], [18, 26], [15, 8], [24, 6], [32, 27], [23, 26], [4, 16], [16, 30], [14, 6], [18, 22], [14, 6], [32, 17], [30, 10], [18, 31], [22, 13], [23, 3], [21, 26], [29, 30], [29, 34], [0, 0]]","[0, 12, 10, 4, 17, 5, 16, 14, 13, 6, 19, 20, 7, 18, 11, 3, 9, 15, 1, 8, 2, 21]",142.71013829569333,15.560934782028198
