Id,Coordinates,Order,Distance,Time
9223,"[[0, 0], [43, 71], [34, 87], [28, 134], [44, 32], [34, 155], [25, 181], [27, 6], [18, 14], [57, 173], [23, 35], [47, 44], [64, 31], [4, 20], [47, 105], [60, 60], [66, 18], [63, 37], [25, 53], [59, 14], [68, 26], [0, 0]]","[0, 8, 7, 4, 17, 12, 20, 16, 19, 11, 15, 1, 2, 14, 3, 5, 6, 9, 18, 10, 13, 21]",531.0032895289629,18.91476559638977
