Id,Coordinates,Order,Distance,Time
8210,"[[0, 0], [102, 89], [86, 69], [62, 139], [127, 83], [3, 161], [119, 20], [114, 25], [124, 91], [105, 56], [66, 12], [57, 81], [40, 155], [129, 12], [1, 49], [28, 100], [141, 131], [5, 94], [93, 149], [132, 122], [93, 123], [0, 0]]","[0, 14, 11, 10, 7, 6, 13, 9, 2, 1, 8, 4, 19, 16, 20, 18, 3, 12, 5, 15, 17, 21]",788.8834440390021,17.171852588653564
