Id,Coordinates,Order,Distance,Time
6125,"[[0, 0], [167, 118], [49, 116], [79, 91], [178, 67], [179, 59], [83, 29], [50, 125], [13, 107], [66, 35], [4, 87], [163, 107], [169, 101], [92, 51], [177, 29], [23, 46], [121, 20], [30, 47], [155, 16], [34, 48], [157, 100], [0, 0]]","[0, 15, 17, 19, 3, 2, 7, 8, 10, 6, 16, 18, 14, 5, 4, 12, 11, 1, 20, 13, 9, 21]",732.6104440309447,14.883192539215088
