Id,Coordinates,Order,Distance,Time
7160,"[[0, 0], [110, 13], [50, 4], [113, 5], [109, 26], [99, 6], [70, 16], [40, 12], [85, 20], [91, 27], [40, 11], [94, 24], [107, 20], [36, 1], [80, 18], [28, 20], [113, 22], [98, 17], [18, 11], [9, 4], [44, 21], [0, 0]]","[0, 19, 13, 10, 7, 2, 6, 14, 8, 9, 11, 17, 12, 4, 16, 1, 3, 5, 20, 15, 18, 21]",282.1464316891712,13.957261562347412
