Id,Coordinates,Order,Distance,Time
4569,"[[0, 0], [8, 115], [108, 51], [100, 15], [152, 122], [113, 8], [77, 45], [92, 95], [143, 120], [100, 151], [13, 148], [86, 23], [61, 141], [130, 79], [21, 6], [122, 21], [75, 70], [121, 74], [142, 4], [76, 34], [137, 45], [0, 0]]","[0, 14, 19, 6, 11, 3, 5, 15, 18, 20, 13, 17, 2, 16, 7, 8, 4, 9, 12, 10, 1, 21]",734.3468066883488,16.414772510528564
