Id,Coordinates,Order,Distance,Time
7156,"[[0, 0], [38, 4], [48, 17], [91, 46], [37, 13], [131, 53], [49, 14], [161, 4], [63, 35], [79, 28], [114, 39], [153, 24], [33, 26], [138, 20], [15, 29], [26, 45], [47, 28], [34, 34], [108, 29], [158, 21], [105, 26], [0, 0]]","[0, 14, 15, 17, 12, 16, 2, 6, 8, 9, 3, 18, 20, 13, 11, 19, 7, 5, 10, 4, 1, 21]",473.8726834267748,14.988198518753052
