Id,Coordinates,Order,Distance,Time
1269,"[[0, 0], [78, 79], [101, 4], [16, 99], [79, 65], [155, 28], [65, 24], [104, 85], [6, 68], [18, 21], [1, 112], [31, 66], [71, 71], [75, 10], [64, 73], [6, 32], [29, 76], [72, 49], [67, 49], [119, 107], [107, 32], [0, 0]]","[0, 9, 15, 16, 11, 14, 12, 4, 17, 18, 6, 13, 2, 20, 5, 19, 7, 1, 3, 10, 8, 21]",659.7018201858934,17.683465480804443
