Id,Coordinates,Order,Distance,Time
6726,"[[0, 0], [83, 103], [76, 8], [19, 119], [14, 68], [22, 161], [80, 7], [2, 131], [87, 35], [1, 10], [59, 148], [55, 79], [94, 14], [97, 3], [61, 4], [10, 93], [75, 100], [58, 117], [63, 119], [41, 8], [57, 141], [0, 0]]","[0, 19, 14, 2, 6, 13, 12, 8, 11, 16, 1, 18, 17, 20, 10, 5, 7, 3, 15, 4, 9, 21]",504.46902303703166,19.42448592185974
