Id,Coordinates,Order,Distance,Time
2198,"[[0, 0], [20, 21], [23, 41], [25, 44], [10, 20], [8, 16], [10, 56], [25, 17], [15, 59], [10, 2], [17, 55], [11, 61], [20, 6], [10, 66], [8, 8], [4, 13], [13, 2], [3, 48], [13, 57], [14, 58], [26, 70], [0, 0]]","[0, 9, 16, 14, 15, 12, 7, 1, 2, 3, 10, 19, 8, 18, 11, 13, 20, 6, 17, 4, 5, 21]",217.45431848630864,18.572070598602295
