Id,Coordinates,Order,Distance,Time
5414,"[[0, 0], [45, 2], [8, 91], [12, 96], [66, 24], [70, 55], [93, 40], [87, 22], [2, 85], [101, 8], [9, 37], [26, 48], [103, 40], [32, 25], [17, 78], [48, 93], [33, 12], [82, 56], [2, 90], [121, 64], [40, 36], [0, 0]]","[0, 16, 13, 20, 11, 10, 14, 8, 18, 2, 3, 15, 5, 17, 19, 12, 6, 9, 7, 4, 1, 21]",496.4780767183545,15.37659502029419
