Id,Coordinates,Order,Distance,Time
2675,"[[0, 0], [138, 64], [159, 14], [88, 50], [40, 93], [70, 186], [32, 95], [105, 79], [156, 25], [19, 23], [57, 43], [65, 1], [69, 32], [27, 177], [52, 185], [141, 5], [17, 146], [89, 165], [80, 175], [158, 107], [20, 15], [0, 0]]","[0, 20, 9, 10, 8, 2, 15, 3, 4, 6, 16, 13, 14, 5, 18, 17, 19, 1, 7, 12, 11, 21]",836.979125471086,16.189642906188965
