Id,Coordinates,Order,Distance,Time
3252,"[[0, 0], [157, 16], [16, 60], [148, 71], [154, 55], [107, 20], [145, 18], [28, 64], [38, 21], [148, 3], [171, 63], [134, 31], [2, 60], [133, 64], [134, 71], [46, 60], [87, 35], [86, 4], [14, 49], [92, 58], [33, 61], [0, 0]]","[0, 12, 18, 2, 7, 20, 15, 16, 19, 5, 11, 6, 1, 9, 4, 3, 14, 13, 10, 17, 8, 21]",630.9085784572812,16.100035429000854
