Id,Coordinates,Order,Distance,Time
5274,"[[0, 0], [130, 50], [128, 64], [48, 13], [124, 1], [10, 54], [36, 35], [67, 56], [145, 45], [128, 43], [66, 33], [130, 33], [56, 65], [24, 14], [167, 39], [92, 9], [72, 53], [134, 47], [155, 64], [13, 49], [169, 43], [0, 0]]","[0, 13, 6, 19, 5, 12, 7, 16, 15, 4, 11, 9, 1, 2, 18, 20, 14, 8, 17, 10, 3, 21]",533.3215266803095,16.806090354919434
