Id,Coordinates,Order,Distance,Time
2,"[[0, 0], [3, 10], [9, 29], [2, 49], [11, 53], [3, 30], [11, 29], [9, 62], [9, 59], [6, 60], [11, 56], [1, 43], [9, 24], [2, 23], [7, 11], [5, 38], [8, 25], [4, 8], [10, 31], [9, 63], [8, 4], [0, 0]]","[0, 17, 1, 16, 12, 2, 6, 18, 15, 11, 3, 4, 10, 8, 7, 19, 9, 5, 13, 14, 20, 21]",148.66330592445956,16.687000036239624
