Id,Coordinates,Order,Distance,Time
6428,"[[0, 0], [129, 14], [116, 8], [23, 14], [77, 31], [91, 12], [108, 10], [10, 5], [134, 13], [135, 28], [77, 29], [103, 9], [134, 5], [20, 3], [15, 27], [160, 16], [4, 16], [68, 20], [53, 31], [101, 10], [40, 28], [0, 0]]","[0, 7, 13, 3, 20, 18, 4, 10, 5, 19, 11, 6, 2, 1, 8, 12, 15, 9, 17, 14, 16, 21]",377.31040328040433,13.40061068534851
