Id,Coordinates,Order,Distance,Time
509,"[[0, 0], [2, 145], [25, 79], [1, 36], [7, 122], [24, 169], [29, 79], [6, 171], [4, 22], [8, 92], [15, 124], [2, 93], [15, 73], [6, 152], [1, 143], [10, 167], [8, 142], [15, 94], [26, 26], [13, 140], [30, 86], [0, 0]]","[0, 8, 3, 12, 2, 6, 20, 17, 9, 11, 4, 16, 14, 1, 13, 15, 7, 5, 19, 10, 18, 21]",416.9740884158495,17.927871704101562
