Id,Coordinates,Order,Distance,Time
895,"[[0, 0], [27, 32], [11, 63], [21, 14], [19, 70], [27, 52], [27, 91], [17, 82], [26, 41], [7, 74], [32, 36], [33, 60], [12, 50], [4, 31], [37, 32], [25, 27], [12, 72], [19, 3], [15, 77], [32, 3], [2, 2], [0, 0]]","[0, 17, 19, 3, 15, 1, 14, 10, 8, 5, 11, 4, 16, 18, 7, 6, 9, 2, 12, 13, 20, 21]",263.69635784486144,18.340929985046387
