Id,Coordinates,Order,Distance,Time
3535,"[[0, 0], [12, 11], [1, 9], [8, 10], [4, 24], [5, 17], [12, 7], [10, 18], [6, 14], [11, 14], [7, 1], [5, 13], [11, 10], [4, 22], [13, 19], [10, 14], [11, 25], [2, 25], [3, 8], [3, 9], [9, 18], [0, 0]]","[0, 10, 6, 12, 1, 9, 7, 20, 8, 11, 19, 18, 2, 5, 13, 17, 4, 16, 14, 15, 3, 21]",97.25547962444062,13.070972204208374
