Id,Coordinates,Order,Distance,Time
4144,"[[0, 0], [31, 35], [23, 34], [33, 34], [25, 8], [22, 25], [3, 8], [8, 9], [11, 25], [27, 28], [13, 16], [11, 9], [35, 32], [3, 22], [9, 12], [32, 27], [3, 15], [22, 31], [9, 19], [9, 25], [8, 13], [0, 0]]","[0, 6, 7, 14, 20, 16, 13, 18, 19, 8, 5, 9, 15, 12, 3, 1, 2, 17, 4, 10, 11, 21]",147.4726494392567,14.682700634002686
