Id,Coordinates,Order,Distance,Time
1623,"[[0, 0], [74, 54], [17, 47], [77, 51], [42, 19], [65, 40], [36, 14], [21, 44], [56, 1], [77, 5], [44, 13], [22, 47], [14, 48], [49, 19], [18, 39], [54, 5], [52, 43], [36, 3], [5, 18], [72, 47], [25, 33], [0, 0]]","[0, 18, 14, 7, 11, 2, 12, 20, 4, 10, 15, 8, 9, 5, 19, 3, 1, 16, 13, 6, 17, 21]",312.521468709944,13.856576681137085
