Id,Coordinates,Order,Distance,Time
5385,"[[0, 0], [76, 5], [56, 44], [62, 10], [30, 12], [61, 91], [42, 86], [39, 79], [24, 53], [28, 63], [53, 16], [48, 91], [1, 46], [27, 8], [75, 55], [15, 74], [53, 43], [34, 17], [65, 26], [75, 20], [21, 39], [0, 0]]","[0, 13, 4, 17, 10, 3, 1, 19, 18, 16, 2, 14, 5, 11, 6, 7, 15, 9, 8, 20, 12, 21]",356.7787937401453,18.53741192817688
