Id,Coordinates,Order,Distance,Time
390,"[[0, 0], [110, 24], [13, 59], [59, 41], [98, 80], [86, 101], [73, 26], [102, 102], [22, 93], [147, 127], [26, 51], [87, 35], [43, 14], [115, 118], [6, 11], [55, 53], [130, 112], [50, 83], [92, 9], [71, 8], [9, 106], [0, 0]]","[0, 14, 12, 19, 18, 1, 11, 6, 3, 10, 2, 8, 20, 17, 5, 7, 13, 9, 16, 4, 15, 21]",639.9294623095536,13.510442972183228
