Id,Coordinates,Order,Distance,Time
7731,"[[0, 0], [7, 7], [63, 9], [103, 4], [80, 9], [93, 5], [79, 6], [61, 8], [92, 12], [131, 5], [91, 9], [24, 8], [124, 5], [7, 11], [46, 6], [28, 13], [8, 11], [134, 2], [157, 1], [38, 5], [110, 9], [0, 0]]","[0, 1, 13, 16, 11, 19, 14, 7, 2, 6, 10, 5, 3, 12, 9, 17, 18, 20, 8, 4, 15, 21]",329.70343447094734,16.37174367904663
