Id,Coordinates,Order,Distance,Time
4555,"[[0, 0], [34, 42], [37, 33], [37, 34], [63, 16], [84, 62], [41, 49], [68, 17], [5, 57], [50, 59], [97, 8], [8, 47], [29, 14], [61, 62], [62, 4], [93, 63], [95, 8], [8, 57], [58, 21], [3, 28], [65, 56], [0, 0]]","[0, 19, 11, 8, 17, 1, 2, 3, 6, 9, 13, 20, 5, 15, 18, 4, 7, 10, 16, 14, 12, 21]",376.45403135334533,16.171569108963013
