Id,Coordinates,Order,Distance,Time
673,"[[0, 0], [105, 53], [31, 16], [31, 61], [174, 7], [188, 50], [55, 50], [196, 43], [167, 3], [144, 58], [163, 48], [131, 10], [44, 13], [115, 71], [155, 69], [112, 58], [33, 57], [113, 58], [74, 20], [190, 27], [138, 70], [0, 0]]","[0, 16, 3, 6, 1, 15, 17, 13, 20, 9, 14, 10, 5, 7, 19, 4, 8, 11, 18, 12, 2, 21]",503.09887252918327,18.107818603515625
