Id,Coordinates,Order,Distance,Time
5477,"[[0, 0], [81, 45], [40, 39], [65, 26], [26, 5], [46, 52], [21, 36], [34, 7], [76, 24], [69, 26], [4, 45], [17, 16], [73, 66], [35, 53], [3, 31], [85, 52], [49, 20], [42, 51], [21, 61], [36, 8], [28, 10], [0, 0]]","[0, 11, 20, 4, 7, 19, 16, 3, 9, 8, 1, 15, 12, 5, 17, 13, 2, 6, 18, 10, 14, 21]",314.3351542701954,15.092581987380981
