Id,Coordinates,Order,Distance,Time
4693,"[[0, 0], [34, 15], [5, 3], [95, 89], [43, 54], [15, 12], [106, 76], [8, 61], [81, 77], [111, 84], [47, 11], [29, 49], [41, 14], [72, 50], [88, 46], [57, 36], [39, 92], [57, 7], [76, 24], [98, 46], [95, 35], [0, 0]]","[0, 2, 1, 12, 10, 17, 18, 20, 19, 14, 13, 4, 11, 7, 16, 8, 3, 9, 6, 15, 5, 21]",478.3477688987465,14.075543403625488
