Id,Coordinates,Order,Distance,Time
8780,"[[0, 0], [3, 37], [34, 7], [88, 106], [107, 9], [103, 46], [47, 1], [147, 40], [44, 45], [56, 29], [72, 50], [8, 73], [8, 63], [78, 46], [5, 23], [110, 68], [94, 85], [147, 72], [27, 41], [170, 50], [38, 29], [0, 0]]","[0, 20, 8, 9, 10, 13, 5, 15, 16, 3, 17, 19, 7, 4, 6, 2, 18, 11, 12, 1, 14, 21]",607.316524617947,14.807276487350464
