Id,Coordinates,Order,Distance,Time
1010,"[[0, 0], [17, 103], [6, 46], [79, 14], [52, 90], [6, 110], [8, 73], [25, 33], [85, 145], [94, 48], [79, 106], [37, 61], [79, 54], [91, 127], [95, 92], [98, 33], [9, 10], [46, 140], [44, 114], [88, 107], [90, 101], [0, 0]]","[0, 16, 7, 2, 6, 5, 1, 10, 14, 20, 19, 13, 8, 17, 18, 4, 11, 12, 9, 15, 3, 21]",584.5139003085775,13.683709859848022
