Id,Coordinates,Order,Distance,Time
2813,"[[0, 0], [82, 45], [125, 6], [101, 71], [144, 84], [41, 98], [135, 49], [136, 72], [102, 23], [116, 55], [129, 55], [104, 20], [151, 18], [33, 56], [97, 62], [96, 83], [33, 17], [19, 27], [28, 42], [164, 8], [155, 75], [0, 0]]","[0, 17, 18, 13, 5, 15, 3, 14, 9, 10, 7, 4, 20, 6, 12, 19, 2, 11, 8, 1, 16, 21]",542.5291349155926,14.870222568511963
