Id,Coordinates,Order,Distance,Time
3121,"[[0, 0], [4, 137], [22, 12], [41, 47], [39, 31], [30, 59], [21, 55], [34, 101], [40, 56], [15, 56], [43, 45], [24, 37], [48, 38], [42, 141], [4, 121], [31, 9], [46, 154], [1, 107], [45, 68], [37, 57], [47, 52], [0, 0]]","[0, 2, 15, 4, 12, 10, 3, 20, 8, 19, 5, 6, 9, 17, 14, 1, 13, 16, 7, 18, 11, 21]",427.7231036672874,14.411436080932617
