Id,Coordinates,Order,Distance,Time
487,"[[0, 0], [88, 82], [103, 75], [12, 160], [52, 87], [76, 156], [69, 42], [32, 13], [80, 33], [25, 85], [104, 58], [48, 103], [12, 122], [67, 45], [19, 4], [50, 112], [18, 149], [91, 139], [16, 121], [4, 55], [63, 8], [0, 0]]","[0, 14, 7, 20, 8, 6, 13, 10, 2, 1, 4, 18, 12, 16, 3, 5, 17, 15, 11, 9, 19, 21]",582.7326177360137,15.126575946807861
