Id,Coordinates,Order,Distance,Time
1071,"[[0, 0], [77, 28], [63, 16], [43, 85], [10, 46], [24, 57], [89, 22], [30, 67], [89, 7], [46, 45], [90, 74], [7, 81], [8, 19], [53, 61], [36, 79], [86, 85], [61, 73], [31, 57], [68, 89], [8, 56], [70, 55], [0, 0]]","[0, 12, 4, 19, 5, 17, 7, 14, 3, 11, 13, 20, 10, 15, 18, 16, 9, 1, 6, 8, 2, 21]",480.2580358551413,14.075907945632935
