Id,Coordinates,Order,Distance,Time
609,"[[0, 0], [20, 140], [3, 56], [1, 97], [11, 136], [6, 123], [8, 113], [22, 46], [1, 116], [31, 14], [3, 25], [14, 131], [11, 80], [14, 78], [2, 18], [16, 148], [21, 84], [31, 42], [13, 40], [16, 128], [12, 43], [0, 0]]","[0, 14, 10, 18, 20, 2, 13, 12, 3, 6, 8, 5, 19, 11, 4, 1, 15, 16, 7, 17, 9, 21]",356.27269422232985,21.256593227386475
