Id,Coordinates,Order,Distance,Time
2620,"[[0, 0], [61, 76], [158, 94], [146, 96], [98, 55], [43, 2], [125, 28], [150, 83], [36, 72], [49, 77], [149, 10], [128, 69], [15, 83], [134, 91], [36, 41], [102, 61], [25, 30], [31, 26], [148, 72], [5, 48], [65, 46], [0, 0]]","[0, 16, 17, 14, 1, 9, 8, 12, 19, 20, 4, 15, 11, 7, 2, 3, 13, 18, 10, 6, 5, 21]",628.3375232464947,16.820930242538452
