Id,Coordinates,Order,Distance,Time
6942,"[[0, 0], [8, 12], [6, 32], [5, 11], [9, 8], [11, 41], [2, 11], [9, 41], [4, 18], [19, 21], [12, 23], [11, 5], [4, 6], [14, 42], [10, 42], [11, 23], [4, 4], [10, 3], [6, 18], [2, 14], [10, 40], [0, 0]]","[0, 16, 12, 3, 6, 19, 8, 18, 1, 15, 10, 2, 20, 5, 14, 7, 13, 9, 4, 11, 17, 21]",126.32708360017004,15.783214807510376
