Id,Coordinates,Order,Distance,Time
5046,"[[0, 0], [24, 73], [59, 52], [27, 114], [23, 34], [28, 90], [78, 115], [76, 60], [25, 12], [55, 116], [74, 19], [54, 60], [27, 41], [12, 12], [63, 68], [69, 123], [69, 85], [64, 30], [84, 29], [16, 112], [60, 25], [0, 0]]","[0, 13, 4, 12, 1, 5, 19, 3, 9, 15, 6, 16, 14, 11, 2, 7, 18, 10, 17, 20, 8, 21]",412.3464652736482,18.85200023651123
