Id,Coordinates,Order,Distance,Time
2686,"[[0, 0], [113, 25], [118, 26], [18, 53], [103, 57], [121, 37], [13, 60], [25, 49], [44, 53], [90, 24], [32, 8], [121, 63], [72, 24], [144, 8], [127, 56], [73, 8], [76, 66], [63, 37], [82, 23], [116, 19], [72, 52], [0, 0]]","[0, 15, 12, 18, 9, 1, 2, 19, 13, 5, 14, 11, 4, 16, 20, 17, 8, 6, 3, 7, 10, 21]",465.5723102466216,18.0125892162323
