Id,Coordinates,Order,Distance,Time
7547,"[[0, 0], [75, 103], [80, 9], [61, 5], [121, 136], [89, 21], [40, 140], [43, 15], [72, 49], [138, 28], [10, 50], [108, 118], [145, 100], [13, 105], [47, 85], [27, 92], [104, 127], [41, 35], [7, 102], [48, 31], [138, 90], [0, 0]]","[0, 7, 19, 17, 5, 2, 3, 14, 15, 13, 18, 6, 1, 11, 16, 4, 12, 20, 9, 8, 10, 21]",748.3269821313918,16.23381018638611
