Id,Coordinates,Order,Distance,Time
3612,"[[0, 0], [128, 102], [32, 143], [62, 197], [23, 165], [111, 172], [49, 134], [71, 66], [22, 10], [78, 189], [125, 134], [97, 107], [114, 40], [61, 75], [96, 63], [42, 195], [47, 158], [76, 183], [72, 132], [75, 64], [26, 86], [0, 0]]","[0, 19, 7, 13, 20, 6, 2, 16, 4, 15, 3, 9, 17, 5, 10, 18, 11, 1, 14, 12, 8, 21]",748.2731940695988,16.567374229431152
