Id,Coordinates,Order,Distance,Time
7689,"[[0, 0], [11, 132], [115, 57], [64, 30], [89, 96], [86, 66], [55, 122], [100, 75], [29, 118], [11, 65], [62, 14], [108, 37], [9, 74], [65, 102], [38, 8], [62, 83], [51, 101], [33, 38], [62, 114], [85, 68], [102, 43], [0, 0]]","[0, 14, 10, 17, 9, 12, 1, 8, 6, 18, 13, 16, 15, 4, 7, 2, 11, 20, 5, 19, 3, 21]",560.6681245343004,17.561198472976685
