Id,Coordinates,Order,Distance,Time
3263,"[[0, 0], [42, 111], [130, 41], [131, 113], [144, 152], [58, 80], [117, 111], [95, 102], [172, 112], [41, 113], [25, 93], [187, 129], [34, 150], [63, 93], [6, 92], [33, 45], [196, 79], [61, 32], [179, 127], [176, 89], [75, 12], [0, 0]]","[0, 15, 17, 20, 2, 16, 19, 8, 18, 11, 4, 3, 6, 7, 13, 5, 1, 9, 12, 10, 14, 21]",737.588977702047,16.436026334762573
