Id,Coordinates,Order,Distance,Time
9840,"[[0, 0], [27, 44], [19, 36], [30, 24], [19, 8], [34, 33], [33, 13], [55, 13], [56, 26], [35, 18], [56, 16], [38, 19], [16, 36], [9, 21], [23, 48], [24, 45], [50, 23], [50, 12], [53, 11], [18, 38], [20, 25], [0, 0]]","[0, 4, 6, 9, 5, 1, 15, 14, 19, 2, 12, 3, 16, 8, 10, 7, 18, 17, 11, 20, 13, 21]",222.4228149220953,15.340222358703613
