Id,Coordinates,Order,Distance,Time
6957,"[[0, 0], [6, 154], [9, 70], [1, 82], [3, 154], [1, 80], [3, 149], [14, 130], [5, 49], [11, 58], [3, 23], [8, 107], [9, 64], [12, 77], [11, 43], [12, 53], [3, 47], [9, 109], [11, 93], [6, 169], [4, 109], [0, 0]]","[0, 10, 14, 15, 9, 12, 2, 5, 3, 18, 11, 17, 7, 6, 4, 1, 19, 20, 13, 8, 16, 21]",355.7806574465504,14.001104831695557
