Id,Coordinates,Order,Distance,Time
6324,"[[0, 0], [43, 23], [129, 27], [15, 32], [8, 35], [50, 5], [68, 4], [31, 29], [80, 2], [110, 37], [85, 3], [29, 17], [124, 12], [76, 30], [98, 36], [141, 37], [9, 27], [51, 23], [38, 6], [27, 2], [60, 29], [0, 0]]","[0, 19, 18, 5, 6, 8, 17, 1, 7, 3, 4, 16, 20, 13, 14, 9, 2, 15, 12, 10, 11, 21]",469.7951452073717,14.6458580493927
