Id,Coordinates,Order,Distance,Time
3000,"[[0, 0], [4, 56], [5, 76], [4, 97], [9, 65], [12, 4], [6, 84], [2, 32], [6, 55], [12, 97], [8, 45], [13, 82], [9, 29], [12, 138], [10, 6], [13, 94], [5, 82], [11, 134], [11, 145], [2, 141], [8, 66], [0, 0]]","[0, 14, 5, 12, 10, 8, 4, 20, 2, 16, 6, 15, 9, 17, 13, 18, 19, 3, 11, 1, 7, 21]",314.05276422841985,19.756863117218018
