Id,Coordinates,Order,Distance,Time
1783,"[[0, 0], [9, 8], [37, 52], [6, 55], [101, 18], [21, 65], [12, 3], [137, 30], [120, 58], [66, 2], [48, 82], [133, 57], [122, 49], [16, 63], [34, 51], [4, 38], [126, 2], [96, 26], [128, 16], [51, 29], [90, 38], [0, 0]]","[0, 1, 15, 3, 13, 5, 14, 2, 10, 20, 17, 12, 8, 11, 7, 18, 16, 4, 9, 19, 6, 21]",478.5734186627399,21.64596962928772
