Id,Coordinates,Order,Distance,Time
2623,"[[0, 0], [37, 10], [37, 45], [22, 18], [26, 16], [50, 60], [16, 6], [31, 20], [5, 23], [21, 54], [7, 29], [8, 3], [22, 61], [34, 11], [34, 62], [26, 25], [36, 39], [10, 6], [16, 37], [39, 4], [42, 21], [0, 0]]","[0, 11, 17, 6, 3, 4, 7, 15, 10, 13, 1, 19, 20, 16, 5, 14, 12, 9, 2, 18, 8, 21]",288.7494156784265,15.343907356262207
