Id,Coordinates,Order,Distance,Time
1109,"[[0, 0], [92, 27], [72, 46], [67, 24], [5, 8], [14, 25], [63, 16], [116, 20], [51, 19], [118, 5], [26, 24], [84, 34], [54, 13], [117, 23], [113, 10], [23, 37], [47, 27], [98, 37], [13, 6], [62, 5], [81, 28], [0, 0]]","[0, 4, 5, 10, 15, 16, 8, 12, 6, 3, 2, 11, 17, 13, 7, 14, 9, 1, 20, 19, 18, 21]",349.5251417621565,18.272202730178833
