Id,Coordinates,Order,Distance,Time
4344,"[[0, 0], [63, 21], [60, 1], [27, 29], [43, 25], [44, 12], [61, 29], [36, 12], [25, 20], [44, 27], [56, 7], [52, 33], [60, 19], [19, 6], [41, 7], [21, 27], [21, 35], [46, 34], [58, 8], [35, 24], [29, 9], [0, 0]]","[0, 13, 20, 7, 14, 5, 10, 2, 18, 12, 1, 6, 11, 17, 9, 4, 19, 3, 16, 15, 8, 21]",199.91347040999443,17.874440908432007
