Id,Coordinates,Order,Distance,Time
1904,"[[0, 0], [149, 14], [81, 54], [152, 3], [145, 13], [156, 24], [57, 20], [5, 45], [73, 37], [47, 50], [108, 6], [55, 55], [105, 21], [165, 1], [62, 35], [149, 12], [86, 36], [111, 7], [57, 37], [34, 42], [18, 45], [0, 0]]","[0, 7, 20, 19, 9, 11, 18, 14, 8, 16, 12, 10, 17, 4, 1, 15, 3, 13, 5, 2, 6, 21]",459.4236633577507,17.032427549362183
