Id,Coordinates,Order,Distance,Time
6141,"[[0, 0], [136, 35], [65, 66], [113, 33], [2, 95], [93, 15], [90, 61], [80, 107], [1, 93], [145, 38], [39, 135], [119, 106], [87, 106], [53, 53], [23, 89], [105, 23], [4, 7], [118, 92], [29, 34], [30, 29], [117, 48], [0, 0]]","[0, 16, 19, 18, 13, 2, 6, 20, 3, 5, 15, 1, 9, 17, 11, 12, 7, 10, 14, 4, 8, 21]",578.4803534649714,17.903886795043945
