Id,Coordinates,Order,Distance,Time
805,"[[0, 0], [31, 52], [4, 29], [2, 18], [30, 33], [22, 43], [23, 17], [17, 8], [2, 23], [14, 37], [30, 1], [7, 22], [30, 47], [25, 12], [17, 48], [33, 16], [34, 29], [23, 3], [28, 46], [29, 43], [19, 14], [0, 0]]","[0, 3, 8, 11, 2, 9, 14, 5, 1, 12, 18, 19, 4, 16, 15, 6, 20, 13, 10, 17, 7, 21]",185.4111860353868,14.256119966506958
