Id,Coordinates,Order,Distance,Time
3395,"[[0, 0], [6, 94], [25, 101], [1, 90], [23, 103], [15, 5], [25, 63], [3, 81], [24, 7], [7, 128], [20, 144], [11, 108], [18, 49], [7, 50], [24, 4], [16, 98], [20, 77], [17, 75], [13, 48], [21, 78], [24, 119], [0, 0]]","[0, 5, 14, 8, 12, 18, 6, 17, 16, 19, 7, 3, 1, 15, 11, 9, 10, 20, 4, 2, 13, 21]",358.62529029199345,19.258997917175293
