Id,Coordinates,Order,Distance,Time
3644,"[[0, 0], [22, 28], [44, 34], [35, 76], [126, 37], [74, 19], [38, 53], [62, 61], [31, 40], [127, 48], [149, 9], [88, 44], [79, 48], [155, 25], [4, 1], [76, 28], [150, 33], [80, 23], [149, 54], [87, 1], [161, 48], [0, 0]]","[0, 1, 8, 2, 6, 3, 7, 12, 11, 15, 5, 17, 4, 9, 18, 20, 16, 13, 10, 19, 14, 21]",495.7225307627271,15.9068763256073
