Id,Coordinates,Order,Distance,Time
9274,"[[0, 0], [77, 94], [103, 114], [96, 96], [90, 96], [14, 72], [50, 94], [87, 130], [49, 46], [100, 91], [108, 91], [72, 100], [33, 12], [88, 134], [73, 33], [103, 68], [92, 95], [113, 2], [22, 52], [85, 50], [59, 99], [0, 0]]","[0, 12, 17, 14, 19, 15, 9, 3, 16, 4, 1, 11, 20, 10, 2, 7, 13, 6, 8, 5, 18, 21]",606.2890836679318,15.736863851547241
