Id,Coordinates,Order,Distance,Time
3065,"[[0, 0], [8, 27], [15, 16], [1, 71], [13, 103], [4, 101], [12, 70], [15, 24], [9, 103], [5, 83], [12, 50], [3, 35], [6, 59], [10, 102], [10, 48], [10, 4], [13, 48], [8, 26], [5, 1], [9, 57], [3, 47], [0, 0]]","[0, 18, 15, 2, 7, 17, 1, 11, 20, 14, 19, 12, 3, 9, 5, 8, 13, 4, 6, 10, 16, 21]",238.99507275547512,14.91519021987915
