Id,Coordinates,Order,Distance,Time
1989,"[[0, 0], [2, 83], [2, 92], [1, 49], [22, 53], [2, 24], [7, 39], [1, 16], [11, 50], [7, 68], [10, 5], [10, 94], [16, 81], [9, 104], [10, 84], [11, 62], [13, 108], [19, 102], [6, 105], [4, 15], [11, 55], [0, 0]]","[0, 19, 7, 5, 6, 3, 8, 20, 15, 9, 1, 2, 18, 13, 16, 17, 11, 14, 12, 4, 10, 21]",256.2433004935403,20.602748155593872
