Id,Coordinates,Order,Distance,Time
556,"[[0, 0], [28, 32], [22, 82], [46, 59], [83, 113], [107, 137], [47, 70], [106, 129], [51, 28], [6, 90], [99, 83], [70, 80], [88, 102], [48, 15], [26, 83], [55, 130], [35, 136], [90, 63], [40, 144], [2, 12], [76, 6], [0, 0]]","[0, 13, 8, 20, 17, 10, 12, 4, 7, 5, 15, 18, 16, 9, 2, 14, 6, 11, 3, 1, 19, 21]",564.5736391376967,18.128698587417603
