Id,Coordinates,Order,Distance,Time
2845,"[[0, 0], [21, 12], [79, 22], [155, 58], [29, 50], [129, 16], [16, 22], [114, 39], [92, 43], [154, 28], [85, 5], [45, 63], [51, 75], [152, 39], [112, 36], [132, 42], [63, 34], [148, 44], [35, 35], [48, 1], [56, 82], [0, 0]]","[0, 1, 6, 18, 4, 11, 12, 20, 16, 2, 8, 14, 7, 15, 17, 13, 9, 3, 5, 10, 19, 21]",496.12912941247515,18.581963300704956
