Id,Coordinates,Order,Distance,Time
2017,"[[0, 0], [51, 25], [31, 50], [46, 4], [33, 58], [46, 107], [41, 96], [14, 16], [41, 57], [46, 87], [6, 42], [9, 67], [47, 91], [49, 75], [43, 77], [13, 73], [44, 104], [19, 135], [21, 25], [30, 39], [50, 2], [0, 0]]","[0, 7, 18, 19, 2, 4, 8, 13, 14, 9, 12, 6, 16, 5, 17, 15, 11, 10, 1, 20, 3, 21]",391.55359071464574,15.769271612167358
