Id,Coordinates,Order,Distance,Time
9177,"[[0, 0], [3, 43], [3, 20], [2, 81], [11, 3], [7, 14], [3, 2], [2, 6], [1, 18], [8, 87], [4, 27], [10, 90], [4, 24], [4, 85], [5, 79], [6, 64], [1, 63], [7, 26], [9, 23], [9, 73], [10, 58], [0, 0]]","[0, 6, 7, 5, 2, 8, 12, 10, 1, 20, 15, 19, 14, 3, 13, 9, 11, 16, 17, 18, 4, 21]",209.60983442192347,15.556910753250122
