Id,Coordinates,Order,Distance,Time
3843,"[[0, 0], [83, 24], [95, 36], [66, 13], [32, 27], [32, 4], [52, 32], [68, 9], [11, 40], [57, 32], [13, 33], [25, 23], [39, 5], [2, 37], [46, 39], [85, 39], [65, 20], [86, 15], [38, 31], [81, 23], [32, 38], [0, 0]]","[0, 5, 12, 11, 4, 18, 6, 9, 16, 3, 7, 17, 19, 1, 2, 15, 14, 20, 10, 8, 13, 21]",305.95613869965274,15.377048969268799
