Id,Coordinates,Order,Distance,Time
7960,"[[0, 0], [61, 9], [17, 12], [29, 2], [32, 5], [71, 29], [60, 20], [16, 6], [1, 12], [58, 3], [2, 25], [43, 10], [33, 21], [46, 10], [11, 2], [60, 24], [22, 18], [34, 23], [70, 2], [52, 4], [62, 4], [0, 0]]","[0, 14, 7, 2, 16, 12, 17, 11, 13, 19, 1, 6, 15, 5, 18, 20, 9, 4, 3, 10, 8, 21]",239.09057981460654,14.390705108642578
