Id,Coordinates,Order,Distance,Time
6250,"[[0, 0], [34, 4], [9, 10], [48, 6], [50, 20], [27, 8], [10, 18], [40, 22], [47, 18], [27, 19], [35, 21], [52, 16], [8, 18], [13, 10], [8, 11], [45, 19], [16, 22], [33, 3], [17, 12], [27, 13], [56, 19], [0, 0]]","[0, 2, 14, 13, 6, 12, 16, 9, 19, 5, 17, 1, 3, 11, 20, 4, 15, 8, 7, 10, 18, 21]",167.5062066330924,19.432770013809204
