Id,Coordinates,Order,Distance,Time
3209,"[[0, 0], [32, 109], [102, 48], [116, 76], [48, 39], [82, 32], [112, 61], [9, 136], [48, 21], [66, 34], [56, 119], [116, 43], [18, 59], [30, 141], [88, 22], [62, 105], [18, 27], [97, 71], [86, 24], [97, 6], [24, 106], [0, 0]]","[0, 8, 4, 9, 5, 18, 14, 19, 11, 2, 6, 3, 17, 15, 10, 13, 7, 1, 20, 12, 16, 21]",517.8772134368965,14.760215282440186
