Id,Coordinates,Order,Distance,Time
6689,"[[0, 0], [54, 39], [37, 21], [47, 64], [54, 42], [4, 43], [9, 56], [19, 21], [28, 37], [60, 17], [61, 11], [60, 10], [51, 27], [9, 16], [26, 54], [35, 22], [33, 63], [57, 60], [48, 3], [15, 8], [20, 55], [0, 0]]","[0, 13, 7, 15, 2, 1, 4, 17, 3, 16, 14, 20, 6, 5, 8, 12, 9, 10, 11, 18, 19, 21]",295.1147649197157,18.87200117111206
