Id,Coordinates,Order,Distance,Time
3440,"[[0, 0], [109, 57], [126, 39], [41, 6], [10, 3], [70, 6], [30, 42], [106, 25], [28, 42], [87, 17], [78, 22], [169, 64], [167, 74], [22, 23], [119, 75], [67, 57], [91, 50], [137, 67], [66, 8], [46, 11], [66, 64], [0, 0]]","[0, 4, 13, 8, 6, 19, 3, 18, 5, 10, 16, 15, 20, 1, 14, 17, 12, 11, 2, 7, 9, 21]",515.3001069119468,19.609002113342285
