Id,Coordinates,Order,Distance,Time
9021,"[[0, 0], [128, 105], [41, 187], [20, 66], [60, 101], [99, 162], [77, 117], [155, 193], [69, 9], [65, 40], [31, 66], [42, 47], [153, 187], [26, 1], [134, 144], [173, 87], [129, 173], [133, 118], [35, 120], [98, 17], [2, 116], [0, 0]]","[0, 13, 8, 19, 9, 11, 3, 20, 18, 2, 5, 16, 12, 7, 14, 17, 15, 1, 6, 4, 10, 21]",847.5586878117273,15.638697385787964
