Id,Coordinates,Order,Distance,Time
308,"[[0, 0], [41, 75], [52, 45], [30, 21], [54, 54], [87, 55], [80, 71], [38, 3], [47, 9], [8, 25], [26, 59], [70, 62], [76, 65], [21, 65], [97, 17], [62, 17], [35, 14], [102, 9], [10, 46], [103, 67], [78, 38], [0, 0]]","[0, 9, 18, 10, 13, 1, 4, 2, 11, 12, 6, 19, 5, 20, 8, 7, 16, 14, 17, 15, 3, 21]",478.14252704803494,17.553897857666016
