Id,Coordinates,Order,Distance,Time
5831,"[[0, 0], [9, 25], [1, 3], [9, 12], [4, 10], [6, 12], [3, 35], [8, 2], [1, 19], [6, 15], [6, 25], [9, 10], [5, 37], [5, 5], [7, 26], [1, 14], [7, 3], [8, 17], [2, 33], [2, 31], [6, 35], [0, 0]]","[0, 13, 16, 7, 11, 3, 5, 9, 17, 1, 14, 10, 19, 18, 6, 12, 20, 8, 15, 4, 2, 21]",94.96970367114719,17.099795818328857
