Id,Coordinates,Order,Distance,Time
9743,"[[0, 0], [56, 102], [10, 159], [5, 100], [50, 99], [2, 62], [29, 63], [13, 160], [56, 29], [7, 83], [40, 22], [25, 64], [38, 50], [10, 101], [5, 64], [3, 132], [41, 36], [54, 150], [61, 86], [49, 140], [8, 121], [0, 0]]","[0, 16, 12, 6, 11, 14, 5, 9, 3, 13, 20, 15, 2, 7, 17, 19, 1, 4, 18, 8, 10, 21]",454.55393948609424,19.36476492881775
