Id,Coordinates,Order,Distance,Time
3965,"[[0, 0], [92, 6], [47, 3], [74, 3], [2, 8], [87, 4], [5, 8], [59, 7], [84, 16], [38, 11], [17, 9], [44, 3], [41, 8], [45, 13], [62, 7], [50, 6], [91, 14], [78, 5], [16, 3], [27, 1], [6, 5], [0, 0]]","[0, 4, 6, 20, 18, 19, 12, 11, 2, 15, 7, 14, 3, 17, 5, 1, 16, 8, 13, 9, 10, 21]",209.19821705910957,15.848875284194946
