Id,Coordinates,Order,Distance,Time
414,"[[0, 0], [99, 108], [56, 150], [114, 123], [88, 111], [110, 74], [104, 123], [88, 34], [43, 48], [110, 79], [38, 66], [100, 25], [51, 6], [96, 10], [93, 42], [130, 83], [60, 26], [17, 120], [27, 116], [17, 148], [141, 53], [0, 0]]","[0, 8, 10, 18, 17, 19, 2, 4, 1, 6, 3, 15, 9, 5, 20, 11, 13, 14, 7, 16, 12, 21]",613.8755387130941,15.953131914138794
