Id,Coordinates,Order,Distance,Time
6187,"[[0, 0], [68, 19], [2, 7], [16, 92], [31, 10], [34, 23], [61, 91], [100, 34], [19, 29], [53, 87], [36, 21], [86, 94], [50, 66], [61, 30], [49, 6], [53, 81], [96, 46], [41, 89], [83, 40], [91, 7], [44, 40], [0, 0]]","[0, 2, 8, 5, 10, 13, 20, 12, 15, 9, 17, 3, 6, 11, 16, 7, 18, 19, 1, 14, 4, 21]",468.51576680842317,18.386367559432983
