Id,Coordinates,Order,Distance,Time
3823,"[[0, 0], [3, 107], [10, 55], [6, 74], [7, 149], [16, 140], [7, 20], [13, 66], [2, 166], [14, 117], [2, 15], [19, 30], [6, 95], [2, 99], [16, 49], [2, 12], [19, 105], [19, 163], [3, 77], [1, 120], [1, 48], [0, 0]]","[0, 15, 10, 6, 11, 14, 2, 3, 18, 12, 13, 1, 19, 4, 8, 17, 5, 9, 16, 7, 20, 21]",366.33832192515627,20.13455057144165
