Id,Coordinates,Order,Distance,Time
6638,"[[0, 0], [1, 10], [6, 132], [7, 125], [6, 108], [1, 116], [10, 101], [5, 1], [4, 114], [24, 77], [24, 26], [10, 84], [11, 148], [16, 97], [8, 84], [20, 11], [24, 125], [18, 6], [22, 104], [24, 74], [2, 7], [0, 0]]","[0, 7, 17, 15, 10, 19, 9, 6, 4, 8, 5, 3, 2, 12, 16, 18, 13, 11, 14, 1, 20, 21]",328.1895854132535,17.678622245788574
