Id,Coordinates,Order,Distance,Time
1377,"[[0, 0], [94, 77], [12, 19], [65, 71], [39, 9], [63, 84], [46, 8], [19, 85], [57, 27], [73, 67], [57, 79], [85, 89], [53, 21], [41, 47], [45, 10], [10, 22], [56, 16], [63, 26], [35, 29], [29, 37], [34, 12], [0, 0]]","[0, 2, 19, 18, 20, 4, 14, 6, 16, 12, 8, 17, 13, 3, 9, 1, 11, 5, 10, 7, 15, 21]",387.5476412362863,15.09730315208435
