Id,Coordinates,Order,Distance,Time
1380,"[[0, 0], [13, 37], [2, 73], [16, 106], [9, 36], [19, 163], [20, 146], [14, 49], [15, 11], [17, 153], [2, 83], [17, 121], [9, 138], [5, 173], [11, 72], [5, 12], [15, 152], [8, 4], [16, 143], [6, 6], [2, 66], [0, 0]]","[0, 19, 17, 8, 1, 7, 20, 2, 10, 3, 11, 18, 6, 9, 16, 5, 13, 12, 14, 4, 15, 21]",378.52797602997,15.897177457809448
