Id,Coordinates,Order,Distance,Time
9873,"[[0, 0], [67, 66], [89, 55], [97, 41], [35, 62], [84, 64], [2, 32], [13, 2], [43, 6], [118, 52], [58, 75], [64, 17], [165, 16], [129, 65], [22, 8], [29, 68], [104, 45], [24, 46], [40, 16], [56, 44], [59, 28], [0, 0]]","[0, 7, 14, 18, 8, 11, 20, 19, 10, 4, 15, 1, 5, 2, 3, 16, 9, 13, 12, 17, 6, 21]",556.5779262877511,12.792129755020142
