Id,Coordinates,Order,Distance,Time
8541,"[[0, 0], [20, 1], [95, 176], [154, 39], [167, 23], [162, 16], [41, 52], [3, 49], [47, 116], [56, 93], [83, 158], [163, 58], [19, 43], [72, 113], [37, 91], [66, 128], [62, 62], [41, 122], [54, 90], [143, 48], [39, 181], [0, 0]]","[0, 7, 12, 6, 16, 18, 9, 14, 8, 17, 15, 10, 2, 20, 13, 19, 3, 4, 5, 11, 1, 21]",768.7522544415876,16.20250105857849
