Id,Coordinates,Order,Distance,Time
8417,"[[0, 0], [12, 47], [14, 95], [15, 68], [16, 37], [20, 30], [1, 99], [7, 25], [12, 71], [10, 82], [12, 37], [16, 64], [12, 20], [12, 48], [19, 3], [18, 29], [12, 100], [17, 65], [21, 25], [14, 57], [6, 49], [0, 0]]","[0, 14, 18, 5, 15, 4, 10, 1, 13, 19, 11, 17, 3, 8, 9, 2, 16, 6, 20, 7, 12, 21]",242.54687872623944,21.463774919509888
