Id,Coordinates,Order,Distance,Time
2544,"[[0, 0], [60, 8], [130, 7], [106, 1], [78, 3], [11, 7], [102, 12], [118, 5], [126, 4], [126, 6], [163, 11], [68, 7], [56, 1], [159, 10], [132, 10], [53, 7], [89, 7], [139, 7], [45, 1], [22, 4], [17, 11], [0, 0]]","[0, 5, 20, 15, 1, 11, 4, 16, 3, 7, 8, 9, 2, 17, 13, 10, 14, 6, 12, 18, 19, 21]",336.22364617403326,16.04790997505188
