Id,Coordinates,Order,Distance,Time
6231,"[[0, 0], [106, 24], [65, 12], [8, 132], [11, 138], [101, 120], [151, 39], [87, 7], [102, 55], [47, 36], [133, 123], [136, 107], [4, 128], [151, 74], [146, 145], [25, 109], [89, 116], [109, 7], [149, 81], [59, 58], [70, 58], [0, 0]]","[0, 9, 19, 20, 2, 7, 17, 1, 8, 6, 13, 18, 11, 10, 14, 5, 16, 4, 3, 12, 15, 21]",696.0277395232124,16.709675312042236
