Id,Coordinates,Order,Distance,Time
8600,"[[0, 0], [78, 53], [140, 97], [42, 103], [47, 29], [78, 111], [42, 27], [81, 83], [52, 98], [15, 29], [69, 100], [47, 9], [28, 18], [75, 19], [153, 35], [130, 5], [72, 57], [80, 71], [154, 32], [80, 55], [45, 73], [0, 0]]","[0, 9, 12, 6, 4, 1, 19, 16, 17, 7, 10, 8, 3, 20, 5, 2, 14, 18, 15, 13, 11, 21]",579.2738793277811,13.606665849685669
