Id,Coordinates,Order,Distance,Time
8064,"[[0, 0], [137, 24], [112, 45], [5, 4], [73, 29], [70, 40], [94, 27], [83, 23], [63, 15], [45, 41], [59, 24], [75, 21], [121, 5], [132, 1], [76, 35], [51, 16], [15, 16], [104, 2], [116, 31], [51, 39], [61, 20], [0, 0]]","[0, 3, 16, 15, 20, 8, 4, 14, 5, 19, 9, 10, 11, 7, 6, 2, 18, 1, 13, 12, 17, 21]",407.1813398857716,14.732080221176147
