Id,Coordinates,Order,Distance,Time
9475,"[[0, 0], [7, 18], [68, 67], [107, 17], [40, 9], [43, 18], [95, 10], [48, 56], [24, 61], [49, 5], [18, 38], [91, 6], [31, 68], [66, 71], [35, 11], [70, 23], [2, 56], [44, 14], [11, 59], [57, 66], [4, 48], [0, 0]]","[0, 1, 10, 20, 16, 18, 8, 12, 7, 19, 13, 2, 3, 6, 11, 15, 9, 4, 17, 5, 14, 21]",353.48971603325674,15.787804365158081
