Id,Coordinates,Order,Distance,Time
1873,"[[0, 0], [56, 8], [172, 3], [128, 8], [67, 1], [114, 1], [34, 10], [21, 4], [99, 5], [49, 3], [14, 9], [62, 6], [181, 8], [158, 2], [103, 6], [140, 9], [102, 3], [52, 8], [131, 8], [155, 7], [109, 10], [0, 0]]","[0, 10, 6, 17, 1, 11, 4, 8, 16, 14, 20, 3, 18, 15, 19, 12, 2, 13, 5, 9, 7, 21]",372.48381807361096,16.400765657424927
