Id,Coordinates,Order,Distance,Time
5132,"[[0, 0], [30, 68], [62, 125], [184, 45], [171, 33], [138, 51], [34, 84], [138, 96], [92, 106], [137, 84], [63, 71], [101, 26], [43, 102], [119, 115], [26, 53], [76, 94], [61, 4], [125, 79], [18, 67], [13, 99], [91, 83], [0, 0]]","[0, 14, 18, 19, 12, 2, 15, 20, 8, 13, 7, 9, 17, 5, 3, 4, 11, 16, 10, 6, 1, 21]",723.1173429802932,18.303001165390015
