Id,Coordinates,Order,Distance,Time
6224,"[[0, 0], [12, 30], [12, 44], [49, 56], [70, 4], [1, 24], [6, 5], [78, 1], [9, 7], [88, 31], [76, 16], [60, 37], [109, 33], [77, 34], [58, 26], [50, 13], [82, 30], [73, 40], [49, 24], [70, 19], [108, 44], [0, 0]]","[0, 6, 8, 5, 1, 2, 3, 11, 19, 10, 4, 7, 16, 13, 17, 20, 12, 9, 14, 18, 15, 21]",378.4438208658437,15.735785484313965
