Id,Coordinates,Order,Distance,Time
4886,"[[0, 0], [116, 28], [21, 112], [122, 84], [65, 98], [105, 75], [43, 171], [11, 54], [91, 157], [129, 4], [54, 39], [93, 121], [102, 3], [101, 137], [117, 85], [10, 188], [120, 104], [127, 124], [116, 193], [45, 105], [115, 109], [0, 0]]","[0, 10, 12, 9, 1, 5, 14, 3, 16, 20, 17, 11, 13, 8, 18, 6, 15, 2, 19, 4, 7, 21]",774.6156119558088,14.77413558959961
