Id,Coordinates,Order,Distance,Time
3834,"[[0, 0], [79, 105], [32, 59], [93, 90], [137, 90], [137, 20], [162, 101], [124, 63], [131, 80], [108, 95], [172, 98], [27, 72], [45, 63], [7, 47], [39, 88], [35, 116], [80, 100], [99, 45], [150, 33], [81, 78], [84, 87], [0, 0]]","[0, 13, 11, 14, 15, 1, 16, 20, 3, 9, 4, 6, 10, 8, 7, 18, 5, 17, 19, 12, 2, 21]",607.3949347839642,15.621640920639038
