Id,Coordinates,Order,Distance,Time
3569,"[[0, 0], [19, 25], [8, 73], [12, 24], [20, 63], [18, 126], [15, 97], [27, 113], [12, 88], [21, 29], [10, 95], [26, 1], [26, 80], [24, 76], [16, 115], [8, 6], [14, 54], [7, 75], [28, 81], [4, 120], [12, 27], [0, 0]]","[0, 15, 3, 20, 9, 4, 13, 12, 18, 8, 10, 6, 14, 19, 5, 7, 17, 2, 16, 1, 11, 21]",331.7330748308596,15.453702688217163
