Id,Coordinates,Order,Distance,Time
3842,"[[0, 0], [2, 42], [77, 67], [72, 81], [105, 33], [97, 46], [39, 43], [94, 29], [24, 6], [48, 78], [65, 61], [78, 85], [52, 27], [77, 30], [9, 2], [100, 38], [53, 77], [54, 11], [60, 36], [72, 2], [46, 24], [0, 0]]","[0, 14, 8, 20, 12, 18, 13, 7, 4, 15, 5, 10, 9, 16, 3, 11, 2, 19, 17, 6, 1, 21]",442.15189669194285,15.925800323486328
