Id,Coordinates,Order,Distance,Time
2772,"[[0, 0], [14, 2], [8, 5], [11, 15], [19, 8], [21, 14], [13, 16], [2, 7], [11, 17], [18, 20], [15, 1], [17, 15], [17, 11], [6, 7], [17, 19], [3, 15], [17, 12], [19, 9], [21, 16], [14, 11], [15, 13], [0, 0]]","[0, 13, 2, 1, 10, 4, 17, 12, 16, 20, 19, 6, 14, 9, 18, 5, 11, 3, 8, 15, 7, 21]",90.75812749535379,18.569652795791626
