Id,Coordinates,Order,Distance,Time
4696,"[[0, 0], [74, 27], [103, 16], [102, 13], [103, 40], [88, 8], [39, 40], [101, 33], [91, 52], [28, 50], [12, 24], [68, 25], [9, 28], [41, 27], [2, 9], [106, 29], [94, 17], [66, 50], [95, 51], [48, 4], [81, 24], [0, 0]]","[0, 14, 10, 12, 9, 6, 11, 1, 20, 5, 16, 3, 2, 15, 7, 4, 18, 8, 17, 13, 19, 21]",338.16762085499033,17.910650730133057
