Id,Coordinates,Order,Distance,Time
448,"[[0, 0], [139, 47], [29, 23], [46, 70], [43, 75], [12, 122], [47, 19], [125, 139], [105, 14], [115, 68], [17, 3], [67, 172], [87, 142], [137, 5], [115, 81], [99, 170], [122, 39], [137, 68], [145, 103], [12, 60], [50, 159], [0, 0]]","[0, 10, 2, 3, 4, 19, 5, 20, 11, 15, 12, 7, 18, 17, 1, 14, 9, 16, 13, 8, 6, 21]",728.8622043383533,20.17203974723816
