Id,Coordinates,Order,Distance,Time
1057,"[[0, 0], [24, 1], [7, 2], [13, 7], [20, 9], [26, 3], [2, 5], [5, 5], [26, 8], [12, 3], [8, 4], [31, 4], [5, 4], [13, 2], [7, 4], [17, 7], [6, 5], [7, 7], [1, 7], [33, 6], [12, 3], [0, 0]]","[0, 6, 18, 7, 12, 16, 14, 10, 17, 3, 15, 4, 8, 19, 11, 5, 1, 13, 9, 20, 2, 21]",81.64707496511,15.17897343635559
