Id,Coordinates,Order,Distance,Time
9148,"[[0, 0], [18, 63], [15, 36], [49, 12], [37, 26], [32, 27], [27, 13], [32, 10], [8, 47], [18, 49], [9, 55], [40, 25], [9, 54], [42, 47], [48, 67], [32, 34], [42, 10], [23, 5], [9, 9], [49, 40], [46, 53], [0, 0]]","[0, 17, 6, 7, 16, 3, 11, 4, 5, 15, 19, 13, 20, 14, 1, 10, 12, 8, 9, 2, 18, 21]",249.25012606524749,14.932473421096802
