Id,Coordinates,Order,Distance,Time
7603,"[[0, 0], [12, 39], [3, 69], [18, 112], [10, 108], [22, 80], [38, 37], [1, 55], [24, 78], [16, 67], [37, 69], [20, 106], [2, 111], [10, 78], [17, 36], [35, 31], [31, 12], [34, 104], [30, 80], [21, 23], [35, 50], [0, 0]]","[0, 19, 14, 1, 7, 2, 13, 5, 8, 18, 10, 17, 11, 3, 4, 12, 9, 20, 6, 15, 16, 21]",346.35441738120255,14.90538763999939
