Id,Coordinates,Order,Distance,Time
2636,"[[0, 0], [32, 16], [35, 16], [46, 119], [187, 115], [139, 4], [95, 2], [30, 113], [112, 51], [8, 52], [80, 17], [71, 47], [180, 94], [2, 104], [51, 111], [180, 22], [185, 24], [23, 71], [158, 94], [9, 119], [8, 9], [0, 0]]","[0, 9, 17, 13, 19, 7, 3, 14, 11, 10, 6, 5, 15, 16, 12, 4, 18, 8, 2, 1, 20, 21]",709.3543421755552,15.544681549072266
