Id,Coordinates,Order,Distance,Time
6150,"[[0, 0], [70, 70], [57, 27], [88, 48], [10, 115], [24, 136], [25, 57], [83, 86], [26, 88], [77, 79], [19, 138], [38, 122], [34, 96], [4, 74], [53, 108], [20, 115], [50, 67], [68, 45], [23, 117], [80, 118], [83, 26], [0, 0]]","[0, 16, 1, 9, 7, 19, 14, 18, 15, 4, 10, 5, 11, 12, 8, 13, 6, 17, 3, 20, 2, 21]",546.4201076572652,17.964421033859253
