Id,Coordinates,Order,Distance,Time
7358,"[[0, 0], [150, 60], [94, 51], [164, 27], [4, 37], [87, 47], [36, 73], [102, 42], [150, 62], [21, 51], [68, 65], [129, 1], [150, 66], [48, 37], [107, 50], [79, 29], [102, 29], [70, 48], [173, 16], [86, 38], [7, 39], [0, 0]]","[0, 4, 20, 9, 6, 10, 17, 5, 2, 19, 15, 16, 11, 18, 3, 1, 8, 12, 14, 7, 13, 21]",521.3410586999098,15.035321950912476
