Id,Coordinates,Order,Distance,Time
3544,"[[0, 0], [4, 20], [62, 46], [6, 14], [67, 32], [36, 4], [6, 37], [39, 1], [51, 14], [66, 67], [55, 33], [75, 46], [40, 59], [30, 2], [33, 5], [72, 39], [71, 29], [54, 45], [30, 9], [36, 29], [73, 61], [0, 0]]","[0, 3, 1, 6, 19, 10, 2, 17, 12, 9, 20, 11, 15, 4, 16, 8, 7, 5, 14, 18, 13, 21]",295.70089912899067,16.07104206085205
