Id,Coordinates,Order,Distance,Time
4825,"[[0, 0], [21, 32], [13, 62], [11, 31], [55, 114], [39, 37], [39, 48], [52, 105], [19, 44], [65, 23], [46, 33], [64, 29], [66, 51], [53, 105], [41, 115], [29, 74], [15, 10], [21, 21], [47, 101], [21, 71], [11, 70], [0, 0]]","[0, 16, 17, 1, 8, 2, 6, 5, 10, 9, 11, 12, 18, 7, 13, 4, 14, 15, 19, 20, 3, 21]",387.2875309955227,17.039650440216064
