Id,Coordinates,Order,Distance,Time
5783,"[[0, 0], [30, 33], [90, 58], [23, 115], [180, 51], [23, 73], [47, 11], [160, 123], [149, 35], [26, 63], [66, 132], [177, 45], [156, 2], [63, 115], [187, 77], [17, 3], [143, 107], [40, 49], [52, 64], [25, 64], [57, 97], [0, 0]]","[0, 15, 1, 17, 18, 9, 19, 5, 3, 13, 10, 20, 12, 8, 11, 4, 14, 7, 16, 2, 6, 21]",754.2347626354051,16.920929193496704
