Id,Coordinates,Order,Distance,Time
6848,"[[0, 0], [2, 17], [28, 53], [30, 19], [3, 14], [31, 21], [15, 54], [39, 27], [12, 30], [42, 11], [29, 50], [11, 25], [36, 9], [6, 26], [34, 29], [38, 49], [5, 44], [18, 12], [36, 8], [39, 39], [36, 41], [0, 0]]","[0, 4, 1, 13, 11, 8, 16, 6, 2, 10, 15, 20, 19, 7, 14, 5, 3, 9, 12, 18, 17, 21]",193.41383067358055,16.754843950271606
