Id,Coordinates,Order,Distance,Time
8804,"[[0, 0], [18, 37], [26, 42], [26, 3], [59, 65], [32, 68], [30, 2], [63, 39], [4, 22], [63, 10], [44, 47], [4, 13], [60, 64], [44, 35], [48, 38], [39, 45], [43, 4], [56, 67], [59, 20], [28, 5], [2, 11], [0, 0]]","[0, 20, 11, 8, 1, 2, 15, 10, 7, 18, 9, 16, 6, 3, 19, 13, 14, 12, 4, 17, 5, 21]",334.3047075072437,18.714298486709595
