Id,Coordinates,Order,Distance,Time
8921,"[[0, 0], [39, 22], [20, 23], [36, 63], [32, 53], [4, 38], [16, 24], [62, 49], [44, 2], [8, 77], [98, 6], [51, 50], [72, 74], [90, 26], [31, 45], [10, 46], [76, 10], [24, 11], [84, 70], [4, 7], [23, 16], [0, 0]]","[0, 17, 20, 2, 6, 5, 15, 9, 3, 4, 11, 7, 12, 18, 13, 10, 16, 8, 1, 14, 19, 21]",434.6113708272487,17.833295822143555
