Id,Coordinates,Order,Distance,Time
5724,"[[0, 0], [95, 19], [144, 49], [121, 19], [147, 20], [90, 62], [7, 33], [63, 84], [23, 84], [90, 73], [110, 68], [164, 60], [162, 27], [85, 81], [93, 56], [24, 17], [19, 21], [11, 21], [87, 8], [20, 18], [110, 1], [0, 0]]","[0, 17, 6, 8, 7, 13, 9, 5, 14, 10, 2, 11, 12, 4, 3, 20, 1, 18, 15, 19, 16, 21]",493.73967119941443,16.9347083568573
