Id,Coordinates,Order,Distance,Time
1089,"[[0, 0], [14, 33], [19, 82], [13, 57], [22, 16], [8, 25], [12, 85], [7, 61], [13, 86], [23, 90], [11, 16], [13, 102], [21, 31], [21, 84], [19, 36], [21, 101], [5, 76], [20, 78], [23, 19], [21, 102], [3, 43], [0, 0]]","[0, 10, 5, 1, 12, 18, 4, 14, 3, 7, 16, 6, 8, 2, 13, 9, 15, 19, 11, 17, 20, 21]",281.29422975291226,17.83826518058777
