Id,Coordinates,Order,Distance,Time
4370,"[[0, 0], [1, 3], [11, 29], [4, 26], [5, 27], [7, 32], [5, 13], [5, 11], [11, 21], [5, 20], [10, 31], [12, 9], [4, 28], [12, 28], [13, 25], [7, 7], [9, 15], [8, 3], [4, 16], [2, 16], [8, 29], [0, 0]]","[0, 1, 17, 15, 7, 6, 18, 9, 3, 4, 12, 20, 5, 10, 2, 13, 14, 8, 16, 11, 19, 21]",99.05027864777826,14.71124815940857
