Id,Coordinates,Order,Distance,Time
2475,"[[0, 0], [70, 25], [28, 21], [65, 72], [89, 32], [11, 19], [87, 45], [1, 53], [66, 77], [82, 49], [63, 29], [36, 77], [83, 43], [76, 34], [4, 7], [69, 30], [22, 21], [27, 43], [92, 61], [69, 32], [6, 19], [0, 0]]","[0, 14, 20, 5, 7, 17, 11, 8, 3, 18, 9, 12, 6, 4, 13, 19, 15, 1, 10, 2, 16, 21]",334.18857609229747,16.959535121917725
