Id,Coordinates,Order,Distance,Time
9773,"[[0, 0], [89, 67], [3, 42], [55, 66], [2, 19], [45, 94], [84, 71], [76, 59], [52, 123], [106, 13], [41, 28], [113, 114], [21, 77], [67, 51], [15, 99], [89, 77], [20, 122], [3, 39], [46, 88], [76, 113], [61, 157], [0, 0]]","[0, 4, 17, 2, 12, 14, 16, 20, 8, 5, 18, 3, 13, 7, 6, 1, 15, 19, 11, 9, 10, 21]",630.5562020292599,14.615283012390137
