Id,Coordinates,Order,Distance,Time
4597,"[[0, 0], [49, 16], [2, 18], [49, 36], [34, 41], [50, 30], [21, 35], [25, 38], [52, 6], [53, 39], [28, 44], [50, 26], [3, 36], [19, 16], [31, 32], [24, 21], [1, 39], [29, 1], [2, 40], [30, 32], [23, 18], [0, 0]]","[0, 13, 20, 15, 14, 19, 6, 7, 10, 4, 3, 9, 5, 11, 1, 8, 17, 12, 18, 16, 2, 21]",240.01349619016122,16.927587509155273
