Id,Coordinates,Order,Distance,Time
4004,"[[0, 0], [7, 16], [8, 185], [4, 148], [1, 41], [2, 29], [3, 126], [7, 165], [4, 52], [6, 29], [5, 78], [5, 171], [4, 55], [9, 174], [6, 17], [9, 56], [6, 65], [5, 126], [3, 175], [3, 121], [4, 85], [0, 0]]","[0, 1, 14, 5, 4, 8, 12, 16, 10, 20, 19, 6, 3, 11, 18, 2, 13, 7, 17, 15, 9, 21]",375.19992797426397,19.144023180007935
