Id,Coordinates,Order,Distance,Time
4189,"[[0, 0], [23, 39], [32, 89], [16, 1], [25, 59], [10, 65], [3, 133], [14, 109], [28, 134], [7, 66], [26, 23], [25, 20], [34, 70], [32, 37], [28, 9], [28, 15], [9, 99], [15, 3], [8, 9], [12, 33], [8, 119], [0, 0]]","[0, 17, 3, 14, 15, 11, 10, 13, 1, 4, 12, 2, 7, 20, 6, 8, 16, 9, 5, 19, 18, 21]",346.7547867590843,16.178414821624756
