Id,Coordinates,Order,Distance,Time
6938,"[[0, 0], [57, 12], [22, 102], [119, 81], [49, 28], [63, 22], [168, 22], [81, 12], [148, 24], [14, 15], [70, 141], [84, 71], [165, 114], [103, 60], [18, 27], [117, 118], [98, 173], [54, 35], [8, 15], [76, 153], [57, 169], [0, 0]]","[0, 18, 9, 14, 4, 17, 13, 3, 12, 15, 16, 19, 10, 20, 2, 11, 8, 6, 7, 5, 1, 21]",815.1534435967413,17.176448106765747
