Id,Coordinates,Order,Distance,Time
8690,"[[0, 0], [25, 32], [8, 54], [13, 7], [35, 72], [33, 50], [75, 75], [53, 12], [27, 10], [52, 87], [89, 74], [51, 44], [58, 53], [44, 61], [33, 84], [53, 4], [34, 28], [69, 95], [82, 64], [40, 69], [43, 41], [0, 0]]","[0, 3, 16, 1, 2, 5, 20, 11, 12, 13, 19, 4, 14, 9, 17, 6, 10, 18, 7, 15, 8, 21]",391.0597740118908,17.232858657836914
