Id,Coordinates,Order,Distance,Time
451,"[[0, 0], [85, 25], [35, 35], [111, 111], [52, 186], [125, 171], [134, 167], [92, 26], [135, 94], [19, 130], [118, 31], [106, 19], [9, 174], [163, 129], [94, 133], [74, 92], [161, 174], [151, 106], [105, 14], [161, 4], [72, 36], [0, 0]]","[0, 2, 20, 1, 7, 18, 11, 10, 19, 8, 17, 13, 16, 6, 5, 3, 14, 4, 12, 9, 15, 21]",854.2772869979403,18.155699968338013
