Id,Coordinates,Order,Distance,Time
8511,"[[0, 0], [157, 42], [71, 64], [23, 14], [126, 29], [154, 5], [156, 37], [143, 89], [127, 70], [114, 8], [50, 83], [58, 75], [146, 65], [72, 55], [54, 31], [20, 46], [86, 15], [169, 60], [59, 64], [163, 45], [70, 7], [0, 0]]","[0, 3, 14, 20, 16, 9, 5, 6, 1, 19, 17, 12, 7, 8, 4, 13, 2, 11, 10, 18, 15, 21]",562.0577918374297,16.62503147125244
