Id,Coordinates,Order,Distance,Time
9045,"[[0, 0], [133, 36], [166, 74], [104, 30], [188, 39], [84, 21], [122, 104], [53, 82], [117, 135], [12, 22], [58, 105], [151, 79], [126, 51], [187, 86], [155, 121], [86, 109], [125, 107], [123, 38], [166, 95], [138, 36], [102, 134], [0, 0]]","[0, 5, 3, 17, 1, 19, 12, 11, 2, 4, 13, 18, 14, 16, 6, 8, 20, 15, 10, 7, 9, 21]",618.3331074032669,13.169587135314941
