Id,Coordinates,Order,Distance,Time
1477,"[[0, 0], [21, 32], [20, 17], [2, 9], [2, 21], [30, 29], [6, 24], [4, 20], [19, 23], [27, 28], [32, 4], [23, 2], [1, 14], [7, 12], [10, 7], [17, 6], [12, 38], [22, 15], [26, 49], [26, 23], [25, 2], [0, 0]]","[0, 13, 14, 15, 11, 20, 10, 17, 2, 8, 19, 9, 5, 1, 18, 16, 6, 4, 7, 12, 3, 21]",169.82998574704519,14.6564040184021
