Id,Coordinates,Order,Distance,Time
1506,"[[0, 0], [38, 48], [42, 1], [22, 6], [17, 38], [99, 4], [86, 64], [114, 54], [57, 4], [33, 62], [87, 40], [34, 4], [100, 58], [1, 14], [2, 46], [107, 13], [68, 23], [93, 19], [61, 15], [113, 11], [113, 5], [0, 0]]","[0, 3, 11, 2, 8, 18, 16, 17, 15, 19, 20, 5, 10, 7, 12, 6, 9, 1, 4, 14, 13, 21]",399.4220882239884,13.484176635742188
