Id,Coordinates,Order,Distance,Time
6040,"[[0, 0], [177, 58], [109, 37], [144, 69], [170, 5], [123, 13], [169, 26], [56, 21], [138, 50], [35, 27], [12, 70], [57, 14], [176, 38], [131, 27], [21, 59], [98, 34], [95, 28], [111, 36], [112, 17], [41, 27], [52, 39], [0, 0]]","[0, 9, 19, 14, 10, 20, 16, 15, 2, 17, 18, 13, 8, 3, 1, 12, 6, 4, 5, 11, 7, 21]",571.2423344143696,14.31578803062439
