Id,Coordinates,Order,Distance,Time
3500,"[[0, 0], [30, 41], [71, 2], [40, 79], [129, 38], [59, 1], [20, 73], [15, 23], [91, 60], [64, 110], [83, 37], [108, 58], [42, 93], [51, 95], [127, 9], [67, 43], [112, 111], [18, 35], [93, 75], [147, 18], [131, 81], [0, 0]]","[0, 7, 17, 1, 6, 3, 12, 13, 9, 16, 11, 4, 19, 14, 2, 5, 10, 20, 18, 8, 15, 21]",668.3479755101606,16.445181846618652
