Id,Coordinates,Order,Distance,Time
2478,"[[0, 0], [66, 9], [29, 6], [64, 2], [93, 3], [97, 3], [16, 6], [26, 11], [85, 8], [55, 10], [97, 2], [105, 12], [114, 6], [120, 2], [73, 11], [29, 9], [81, 1], [35, 7], [53, 2], [5, 2], [8, 9], [0, 0]]","[0, 19, 20, 6, 7, 15, 2, 17, 9, 1, 14, 8, 4, 5, 10, 13, 12, 11, 16, 3, 18, 21]",258.26173541595017,15.610657930374146
