Id,Coordinates,Order,Distance,Time
4102,"[[0, 0], [14, 50], [17, 79], [22, 10], [16, 117], [16, 71], [15, 32], [17, 109], [11, 126], [10, 153], [1, 55], [23, 84], [6, 64], [7, 49], [17, 6], [11, 112], [10, 4], [22, 11], [12, 97], [26, 89], [22, 31], [0, 0]]","[0, 16, 14, 3, 17, 20, 6, 13, 10, 12, 5, 2, 11, 19, 7, 4, 8, 9, 15, 18, 1, 21]",345.3230080674107,13.66266942024231
