Id,Coordinates,Order,Distance,Time
1729,"[[0, 0], [112, 51], [36, 35], [64, 44], [44, 41], [99, 33], [65, 36], [40, 23], [51, 14], [49, 17], [92, 4], [54, 17], [55, 56], [54, 11], [113, 36], [37, 38], [83, 40], [64, 61], [77, 55], [30, 6], [13, 10], [0, 0]]","[0, 19, 7, 9, 8, 13, 11, 6, 3, 12, 17, 18, 16, 1, 14, 5, 10, 4, 15, 2, 20, 21]",371.7229836622792,21.181998014450073
