Id,Coordinates,Order,Distance,Time
8285,"[[0, 0], [74, 30], [8, 16], [118, 12], [59, 5], [4, 4], [136, 50], [12, 12], [34, 2], [23, 40], [60, 36], [104, 24], [34, 10], [49, 28], [105, 31], [105, 14], [18, 40], [136, 8], [104, 32], [128, 13], [115, 30], [0, 0]]","[0, 5, 2, 16, 9, 12, 8, 4, 15, 11, 14, 18, 20, 6, 19, 17, 3, 1, 10, 13, 7, 21]",418.40845761001526,14.221479177474976
