Id,Coordinates,Order,Distance,Time
5231,"[[0, 0], [19, 153], [20, 153], [24, 107], [17, 117], [14, 135], [47, 56], [33, 74], [36, 180], [11, 134], [12, 47], [20, 6], [39, 178], [29, 93], [42, 5], [43, 135], [4, 46], [25, 160], [16, 145], [1, 6], [19, 126], [0, 0]]","[0, 11, 14, 6, 7, 3, 4, 20, 9, 5, 18, 1, 2, 17, 8, 12, 15, 13, 10, 16, 19, 21]",431.5897365533677,13.379833936691284
