Id,Coordinates,Order,Distance,Time
6151,"[[0, 0], [37, 6], [20, 4], [28, 6], [32, 10], [36, 5], [50, 8], [32, 8], [16, 7], [50, 6], [54, 10], [12, 9], [59, 2], [35, 12], [13, 11], [15, 1], [44, 11], [9, 11], [15, 6], [50, 2], [39, 2], [0, 0]]","[0, 17, 11, 14, 8, 18, 2, 3, 7, 4, 13, 16, 6, 9, 10, 12, 19, 20, 1, 5, 15, 21]",144.32919518208547,16.418373823165894
