Id,Coordinates,Order,Distance,Time
572,"[[0, 0], [86, 191], [39, 38], [49, 21], [97, 188], [101, 91], [29, 78], [74, 115], [2, 3], [84, 187], [66, 194], [37, 110], [42, 40], [51, 126], [38, 55], [41, 49], [47, 82], [67, 96], [19, 39], [107, 68], [78, 141], [0, 0]]","[0, 8, 18, 2, 12, 15, 14, 6, 16, 11, 13, 10, 9, 1, 4, 20, 7, 17, 5, 19, 3, 21]",564.1111565491238,18.668675422668457
