Id,Coordinates,Order,Distance,Time
307,"[[0, 0], [15, 14], [7, 45], [74, 32], [49, 61], [34, 11], [14, 7], [41, 45], [75, 43], [39, 56], [41, 37], [33, 50], [61, 28], [65, 53], [71, 11], [25, 40], [17, 52], [64, 46], [49, 46], [68, 59], [9, 21], [0, 0]]","[0, 1, 20, 2, 16, 15, 11, 9, 4, 18, 7, 10, 12, 17, 19, 13, 8, 3, 14, 5, 6, 21]",322.92283455102717,18.17277193069458
