Id,Coordinates,Order,Distance,Time
8998,"[[0, 0], [33, 70], [36, 130], [31, 81], [59, 58], [61, 66], [4, 4], [35, 129], [63, 115], [20, 48], [54, 33], [25, 138], [67, 135], [38, 91], [8, 134], [71, 76], [51, 164], [51, 19], [57, 38], [72, 109], [48, 46], [0, 0]]","[0, 6, 9, 1, 5, 4, 20, 18, 10, 17, 15, 19, 8, 12, 16, 11, 14, 2, 7, 13, 3, 21]",540.7715564642788,17.9950008392334
