Id,Coordinates,Order,Distance,Time
6695,"[[0, 0], [25, 3], [15, 104], [26, 40], [27, 77], [15, 4], [8, 26], [22, 33], [20, 66], [13, 41], [13, 41], [4, 70], [14, 12], [23, 11], [27, 74], [8, 7], [22, 35], [17, 106], [29, 59], [19, 7], [5, 32], [0, 0]]","[0, 15, 5, 19, 1, 13, 12, 9, 10, 16, 7, 3, 18, 8, 14, 4, 17, 2, 11, 20, 6, 21]",282.08563757906103,16.861066102981567
