Id,Coordinates,Order,Distance,Time
1248,"[[0, 0], [7, 78], [2, 58], [1, 106], [8, 67], [10, 114], [12, 6], [1, 58], [2, 6], [11, 16], [8, 34], [2, 80], [3, 80], [3, 72], [12, 87], [4, 19], [9, 116], [10, 89], [11, 111], [5, 16], [4, 3], [0, 0]]","[0, 20, 6, 9, 19, 15, 10, 2, 7, 13, 12, 11, 17, 14, 18, 5, 16, 3, 1, 4, 8, 21]",260.5564713622693,20.67266321182251
