Id,Coordinates,Order,Distance,Time
6971,"[[0, 0], [5, 54], [10, 33], [128, 45], [44, 4], [16, 33], [49, 9], [9, 30], [148, 4], [153, 1], [82, 20], [152, 14], [141, 41], [152, 1], [102, 6], [166, 63], [121, 6], [157, 27], [122, 16], [110, 41], [56, 19], [0, 0]]","[0, 7, 2, 5, 1, 4, 6, 20, 10, 14, 16, 18, 8, 13, 9, 11, 17, 15, 12, 3, 19, 21]",506.80602666016375,15.78458547592163
