Id,Coordinates,Order,Distance,Time
1711,"[[0, 0], [15, 1], [28, 26], [4, 10], [30, 6], [3, 43], [27, 25], [31, 27], [17, 35], [9, 16], [30, 58], [26, 28], [7, 20], [25, 40], [25, 9], [12, 35], [30, 9], [16, 34], [29, 45], [18, 42], [28, 33], [0, 0]]","[0, 1, 9, 12, 15, 17, 8, 19, 13, 20, 11, 2, 6, 16, 4, 14, 7, 18, 10, 5, 3, 21]",237.5093721591761,20.07203221321106
