Id,Coordinates,Order,Distance,Time
5827,"[[0, 0], [39, 58], [5, 77], [13, 190], [37, 21], [21, 165], [23, 134], [44, 32], [10, 64], [23, 116], [35, 162], [25, 48], [49, 31], [12, 156], [25, 91], [23, 95], [7, 12], [9, 50], [34, 136], [16, 72], [46, 192], [0, 0]]","[0, 16, 4, 7, 12, 1, 11, 19, 14, 15, 9, 6, 18, 10, 20, 3, 5, 13, 2, 8, 17, 21]",497.7427984836989,17.649993658065796
