Id,Coordinates,Order,Distance,Time
9017,"[[0, 0], [47, 6], [137, 20], [178, 14], [156, 14], [130, 2], [52, 10], [171, 14], [20, 17], [167, 12], [9, 16], [117, 4], [177, 10], [79, 3], [114, 9], [164, 13], [73, 11], [41, 2], [42, 17], [155, 6], [155, 16], [0, 0]]","[0, 10, 8, 18, 1, 6, 16, 13, 14, 2, 20, 4, 15, 9, 7, 3, 12, 19, 5, 11, 17, 21]",386.32014703264076,16.829624891281128
