Id,Coordinates,Order,Distance,Time
3094,"[[0, 0], [108, 29], [61, 65], [86, 20], [4, 5], [20, 74], [66, 77], [65, 59], [111, 83], [64, 49], [97, 3], [94, 16], [18, 22], [49, 6], [32, 19], [32, 39], [36, 36], [107, 54], [39, 11], [35, 46], [10, 22], [0, 0]]","[0, 4, 20, 12, 14, 16, 15, 19, 5, 9, 7, 2, 6, 8, 17, 1, 11, 10, 3, 13, 18, 21]",432.11069233673857,17.528904914855957
