Id,Coordinates,Order,Distance,Time
3088,"[[0, 0], [119, 139], [25, 110], [132, 78], [158, 65], [58, 115], [147, 58], [54, 36], [118, 128], [23, 30], [87, 28], [106, 45], [178, 99], [54, 168], [176, 114], [157, 95], [115, 88], [139, 32], [172, 95], [176, 65], [86, 78], [0, 0]]","[0, 10, 11, 17, 6, 4, 19, 18, 12, 14, 15, 3, 16, 5, 2, 13, 1, 8, 20, 7, 9, 21]",764.0918254542021,17.654595851898193
