Id,Coordinates,Order,Distance,Time
1558,"[[0, 0], [38, 76], [6, 89], [98, 66], [33, 64], [100, 94], [116, 61], [115, 148], [101, 56], [53, 20], [20, 27], [192, 114], [181, 29], [186, 68], [147, 41], [119, 118], [121, 3], [8, 19], [40, 61], [32, 57], [91, 65], [0, 0]]","[0, 17, 10, 19, 4, 2, 1, 18, 20, 3, 8, 6, 5, 15, 7, 11, 13, 12, 14, 16, 9, 21]",720.639785887139,14.78577446937561
