Id,Coordinates,Order,Distance,Time
7734,"[[0, 0], [1, 4], [21, 54], [35, 47], [13, 59], [26, 40], [20, 33], [17, 60], [23, 43], [6, 51], [38, 33], [13, 63], [28, 21], [5, 47], [27, 38], [38, 54], [4, 54], [34, 43], [7, 30], [23, 41], [4, 13], [0, 0]]","[0, 1, 20, 18, 6, 5, 17, 3, 15, 2, 7, 11, 4, 16, 9, 13, 8, 19, 14, 10, 12, 21]",212.0947299389635,19.81417202949524
