Id,Coordinates,Order,Distance,Time
9968,"[[0, 0], [25, 9], [8, 3], [16, 9], [5, 8], [41, 2], [38, 8], [8, 6], [13, 9], [30, 2], [30, 1], [15, 7], [5, 3], [44, 5], [26, 5], [45, 3], [45, 1], [15, 3], [44, 8], [7, 5], [20, 3], [0, 0]]","[0, 12, 19, 7, 4, 8, 11, 17, 20, 14, 9, 10, 6, 18, 13, 15, 16, 5, 1, 3, 2, 21]",117.89195640855267,13.163079977035522
