Id,Coordinates,Order,Distance,Time
4894,"[[0, 0], [123, 112], [57, 85], [52, 43], [77, 89], [2, 9], [90, 160], [112, 71], [5, 130], [109, 115], [105, 30], [73, 167], [42, 154], [127, 40], [81, 126], [106, 26], [11, 82], [82, 123], [81, 158], [62, 9], [87, 13], [0, 0]]","[0, 19, 20, 15, 10, 13, 7, 4, 2, 16, 8, 12, 11, 18, 6, 14, 17, 9, 1, 3, 5, 21]",675.421351192199,15.191471338272095
