Id,Coordinates,Order,Distance,Time
8329,"[[0, 0], [6, 31], [18, 52], [1, 54], [3, 139], [22, 14], [5, 29], [12, 126], [7, 40], [21, 115], [16, 95], [21, 34], [6, 98], [17, 40], [22, 52], [7, 91], [10, 124], [5, 75], [13, 61], [14, 57], [20, 4], [0, 0]]","[0, 20, 5, 11, 13, 8, 14, 2, 19, 18, 17, 15, 10, 9, 7, 16, 4, 12, 3, 1, 6, 21]",337.4672061526197,11.576276779174805
