Id,Coordinates,Order,Distance,Time
6713,"[[0, 0], [26, 4], [33, 3], [26, 10], [54, 9], [28, 17], [29, 11], [52, 17], [8, 12], [54, 9], [42, 12], [25, 12], [23, 17], [52, 15], [22, 9], [6, 10], [11, 6], [4, 12], [27, 3], [21, 5], [44, 14], [0, 0]]","[0, 15, 17, 8, 14, 11, 12, 5, 6, 3, 1, 18, 2, 10, 20, 7, 13, 4, 9, 19, 16, 21]",157.3414994610168,22.639997482299805
