Id,Coordinates,Order,Distance,Time
7598,"[[0, 0], [60, 75], [41, 95], [44, 191], [49, 176], [47, 72], [22, 103], [41, 186], [45, 195], [31, 26], [43, 104], [35, 184], [27, 165], [10, 143], [63, 60], [11, 113], [15, 91], [46, 111], [69, 9], [47, 132], [28, 95], [0, 0]]","[0, 9, 18, 14, 1, 5, 2, 20, 6, 15, 13, 12, 11, 7, 3, 8, 4, 19, 17, 10, 16, 21]",532.6292666645473,16.29465126991272
