Id,Coordinates,Order,Distance,Time
6216,"[[0, 0], [21, 17], [21, 39], [19, 23], [25, 27], [17, 15], [10, 23], [8, 2], [24, 18], [8, 2], [4, 11], [17, 17], [5, 3], [25, 3], [4, 4], [17, 12], [11, 35], [21, 38], [21, 10], [19, 27], [13, 24], [0, 0]]","[0, 14, 12, 7, 9, 10, 11, 1, 8, 3, 19, 4, 17, 2, 16, 20, 6, 5, 15, 18, 13, 21]",146.79491302185724,12.1484694480896
