Id,Coordinates,Order,Distance,Time
8263,"[[0, 0], [8, 71], [17, 54], [55, 4], [43, 28], [8, 55], [75, 45], [72, 57], [33, 68], [36, 10], [41, 48], [40, 60], [75, 43], [58, 1], [3, 38], [58, 24], [20, 39], [47, 61], [12, 13], [21, 51], [17, 53], [0, 0]]","[0, 18, 9, 13, 3, 4, 15, 12, 6, 7, 17, 11, 8, 10, 20, 2, 5, 1, 19, 16, 14, 21]",357.285829535499,15.469259262084961
