Id,Coordinates,Order,Distance,Time
4704,"[[0, 0], [52, 1], [132, 39], [27, 33], [16, 64], [68, 66], [129, 1], [27, 52], [94, 1], [18, 73], [101, 24], [65, 16], [74, 90], [155, 61], [99, 82], [104, 12], [30, 18], [44, 44], [24, 36], [116, 61], [4, 87], [0, 0]]","[0, 16, 3, 18, 4, 20, 9, 7, 17, 5, 12, 14, 19, 13, 2, 6, 10, 15, 8, 11, 1, 21]",557.5116224206605,13.969966650009155
