Id,Coordinates,Order,Distance,Time
8714,"[[0, 0], [84, 4], [144, 26], [141, 10], [64, 16], [12, 30], [68, 7], [44, 8], [110, 28], [113, 5], [76, 26], [83, 22], [112, 20], [77, 28], [97, 1], [51, 32], [86, 23], [34, 13], [129, 8], [33, 24], [88, 3], [0, 0]]","[0, 5, 19, 17, 7, 4, 6, 1, 20, 14, 9, 16, 11, 10, 13, 12, 18, 3, 2, 8, 15, 21]",437.3488217314103,13.869995832443237
