Id,Coordinates,Order,Distance,Time
8441,"[[0, 0], [68, 78], [47, 108], [4, 70], [30, 120], [89, 26], [23, 150], [89, 121], [36, 78], [61, 92], [48, 90], [85, 67], [41, 3], [60, 126], [90, 107], [21, 43], [57, 81], [69, 147], [43, 152], [29, 22], [7, 61], [0, 0]]","[0, 19, 15, 20, 3, 8, 10, 16, 1, 9, 2, 4, 6, 18, 17, 13, 7, 14, 11, 5, 12, 21]",541.503956801836,19.053995609283447
