Id,Coordinates,Order,Distance,Time
7699,"[[0, 0], [189, 92], [122, 21], [103, 108], [129, 52], [182, 80], [136, 2], [80, 36], [59, 29], [129, 3], [187, 32], [181, 6], [182, 54], [103, 18], [162, 55], [8, 102], [45, 64], [122, 117], [6, 114], [127, 5], [18, 3], [0, 0]]","[0, 20, 8, 7, 13, 2, 19, 9, 6, 11, 10, 12, 14, 5, 1, 17, 3, 4, 16, 18, 15, 21]",740.4124746412489,15.684623956680298
