Id,Coordinates,Order,Distance,Time
4159,"[[0, 0], [5, 6], [121, 16], [116, 1], [95, 17], [130, 3], [119, 17], [71, 19], [12, 7], [117, 7], [7, 16], [88, 4], [84, 3], [124, 13], [121, 12], [98, 6], [70, 22], [44, 13], [117, 6], [90, 6], [7, 17], [0, 0]]","[0, 1, 10, 20, 17, 16, 7, 12, 11, 19, 15, 6, 2, 14, 13, 5, 3, 18, 9, 4, 8, 21]",308.13356727565304,15.158788919448853
