Id,Coordinates,Order,Distance,Time
4147,"[[0, 0], [17, 63], [39, 66], [31, 114], [40, 14], [28, 161], [44, 51], [19, 70], [16, 161], [36, 39], [18, 40], [44, 103], [50, 153], [21, 13], [26, 49], [13, 102], [35, 116], [25, 59], [47, 31], [26, 116], [49, 54], [0, 0]]","[0, 13, 4, 18, 9, 14, 17, 1, 2, 20, 6, 11, 19, 3, 16, 12, 5, 8, 15, 7, 10, 21]",476.4112432249663,15.820496797561646
