Id,Coordinates,Order,Distance,Time
156,"[[0, 0], [14, 33], [7, 33], [6, 51], [12, 127], [4, 91], [5, 82], [7, 100], [11, 39], [5, 74], [6, 96], [9, 158], [8, 65], [14, 75], [6, 6], [12, 117], [6, 51], [15, 41], [7, 153], [8, 109], [10, 61], [0, 0]]","[0, 14, 1, 17, 3, 16, 12, 9, 6, 5, 10, 7, 19, 4, 18, 11, 15, 13, 20, 8, 2, 21]",327.3955816023456,17.488511085510254
