Id,Coordinates,Order,Distance,Time
7621,"[[0, 0], [14, 60], [76, 86], [42, 183], [15, 91], [12, 156], [77, 60], [66, 101], [10, 17], [83, 18], [4, 74], [40, 54], [44, 123], [83, 53], [64, 103], [117, 33], [109, 9], [21, 113], [130, 12], [49, 115], [31, 60], [0, 0]]","[0, 8, 1, 20, 11, 14, 19, 12, 17, 4, 10, 5, 3, 7, 2, 6, 13, 15, 18, 16, 9, 21]",700.3197820166602,14.016253232955933
