Id,Coordinates,Order,Distance,Time
4393,"[[0, 0], [2, 65], [111, 19], [5, 29], [67, 46], [43, 71], [89, 8], [12, 15], [74, 14], [76, 30], [44, 53], [76, 82], [83, 78], [94, 66], [74, 84], [17, 79], [55, 28], [106, 26], [108, 13], [2, 76], [27, 21], [0, 0]]","[0, 7, 20, 16, 9, 8, 6, 18, 2, 17, 13, 12, 11, 14, 4, 10, 5, 15, 19, 1, 3, 21]",420.2511892936087,15.400617122650146
