Id,Coordinates,Order,Distance,Time
9529,"[[0, 0], [180, 39], [94, 66], [68, 76], [163, 24], [177, 30], [59, 17], [163, 57], [105, 8], [159, 65], [106, 57], [57, 42], [76, 77], [165, 40], [124, 28], [128, 34], [48, 4], [38, 44], [85, 63], [154, 59], [47, 43], [0, 0]]","[0, 11, 20, 17, 3, 12, 18, 2, 10, 15, 4, 5, 1, 13, 7, 9, 19, 14, 8, 6, 16, 21]",506.6087544191715,20.07594347000122
