Id,Coordinates,Order,Distance,Time
3971,"[[0, 0], [18, 7], [13, 40], [84, 61], [63, 83], [27, 61], [54, 83], [6, 82], [64, 111], [23, 22], [38, 33], [8, 47], [16, 13], [40, 84], [18, 15], [54, 92], [83, 58], [5, 63], [55, 48], [68, 21], [59, 28], [0, 0]]","[0, 1, 12, 14, 9, 10, 20, 19, 18, 16, 3, 4, 6, 15, 8, 13, 5, 11, 17, 7, 2, 21]",426.4934231433183,17.763545274734497
