Id,Coordinates,Order,Distance,Time
7357,"[[0, 0], [34, 3], [2, 164], [10, 52], [24, 112], [29, 152], [15, 59], [43, 139], [62, 15], [101, 33], [80, 12], [43, 10], [70, 140], [30, 91], [33, 87], [27, 18], [22, 57], [23, 66], [101, 67], [55, 131], [44, 134], [0, 0]]","[0, 15, 1, 11, 8, 10, 9, 18, 14, 13, 19, 12, 20, 7, 5, 2, 4, 17, 16, 6, 3, 21]",562.3390269550424,15.58513069152832
