Id,Coordinates,Order,Distance,Time
3960,"[[0, 0], [24, 158], [15, 15], [13, 128], [22, 7], [16, 56], [16, 12], [20, 20], [25, 136], [17, 73], [6, 71], [2, 25], [9, 115], [20, 176], [15, 129], [19, 110], [8, 128], [8, 168], [2, 34], [15, 21], [16, 156], [0, 0]]","[0, 6, 2, 4, 7, 19, 5, 9, 15, 12, 16, 3, 14, 8, 1, 13, 17, 20, 10, 18, 11, 21]",409.9913305556339,13.130411863327026
