Id,Coordinates,Order,Distance,Time
9870,"[[0, 0], [33, 12], [76, 5], [72, 24], [98, 3], [82, 7], [45, 3], [8, 23], [79, 24], [75, 25], [72, 14], [54, 10], [72, 7], [122, 8], [45, 18], [40, 13], [96, 2], [7, 20], [42, 18], [54, 16], [55, 16], [0, 0]]","[0, 17, 7, 1, 15, 18, 14, 19, 20, 11, 12, 10, 3, 9, 8, 13, 4, 16, 5, 2, 6, 21]",294.94371945772485,14.961306095123291
