Id,Coordinates,Order,Distance,Time
1676,"[[0, 0], [1, 108], [43, 29], [3, 7], [33, 64], [27, 120], [13, 71], [17, 56], [34, 16], [17, 78], [23, 90], [26, 5], [22, 126], [34, 40], [9, 44], [17, 11], [2, 116], [24, 76], [7, 136], [37, 113], [1, 48], [0, 0]]","[0, 15, 11, 8, 2, 13, 14, 20, 6, 9, 10, 19, 5, 12, 18, 16, 1, 17, 4, 7, 3, 21]",379.8951773609459,19.415996551513672
