Id,Coordinates,Order,Distance,Time
8846,"[[0, 0], [29, 85], [20, 69], [10, 35], [13, 32], [26, 65], [97, 79], [51, 61], [45, 133], [25, 71], [52, 121], [91, 49], [39, 27], [89, 103], [79, 42], [93, 122], [24, 56], [88, 15], [7, 24], [87, 115], [77, 101], [0, 0]]","[0, 18, 4, 3, 16, 5, 9, 2, 1, 7, 6, 13, 19, 15, 8, 10, 20, 11, 14, 17, 12, 21]",520.4029224060766,14.767033100128174
