Id,Coordinates,Order,Distance,Time
7763,"[[0, 0], [22, 69], [69, 57], [39, 34], [19, 64], [89, 54], [62, 42], [2, 68], [57, 70], [46, 22], [54, 30], [23, 24], [66, 15], [61, 57], [99, 29], [39, 31], [99, 30], [23, 54], [64, 13], [5, 2], [16, 48], [0, 0]]","[0, 19, 11, 15, 3, 13, 8, 1, 4, 7, 20, 17, 18, 12, 14, 16, 5, 2, 6, 10, 9, 21]",427.8069081755126,14.232192277908325
