Id,Coordinates,Order,Distance,Time
5573,"[[0, 0], [1, 58], [21, 4], [7, 80], [21, 99], [19, 32], [6, 80], [6, 54], [14, 18], [7, 75], [2, 94], [17, 85], [1, 110], [10, 31], [6, 104], [22, 11], [10, 100], [12, 30], [22, 21], [22, 72], [22, 109], [0, 0]]","[0, 2, 15, 18, 17, 13, 7, 1, 9, 6, 3, 11, 4, 20, 16, 14, 12, 10, 19, 5, 8, 21]",294.8162690897367,18.846737146377563
