Id,Coordinates,Order,Distance,Time
7724,"[[0, 0], [9, 32], [8, 12], [47, 25], [23, 26], [68, 14], [6, 21], [18, 20], [34, 8], [79, 7], [30, 37], [15, 12], [72, 1], [58, 8], [62, 4], [10, 23], [57, 29], [86, 38], [60, 33], [32, 4], [11, 33], [0, 0]]","[0, 2, 11, 6, 20, 1, 15, 7, 8, 19, 3, 16, 5, 13, 14, 12, 9, 17, 18, 10, 4, 21]",318.88861801824663,16.998257398605347
