Id,Coordinates,Order,Distance,Time
8461,"[[0, 0], [7, 4], [29, 31], [46, 12], [54, 12], [54, 15], [10, 21], [73, 32], [6, 16], [17, 22], [96, 1], [24, 30], [7, 9], [15, 10], [67, 6], [4, 9], [107, 28], [70, 12], [25, 17], [54, 5], [55, 1], [0, 0]]","[0, 12, 15, 8, 6, 9, 11, 2, 3, 5, 4, 19, 20, 14, 17, 10, 16, 7, 18, 13, 1, 21]",289.93404303250907,17.687971353530884
