Id,Coordinates,Order,Distance,Time
5506,"[[0, 0], [7, 111], [56, 54], [77, 62], [73, 35], [32, 6], [24, 107], [31, 65], [79, 39], [37, 97], [38, 134], [39, 124], [78, 111], [75, 98], [24, 171], [66, 167], [81, 94], [24, 102], [61, 115], [52, 45], [10, 39], [0, 0]]","[0, 5, 2, 19, 4, 8, 3, 16, 13, 12, 18, 11, 6, 17, 1, 14, 15, 10, 9, 7, 20, 21]",580.6565700756593,17.320258855819702
