Id,Coordinates,Order,Distance,Time
9074,"[[0, 0], [31, 73], [62, 15], [13, 12], [28, 3], [2, 81], [25, 22], [46, 80], [101, 39], [97, 16], [24, 24], [1, 18], [73, 58], [44, 33], [9, 81], [73, 27], [91, 75], [87, 77], [55, 64], [15, 53], [40, 15], [0, 0]]","[0, 11, 3, 10, 6, 20, 2, 15, 9, 8, 12, 18, 19, 5, 14, 1, 7, 17, 16, 13, 4, 21]",496.4400455264571,14.710296154022217
