Id,Coordinates,Order,Distance,Time
5490,"[[0, 0], [31, 45], [19, 66], [27, 132], [154, 21], [49, 97], [60, 119], [151, 70], [51, 140], [77, 9], [94, 105], [86, 141], [69, 116], [16, 96], [27, 63], [92, 32], [88, 8], [92, 134], [27, 80], [11, 93], [62, 82], [0, 0]]","[0, 1, 14, 2, 18, 19, 13, 5, 20, 12, 6, 3, 8, 11, 17, 10, 7, 4, 15, 16, 9, 21]",646.1807084170889,15.99850845336914
