Id,Coordinates,Order,Distance,Time
9571,"[[0, 0], [105, 50], [6, 25], [78, 52], [6, 39], [88, 37], [51, 25], [97, 55], [121, 34], [145, 34], [32, 41], [153, 43], [57, 50], [90, 55], [116, 11], [124, 18], [80, 54], [16, 52], [51, 5], [35, 22], [64, 15], [0, 0]]","[0, 2, 4, 17, 10, 19, 6, 12, 3, 16, 13, 7, 1, 14, 15, 9, 11, 8, 5, 20, 18, 21]",442.33415250416556,18.25863242149353
