Id,Coordinates,Order,Distance,Time
9925,"[[0, 0], [15, 17], [60, 54], [53, 66], [33, 50], [68, 9], [12, 57], [55, 54], [87, 27], [25, 66], [89, 34], [13, 34], [64, 83], [59, 76], [38, 84], [78, 67], [72, 59], [15, 39], [63, 50], [92, 61], [81, 44], [0, 0]]","[0, 1, 4, 7, 16, 15, 19, 20, 10, 8, 5, 18, 2, 3, 13, 12, 14, 9, 6, 17, 11, 21]",395.6096942626703,14.598063230514526
