Id,Coordinates,Order,Distance,Time
7435,"[[0, 0], [52, 14], [29, 117], [22, 66], [57, 98], [23, 20], [27, 14], [66, 86], [7, 102], [26, 108], [4, 34], [62, 7], [27, 52], [36, 67], [52, 7], [5, 80], [47, 108], [35, 109], [65, 24], [30, 65], [45, 32], [0, 0]]","[0, 5, 10, 12, 19, 13, 3, 15, 8, 9, 2, 17, 16, 4, 7, 20, 18, 11, 14, 1, 6, 21]",409.8540324530345,18.555413007736206
