Id,Coordinates,Order,Distance,Time
479,"[[0, 0], [161, 2], [22, 39], [7, 44], [18, 1], [119, 17], [154, 11], [52, 29], [120, 33], [58, 4], [45, 17], [157, 23], [129, 22], [158, 17], [64, 23], [144, 24], [148, 2], [11, 31], [21, 24], [110, 39], [107, 21], [0, 0]]","[0, 4, 18, 17, 3, 2, 10, 7, 14, 20, 5, 12, 8, 19, 15, 11, 13, 6, 1, 16, 9, 21]",469.78484120287845,14.455591201782227
