Id,Coordinates,Order,Distance,Time
5777,"[[0, 0], [19, 31], [116, 25], [132, 59], [51, 39], [50, 2], [110, 54], [88, 59], [37, 34], [105, 52], [97, 4], [141, 34], [159, 63], [155, 48], [41, 18], [56, 18], [142, 31], [144, 40], [110, 3], [151, 20], [51, 20], [0, 0]]","[0, 1, 8, 4, 20, 15, 10, 18, 2, 19, 16, 11, 17, 13, 12, 3, 6, 9, 7, 5, 14, 21]",465.8551646187747,12.730798721313477
