Id,Coordinates,Order,Distance,Time
1076,"[[0, 0], [108, 128], [69, 14], [16, 75], [68, 51], [48, 45], [130, 125], [103, 134], [32, 121], [22, 139], [63, 128], [116, 47], [133, 73], [45, 98], [91, 100], [78, 137], [113, 85], [100, 21], [104, 40], [116, 26], [139, 62], [0, 0]]","[0, 5, 4, 2, 17, 19, 18, 11, 20, 12, 16, 6, 1, 7, 15, 10, 9, 8, 14, 13, 3, 21]",668.4376215087686,15.771463632583618
