Id,Coordinates,Order,Distance,Time
8506,"[[0, 0], [104, 34], [39, 5], [112, 19], [93, 36], [70, 51], [39, 27], [97, 49], [114, 27], [51, 26], [48, 45], [85, 3], [28, 45], [97, 2], [48, 54], [104, 40], [102, 27], [60, 31], [97, 39], [91, 6], [63, 7], [0, 0]]","[0, 6, 9, 17, 10, 12, 14, 5, 7, 18, 4, 15, 1, 16, 8, 3, 13, 19, 11, 20, 2, 21]",361.0047378563179,15.87440538406372
