Id,Coordinates,Order,Distance,Time
5940,"[[0, 0], [15, 54], [101, 14], [113, 19], [133, 11], [129, 52], [36, 14], [107, 34], [94, 23], [47, 3], [60, 44], [23, 51], [148, 21], [18, 51], [9, 51], [6, 49], [23, 12], [107, 55], [24, 47], [53, 10], [60, 27], [0, 0]]","[0, 16, 6, 20, 18, 11, 13, 1, 14, 15, 10, 8, 2, 3, 7, 17, 5, 12, 4, 19, 9, 21]",498.91473790659626,13.800554037094116
