Id,Coordinates,Order,Distance,Time
4527,"[[0, 0], [123, 53], [38, 5], [96, 62], [77, 4], [7, 43], [89, 73], [121, 81], [76, 51], [14, 12], [49, 63], [98, 52], [70, 42], [9, 23], [21, 13], [1, 14], [72, 28], [35, 5], [99, 62], [58, 1], [44, 63], [0, 0]]","[0, 9, 14, 17, 2, 19, 4, 16, 12, 8, 11, 3, 18, 1, 7, 6, 10, 20, 5, 13, 15, 21]",389.1167262567924,15.632019519805908
