Id,Coordinates,Order,Distance,Time
5585,"[[0, 0], [31, 22], [80, 27], [67, 9], [22, 11], [73, 30], [78, 28], [37, 64], [21, 43], [26, 45], [88, 42], [28, 39], [26, 64], [81, 30], [75, 64], [38, 67], [40, 17], [51, 21], [32, 9], [3, 7], [69, 9], [0, 0]]","[0, 19, 1, 11, 8, 9, 12, 7, 15, 14, 10, 13, 2, 6, 5, 20, 3, 17, 16, 18, 4, 21]",290.79490518660907,15.466615438461304
