Id,Coordinates,Order,Distance,Time
1447,"[[0, 0], [9, 100], [15, 49], [14, 84], [39, 89], [63, 1], [20, 74], [68, 83], [21, 97], [42, 41], [70, 104], [25, 47], [29, 94], [56, 2], [40, 93], [55, 17], [56, 14], [45, 62], [22, 51], [54, 27], [71, 74], [0, 0]]","[0, 2, 18, 11, 9, 19, 15, 16, 13, 5, 17, 12, 8, 1, 3, 6, 4, 14, 10, 7, 20, 21]",473.408284130699,13.937974452972412
