Id,Coordinates,Order,Distance,Time
1689,"[[0, 0], [40, 2], [64, 87], [104, 53], [88, 16], [80, 88], [65, 35], [74, 80], [80, 91], [8, 50], [99, 40], [25, 7], [43, 34], [35, 29], [69, 34], [45, 24], [29, 20], [66, 61], [16, 26], [76, 88], [65, 100], [0, 0]]","[0, 11, 1, 16, 15, 13, 12, 6, 14, 4, 10, 3, 17, 7, 19, 5, 8, 20, 2, 9, 18, 21]",419.79430523058534,24.410128593444824
