Id,Coordinates,Order,Distance,Time
2274,"[[0, 0], [40, 5], [4, 21], [41, 31], [35, 77], [33, 26], [36, 24], [6, 64], [9, 52], [37, 61], [31, 38], [14, 49], [3, 52], [32, 55], [18, 53], [24, 15], [8, 69], [29, 70], [12, 68], [13, 34], [27, 36], [0, 0]]","[0, 2, 19, 20, 10, 5, 6, 15, 1, 3, 13, 9, 4, 17, 18, 16, 7, 14, 11, 8, 12, 21]",301.7264078486776,16.690725803375244
