Id,Coordinates,Order,Distance,Time
4426,"[[0, 0], [127, 11], [165, 19], [13, 15], [85, 13], [6, 15], [146, 6], [114, 13], [11, 1], [108, 4], [98, 5], [150, 5], [81, 23], [41, 21], [34, 15], [164, 7], [52, 20], [130, 2], [125, 2], [137, 17], [38, 24], [0, 0]]","[0, 5, 3, 14, 20, 13, 16, 12, 4, 10, 9, 18, 17, 6, 11, 15, 2, 19, 1, 7, 8, 21]",370.0763792410107,16.748424530029297
