Id,Coordinates,Order,Distance,Time
7453,"[[0, 0], [37, 117], [36, 78], [38, 121], [62, 42], [33, 124], [34, 14], [39, 127], [61, 60], [47, 122], [23, 29], [4, 47], [62, 110], [22, 6], [47, 81], [5, 82], [2, 71], [32, 137], [13, 62], [56, 3], [7, 8], [0, 0]]","[0, 20, 13, 6, 10, 11, 18, 16, 15, 2, 14, 12, 9, 3, 7, 17, 5, 1, 8, 4, 19, 21]",445.4425842021246,14.105583190917969
