Id,Coordinates,Order,Distance,Time
4948,"[[0, 0], [26, 33], [26, 57], [15, 45], [6, 10], [33, 3], [33, 40], [41, 61], [26, 39], [31, 61], [33, 21], [38, 12], [28, 55], [12, 34], [10, 46], [38, 56], [33, 11], [22, 18], [29, 24], [28, 40], [4, 3], [0, 0]]","[0, 20, 4, 17, 11, 5, 16, 10, 18, 1, 8, 19, 6, 12, 2, 9, 7, 15, 3, 14, 13, 21]",221.9642387535651,15.165556907653809
