Id,Coordinates,Order,Distance,Time
6062,"[[0, 0], [5, 3], [20, 86], [13, 82], [26, 102], [17, 134], [37, 132], [1, 89], [7, 113], [5, 104], [22, 25], [22, 6], [30, 22], [39, 107], [25, 114], [1, 71], [20, 8], [34, 121], [17, 46], [21, 58], [38, 104], [0, 0]]","[0, 1, 16, 11, 12, 10, 15, 3, 2, 14, 17, 6, 5, 8, 9, 7, 4, 13, 20, 19, 18, 21]",400.1598725200396,14.924428939819336
