Id,Coordinates,Order,Distance,Time
3706,"[[0, 0], [23, 71], [50, 59], [41, 36], [4, 53], [58, 129], [48, 12], [37, 12], [58, 104], [19, 28], [3, 57], [4, 4], [48, 70], [21, 43], [5, 110], [25, 85], [46, 90], [11, 86], [33, 62], [9, 96], [47, 1], [0, 0]]","[0, 11, 9, 13, 4, 10, 3, 6, 20, 7, 18, 1, 15, 17, 19, 14, 5, 8, 16, 12, 2, 21]",491.17403903112,20.70024847984314
