Id,Coordinates,Order,Distance,Time
2417,"[[0, 0], [7, 63], [23, 1], [18, 54], [24, 24], [15, 91], [18, 57], [15, 51], [25, 95], [17, 6], [19, 51], [23, 97], [17, 27], [16, 76], [20, 62], [21, 17], [9, 23], [1, 95], [24, 53], [14, 98], [2, 57], [0, 0]]","[0, 9, 2, 15, 4, 12, 7, 10, 3, 6, 18, 14, 13, 5, 19, 11, 8, 17, 1, 20, 16, 21]",279.82707001769415,17.72137713432312
