Id,Coordinates,Order,Distance,Time
2106,"[[0, 0], [55, 53], [7, 1], [68, 120], [70, 10], [3, 30], [59, 51], [15, 121], [23, 13], [58, 58], [71, 59], [4, 24], [38, 16], [13, 40], [12, 51], [76, 11], [43, 46], [60, 19], [35, 38], [74, 10], [83, 100], [0, 0]]","[0, 2, 8, 12, 17, 4, 19, 15, 6, 1, 16, 18, 13, 5, 14, 7, 3, 20, 10, 9, 11, 21]",507.45790226929347,19.709508895874023
