Id,Coordinates,Order,Distance,Time
6570,"[[0, 0], [11, 111], [13, 95], [8, 14], [7, 13], [20, 101], [19, 114], [11, 19], [5, 84], [14, 35], [12, 30], [9, 63], [10, 113], [4, 91], [15, 67], [17, 124], [21, 61], [3, 62], [19, 4], [20, 20], [3, 16], [0, 0]]","[0, 4, 3, 20, 7, 10, 9, 11, 17, 8, 13, 5, 6, 15, 12, 1, 2, 14, 16, 19, 18, 21]",295.7461228279043,20.085358381271362
