Id,Coordinates,Order,Distance,Time
8952,"[[0, 0], [12, 149], [4, 39], [1, 38], [12, 51], [12, 2], [5, 38], [9, 48], [2, 81], [13, 58], [8, 11], [14, 129], [13, 13], [11, 20], [4, 1], [13, 78], [11, 4], [15, 12], [15, 80], [15, 147], [8, 145], [0, 0]]","[0, 14, 16, 5, 10, 12, 17, 13, 6, 2, 7, 4, 9, 15, 18, 11, 19, 1, 20, 8, 3, 21]",325.82073608782224,13.133618354797363
