Id,Coordinates,Order,Distance,Time
6563,"[[0, 0], [20, 62], [53, 39], [40, 37], [60, 8], [53, 54], [47, 89], [2, 55], [47, 22], [34, 47], [31, 19], [12, 21], [56, 63], [52, 78], [59, 57], [47, 66], [34, 58], [17, 71], [53, 62], [17, 45], [6, 69], [0, 0]]","[0, 11, 10, 3, 9, 16, 1, 17, 20, 7, 19, 5, 14, 12, 18, 13, 6, 15, 2, 8, 4, 21]",383.0168792057029,14.468279838562012
