Id,Coordinates,Order,Distance,Time
5906,"[[0, 0], [138, 168], [162, 170], [35, 142], [167, 39], [53, 88], [75, 29], [2, 67], [69, 125], [161, 160], [43, 129], [145, 122], [104, 128], [112, 79], [88, 46], [165, 21], [18, 150], [105, 153], [57, 9], [121, 166], [151, 10], [0, 0]]","[0, 7, 14, 13, 12, 17, 19, 1, 2, 9, 11, 8, 10, 3, 16, 5, 4, 15, 20, 6, 18, 21]",913.6936799381662,17.069440841674805
