Id,Coordinates,Order,Distance,Time
9088,"[[0, 0], [1, 1], [15, 2], [8, 6], [23, 1], [28, 4], [20, 9], [17, 9], [26, 1], [13, 5], [29, 4], [20, 4], [8, 2], [12, 11], [5, 10], [1, 1], [10, 8], [23, 6], [13, 8], [1, 6], [24, 6], [0, 0]]","[0, 1, 15, 19, 14, 18, 9, 2, 11, 17, 20, 5, 10, 8, 4, 6, 7, 13, 16, 3, 12, 21]",84.23768126717968,20.047731637954712
