Id,Coordinates,Order,Distance,Time
2208,"[[0, 0], [13, 2], [11, 10], [13, 13], [9, 9], [11, 2], [14, 10], [11, 13], [19, 7], [10, 11], [16, 12], [6, 8], [14, 10], [8, 10], [12, 13], [2, 13], [15, 9], [12, 9], [15, 8], [16, 5], [4, 1], [0, 0]]","[0, 20, 5, 1, 19, 8, 16, 6, 12, 17, 2, 4, 13, 9, 7, 14, 3, 10, 18, 11, 15, 21]",75.54286791336922,16.816595792770386
