Id,Coordinates,Order,Distance,Time
1029,"[[0, 0], [143, 91], [49, 90], [21, 62], [12, 60], [129, 96], [19, 93], [145, 33], [62, 56], [117, 94], [23, 136], [147, 83], [96, 116], [9, 107], [90, 109], [105, 20], [146, 1], [104, 88], [136, 74], [133, 123], [9, 96], [0, 0]]","[0, 4, 3, 6, 20, 13, 10, 2, 17, 9, 5, 1, 11, 7, 16, 15, 18, 19, 12, 14, 8, 21]",741.2497645522153,17.071171045303345
