Id,Coordinates,Order,Distance,Time
8149,"[[0, 0], [88, 27], [76, 39], [91, 112], [118, 86], [70, 5], [131, 42], [35, 91], [9, 11], [62, 6], [104, 101], [54, 48], [86, 114], [42, 12], [88, 101], [101, 48], [96, 46], [104, 1], [26, 42], [49, 62], [22, 85], [0, 0]]","[0, 13, 9, 5, 17, 1, 2, 16, 15, 6, 4, 10, 14, 3, 12, 7, 20, 19, 11, 18, 8, 21]",508.5138780209707,19.383796453475952
