Id,Coordinates,Order,Distance,Time
5835,"[[0, 0], [2, 137], [11, 32], [11, 9], [14, 140], [14, 140], [2, 116], [1, 14], [7, 59], [5, 141], [10, 114], [10, 120], [6, 10], [2, 111], [5, 152], [13, 106], [7, 114], [14, 147], [9, 112], [3, 152], [7, 63], [0, 0]]","[0, 12, 3, 2, 8, 20, 15, 18, 10, 16, 11, 1, 9, 4, 5, 17, 14, 19, 6, 13, 7, 21]",336.8215916520667,13.92788028717041
