Id,Coordinates,Order,Distance,Time
8633,"[[0, 0], [53, 38], [85, 15], [33, 66], [32, 131], [90, 71], [2, 24], [87, 140], [14, 170], [93, 62], [11, 95], [97, 60], [58, 115], [62, 108], [44, 107], [89, 76], [107, 23], [46, 109], [96, 113], [57, 87], [90, 49], [0, 0]]","[0, 6, 3, 19, 13, 12, 17, 14, 1, 20, 11, 9, 5, 15, 18, 7, 8, 4, 10, 16, 2, 21]",752.7451087288289,14.503750085830688
