Id,Coordinates,Order,Distance,Time
7955,"[[0, 0], [74, 68], [26, 7], [64, 76], [35, 35], [27, 5], [55, 32], [7, 35], [39, 11], [77, 2], [72, 41], [45, 3], [33, 35], [59, 42], [37, 59], [64, 86], [75, 33], [64, 100], [63, 28], [15, 49], [58, 18], [0, 0]]","[0, 2, 5, 8, 11, 20, 18, 6, 13, 10, 16, 9, 4, 12, 1, 3, 15, 17, 14, 19, 7, 21]",424.89554648135174,14.940622329711914
