Id,Coordinates,Order,Distance,Time
1187,"[[0, 0], [90, 90], [68, 42], [88, 6], [1, 18], [18, 4], [47, 127], [69, 17], [37, 120], [125, 147], [96, 179], [8, 171], [132, 87], [144, 40], [133, 50], [44, 39], [9, 96], [52, 31], [59, 123], [50, 46], [11, 177], [0, 0]]","[0, 5, 17, 15, 19, 2, 7, 3, 13, 14, 12, 1, 18, 6, 11, 20, 10, 9, 8, 16, 4, 21]",783.3061395950645,13.198486328125
