Id,Coordinates,Order,Distance,Time
5536,"[[0, 0], [117, 19], [27, 9], [48, 10], [89, 9], [54, 1], [1, 19], [14, 4], [85, 7], [108, 20], [115, 15], [37, 18], [73, 14], [27, 7], [58, 1], [23, 19], [142, 12], [124, 3], [62, 10], [38, 20], [26, 14], [0, 0]]","[0, 7, 13, 2, 20, 11, 3, 5, 14, 18, 8, 4, 9, 10, 1, 16, 17, 12, 19, 15, 6, 21]",336.49757538046913,16.877503395080566
