Id,Coordinates,Order,Distance,Time
3640,"[[0, 0], [67, 35], [11, 58], [92, 89], [82, 98], [82, 88], [53, 37], [13, 3], [44, 68], [42, 83], [97, 109], [39, 76], [62, 85], [97, 42], [42, 125], [36, 56], [69, 76], [93, 83], [13, 103], [10, 126], [36, 39], [0, 0]]","[0, 15, 8, 11, 9, 12, 16, 5, 17, 3, 10, 4, 14, 19, 18, 2, 20, 6, 1, 13, 7, 21]",551.5551526237758,16.667113542556763
