Id,Coordinates,Order,Distance,Time
204,"[[0, 0], [5, 118], [47, 57], [63, 26], [69, 42], [44, 46], [34, 131], [48, 59], [37, 102], [12, 47], [46, 3], [44, 6], [69, 16], [25, 140], [76, 144], [61, 47], [29, 65], [26, 92], [63, 67], [36, 95], [15, 43], [0, 0]]","[0, 11, 10, 12, 3, 4, 15, 2, 7, 20, 9, 16, 17, 19, 8, 1, 13, 6, 14, 18, 5, 21]",534.4353280920209,15.451795816421509
