Id,Coordinates,Order,Distance,Time
857,"[[0, 0], [168, 17], [91, 23], [81, 22], [4, 9], [140, 11], [140, 10], [86, 1], [157, 26], [35, 4], [133, 21], [42, 10], [4, 16], [57, 11], [146, 16], [73, 5], [104, 4], [114, 6], [63, 19], [92, 21], [28, 12], [0, 0]]","[0, 4, 12, 20, 11, 13, 15, 7, 16, 17, 5, 6, 14, 1, 8, 10, 19, 2, 3, 18, 9, 21]",363.73033924555887,14.158230066299438
