Id,Coordinates,Order,Distance,Time
5699,"[[0, 0], [98, 48], [46, 12], [70, 37], [11, 61], [76, 7], [27, 84], [91, 77], [22, 79], [63, 65], [18, 85], [38, 41], [91, 78], [29, 66], [72, 63], [12, 90], [2, 43], [42, 87], [23, 36], [75, 84], [46, 17], [0, 0]]","[0, 18, 11, 20, 2, 5, 3, 9, 14, 1, 12, 7, 19, 17, 6, 15, 10, 8, 13, 4, 16, 21]",442.43304800676094,18.149386644363403
