Id,Coordinates,Order,Distance,Time
3732,"[[0, 0], [47, 26], [15, 49], [59, 13], [40, 23], [28, 35], [30, 19], [45, 2], [59, 67], [16, 87], [1, 73], [69, 2], [15, 97], [56, 33], [49, 74], [9, 78], [38, 47], [19, 105], [62, 6], [55, 29], [24, 16], [0, 0]]","[0, 20, 6, 4, 1, 13, 19, 3, 18, 11, 7, 2, 10, 15, 9, 12, 17, 14, 8, 16, 5, 21]",392.79544227027947,15.3251051902771
