Id,Coordinates,Order,Distance,Time
2887,"[[0, 0], [49, 65], [1, 33], [39, 103], [37, 86], [35, 4], [47, 70], [43, 35], [33, 25], [8, 131], [3, 54], [44, 63], [25, 98], [26, 121], [38, 120], [38, 26], [15, 60], [48, 88], [34, 117], [4, 133], [1, 119], [0, 0]]","[0, 2, 10, 16, 6, 17, 3, 14, 18, 13, 9, 19, 20, 12, 4, 1, 11, 7, 15, 8, 5, 21]",384.09646824255873,18.637670516967773
