Id,Coordinates,Order,Distance,Time
7273,"[[0, 0], [59, 71], [24, 67], [76, 58], [32, 3], [21, 56], [32, 119], [50, 57], [15, 50], [65, 12], [31, 80], [30, 109], [91, 107], [19, 100], [63, 45], [66, 17], [85, 40], [42, 84], [82, 48], [50, 37], [87, 119], [0, 0]]","[0, 4, 9, 15, 14, 16, 18, 3, 17, 10, 2, 5, 8, 13, 11, 6, 20, 12, 1, 7, 19, 21]",519.7607652417614,19.24683904647827
