Id,Coordinates,Order,Distance,Time
3302,"[[0, 0], [7, 14], [51, 18], [53, 8], [24, 6], [13, 23], [21, 24], [37, 24], [41, 19], [34, 8], [13, 18], [24, 22], [28, 18], [47, 20], [8, 27], [35, 14], [11, 7], [28, 4], [55, 9], [8, 27], [8, 13], [0, 0]]","[0, 20, 1, 10, 5, 14, 19, 6, 11, 12, 7, 8, 13, 2, 18, 3, 15, 9, 17, 4, 16, 21]",159.57292640875554,11.06122374534607
