Id,Coordinates,Order,Distance,Time
6484,"[[0, 0], [80, 9], [74, 31], [58, 19], [32, 28], [43, 30], [77, 42], [14, 54], [9, 10], [36, 10], [64, 4], [58, 20], [12, 43], [60, 19], [54, 57], [16, 13], [83, 28], [52, 58], [1, 27], [99, 6], [1, 3], [0, 0]]","[0, 20, 15, 9, 4, 5, 11, 3, 13, 10, 1, 19, 16, 2, 6, 14, 17, 7, 12, 18, 8, 21]",321.41893001784223,16.8443546295166
