Id,Coordinates,Order,Distance,Time
4010,"[[0, 0], [46, 4], [81, 5], [8, 22], [42, 55], [49, 46], [160, 12], [65, 40], [161, 2], [4, 18], [124, 41], [111, 10], [86, 7], [115, 21], [137, 27], [89, 64], [163, 38], [56, 45], [162, 14], [126, 28], [142, 23], [0, 0]]","[0, 1, 2, 12, 11, 13, 19, 14, 20, 8, 6, 18, 16, 10, 15, 7, 17, 5, 4, 3, 9, 21]",433.3456607319647,17.106356620788574
