Id,Coordinates,Order,Distance,Time
5995,"[[0, 0], [60, 48], [40, 67], [78, 75], [20, 84], [42, 68], [6, 50], [78, 103], [43, 61], [84, 32], [33, 85], [51, 78], [52, 76], [2, 96], [33, 93], [80, 4], [76, 7], [72, 16], [42, 47], [71, 91], [75, 6], [0, 0]]","[0, 6, 18, 8, 2, 5, 12, 11, 10, 4, 13, 14, 7, 19, 3, 1, 9, 17, 16, 15, 20, 21]",462.85792456644083,14.498465061187744
