Id,Coordinates,Order,Distance,Time
4581,"[[0, 0], [107, 105], [16, 50], [17, 28], [81, 132], [145, 12], [14, 98], [140, 166], [49, 53], [17, 134], [21, 98], [105, 89], [65, 46], [106, 108], [126, 99], [21, 34], [86, 52], [113, 186], [56, 50], [22, 153], [86, 128], [0, 0]]","[0, 3, 15, 2, 8, 18, 12, 16, 11, 1, 13, 20, 4, 19, 9, 6, 10, 17, 7, 14, 5, 21]",813.041427134198,13.356623411178589
