Id,Coordinates,Order,Distance,Time
9092,"[[0, 0], [2, 51], [46, 118], [137, 56], [61, 9], [74, 122], [156, 112], [139, 70], [175, 99], [105, 36], [31, 78], [10, 7], [121, 104], [57, 38], [109, 11], [40, 58], [65, 120], [49, 44], [39, 52], [136, 100], [171, 6], [0, 0]]","[0, 11, 18, 15, 17, 13, 4, 14, 9, 3, 7, 20, 6, 8, 19, 12, 5, 16, 2, 10, 1, 21]",720.1847572189238,15.331002235412598
