Id,Coordinates,Order,Distance,Time
6888,"[[0, 0], [92, 6], [165, 29], [53, 13], [137, 28], [148, 22], [33, 5], [127, 29], [16, 2], [19, 10], [62, 10], [34, 17], [15, 4], [94, 26], [115, 4], [75, 2], [158, 17], [138, 28], [54, 26], [80, 2], [187, 9], [0, 0]]","[0, 12, 8, 6, 3, 10, 15, 19, 1, 14, 7, 4, 17, 5, 16, 20, 2, 13, 18, 11, 9, 21]",413.50789639051845,20.804662227630615
