Id,Coordinates,Order,Distance,Time
862,"[[0, 0], [16, 41], [27, 30], [20, 43], [13, 68], [25, 53], [25, 16], [5, 2], [24, 21], [16, 50], [21, 4], [16, 46], [15, 55], [1, 7], [26, 62], [18, 2], [1, 49], [8, 20], [22, 25], [16, 53], [13, 27], [0, 0]]","[0, 7, 17, 15, 10, 6, 8, 18, 2, 3, 1, 11, 9, 19, 12, 5, 14, 4, 16, 20, 13, 21]",221.09287871570484,17.343385934829712
