Id,Coordinates,Order,Distance,Time
7709,"[[0, 0], [11, 48], [6, 12], [10, 6], [4, 22], [12, 59], [6, 35], [7, 7], [9, 49], [14, 47], [1, 24], [6, 56], [8, 59], [11, 1], [12, 44], [14, 47], [4, 12], [14, 52], [1, 62], [4, 8], [12, 23], [0, 0]]","[0, 19, 7, 2, 16, 4, 10, 6, 14, 9, 15, 1, 17, 5, 12, 18, 11, 8, 20, 3, 13, 21]",160.2346828277668,13.940479516983032
