Id,Coordinates,Order,Distance,Time
739,"[[0, 0], [13, 48], [25, 52], [16, 41], [30, 55], [34, 39], [25, 61], [67, 69], [80, 2], [67, 13], [25, 65], [74, 59], [26, 82], [56, 58], [5, 63], [49, 52], [49, 53], [12, 1], [63, 63], [87, 13], [23, 51], [0, 0]]","[0, 3, 20, 2, 4, 6, 10, 12, 14, 1, 5, 15, 16, 13, 18, 7, 11, 19, 8, 9, 17, 21]",363.9681706220158,13.86457872390747
