Id,Coordinates,Order,Distance,Time
7428,"[[0, 0], [4, 88], [35, 19], [40, 82], [41, 29], [41, 44], [48, 30], [14, 100], [25, 83], [1, 28], [2, 41], [55, 40], [60, 52], [19, 66], [28, 51], [58, 24], [6, 44], [30, 70], [20, 4], [62, 78], [1, 94], [0, 0]]","[0, 18, 2, 4, 6, 15, 11, 12, 5, 14, 17, 19, 3, 8, 7, 20, 1, 13, 16, 10, 9, 21]",364.658779577982,17.185789585113525
