Id,Coordinates,Order,Distance,Time
5909,"[[0, 0], [154, 2], [6, 1], [163, 16], [66, 25], [32, 8], [108, 7], [140, 15], [111, 8], [30, 11], [112, 2], [160, 18], [58, 18], [80, 17], [27, 25], [135, 2], [65, 19], [33, 15], [78, 8], [72, 9], [118, 18], [0, 0]]","[0, 2, 9, 5, 17, 14, 12, 16, 4, 13, 18, 6, 8, 10, 15, 1, 3, 11, 7, 20, 19, 21]",387.0700813931945,14.9661283493042
