Id,Coordinates,Order,Distance,Time
9966,"[[0, 0], [66, 42], [83, 34], [35, 34], [73, 35], [44, 18], [14, 36], [48, 40], [36, 5], [55, 32], [50, 43], [81, 9], [64, 31], [24, 34], [44, 35], [11, 15], [69, 12], [72, 39], [15, 33], [39, 26], [3, 15], [0, 0]]","[0, 20, 15, 18, 6, 13, 3, 19, 14, 7, 10, 9, 12, 1, 17, 4, 2, 11, 16, 5, 8, 21]",262.31400864750293,13.781842231750488
