Id,Coordinates,Order,Distance,Time
6194,"[[0, 0], [27, 3], [82, 59], [45, 12], [15, 49], [131, 14], [110, 18], [91, 16], [139, 45], [107, 51], [61, 9], [97, 41], [90, 60], [111, 54], [12, 53], [70, 22], [14, 40], [97, 21], [137, 52], [29, 52], [12, 48], [0, 0]]","[0, 1, 3, 10, 15, 7, 17, 6, 5, 8, 18, 13, 9, 11, 12, 2, 19, 4, 14, 20, 16, 21]",383.9797067776004,17.60469675064087
