Id,Coordinates,Order,Distance,Time
109,"[[0, 0], [35, 64], [4, 153], [54, 38], [70, 67], [36, 148], [7, 141], [28, 43], [5, 6], [44, 122], [48, 137], [70, 118], [16, 56], [43, 93], [70, 98], [42, 38], [51, 151], [26, 21], [9, 21], [73, 46], [12, 67], [0, 0]]","[0, 8, 17, 15, 3, 19, 4, 14, 11, 10, 16, 5, 2, 6, 9, 13, 1, 20, 12, 7, 18, 21]",469.4338005848815,19.920000076293945
