Id,Coordinates,Order,Distance,Time
8679,"[[0, 0], [29, 3], [12, 79], [64, 92], [39, 91], [37, 3], [32, 20], [11, 64], [16, 68], [51, 100], [59, 18], [62, 58], [35, 93], [21, 20], [55, 48], [21, 106], [9, 101], [13, 5], [56, 109], [23, 50], [54, 86], [0, 0]]","[0, 13, 6, 19, 7, 8, 2, 16, 15, 12, 4, 9, 18, 3, 20, 11, 14, 10, 5, 1, 17, 21]",357.6668179477892,17.88490128517151
