Id,Coordinates,Order,Distance,Time
1052,"[[0, 0], [74, 20], [100, 67], [45, 37], [132, 108], [86, 65], [120, 55], [12, 22], [110, 48], [103, 99], [79, 8], [118, 3], [69, 106], [17, 107], [89, 16], [19, 25], [107, 56], [85, 103], [128, 63], [119, 95], [85, 77], [0, 0]]","[0, 7, 15, 3, 1, 10, 14, 11, 8, 16, 5, 20, 9, 19, 4, 18, 6, 2, 17, 12, 13, 21]",599.4000285557354,19.076618909835815
