Id,Coordinates,Order,Distance,Time
2942,"[[0, 0], [62, 90], [84, 19], [19, 1], [59, 173], [104, 60], [88, 99], [32, 126], [75, 90], [12, 94], [2, 6], [81, 19], [108, 109], [54, 157], [16, 165], [57, 57], [76, 158], [26, 101], [33, 126], [51, 4], [39, 173], [0, 0]]","[0, 3, 19, 11, 2, 5, 1, 8, 6, 12, 16, 13, 4, 20, 14, 7, 18, 17, 9, 15, 10, 21]",601.1302262159533,14.441186666488647
