Id,Coordinates,Order,Distance,Time
9126,"[[0, 0], [31, 18], [115, 1], [122, 23], [45, 22], [38, 44], [110, 32], [36, 38], [2, 39], [4, 16], [110, 7], [53, 42], [74, 3], [79, 18], [37, 16], [135, 40], [37, 27], [75, 14], [132, 15], [117, 2], [25, 31], [0, 0]]","[0, 9, 8, 20, 1, 14, 16, 7, 5, 11, 13, 17, 12, 10, 2, 19, 18, 3, 15, 6, 4, 21]",421.58960786486887,15.6826651096344
