Id,Coordinates,Order,Distance,Time
702,"[[0, 0], [10, 44], [10, 2], [6, 33], [8, 56], [4, 29], [12, 56], [11, 28], [10, 49], [3, 12], [32, 62], [37, 26], [16, 71], [28, 52], [13, 57], [27, 30], [38, 15], [21, 35], [30, 62], [1, 9], [9, 34], [0, 0]]","[0, 19, 9, 7, 5, 3, 20, 1, 8, 4, 6, 14, 12, 18, 10, 13, 17, 15, 11, 16, 2, 21]",204.8100821143112,15.555565118789673
