Id,Coordinates,Order,Distance,Time
9821,"[[0, 0], [5, 109], [27, 118], [69, 56], [48, 51], [77, 115], [49, 58], [13, 44], [33, 37], [78, 94], [58, 26], [6, 80], [29, 61], [35, 11], [68, 125], [78, 106], [71, 90], [61, 7], [74, 107], [32, 77], [14, 70], [0, 0]]","[0, 13, 17, 10, 6, 3, 4, 8, 12, 20, 11, 1, 2, 14, 5, 18, 15, 9, 16, 19, 7, 21]",496.93789192383105,20.948078632354736
