Id,Coordinates,Order,Distance,Time
990,"[[0, 0], [1, 34], [12, 53], [69, 107], [78, 69], [74, 25], [66, 101], [67, 8], [79, 38], [14, 25], [4, 86], [20, 90], [67, 78], [62, 46], [17, 84], [61, 65], [65, 7], [71, 12], [17, 72], [1, 7], [56, 15], [0, 0]]","[0, 19, 1, 2, 18, 10, 14, 11, 12, 4, 8, 5, 17, 7, 16, 20, 13, 15, 3, 6, 9, 21]",475.3846062061473,16.938086986541748
