Id,Coordinates,Order,Distance,Time
5245,"[[0, 0], [23, 3], [11, 105], [56, 100], [28, 86], [40, 16], [5, 88], [60, 38], [100, 63], [51, 67], [24, 92], [32, 94], [100, 14], [26, 92], [12, 86], [18, 92], [11, 67], [39, 11], [76, 24], [15, 6], [2, 23], [0, 0]]","[0, 19, 1, 17, 5, 7, 18, 12, 8, 9, 3, 11, 13, 10, 2, 6, 14, 15, 4, 16, 20, 21]",445.6150536604913,12.773555517196655
