Id,Coordinates,Order,Distance,Time
6629,"[[0, 0], [1, 109], [10, 35], [2, 134], [2, 51], [3, 121], [3, 59], [14, 57], [4, 4], [2, 2], [7, 167], [5, 67], [6, 152], [13, 123], [4, 60], [4, 129], [3, 94], [4, 88], [11, 99], [5, 36], [7, 119], [0, 0]]","[0, 9, 8, 2, 19, 4, 6, 14, 11, 17, 16, 1, 20, 5, 15, 3, 12, 10, 13, 18, 7, 21]",347.76045503562983,15.713384628295898
