Id,Coordinates,Order,Distance,Time
7500,"[[0, 0], [50, 42], [151, 13], [3, 28], [105, 55], [76, 32], [104, 42], [66, 34], [138, 25], [110, 25], [52, 25], [23, 50], [3, 31], [149, 25], [21, 28], [101, 41], [132, 9], [151, 52], [87, 26], [96, 57], [109, 48], [0, 0]]","[0, 3, 12, 11, 1, 7, 5, 18, 15, 6, 9, 16, 2, 13, 8, 17, 20, 4, 19, 10, 14, 21]",448.0057608184238,15.411125659942627
