Id,Coordinates,Order,Distance,Time
5255,"[[0, 0], [52, 70], [42, 49], [136, 16], [59, 11], [44, 57], [33, 78], [58, 33], [53, 26], [15, 80], [42, 17], [69, 27], [101, 68], [46, 11], [154, 79], [19, 68], [123, 17], [87, 74], [20, 4], [97, 30], [109, 34], [0, 0]]","[0, 18, 10, 13, 4, 8, 7, 11, 19, 20, 16, 3, 14, 12, 17, 1, 15, 9, 6, 5, 2, 21]",508.739148330423,21.055976152420044
