Id,Coordinates,Order,Distance,Time
9790,"[[0, 0], [10, 124], [50, 2], [52, 16], [1, 129], [33, 66], [8, 44], [11, 130], [60, 3], [9, 131], [34, 90], [83, 66], [36, 130], [78, 39], [10, 3], [21, 72], [78, 130], [30, 17], [26, 77], [5, 57], [70, 87], [0, 0]]","[0, 14, 17, 3, 2, 8, 13, 11, 20, 10, 18, 15, 1, 7, 9, 4, 12, 16, 5, 19, 6, 21]",543.3755752552682,14.95461130142212
