Id,Coordinates,Order,Distance,Time
1550,"[[0, 0], [53, 16], [40, 162], [17, 75], [43, 140], [40, 16], [46, 87], [38, 189], [16, 171], [47, 29], [50, 129], [28, 50], [54, 189], [46, 151], [34, 87], [61, 44], [45, 132], [14, 181], [29, 26], [33, 94], [19, 54], [0, 0]]","[0, 5, 1, 9, 11, 20, 3, 14, 19, 16, 4, 13, 2, 8, 17, 7, 12, 10, 6, 15, 18, 21]",529.2264892002015,14.905903339385986
