Id,Coordinates,Order,Distance,Time
9903,"[[0, 0], [75, 57], [131, 63], [47, 24], [179, 48], [10, 25], [66, 14], [69, 8], [171, 49], [45, 10], [138, 1], [57, 24], [43, 36], [176, 20], [85, 49], [31, 27], [19, 11], [152, 75], [88, 13], [54, 52], [152, 18], [0, 0]]","[0, 16, 5, 15, 12, 3, 11, 6, 7, 18, 14, 10, 20, 13, 4, 8, 17, 2, 1, 19, 9, 21]",549.4570938465553,14.408422708511353
