Id,Coordinates,Order,Distance,Time
4976,"[[0, 0], [82, 17], [26, 6], [88, 6], [70, 11], [77, 5], [80, 6], [85, 2], [73, 12], [34, 5], [32, 6], [73, 1], [90, 3], [53, 9], [70, 9], [27, 9], [63, 15], [42, 5], [52, 13], [2, 17], [51, 3], [0, 0]]","[0, 19, 15, 2, 10, 9, 17, 13, 18, 16, 4, 14, 8, 1, 3, 12, 7, 6, 5, 11, 20, 21]",223.00874405779206,15.639975309371948
