Id,Coordinates,Order,Distance,Time
4292,"[[0, 0], [75, 56], [83, 90], [75, 34], [46, 4], [55, 92], [134, 87], [159, 38], [24, 10], [94, 39], [57, 1], [18, 56], [23, 8], [63, 77], [43, 87], [158, 46], [72, 88], [79, 72], [150, 28], [170, 85], [169, 36], [0, 0]]","[0, 12, 8, 4, 10, 3, 1, 17, 13, 14, 5, 16, 2, 6, 19, 15, 7, 20, 18, 9, 11, 21]",577.2374754333316,18.727187156677246
