Id,Coordinates,Order,Distance,Time
8684,"[[0, 0], [63, 9], [71, 23], [22, 20], [8, 23], [20, 6], [19, 4], [1, 7], [9, 16], [54, 22], [53, 26], [19, 3], [58, 22], [72, 18], [28, 7], [67, 6], [54, 11], [66, 16], [3, 26], [56, 25], [28, 5], [0, 0]]","[0, 7, 18, 4, 8, 5, 6, 11, 20, 14, 16, 1, 15, 17, 13, 2, 12, 9, 19, 10, 3, 21]",214.51230771187394,18.830579042434692
