Id,Coordinates,Order,Distance,Time
38,"[[0, 0], [35, 43], [1, 100], [60, 18], [44, 90], [41, 70], [3, 60], [14, 22], [34, 84], [4, 29], [52, 23], [16, 17], [56, 82], [10, 84], [41, 19], [13, 83], [45, 18], [43, 94], [27, 68], [22, 46], [4, 30], [0, 0]]","[0, 11, 7, 20, 19, 1, 14, 16, 3, 10, 5, 12, 4, 17, 8, 18, 15, 13, 2, 6, 9, 21]",390.5786302066459,23.530001878738403
