Id,Coordinates,Order,Distance,Time
9141,"[[0, 0], [29, 27], [54, 19], [68, 12], [32, 19], [18, 18], [20, 27], [30, 19], [17, 27], [16, 23], [12, 26], [72, 17], [69, 13], [21, 4], [53, 10], [2, 10], [61, 28], [30, 19], [36, 22], [28, 20], [51, 21], [0, 0]]","[0, 15, 5, 9, 10, 8, 6, 1, 19, 7, 17, 4, 18, 20, 2, 16, 11, 12, 3, 14, 13, 21]",191.95701307963478,15.328970193862915
