Id,Coordinates,Order,Distance,Time
8635,"[[0, 0], [73, 50], [97, 98], [74, 102], [18, 61], [41, 11], [57, 37], [41, 58], [100, 63], [92, 40], [116, 26], [123, 140], [89, 75], [58, 58], [43, 35], [38, 29], [24, 119], [60, 76], [129, 129], [20, 8], [66, 29], [0, 0]]","[0, 19, 5, 15, 14, 6, 20, 1, 13, 7, 17, 12, 8, 9, 10, 2, 18, 11, 3, 16, 4, 21]",642.014055348504,14.366807460784912
