Id,Coordinates,Order,Distance,Time
4798,"[[0, 0], [40, 76], [47, 106], [47, 14], [34, 71], [7, 103], [17, 91], [34, 99], [8, 86], [6, 122], [15, 42], [37, 114], [2, 46], [29, 107], [11, 113], [9, 27], [37, 57], [48, 85], [22, 30], [41, 18], [3, 8], [0, 0]]","[0, 20, 15, 10, 16, 4, 1, 17, 7, 13, 11, 2, 6, 5, 14, 9, 8, 12, 18, 19, 3, 21]",408.1575337865166,15.345934629440308
