Id,Coordinates,Order,Distance,Time
8276,"[[0, 0], [73, 25], [14, 7], [83, 26], [30, 18], [8, 47], [72, 63], [66, 47], [40, 45], [64, 12], [20, 26], [60, 60], [3, 51], [26, 44], [22, 1], [31, 43], [6, 58], [62, 18], [83, 55], [70, 13], [22, 3], [0, 0]]","[0, 2, 20, 14, 4, 8, 11, 6, 18, 7, 3, 1, 19, 9, 17, 15, 13, 16, 12, 5, 10, 21]",345.12636198324117,13.172836542129517
