Id,Coordinates,Order,Distance,Time
2153,"[[0, 0], [33, 36], [108, 20], [90, 17], [29, 2], [66, 30], [104, 11], [108, 26], [107, 11], [48, 29], [97, 29], [62, 39], [41, 37], [94, 35], [19, 28], [77, 1], [2, 33], [113, 21], [32, 19], [50, 30], [39, 5], [0, 0]]","[0, 4, 18, 1, 12, 9, 19, 11, 5, 13, 10, 7, 2, 17, 8, 6, 3, 15, 20, 14, 16, 21]",335.7692003622752,18.144377946853638
