Id,Coordinates,Order,Distance,Time
4621,"[[0, 0], [16, 81], [8, 53], [8, 53], [1, 77], [10, 50], [11, 23], [44, 2], [4, 54], [47, 75], [23, 46], [47, 33], [41, 29], [49, 36], [40, 29], [20, 32], [36, 45], [3, 7], [31, 28], [15, 39], [5, 70], [0, 0]]","[0, 17, 6, 15, 10, 16, 12, 14, 18, 19, 5, 2, 3, 8, 20, 4, 1, 9, 13, 11, 7, 21]",319.67510787191964,19.58047604560852
