Id,Coordinates,Order,Distance,Time
2287,"[[0, 0], [39, 47], [91, 11], [91, 74], [33, 94], [34, 11], [9, 51], [87, 97], [90, 25], [14, 12], [63, 79], [97, 20], [28, 97], [105, 74], [21, 18], [27, 16], [129, 72], [11, 40], [111, 5], [108, 22], [67, 4], [0, 0]]","[0, 9, 14, 15, 20, 2, 11, 8, 18, 19, 16, 13, 3, 7, 10, 4, 12, 6, 17, 1, 5, 21]",512.3497018300571,18.110517263412476
