Id,Coordinates,Order,Distance,Time
4014,"[[0, 0], [28, 53], [18, 48], [68, 18], [188, 67], [141, 71], [156, 37], [184, 14], [162, 44], [187, 29], [149, 15], [83, 61], [33, 62], [169, 52], [194, 45], [116, 49], [22, 53], [19, 63], [137, 70], [74, 26], [97, 69], [0, 0]]","[0, 2, 16, 1, 17, 12, 11, 20, 18, 5, 6, 10, 7, 9, 14, 4, 13, 8, 15, 19, 3, 21]",560.5900829737611,15.184837579727173
