Id,Coordinates,Order,Distance,Time
6311,"[[0, 0], [79, 23], [102, 87], [96, 22], [18, 12], [48, 49], [70, 82], [62, 23], [23, 11], [23, 4], [98, 39], [90, 6], [76, 44], [84, 20], [93, 88], [27, 26], [22, 11], [81, 70], [32, 64], [59, 57], [97, 98], [0, 0]]","[0, 9, 16, 8, 4, 15, 5, 19, 12, 7, 1, 13, 11, 3, 10, 17, 14, 2, 20, 6, 18, 21]",438.92602956909604,14.551880598068237
