Id,Coordinates,Order,Distance,Time
1366,"[[0, 0], [148, 41], [9, 180], [29, 19], [118, 110], [14, 131], [1, 3], [129, 60], [37, 171], [149, 6], [135, 154], [14, 8], [60, 143], [140, 146], [16, 15], [38, 148], [69, 113], [19, 109], [62, 166], [17, 32], [85, 17], [0, 0]]","[0, 11, 14, 3, 20, 9, 1, 7, 4, 13, 10, 18, 12, 15, 8, 2, 5, 17, 16, 19, 6, 21]",748.2578138016728,15.498326063156128
