Id,Coordinates,Order,Distance,Time
9733,"[[0, 0], [46, 92], [38, 53], [74, 48], [77, 101], [69, 8], [73, 52], [45, 16], [60, 12], [49, 2], [21, 92], [95, 68], [2, 107], [28, 80], [78, 153], [81, 70], [12, 59], [34, 130], [78, 118], [22, 52], [58, 152], [0, 0]]","[0, 7, 9, 8, 5, 3, 6, 15, 11, 4, 18, 14, 20, 17, 12, 10, 13, 1, 2, 19, 16, 21]",533.9102279110946,16.50761103630066
