Id,Coordinates,Order,Distance,Time
7909,"[[0, 0], [109, 28], [33, 27], [25, 55], [38, 8], [14, 56], [19, 4], [138, 54], [103, 2], [49, 31], [90, 8], [71, 70], [41, 68], [125, 59], [130, 29], [38, 39], [101, 30], [66, 4], [16, 8], [109, 4], [127, 16], [0, 0]]","[0, 18, 6, 4, 2, 15, 9, 17, 10, 8, 19, 16, 1, 20, 14, 7, 13, 11, 12, 3, 5, 21]",449.59418899806553,15.991954565048218
