Id,Coordinates,Order,Distance,Time
645,"[[0, 0], [55, 7], [23, 16], [78, 13], [103, 36], [105, 20], [2, 40], [60, 38], [78, 23], [15, 12], [105, 36], [47, 37], [74, 30], [45, 36], [41, 6], [47, 14], [67, 37], [51, 22], [78, 10], [52, 49], [28, 42], [0, 0]]","[0, 9, 2, 14, 15, 17, 13, 11, 19, 7, 16, 12, 8, 3, 18, 5, 4, 10, 1, 20, 6, 21]",363.8401922902692,16.85253620147705
