Id,Coordinates,Order,Distance,Time
6204,"[[0, 0], [31, 17], [31, 119], [30, 96], [45, 24], [59, 108], [38, 24], [9, 31], [3, 100], [27, 8], [59, 35], [48, 15], [18, 47], [25, 18], [10, 1], [8, 85], [14, 102], [10, 6], [18, 20], [29, 3], [22, 75], [0, 0]]","[0, 14, 17, 18, 13, 1, 9, 19, 11, 6, 4, 10, 20, 15, 8, 16, 2, 5, 3, 12, 7, 21]",404.78165437065456,14.994126558303833
