Id,Coordinates,Order,Distance,Time
5678,"[[0, 0], [35, 20], [32, 7], [115, 21], [150, 44], [121, 3], [161, 16], [30, 3], [27, 34], [83, 31], [160, 20], [103, 2], [162, 35], [112, 45], [23, 8], [116, 1], [90, 18], [22, 5], [89, 22], [176, 20], [113, 13], [0, 0]]","[0, 17, 14, 7, 2, 1, 18, 16, 11, 15, 5, 20, 3, 4, 12, 19, 6, 10, 13, 9, 8, 21]",452.2570739173437,15.02914834022522
