Id,Coordinates,Order,Distance,Time
8222,"[[0, 0], [10, 1], [2, 7], [7, 49], [5, 1], [9, 19], [8, 8], [9, 2], [8, 34], [6, 43], [3, 6], [6, 34], [7, 53], [4, 20], [4, 30], [4, 46], [9, 55], [7, 9], [10, 58], [4, 11], [3, 19], [0, 0]]","[0, 4, 7, 1, 6, 17, 2, 19, 20, 13, 14, 11, 9, 15, 3, 12, 16, 18, 8, 5, 10, 21]",139.11797746027352,14.786019802093506
