Id,Coordinates,Order,Distance,Time
9861,"[[0, 0], [53, 19], [38, 49], [7, 13], [46, 40], [43, 54], [37, 35], [10, 22], [7, 32], [29, 38], [41, 54], [45, 24], [46, 3], [48, 31], [34, 56], [73, 13], [19, 47], [3, 38], [73, 9], [10, 19], [50, 11], [0, 0]]","[0, 3, 19, 7, 8, 9, 6, 11, 1, 20, 12, 18, 15, 13, 4, 2, 10, 5, 14, 16, 17, 21]",280.5293379469667,17.42786145210266
