Id,Coordinates,Order,Distance,Time
2142,"[[0, 0], [115, 11], [91, 80], [52, 35], [102, 13], [104, 39], [19, 77], [21, 62], [82, 101], [54, 82], [58, 59], [106, 51], [150, 8], [73, 1], [103, 58], [128, 7], [157, 67], [52, 56], [35, 69], [82, 51], [33, 73], [0, 0]]","[0, 3, 17, 10, 18, 7, 6, 20, 9, 8, 2, 14, 11, 5, 4, 1, 15, 12, 16, 19, 13, 21]",618.9547829746714,17.91323709487915
