Id,Coordinates,Order,Distance,Time
3956,"[[0, 0], [69, 127], [158, 58], [87, 38], [37, 57], [144, 26], [96, 1], [13, 84], [134, 43], [35, 127], [163, 49], [40, 126], [4, 112], [92, 93], [3, 47], [59, 10], [173, 22], [101, 3], [59, 71], [136, 39], [5, 103], [0, 0]]","[0, 14, 4, 18, 13, 1, 11, 9, 12, 20, 7, 6, 17, 5, 16, 10, 2, 8, 19, 3, 15, 21]",707.6637862963405,14.272962093353271
