Id,Coordinates,Order,Distance,Time
4833,"[[0, 0], [21, 1], [27, 26], [79, 48], [75, 5], [77, 6], [57, 16], [53, 29], [74, 38], [13, 17], [47, 20], [66, 17], [76, 47], [49, 46], [12, 14], [67, 16], [4, 9], [40, 26], [66, 37], [83, 19], [29, 32], [0, 0]]","[0, 16, 14, 9, 2, 20, 17, 10, 6, 11, 15, 4, 5, 19, 8, 3, 12, 18, 13, 7, 1, 21]",267.31034706301523,17.03540563583374
