Id,Coordinates,Order,Distance,Time
9325,"[[0, 0], [22, 16], [13, 20], [32, 12], [17, 12], [18, 7], [33, 3], [8, 13], [16, 10], [37, 12], [29, 17], [1, 1], [17, 11], [1, 15], [27, 15], [21, 11], [3, 14], [5, 4], [35, 8], [14, 9], [39, 8], [0, 0]]","[0, 11, 13, 16, 7, 2, 4, 12, 8, 19, 15, 1, 14, 10, 3, 9, 20, 18, 6, 5, 17, 21]",124.20997146639121,16.140451192855835
