Id,Coordinates,Order,Distance,Time
7654,"[[0, 0], [61, 9], [40, 5], [4, 7], [62, 37], [72, 22], [49, 35], [26, 27], [74, 19], [25, 14], [71, 31], [65, 32], [37, 72], [9, 16], [53, 34], [17, 81], [53, 46], [39, 58], [66, 67], [4, 70], [57, 11], [0, 0]]","[0, 9, 2, 14, 4, 11, 10, 5, 8, 1, 20, 6, 16, 18, 12, 15, 19, 17, 7, 13, 3, 21]",371.17318266915356,17.543097734451294
