Id,Coordinates,Order,Distance,Time
899,"[[0, 0], [71, 5], [113, 112], [139, 40], [7, 98], [150, 70], [12, 81], [118, 19], [2, 74], [27, 55], [11, 41], [35, 72], [74, 43], [65, 100], [143, 24], [119, 86], [74, 102], [39, 107], [143, 64], [116, 59], [36, 65], [0, 0]]","[0, 10, 9, 20, 11, 6, 8, 4, 17, 13, 16, 2, 15, 19, 18, 5, 3, 14, 7, 12, 1, 21]",578.1861732869742,17.90535259246826
