Id,Coordinates,Order,Distance,Time
1481,"[[0, 0], [13, 10], [24, 1], [31, 45], [29, 45], [34, 3], [4, 33], [7, 25], [29, 36], [7, 24], [35, 24], [20, 20], [17, 41], [55, 3], [8, 23], [42, 4], [24, 32], [18, 6], [10, 4], [11, 9], [57, 11], [0, 0]]","[0, 18, 19, 1, 17, 2, 5, 15, 13, 20, 10, 16, 8, 4, 3, 12, 6, 14, 9, 7, 11, 21]",212.64392328267832,14.28654146194458
