Id,Coordinates,Order,Distance,Time
1892,"[[0, 0], [39, 75], [152, 73], [116, 66], [70, 113], [13, 79], [78, 52], [147, 40], [67, 84], [141, 69], [76, 9], [14, 58], [28, 141], [37, 56], [67, 38], [82, 99], [89, 73], [66, 11], [71, 129], [6, 83], [151, 102], [0, 0]]","[0, 11, 19, 5, 1, 13, 14, 6, 15, 4, 18, 12, 8, 16, 3, 20, 2, 9, 7, 10, 17, 21]",714.1423878954868,15.508474588394165
