Id,Coordinates,Order,Distance,Time
5481,"[[0, 0], [46, 185], [49, 124], [18, 89], [114, 109], [47, 95], [90, 84], [99, 57], [23, 138], [125, 139], [96, 180], [39, 35], [90, 174], [78, 159], [70, 90], [16, 169], [100, 97], [4, 61], [106, 129], [5, 49], [56, 72], [0, 0]]","[0, 19, 17, 3, 7, 6, 16, 4, 18, 9, 10, 12, 13, 1, 15, 8, 2, 5, 14, 20, 11, 21]",667.9910749881211,15.082734823226929
