Id,Coordinates,Order,Distance,Time
1825,"[[0, 0], [187, 25], [17, 2], [47, 16], [52, 24], [108, 31], [137, 33], [58, 6], [116, 33], [72, 9], [37, 21], [7, 27], [35, 26], [41, 16], [18, 8], [58, 28], [24, 29], [165, 27], [127, 1], [20, 19], [144, 27], [0, 0]]","[0, 2, 14, 19, 10, 13, 4, 15, 5, 8, 6, 20, 17, 1, 18, 9, 7, 3, 12, 16, 11, 21]",430.7764702964772,18.33006739616394
