Id,Coordinates,Order,Distance,Time
2618,"[[0, 0], [14, 9], [66, 5], [39, 9], [2, 11], [97, 11], [26, 6], [75, 2], [82, 5], [100, 13], [85, 13], [87, 1], [32, 9], [14, 5], [45, 2], [57, 6], [22, 2], [15, 1], [37, 12], [82, 1], [48, 7], [0, 0]]","[0, 4, 1, 13, 16, 6, 12, 18, 3, 20, 15, 2, 7, 19, 8, 11, 5, 9, 10, 14, 17, 21]",230.26535215164336,15.865883827209473
