Id,Coordinates,Order,Distance,Time
2956,"[[0, 0], [34, 125], [83, 41], [14, 109], [80, 114], [51, 42], [138, 7], [96, 31], [102, 106], [86, 55], [67, 103], [128, 135], [115, 101], [140, 37], [142, 76], [120, 112], [65, 128], [43, 120], [174, 59], [115, 52], [140, 93], [0, 0]]","[0, 5, 2, 9, 7, 19, 13, 6, 18, 14, 20, 12, 15, 11, 8, 4, 16, 17, 1, 3, 10, 21]",722.6304862485516,15.792945861816406
