Id,Coordinates,Order,Distance,Time
4219,"[[0, 0], [66, 15], [115, 13], [119, 37], [90, 10], [24, 43], [13, 39], [77, 15], [23, 14], [101, 58], [77, 39], [115, 54], [71, 36], [18, 44], [38, 51], [94, 46], [81, 9], [129, 29], [25, 31], [63, 2], [20, 32], [0, 0]]","[0, 8, 18, 20, 6, 13, 5, 14, 12, 10, 15, 9, 11, 3, 17, 2, 4, 16, 7, 1, 19, 21]",357.46474473681144,15.617082118988037
