Id,Coordinates,Order,Distance,Time
5154,"[[0, 0], [56, 99], [4, 81], [23, 99], [25, 122], [39, 77], [57, 30], [27, 99], [50, 43], [41, 66], [56, 46], [52, 125], [12, 101], [7, 58], [37, 8], [57, 84], [10, 29], [17, 36], [32, 22], [3, 17], [50, 40], [0, 0]]","[0, 18, 14, 6, 20, 8, 10, 9, 5, 15, 1, 11, 4, 7, 3, 12, 2, 13, 17, 16, 19, 21]",376.5681602017642,21.81800079345703
