Id,Coordinates,Order,Distance,Time
6890,"[[0, 0], [3, 55], [23, 139], [47, 130], [41, 113], [99, 74], [4, 90], [31, 145], [80, 129], [43, 111], [88, 99], [70, 107], [66, 65], [24, 101], [46, 128], [95, 121], [5, 7], [1, 35], [76, 31], [50, 28], [96, 148], [0, 0]]","[0, 16, 17, 1, 6, 13, 4, 9, 14, 2, 7, 3, 11, 8, 20, 15, 10, 5, 12, 18, 19, 21]",524.2274673282368,14.870110034942627
