Id,Coordinates,Order,Distance,Time
9725,"[[0, 0], [20, 109], [2, 75], [19, 110], [4, 129], [12, 92], [1, 157], [6, 34], [6, 80], [16, 61], [5, 87], [14, 9], [13, 116], [19, 59], [14, 103], [22, 34], [14, 153], [12, 95], [18, 50], [11, 140], [3, 112], [0, 0]]","[0, 11, 15, 18, 13, 9, 8, 10, 5, 17, 14, 1, 3, 12, 19, 16, 6, 4, 20, 2, 7, 21]",346.7702662595861,19.52052354812622
