Id,Coordinates,Order,Distance,Time
3800,"[[0, 0], [85, 32], [89, 62], [139, 84], [60, 39], [91, 70], [33, 59], [57, 96], [10, 99], [34, 91], [71, 127], [98, 146], [44, 23], [24, 126], [37, 150], [56, 38], [137, 62], [106, 22], [9, 72], [8, 159], [87, 3], [0, 0]]","[0, 12, 15, 4, 1, 2, 5, 7, 9, 6, 18, 8, 13, 14, 19, 10, 11, 3, 16, 17, 20, 21]",741.820773977744,15.674062252044678
