Id,Coordinates,Order,Distance,Time
716,"[[0, 0], [40, 164], [41, 27], [5, 166], [58, 179], [12, 182], [17, 160], [18, 62], [40, 134], [35, 116], [9, 63], [33, 122], [22, 188], [16, 78], [56, 184], [26, 66], [20, 49], [60, 24], [22, 112], [37, 84], [6, 113], [0, 0]]","[0, 17, 2, 16, 7, 15, 19, 9, 11, 6, 3, 5, 12, 14, 4, 1, 8, 18, 20, 13, 10, 21]",532.7240921995349,14.26465892791748
