Id,Coordinates,Order,Distance,Time
5151,"[[0, 0], [116, 64], [190, 21], [15, 1], [66, 26], [32, 25], [126, 81], [97, 78], [178, 29], [86, 8], [125, 82], [151, 20], [160, 17], [5, 79], [17, 14], [81, 34], [171, 53], [174, 80], [3, 53], [166, 23], [23, 75], [0, 0]]","[0, 14, 5, 1, 6, 10, 7, 20, 13, 18, 4, 9, 11, 12, 19, 2, 8, 16, 17, 15, 3, 21]",763.0034763035175,21.20150089263916
