Id,Coordinates,Order,Distance,Time
3157,"[[0, 0], [36, 18], [17, 13], [11, 10], [16, 13], [10, 3], [28, 19], [31, 16], [36, 21], [30, 15], [38, 17], [18, 16], [36, 6], [35, 19], [31, 3], [9, 18], [4, 14], [23, 7], [40, 11], [40, 3], [17, 22], [0, 0]]","[0, 5, 3, 4, 2, 11, 17, 14, 12, 19, 18, 10, 1, 8, 13, 7, 9, 6, 20, 15, 16, 21]",130.5678687913146,15.361384153366089
