Id,Coordinates,Order,Distance,Time
7468,"[[0, 0], [99, 42], [105, 90], [70, 90], [167, 65], [181, 35], [137, 76], [52, 45], [23, 64], [41, 25], [78, 65], [106, 4], [92, 73], [38, 86], [121, 57], [158, 42], [145, 3], [110, 41], [49, 67], [8, 41], [183, 83], [0, 0]]","[0, 19, 8, 13, 3, 12, 14, 17, 1, 11, 16, 15, 5, 4, 20, 6, 2, 10, 18, 7, 9, 21]",658.860093939982,18.15909242630005
