Id,Coordinates,Order,Distance,Time
3729,"[[0, 0], [47, 29], [13, 25], [68, 31], [24, 7], [49, 54], [30, 69], [59, 4], [10, 44], [25, 38], [16, 69], [67, 37], [29, 86], [78, 5], [40, 13], [45, 19], [17, 57], [45, 25], [12, 17], [26, 32], [51, 48], [0, 0]]","[0, 18, 2, 19, 9, 8, 16, 10, 12, 6, 5, 20, 1, 17, 7, 13, 3, 11, 15, 14, 4, 21]",341.05963793600796,15.646682500839233
