Id,Coordinates,Order,Distance,Time
4822,"[[0, 0], [17, 100], [158, 57], [75, 62], [54, 27], [123, 35], [146, 53], [76, 26], [95, 77], [38, 97], [170, 26], [83, 78], [125, 73], [163, 32], [172, 81], [43, 84], [71, 46], [163, 42], [96, 9], [36, 46], [153, 52], [0, 0]]","[0, 4, 7, 16, 3, 11, 12, 14, 6, 20, 2, 17, 13, 10, 5, 18, 8, 9, 1, 15, 19, 21]",676.2937658380476,17.265348434448242
