Id,Coordinates,Order,Distance,Time
489,"[[0, 0], [9, 110], [38, 39], [4, 78], [15, 17], [18, 101], [28, 96], [22, 113], [16, 5], [23, 14], [31, 20], [31, 55], [21, 122], [23, 110], [26, 20], [13, 99], [18, 67], [8, 68], [34, 135], [5, 90], [36, 46], [0, 0]]","[0, 8, 9, 14, 10, 2, 20, 11, 16, 17, 3, 19, 15, 5, 1, 12, 18, 7, 13, 6, 4, 21]",338.58315417533527,17.868436574935913
