Id,Coordinates,Order,Distance,Time
9372,"[[0, 0], [108, 148], [93, 110], [163, 134], [6, 144], [84, 140], [92, 101], [102, 53], [91, 149], [148, 135], [49, 98], [67, 58], [167, 77], [190, 20], [101, 102], [8, 93], [72, 31], [26, 109], [66, 97], [150, 49], [40, 3], [0, 0]]","[0, 20, 16, 7, 19, 13, 12, 3, 9, 1, 8, 5, 2, 6, 14, 18, 10, 17, 4, 15, 11, 21]",796.4169140246383,18.608614206314087
