Id,Coordinates,Order,Distance,Time
2253,"[[0, 0], [40, 60], [83, 78], [98, 5], [52, 13], [64, 99], [109, 54], [62, 119], [19, 71], [59, 122], [69, 4], [112, 64], [45, 6], [18, 14], [61, 19], [87, 37], [41, 55], [63, 109], [48, 78], [10, 48], [8, 82], [0, 0]]","[0, 13, 12, 4, 14, 10, 3, 15, 6, 11, 2, 5, 17, 7, 9, 18, 1, 16, 8, 20, 19, 21]",469.6422253374561,15.97847843170166
