Id,Coordinates,Order,Distance,Time
4841,"[[0, 0], [15, 63], [23, 28], [45, 35], [29, 65], [104, 86], [125, 1], [64, 1], [120, 58], [150, 28], [146, 19], [183, 5], [42, 27], [30, 37], [1, 52], [40, 15], [157, 46], [35, 21], [153, 77], [175, 48], [152, 35], [0, 0]]","[0, 17, 13, 3, 12, 15, 7, 6, 10, 11, 9, 20, 16, 19, 18, 8, 5, 4, 1, 14, 2, 21]",611.4764801144449,14.972474813461304
