Id,Coordinates,Order,Distance,Time
7361,"[[0, 0], [18, 45], [50, 52], [58, 40], [14, 17], [4, 18], [40, 17], [31, 19], [77, 24], [37, 34], [41, 7], [58, 35], [61, 29], [47, 53], [49, 31], [52, 38], [46, 27], [42, 31], [6, 8], [78, 28], [7, 38], [0, 0]]","[0, 18, 4, 7, 10, 6, 16, 17, 9, 14, 15, 11, 12, 8, 19, 3, 2, 13, 1, 20, 5, 21]",263.9593307374879,16.614526987075806
