Id,Coordinates,Order,Distance,Time
3426,"[[0, 0], [29, 21], [17, 8], [33, 7], [14, 51], [57, 45], [47, 20], [14, 52], [15, 19], [12, 41], [5, 50], [68, 50], [80, 38], [48, 22], [58, 18], [8, 24], [89, 11], [35, 22], [22, 49], [51, 15], [68, 8], [0, 0]]","[0, 8, 15, 9, 10, 7, 4, 18, 1, 17, 6, 19, 14, 20, 16, 12, 11, 5, 13, 3, 2, 21]",313.87078760937584,18.561733722686768
