Id,Coordinates,Order,Distance,Time
1594,"[[0, 0], [91, 6], [89, 17], [99, 2], [82, 14], [88, 1], [64, 11], [88, 20], [86, 23], [91, 12], [55, 16], [102, 23], [21, 12], [17, 1], [99, 6], [79, 1], [6, 19], [40, 20], [80, 6], [82, 12], [77, 5], [0, 0]]","[0, 16, 12, 17, 10, 6, 20, 18, 15, 5, 1, 9, 2, 7, 4, 19, 3, 14, 11, 8, 13, 21]",290.79344916605186,17.957958459854126
