Id,Coordinates,Order,Distance,Time
7015,"[[0, 0], [153, 108], [165, 7], [85, 5], [19, 56], [87, 16], [42, 86], [43, 7], [58, 30], [113, 68], [117, 38], [9, 29], [148, 46], [28, 85], [170, 95], [112, 24], [23, 13], [12, 1], [96, 10], [66, 43], [164, 30], [0, 0]]","[0, 17, 16, 7, 8, 19, 5, 3, 18, 15, 10, 2, 20, 12, 14, 1, 9, 6, 13, 4, 11, 21]",595.7935276296027,15.726340293884277
