Id,Coordinates,Order,Distance,Time
3910,"[[0, 0], [105, 17], [73, 121], [92, 63], [45, 75], [32, 18], [47, 65], [67, 114], [25, 46], [72, 90], [57, 111], [32, 71], [98, 84], [38, 39], [86, 108], [48, 52], [35, 108], [68, 110], [4, 92], [36, 99], [86, 8], [0, 0]]","[0, 8, 13, 15, 6, 4, 11, 18, 19, 16, 10, 17, 7, 2, 14, 9, 12, 3, 1, 20, 5, 21]",492.9328482157582,17.981250762939453
