Id,Coordinates,Order,Distance,Time
7045,"[[0, 0], [112, 120], [161, 138], [98, 113], [39, 77], [41, 176], [82, 24], [129, 63], [115, 87], [14, 141], [136, 96], [16, 35], [122, 139], [18, 110], [160, 161], [137, 77], [5, 155], [168, 70], [54, 104], [10, 164], [110, 120], [0, 0]]","[0, 11, 4, 18, 13, 9, 16, 19, 5, 3, 20, 1, 12, 14, 2, 17, 15, 10, 8, 7, 6, 21]",749.7549984474579,18.272639751434326
