Id,Coordinates,Order,Distance,Time
9202,"[[0, 0], [99, 41], [54, 56], [102, 26], [154, 13], [158, 12], [76, 26], [100, 16], [137, 43], [37, 3], [99, 6], [147, 3], [2, 21], [123, 5], [144, 1], [41, 18], [162, 54], [82, 41], [165, 41], [129, 8], [34, 18], [0, 0]]","[0, 12, 20, 15, 2, 17, 3, 7, 10, 13, 19, 14, 11, 4, 5, 18, 16, 8, 1, 6, 9, 21]",462.024908933661,15.54950475692749
