Id,Coordinates,Order,Distance,Time
8041,"[[0, 0], [124, 59], [40, 35], [102, 4], [119, 9], [41, 69], [64, 15], [136, 71], [116, 56], [62, 52], [72, 16], [71, 44], [18, 69], [18, 25], [39, 89], [84, 68], [54, 34], [83, 41], [55, 30], [116, 56], [67, 61], [0, 0]]","[0, 13, 2, 16, 18, 6, 10, 11, 20, 15, 8, 19, 1, 7, 4, 3, 17, 9, 5, 14, 12, 21]",515.978996904854,17.60774803161621
