Id,Coordinates,Order,Distance,Time
4665,"[[0, 0], [1, 52], [44, 9], [43, 96], [13, 122], [40, 120], [6, 115], [7, 79], [33, 121], [31, 35], [24, 185], [37, 137], [11, 113], [41, 128], [35, 12], [47, 77], [12, 17], [31, 2], [45, 39], [48, 178], [37, 99], [0, 0]]","[0, 16, 17, 2, 14, 9, 18, 15, 3, 20, 5, 8, 4, 12, 6, 10, 19, 11, 13, 7, 1, 21]",522.149362084785,13.019383668899536
