Id,Coordinates,Order,Distance,Time
8647,"[[0, 0], [51, 69], [49, 44], [92, 21], [65, 51], [62, 21], [20, 26], [16, 44], [9, 6], [60, 18], [103, 44], [96, 55], [72, 33], [128, 9], [95, 39], [68, 56], [84, 7], [25, 43], [3, 19], [45, 60], [90, 29], [0, 0]]","[0, 18, 6, 7, 17, 2, 19, 1, 15, 4, 12, 5, 9, 3, 20, 14, 11, 10, 13, 16, 8, 21]",434.7325505241089,14.562153339385986
