Id,Coordinates,Order,Distance,Time
1598,"[[0, 0], [143, 128], [163, 114], [83, 128], [96, 34], [126, 8], [68, 63], [9, 87], [62, 104], [72, 144], [47, 73], [139, 138], [95, 11], [144, 144], [93, 78], [123, 81], [27, 144], [21, 126], [10, 135], [148, 98], [17, 146], [0, 0]]","[0, 6, 14, 15, 19, 2, 1, 11, 13, 3, 9, 8, 16, 20, 18, 17, 7, 10, 4, 5, 12, 21]",770.8771147289035,17.780346870422363
