Id,Coordinates,Order,Distance,Time
9435,"[[0, 0], [148, 134], [2, 57], [104, 110], [9, 50], [35, 137], [16, 116], [123, 159], [23, 188], [79, 166], [48, 140], [116, 38], [154, 178], [4, 121], [61, 112], [49, 130], [54, 188], [138, 136], [113, 102], [44, 194], [108, 115], [0, 0]]","[0, 4, 2, 6, 13, 5, 15, 3, 20, 18, 17, 1, 12, 7, 9, 16, 19, 8, 10, 14, 11, 21]",806.5153664381381,15.556478500366211
