Id,Coordinates,Order,Distance,Time
7031,"[[0, 0], [3, 30], [62, 110], [1, 44], [38, 67], [21, 17], [10, 16], [81, 29], [77, 84], [24, 90], [70, 50], [62, 3], [28, 93], [39, 44], [85, 61], [27, 41], [43, 76], [45, 67], [40, 89], [53, 4], [22, 93], [0, 0]]","[0, 1, 3, 15, 13, 4, 17, 16, 9, 20, 12, 18, 2, 8, 14, 10, 7, 11, 19, 5, 6, 21]",399.7310720116924,16.698848962783813
