Id,Coordinates,Order,Distance,Time
2401,"[[0, 0], [40, 55], [66, 110], [67, 67], [92, 31], [41, 25], [3, 34], [41, 139], [63, 40], [20, 53], [46, 78], [75, 45], [85, 114], [91, 18], [13, 131], [43, 12], [78, 49], [70, 77], [130, 40], [13, 52], [88, 8], [0, 0]]","[0, 1, 10, 17, 3, 16, 11, 8, 5, 15, 20, 13, 4, 18, 12, 2, 7, 14, 9, 19, 6, 21]",625.3621407578397,15.392790794372559
