Id,Coordinates,Order,Distance,Time
9586,"[[0, 0], [21, 158], [184, 179], [60, 49], [39, 86], [12, 66], [83, 31], [66, 120], [56, 44], [74, 170], [8, 182], [155, 175], [64, 164], [163, 53], [15, 171], [85, 153], [165, 159], [26, 176], [175, 65], [23, 78], [17, 145], [0, 0]]","[0, 3, 8, 6, 13, 18, 16, 2, 11, 15, 9, 12, 17, 14, 10, 1, 20, 7, 4, 19, 5, 21]",774.9960534958757,13.414045810699463
