Id,Coordinates,Order,Distance,Time
1884,"[[0, 0], [10, 113], [74, 38], [64, 81], [18, 87], [22, 52], [32, 117], [74, 119], [18, 73], [76, 85], [40, 78], [3, 59], [89, 28], [40, 130], [100, 115], [80, 122], [86, 57], [60, 78], [84, 84], [41, 139], [92, 3], [0, 0]]","[0, 5, 10, 17, 3, 9, 18, 16, 2, 12, 20, 14, 15, 7, 19, 13, 6, 1, 4, 8, 11, 21]",571.7984001513249,16.494043350219727
