Id,Coordinates,Order,Distance,Time
1291,"[[0, 0], [6, 120], [3, 77], [10, 81], [5, 18], [3, 56], [9, 65], [14, 119], [8, 73], [13, 2], [13, 91], [5, 16], [11, 78], [3, 100], [3, 87], [3, 87], [1, 103], [1, 15], [9, 61], [3, 35], [2, 77], [0, 0]]","[0, 9, 11, 4, 19, 5, 18, 6, 8, 2, 20, 14, 15, 13, 16, 1, 7, 10, 3, 12, 17, 21]",268.5505118913414,19.43687105178833
