Id,Coordinates,Order,Distance,Time
1331,"[[0, 0], [113, 32], [148, 5], [110, 6], [91, 19], [172, 46], [74, 14], [61, 16], [88, 11], [47, 43], [58, 5], [133, 10], [131, 52], [128, 1], [193, 35], [132, 31], [31, 46], [157, 23], [179, 11], [21, 41], [92, 3], [0, 0]]","[0, 19, 16, 9, 7, 6, 8, 20, 3, 13, 11, 2, 17, 18, 14, 5, 12, 15, 1, 4, 10, 21]",500.16867061720166,20.40027356147766
