Id,Coordinates,Order,Distance,Time
4746,"[[0, 0], [60, 21], [7, 50], [16, 45], [29, 49], [61, 32], [31, 38], [40, 56], [44, 7], [55, 19], [15, 32], [18, 36], [40, 10], [16, 55], [74, 5], [55, 46], [56, 38], [30, 5], [44, 37], [1, 9], [44, 36], [0, 0]]","[0, 19, 10, 11, 3, 2, 13, 4, 18, 20, 1, 14, 8, 12, 9, 5, 16, 15, 7, 6, 17, 21]",331.842317307093,14.69610047340393
