Id,Coordinates,Order,Distance,Time
9470,"[[0, 0], [71, 17], [67, 36], [87, 7], [151, 3], [18, 33], [6, 30], [96, 6], [95, 18], [137, 9], [83, 6], [153, 24], [36, 36], [72, 17], [37, 29], [84, 22], [174, 17], [53, 20], [15, 30], [11, 7], [170, 24], [0, 0]]","[0, 6, 18, 5, 12, 14, 17, 1, 13, 15, 8, 7, 3, 10, 9, 4, 16, 20, 11, 2, 19, 21]",439.9246811904275,15.667303323745728
