Id,Coordinates,Order,Distance,Time
6549,"[[0, 0], [11, 12], [36, 15], [48, 114], [29, 152], [43, 103], [37, 82], [33, 114], [24, 4], [3, 36], [56, 96], [40, 64], [57, 46], [53, 19], [54, 72], [21, 99], [24, 151], [45, 99], [24, 52], [45, 82], [39, 24], [0, 0]]","[0, 1, 8, 2, 20, 13, 12, 14, 19, 6, 17, 5, 7, 15, 16, 4, 3, 10, 11, 18, 9, 21]",441.10269112012463,14.42548155784607
