Id,Coordinates,Order,Distance,Time
6613,"[[0, 0], [6, 10], [42, 13], [82, 7], [92, 6], [45, 3], [42, 8], [120, 11], [68, 13], [16, 5], [115, 10], [48, 12], [7, 13], [124, 7], [48, 4], [71, 13], [123, 2], [86, 11], [82, 9], [58, 6], [99, 7], [0, 0]]","[0, 1, 12, 2, 11, 8, 15, 18, 17, 4, 20, 10, 7, 13, 16, 3, 19, 14, 5, 6, 9, 21]",268.5752006090266,15.246291875839233
