Id,Coordinates,Order,Distance,Time
9316,"[[0, 0], [76, 145], [78, 173], [31, 120], [16, 145], [49, 30], [16, 143], [152, 150], [94, 4], [29, 28], [28, 48], [50, 97], [81, 186], [21, 53], [82, 32], [4, 40], [18, 45], [24, 40], [6, 156], [16, 39], [147, 158], [0, 0]]","[0, 15, 19, 16, 13, 10, 17, 9, 5, 11, 3, 6, 4, 18, 1, 2, 12, 20, 7, 14, 8, 21]",713.0699983450753,19.209471464157104
