Id,Coordinates,Order,Distance,Time
4349,"[[0, 0], [21, 45], [25, 148], [62, 146], [5, 107], [50, 103], [31, 146], [51, 84], [74, 156], [64, 126], [68, 84], [39, 24], [55, 87], [3, 85], [64, 4], [12, 66], [24, 73], [18, 154], [3, 52], [62, 36], [57, 52], [0, 0]]","[0, 14, 19, 20, 10, 12, 7, 5, 9, 3, 8, 6, 2, 17, 4, 13, 16, 15, 18, 1, 11, 21]",523.8366881300057,16.086780071258545
