Id,Coordinates,Order,Distance,Time
9944,"[[0, 0], [94, 85], [36, 127], [34, 99], [63, 54], [126, 60], [100, 75], [28, 65], [31, 13], [161, 133], [27, 118], [107, 140], [20, 109], [181, 63], [29, 19], [2, 15], [85, 88], [171, 7], [76, 78], [86, 113], [29, 17], [0, 0]]","[0, 8, 20, 14, 4, 18, 16, 1, 6, 5, 17, 13, 9, 11, 19, 2, 10, 12, 3, 7, 15, 21]",666.9392671226993,17.83682370185852
