Id,Coordinates,Order,Distance,Time
2344,"[[0, 0], [27, 113], [46, 128], [13, 45], [57, 120], [27, 136], [57, 95], [10, 10], [65, 50], [2, 19], [29, 84], [90, 126], [48, 151], [11, 116], [31, 63], [23, 124], [5, 32], [38, 146], [76, 141], [36, 27], [52, 148], [0, 0]]","[0, 9, 16, 3, 14, 10, 13, 15, 5, 17, 12, 20, 2, 4, 11, 18, 1, 6, 8, 19, 7, 21]",495.98326452970275,14.606431722640991
