Id,Coordinates,Order,Distance,Time
5462,"[[0, 0], [41, 61], [103, 41], [131, 39], [86, 63], [13, 28], [37, 16], [90, 1], [99, 2], [131, 24], [9, 65], [6, 66], [111, 60], [25, 30], [15, 23], [7, 65], [113, 41], [4, 40], [127, 10], [19, 61], [16, 34], [0, 0]]","[0, 14, 5, 13, 20, 17, 11, 15, 10, 19, 1, 4, 12, 2, 16, 3, 9, 18, 8, 7, 6, 21]",411.6155369450777,16.028444290161133
