Id,Coordinates,Order,Distance,Time
3341,"[[0, 0], [29, 89], [16, 97], [19, 59], [19, 96], [22, 131], [28, 68], [15, 76], [12, 38], [6, 92], [34, 141], [32, 72], [16, 70], [25, 121], [33, 129], [35, 137], [40, 12], [39, 124], [2, 10], [7, 113], [38, 125], [0, 0]]","[0, 18, 8, 3, 6, 11, 1, 4, 2, 19, 5, 14, 20, 17, 15, 10, 13, 9, 7, 12, 16, 21]",376.16552030015725,18.51400065422058
