Id,Coordinates,Order,Distance,Time
6822,"[[0, 0], [92, 11], [110, 38], [40, 164], [42, 84], [45, 79], [108, 52], [166, 159], [87, 75], [31, 73], [102, 116], [121, 25], [68, 38], [135, 56], [89, 26], [103, 47], [59, 94], [117, 42], [49, 6], [41, 97], [5, 6], [0, 0]]","[0, 20, 18, 12, 14, 1, 11, 2, 17, 15, 8, 16, 4, 5, 6, 13, 7, 10, 3, 19, 9, 21]",822.5413535778622,18.05400061607361
