Id,Coordinates,Order,Distance,Time
2682,"[[0, 0], [32, 93], [39, 85], [71, 92], [16, 40], [60, 109], [39, 36], [10, 80], [22, 24], [92, 28], [17, 81], [75, 69], [91, 53], [53, 64], [58, 123], [51, 46], [53, 99], [12, 49], [91, 121], [69, 46], [46, 101], [0, 0]]","[0, 8, 6, 15, 19, 9, 12, 11, 13, 2, 1, 20, 16, 5, 14, 18, 3, 10, 7, 17, 4, 21]",485.4867715955882,15.466143608093262
