Id,Coordinates,Order,Distance,Time
2961,"[[0, 0], [68, 142], [64, 92], [6, 98], [66, 104], [10, 80], [23, 127], [1, 133], [39, 41], [53, 89], [54, 119], [54, 100], [21, 12], [10, 75], [35, 94], [23, 18], [22, 129], [73, 104], [66, 136], [46, 68], [35, 141], [0, 0]]","[0, 12, 15, 8, 19, 9, 2, 17, 4, 11, 10, 18, 1, 20, 6, 16, 7, 3, 14, 5, 13, 21]",448.75643922809274,18.52553629875183
