Id,Coordinates,Order,Distance,Time
1446,"[[0, 0], [24, 12], [15, 31], [24, 15], [5, 20], [12, 35], [24, 3], [8, 40], [16, 16], [10, 44], [6, 5], [10, 39], [10, 9], [23, 10], [8, 12], [3, 5], [22, 30], [7, 20], [12, 36], [8, 38], [24, 29], [0, 0]]","[0, 15, 10, 12, 14, 8, 3, 1, 13, 6, 20, 16, 2, 5, 18, 11, 7, 9, 19, 17, 4, 21]",144.9957536905383,13.606597185134888
