Id,Coordinates,Order,Distance,Time
1108,"[[0, 0], [24, 34], [80, 9], [92, 13], [91, 15], [11, 14], [144, 22], [57, 22], [48, 26], [90, 17], [111, 41], [140, 29], [48, 34], [60, 15], [140, 3], [71, 1], [37, 24], [48, 3], [21, 39], [39, 23], [32, 35], [0, 0]]","[0, 5, 18, 1, 20, 16, 19, 8, 12, 7, 13, 2, 3, 4, 9, 10, 11, 6, 14, 15, 17, 21]",381.01043063150325,17.150238275527954
