Id,Coordinates,Order,Distance,Time
7696,"[[0, 0], [64, 115], [23, 99], [105, 56], [30, 104], [52, 13], [101, 100], [28, 106], [75, 31], [54, 162], [60, 159], [4, 44], [52, 85], [59, 152], [81, 137], [14, 23], [91, 6], [128, 72], [10, 69], [63, 113], [120, 66], [0, 0]]","[0, 15, 11, 18, 2, 7, 4, 12, 19, 1, 13, 9, 10, 14, 6, 17, 20, 3, 8, 16, 5, 21]",536.9893342429459,16.590769052505493
