Id,Coordinates,Order,Distance,Time
2674,"[[0, 0], [80, 12], [141, 6], [97, 10], [134, 1], [130, 8], [72, 16], [37, 9], [42, 13], [2, 13], [86, 11], [3, 3], [113, 12], [11, 3], [152, 3], [147, 14], [6, 15], [78, 10], [106, 1], [1, 4], [113, 9], [0, 0]]","[0, 19, 11, 9, 16, 7, 8, 6, 17, 1, 10, 3, 20, 12, 5, 4, 2, 15, 14, 18, 13, 21]",344.1604351448586,14.084008932113647
