Id,Coordinates,Order,Distance,Time
9078,"[[0, 0], [69, 57], [22, 52], [29, 23], [16, 23], [46, 69], [15, 78], [3, 94], [12, 26], [12, 15], [88, 31], [88, 29], [39, 94], [4, 16], [114, 55], [80, 75], [9, 69], [14, 104], [93, 101], [55, 100], [70, 74], [0, 0]]","[0, 13, 9, 4, 8, 2, 16, 6, 7, 17, 12, 19, 18, 15, 14, 10, 11, 1, 20, 5, 3, 21]",481.8018813008879,15.827392339706421
