Id,Coordinates,Order,Distance,Time
8286,"[[0, 0], [47, 50], [34, 6], [23, 13], [133, 7], [55, 40], [153, 5], [122, 29], [51, 52], [124, 39], [133, 3], [86, 2], [128, 43], [37, 5], [84, 12], [10, 30], [155, 28], [92, 29], [115, 25], [39, 4], [94, 4], [0, 0]]","[0, 3, 2, 13, 19, 1, 8, 5, 14, 11, 20, 18, 7, 9, 12, 16, 6, 10, 4, 17, 15, 21]",458.2712005043604,12.924941301345825
