Id,Coordinates,Order,Distance,Time
9357,"[[0, 0], [77, 91], [36, 8], [73, 63], [9, 9], [16, 118], [23, 115], [23, 89], [106, 32], [103, 1], [103, 116], [90, 29], [95, 10], [68, 23], [48, 121], [3, 13], [50, 79], [91, 108], [47, 3], [90, 51], [7, 121], [0, 0]]","[0, 4, 2, 18, 13, 11, 12, 9, 8, 19, 3, 16, 7, 20, 5, 6, 14, 10, 17, 1, 15, 21]",559.0450815244958,18.155307054519653
