Id,Coordinates,Order,Distance,Time
8942,"[[0, 0], [17, 9], [14, 3], [10, 16], [2, 14], [16, 18], [4, 6], [3, 6], [3, 6], [2, 9], [17, 9], [6, 3], [16, 6], [16, 17], [11, 7], [4, 1], [5, 10], [4, 10], [4, 15], [9, 9], [10, 5], [0, 0]]","[0, 15, 11, 6, 7, 8, 17, 16, 19, 14, 20, 2, 12, 1, 10, 13, 5, 3, 18, 4, 9, 21]",74.0329433036673,15.453096389770508
