Id,Coordinates,Order,Distance,Time
6114,"[[0, 0], [44, 2], [39, 156], [11, 142], [46, 109], [19, 3], [70, 175], [64, 39], [58, 81], [51, 195], [20, 25], [16, 87], [40, 193], [68, 144], [46, 20], [5, 143], [17, 170], [66, 65], [46, 27], [25, 189], [35, 155], [0, 0]]","[0, 5, 1, 14, 18, 7, 17, 8, 4, 3, 15, 16, 19, 12, 9, 6, 13, 2, 20, 11, 10, 21]",554.3888771406146,20.91101360321045
