Id,Coordinates,Order,Distance,Time
7251,"[[0, 0], [74, 38], [66, 2], [45, 11], [70, 18], [30, 22], [54, 7], [2, 25], [74, 33], [74, 26], [5, 27], [8, 4], [16, 36], [33, 21], [53, 21], [86, 17], [6, 25], [78, 7], [10, 2], [67, 2], [30, 9], [0, 0]]","[0, 11, 18, 20, 3, 6, 2, 19, 17, 15, 1, 8, 9, 4, 14, 13, 5, 12, 10, 16, 7, 21]",246.71681731477952,15.931994915008545
