Id,Coordinates,Order,Distance,Time
3687,"[[0, 0], [37, 42], [68, 19], [74, 14], [57, 27], [68, 23], [58, 31], [18, 13], [24, 29], [77, 43], [4, 12], [30, 19], [24, 23], [48, 25], [22, 25], [25, 11], [21, 9], [68, 39], [60, 17], [6, 39], [11, 21], [0, 0]]","[0, 7, 16, 15, 11, 12, 14, 8, 13, 4, 6, 18, 2, 3, 5, 17, 9, 1, 19, 20, 10, 21]",273.04892204828315,14.548631429672241
