Id,Coordinates,Order,Distance,Time
5682,"[[0, 0], [38, 49], [78, 47], [105, 42], [121, 1], [60, 21], [104, 36], [88, 48], [13, 8], [111, 19], [113, 42], [14, 6], [39, 17], [47, 13], [8, 7], [50, 50], [95, 7], [90, 38], [4, 14], [11, 7], [33, 46], [0, 0]]","[0, 14, 19, 8, 11, 18, 12, 20, 1, 15, 2, 7, 17, 6, 3, 10, 9, 4, 16, 5, 13, 21]",361.2432808344717,15.6711106300354
