Id,Coordinates,Order,Distance,Time
196,"[[0, 0], [107, 115], [117, 158], [122, 164], [45, 37], [23, 65], [30, 124], [87, 15], [118, 165], [10, 102], [44, 43], [97, 72], [82, 156], [133, 39], [111, 77], [122, 151], [29, 110], [46, 6], [79, 164], [91, 74], [69, 48], [0, 0]]","[0, 4, 10, 20, 19, 11, 14, 1, 15, 2, 3, 8, 12, 18, 6, 16, 9, 5, 13, 7, 17, 21]",677.886177361706,14.908811807632446
