Id,Coordinates,Order,Distance,Time
8016,"[[0, 0], [62, 41], [69, 76], [34, 52], [89, 51], [47, 13], [129, 74], [87, 77], [34, 66], [29, 31], [7, 25], [71, 45], [7, 7], [108, 57], [38, 39], [8, 74], [56, 18], [16, 56], [2, 18], [40, 56], [79, 19], [0, 0]]","[0, 12, 18, 10, 9, 14, 3, 19, 8, 17, 15, 2, 7, 1, 11, 4, 6, 13, 20, 16, 5, 21]",491.94906834505576,16.23646378517151
