Id,Coordinates,Order,Distance,Time
8908,"[[0, 0], [37, 20], [46, 47], [16, 18], [41, 7], [19, 75], [66, 82], [36, 24], [3, 35], [15, 12], [1, 115], [20, 53], [29, 74], [7, 49], [40, 48], [13, 55], [16, 29], [9, 17], [16, 115], [14, 113], [53, 62], [0, 0]]","[0, 9, 17, 3, 16, 8, 13, 15, 11, 14, 2, 20, 6, 18, 19, 10, 5, 12, 7, 1, 4, 21]",395.4474830565512,19.73639464378357
