Id,Coordinates,Order,Distance,Time
6592,"[[0, 0], [32, 4], [26, 3], [29, 15], [24, 28], [5, 28], [4, 23], [13, 34], [34, 14], [20, 21], [20, 11], [35, 4], [15, 30], [1, 26], [23, 27], [25, 36], [3, 31], [32, 10], [5, 5], [1, 15], [20, 8], [0, 0]]","[0, 19, 6, 13, 5, 16, 7, 12, 15, 4, 14, 9, 20, 2, 1, 11, 17, 8, 3, 10, 18, 21]",156.90444118040674,16.00981092453003
