Id,Coordinates,Order,Distance,Time
3958,"[[0, 0], [104, 15], [67, 30], [52, 31], [91, 30], [24, 22], [56, 5], [48, 36], [86, 3], [67, 16], [45, 5], [65, 22], [84, 14], [29, 16], [4, 19], [42, 26], [91, 28], [17, 25], [2, 17], [21, 34], [15, 19], [0, 0]]","[0, 18, 14, 20, 5, 13, 15, 3, 10, 6, 9, 11, 12, 8, 1, 16, 4, 2, 7, 19, 17, 21]",319.5251147294632,14.218133926391602
