Id,Coordinates,Order,Distance,Time
4421,"[[0, 0], [39, 33], [125, 154], [18, 78], [101, 119], [97, 142], [52, 96], [50, 9], [23, 128], [67, 112], [110, 62], [81, 40], [67, 135], [16, 3], [119, 17], [16, 16], [117, 21], [99, 129], [48, 96], [16, 104], [5, 57], [0, 0]]","[0, 13, 15, 1, 7, 11, 14, 16, 10, 4, 17, 2, 5, 12, 9, 6, 18, 8, 19, 3, 20, 21]",605.3807308906995,18.441036701202393
