Id,Coordinates,Order,Distance,Time
324,"[[0, 0], [176, 50], [78, 32], [164, 30], [73, 59], [77, 58], [108, 29], [65, 28], [45, 56], [17, 71], [94, 40], [149, 67], [76, 43], [36, 59], [83, 44], [78, 2], [30, 28], [93, 64], [139, 28], [172, 71], [92, 49], [0, 0]]","[0, 9, 13, 8, 4, 5, 12, 14, 20, 10, 2, 17, 11, 19, 1, 3, 18, 6, 15, 7, 16, 21]",556.7877477269673,13.481281042098999
