Id,Coordinates,Order,Distance,Time
3978,"[[0, 0], [18, 69], [8, 66], [42, 122], [36, 73], [16, 121], [42, 28], [1, 6], [23, 89], [4, 87], [11, 40], [15, 101], [41, 18], [29, 77], [31, 93], [15, 101], [4, 79], [39, 11], [15, 16], [11, 19], [43, 123], [0, 0]]","[0, 7, 18, 19, 10, 2, 1, 8, 11, 15, 9, 16, 5, 3, 20, 14, 13, 4, 6, 12, 17, 21]",376.6041324632579,15.822479009628296
