Id,Coordinates,Order,Distance,Time
5881,"[[0, 0], [8, 11], [12, 49], [6, 55], [9, 25], [2, 75], [13, 95], [10, 55], [12, 41], [6, 1], [10, 55], [13, 43], [5, 78], [1, 66], [5, 76], [1, 55], [8, 64], [1, 35], [10, 19], [1, 38], [3, 61], [0, 0]]","[0, 9, 1, 18, 4, 8, 11, 2, 7, 10, 3, 20, 13, 5, 14, 12, 6, 16, 15, 19, 17, 21]",207.44798151647717,14.467272996902466
