Id,Coordinates,Order,Distance,Time
4244,"[[0, 0], [25, 1], [64, 10], [22, 8], [6, 4], [35, 10], [47, 4], [55, 12], [58, 6], [15, 7], [48, 11], [31, 2], [63, 9], [53, 14], [38, 1], [24, 12], [63, 1], [50, 11], [21, 4], [18, 7], [26, 10], [0, 0]]","[0, 4, 9, 19, 3, 18, 1, 20, 15, 5, 10, 17, 13, 7, 8, 12, 2, 16, 6, 14, 11, 21]",164.0276966056654,14.663281917572021
