Id,Coordinates,Order,Distance,Time
1487,"[[0, 0], [15, 34], [143, 28], [25, 6], [113, 68], [87, 45], [140, 27], [21, 83], [44, 38], [115, 59], [162, 91], [148, 20], [49, 23], [80, 52], [56, 67], [130, 67], [95, 60], [50, 44], [126, 58], [75, 15], [142, 22], [0, 0]]","[0, 3, 12, 8, 17, 13, 5, 16, 4, 9, 18, 15, 10, 2, 11, 20, 6, 19, 14, 7, 1, 21]",559.5956372251377,16.874960899353027
