Id,Coordinates,Order,Distance,Time
753,"[[0, 0], [86, 25], [106, 122], [146, 28], [143, 64], [2, 1], [34, 90], [145, 130], [124, 4], [140, 129], [121, 130], [106, 71], [13, 55], [95, 51], [44, 64], [44, 129], [170, 95], [118, 31], [10, 58], [71, 64], [28, 100], [0, 0]]","[0, 12, 18, 14, 19, 13, 17, 3, 8, 1, 6, 20, 15, 2, 10, 9, 7, 16, 4, 11, 5, 21]",764.112003774454,15.595515012741089
