Id,Coordinates,Order,Distance,Time
4899,"[[0, 0], [2, 9], [25, 9], [26, 26], [27, 16], [6, 11], [31, 6], [29, 3], [13, 23], [13, 5], [32, 5], [12, 13], [33, 5], [20, 22], [18, 17], [5, 26], [3, 1], [10, 12], [22, 14], [1, 5], [7, 27], [0, 0]]","[0, 16, 19, 1, 5, 17, 11, 14, 18, 2, 6, 10, 12, 7, 4, 3, 13, 8, 20, 15, 9, 21]",136.55819297628432,14.354926824569702
