Id,Coordinates,Order,Distance,Time
5862,"[[0, 0], [19, 26], [24, 20], [27, 31], [37, 5], [12, 7], [29, 29], [35, 6], [38, 18], [8, 7], [25, 8], [9, 12], [13, 13], [12, 25], [10, 27], [22, 33], [30, 29], [45, 9], [20, 28], [2, 21], [7, 19], [0, 0]]","[0, 9, 11, 12, 20, 19, 14, 13, 1, 18, 15, 3, 6, 16, 2, 8, 17, 4, 7, 10, 5, 21]",154.12680820209872,15.436123132705688
