Id,Coordinates,Order,Distance,Time
2947,"[[0, 0], [64, 51], [44, 80], [46, 56], [72, 12], [69, 15], [95, 49], [23, 70], [13, 27], [8, 71], [18, 40], [37, 35], [44, 90], [9, 34], [51, 55], [48, 51], [61, 84], [19, 92], [89, 1], [66, 14], [22, 12], [0, 0]]","[0, 20, 8, 10, 11, 15, 3, 14, 1, 5, 19, 4, 18, 6, 16, 2, 12, 17, 7, 9, 13, 21]",444.0027085889052,14.627344131469727
