Id,Coordinates,Order,Distance,Time
6863,"[[0, 0], [31, 83], [26, 45], [7, 15], [29, 114], [38, 72], [24, 78], [36, 3], [37, 110], [15, 68], [42, 67], [21, 6], [24, 82], [7, 110], [28, 43], [2, 78], [34, 23], [17, 29], [21, 27], [41, 80], [22, 82], [0, 0]]","[0, 11, 7, 16, 18, 17, 14, 2, 9, 6, 20, 12, 1, 5, 10, 19, 8, 4, 13, 15, 3, 21]",353.62528575604404,13.896660089492798
