Id,Coordinates,Order,Distance,Time
2619,"[[0, 0], [3, 38], [13, 20], [31, 22], [14, 26], [11, 35], [26, 33], [39, 40], [18, 31], [42, 19], [33, 41], [23, 31], [22, 3], [42, 10], [1, 3], [42, 9], [14, 37], [38, 20], [16, 8], [21, 25], [28, 42], [0, 0]]","[0, 12, 18, 2, 4, 8, 11, 6, 20, 10, 7, 17, 9, 13, 15, 3, 19, 16, 5, 1, 14, 21]",208.7550902595844,16.196852207183838
