Id,Coordinates,Order,Distance,Time
7166,"[[0, 0], [79, 12], [25, 18], [20, 12], [40, 9], [83, 18], [40, 1], [61, 17], [52, 3], [64, 24], [51, 4], [15, 23], [1, 21], [50, 8], [28, 7], [2, 4], [56, 16], [29, 18], [22, 3], [48, 1], [93, 3], [0, 0]]","[0, 15, 12, 11, 2, 17, 3, 14, 6, 19, 8, 10, 16, 7, 9, 5, 20, 1, 13, 4, 18, 21]",258.1898222219316,14.765061378479004
