Id,Coordinates,Order,Distance,Time
7884,"[[0, 0], [143, 29], [159, 26], [153, 53], [134, 51], [9, 44], [62, 25], [68, 61], [162, 30], [160, 29], [193, 42], [85, 53], [142, 5], [196, 15], [16, 21], [120, 12], [4, 20], [46, 14], [62, 1], [157, 59], [147, 52], [0, 0]]","[0, 16, 5, 14, 17, 6, 7, 11, 4, 20, 3, 19, 1, 9, 2, 8, 10, 13, 12, 15, 18, 21]",566.5560103046259,14.009374380111694
