Id,Coordinates,Order,Distance,Time
5600,"[[0, 0], [41, 137], [50, 26], [29, 79], [57, 182], [108, 63], [159, 175], [67, 12], [70, 110], [45, 63], [144, 117], [109, 16], [19, 131], [34, 176], [94, 98], [25, 181], [124, 93], [34, 88], [115, 76], [40, 71], [93, 113], [0, 0]]","[0, 2, 7, 11, 5, 18, 14, 20, 8, 17, 3, 19, 9, 16, 10, 6, 4, 13, 15, 1, 12, 21]",839.4592693163331,14.815909624099731
