Id,Coordinates,Order,Distance,Time
8110,"[[0, 0], [41, 112], [16, 35], [43, 5], [21, 140], [4, 139], [9, 37], [4, 39], [1, 83], [2, 48], [31, 59], [31, 119], [14, 83], [34, 11], [36, 4], [28, 29], [19, 139], [5, 109], [10, 5], [41, 73], [6, 59], [0, 0]]","[0, 18, 14, 3, 13, 15, 2, 6, 7, 9, 20, 8, 12, 17, 5, 4, 16, 11, 1, 19, 10, 21]",392.76127333140624,16.02814745903015
