Id,Coordinates,Order,Distance,Time
4572,"[[0, 0], [105, 11], [62, 48], [105, 130], [64, 112], [42, 122], [18, 122], [109, 79], [28, 94], [18, 1], [26, 38], [39, 75], [47, 100], [41, 49], [39, 53], [102, 16], [84, 63], [87, 43], [79, 6], [126, 95], [44, 45], [0, 0]]","[0, 10, 14, 13, 20, 2, 16, 7, 19, 3, 4, 12, 5, 6, 8, 11, 17, 15, 1, 18, 9, 21]",577.0328522404839,16.0215163230896
