Id,Coordinates,Order,Distance,Time
3146,"[[0, 0], [15, 21], [10, 2], [14, 137], [20, 147], [13, 160], [19, 110], [13, 125], [3, 60], [18, 16], [23, 174], [30, 45], [27, 158], [16, 153], [32, 89], [8, 46], [6, 175], [10, 135], [26, 112], [11, 77], [11, 161], [0, 0]]","[0, 1, 15, 8, 19, 6, 7, 17, 3, 4, 13, 5, 20, 16, 10, 12, 18, 14, 11, 9, 2, 21]",398.0926565628498,20.304064750671387
