Id,Coordinates,Order,Distance,Time
2420,"[[0, 0], [63, 1], [5, 55], [57, 36], [58, 2], [56, 59], [62, 48], [72, 54], [47, 30], [50, 66], [53, 62], [59, 28], [21, 68], [14, 67], [30, 18], [14, 5], [50, 33], [43, 70], [46, 67], [12, 7], [41, 41], [0, 0]]","[0, 19, 14, 8, 3, 6, 7, 5, 10, 9, 18, 17, 12, 13, 2, 20, 16, 11, 1, 4, 15, 21]",321.97872926824,18.05603265762329
