Id,Coordinates,Order,Distance,Time
3005,"[[0, 0], [82, 60], [6, 135], [49, 67], [90, 123], [32, 53], [21, 64], [24, 67], [72, 11], [64, 107], [70, 84], [58, 143], [36, 27], [73, 42], [3, 132], [64, 115], [40, 105], [46, 22], [80, 28], [7, 137], [26, 147], [0, 0]]","[0, 12, 17, 8, 18, 13, 1, 10, 16, 7, 6, 14, 2, 19, 20, 11, 4, 15, 9, 3, 5, 21]",577.0365880811919,19.451261520385742
