Id,Coordinates,Order,Distance,Time
4431,"[[0, 0], [111, 6], [110, 47], [194, 20], [163, 39], [31, 36], [151, 28], [175, 16], [166, 2], [25, 46], [154, 29], [24, 54], [44, 18], [179, 40], [66, 67], [166, 48], [164, 28], [4, 70], [84, 52], [85, 53], [187, 9], [0, 0]]","[0, 5, 9, 11, 17, 14, 18, 19, 2, 6, 10, 16, 4, 15, 13, 3, 20, 7, 8, 1, 12, 21]",537.9941826364294,15.944530010223389
