Id,Coordinates,Order,Distance,Time
2965,"[[0, 0], [106, 40], [28, 11], [65, 78], [23, 73], [69, 21], [98, 114], [82, 66], [24, 103], [85, 8], [28, 112], [39, 76], [84, 81], [47, 40], [19, 14], [56, 41], [36, 71], [65, 88], [90, 99], [25, 39], [14, 16], [0, 0]]","[0, 14, 2, 13, 15, 5, 9, 1, 7, 12, 18, 6, 17, 3, 16, 11, 10, 8, 4, 19, 20, 21]",491.0459935414894,16.485379457473755
