Id,Coordinates,Order,Distance,Time
4607,"[[0, 0], [33, 36], [51, 71], [5, 33], [36, 67], [32, 37], [1, 87], [44, 36], [54, 66], [3, 81], [54, 22], [53, 21], [27, 44], [1, 31], [49, 66], [44, 30], [21, 1], [30, 6], [33, 24], [31, 84], [45, 39], [0, 0]]","[0, 16, 17, 18, 1, 5, 12, 15, 11, 10, 7, 20, 8, 2, 14, 4, 19, 6, 9, 3, 13, 21]",317.55518914212365,18.326317310333252
