Id,Coordinates,Order,Distance,Time
7249,"[[0, 0], [18, 139], [6, 81], [19, 36], [10, 37], [1, 25], [13, 124], [2, 61], [18, 55], [11, 129], [15, 118], [3, 116], [4, 99], [12, 63], [12, 75], [16, 6], [4, 89], [8, 5], [15, 63], [19, 17], [3, 107], [0, 0]]","[0, 17, 15, 19, 3, 4, 8, 18, 13, 14, 2, 16, 12, 20, 11, 6, 9, 1, 10, 7, 5, 21]",314.09756247160215,14.104312181472778
