Id,Coordinates,Order,Distance,Time
4863,"[[0, 0], [48, 123], [40, 39], [58, 60], [39, 29], [7, 117], [13, 46], [43, 17], [51, 66], [18, 92], [46, 80], [3, 2], [19, 121], [15, 56], [57, 112], [23, 122], [49, 51], [20, 132], [36, 74], [43, 73], [43, 51], [0, 0]]","[0, 11, 7, 4, 2, 20, 16, 3, 8, 19, 9, 5, 12, 15, 17, 1, 14, 10, 18, 13, 6, 21]",379.67929692525456,12.712292194366455
