Id,Coordinates,Order,Distance,Time
5918,"[[0, 0], [55, 46], [8, 54], [32, 24], [31, 111], [42, 69], [22, 110], [43, 2], [2, 6], [16, 27], [6, 107], [42, 25], [10, 33], [13, 71], [54, 74], [40, 57], [5, 93], [3, 96], [15, 110], [7, 44], [2, 66], [0, 0]]","[0, 8, 9, 12, 19, 2, 20, 13, 16, 17, 10, 18, 6, 4, 5, 14, 15, 1, 3, 11, 7, 21]",354.94483218883875,16.117785453796387
