Id,Coordinates,Order,Distance,Time
4500,"[[0, 0], [10, 121], [10, 46], [8, 107], [1, 106], [7, 77], [6, 30], [8, 50], [9, 107], [1, 112], [5, 76], [10, 65], [4, 120], [6, 72], [6, 104], [8, 49], [11, 44], [9, 4], [9, 48], [11, 72], [9, 26], [0, 0]]","[0, 17, 20, 6, 16, 2, 18, 15, 7, 11, 13, 10, 5, 4, 9, 12, 1, 8, 3, 14, 19, 21]",261.2613259768683,15.758599996566772
