Id,Coordinates,Order,Distance,Time
2435,"[[0, 0], [55, 20], [44, 18], [62, 34], [45, 5], [66, 6], [134, 32], [133, 20], [132, 39], [73, 38], [39, 3], [48, 25], [27, 18], [42, 5], [17, 19], [93, 5], [112, 49], [137, 17], [49, 7], [117, 38], [2, 5], [0, 0]]","[0, 20, 14, 12, 2, 11, 1, 18, 4, 13, 3, 9, 16, 19, 8, 6, 7, 17, 15, 5, 10, 21]",368.2069398294485,17.227256298065186
