Id,Coordinates,Order,Distance,Time
3138,"[[0, 0], [118, 102], [138, 91], [51, 120], [110, 72], [144, 32], [75, 121], [37, 18], [102, 124], [5, 24], [80, 111], [27, 5], [163, 66], [59, 21], [63, 6], [132, 19], [68, 85], [142, 101], [9, 15], [78, 104], [121, 108], [0, 0]]","[0, 18, 9, 7, 14, 15, 5, 12, 2, 17, 1, 20, 8, 19, 10, 6, 3, 16, 4, 13, 11, 21]",608.0429886607798,14.656391143798828
