Id,Coordinates,Order,Distance,Time
4981,"[[0, 0], [66, 92], [112, 61], [103, 8], [104, 91], [178, 78], [27, 64], [69, 56], [103, 35], [43, 81], [40, 103], [16, 20], [17, 1], [70, 56], [6, 98], [10, 46], [35, 18], [65, 5], [168, 84], [154, 80], [101, 16], [0, 0]]","[0, 12, 16, 17, 3, 20, 8, 2, 4, 1, 10, 14, 9, 7, 13, 19, 18, 5, 6, 15, 11, 21]",718.1988628399123,13.785722017288208
