Id,Coordinates,Order,Distance,Time
5060,"[[0, 0], [73, 113], [70, 38], [21, 107], [7, 30], [25, 75], [102, 61], [81, 73], [17, 75], [17, 36], [3, 150], [83, 127], [82, 11], [113, 111], [30, 127], [71, 114], [7, 126], [82, 132], [87, 127], [40, 39], [63, 37], [0, 0]]","[0, 19, 20, 2, 12, 6, 7, 1, 15, 13, 18, 11, 17, 14, 10, 16, 3, 8, 5, 9, 4, 21]",575.5405530473649,22.813999891281128
