Id,Coordinates,Order,Distance,Time
8376,"[[0, 0], [170, 1], [29, 16], [26, 53], [6, 40], [142, 1], [18, 26], [82, 53], [8, 21], [140, 8], [39, 11], [50, 12], [99, 30], [16, 36], [99, 32], [82, 21], [152, 16], [73, 25], [62, 22], [37, 10], [107, 51], [0, 0]]","[0, 8, 6, 13, 4, 2, 19, 10, 11, 18, 17, 15, 12, 14, 9, 5, 1, 16, 20, 7, 3, 21]",471.59166355473315,21.21300506591797
