Id,Coordinates,Order,Distance,Time
6904,"[[0, 0], [133, 17], [78, 88], [99, 99], [39, 60], [42, 77], [112, 25], [46, 78], [2, 80], [77, 61], [111, 65], [31, 49], [90, 39], [63, 91], [33, 102], [62, 1], [147, 80], [57, 6], [100, 8], [71, 64], [12, 87], [0, 0]]","[0, 17, 15, 18, 1, 6, 12, 9, 19, 7, 5, 4, 11, 8, 20, 14, 13, 2, 3, 16, 10, 21]",651.3571259759883,15.316500186920166
