Id,Coordinates,Order,Distance,Time
3897,"[[0, 0], [108, 14], [71, 1], [112, 10], [73, 13], [97, 1], [27, 22], [49, 22], [4, 17], [67, 23], [35, 20], [9, 4], [2, 11], [29, 22], [26, 14], [9, 20], [97, 12], [14, 14], [19, 21], [44, 23], [96, 16], [0, 0]]","[0, 12, 8, 15, 18, 6, 13, 10, 19, 7, 9, 4, 16, 20, 1, 3, 5, 2, 14, 17, 11, 21]",262.3765647765332,17.442070960998535
