Id,Coordinates,Order,Distance,Time
205,"[[0, 0], [4, 9], [127, 88], [91, 81], [31, 31], [27, 17], [104, 2], [141, 41], [125, 33], [106, 23], [47, 33], [141, 79], [118, 22], [9, 65], [101, 78], [78, 72], [102, 79], [139, 44], [96, 41], [118, 21], [21, 55], [0, 0]]","[0, 1, 5, 4, 20, 13, 15, 3, 14, 16, 2, 11, 17, 7, 8, 12, 19, 6, 9, 18, 10, 21]",472.56892709050203,14.193060159683228
