Id,Coordinates,Order,Distance,Time
7871,"[[0, 0], [72, 100], [38, 79], [39, 37], [118, 135], [45, 74], [32, 50], [7, 13], [80, 79], [137, 102], [103, 33], [153, 112], [10, 78], [45, 117], [167, 63], [77, 112], [13, 1], [126, 22], [13, 71], [27, 47], [72, 40], [0, 0]]","[0, 16, 19, 6, 3, 20, 10, 17, 14, 11, 9, 4, 15, 1, 8, 13, 5, 2, 12, 18, 7, 21]",631.4749711401413,15.885928869247437
