Id,Coordinates,Order,Distance,Time
2644,"[[0, 0], [104, 1], [2, 20], [135, 21], [2, 38], [35, 15], [96, 14], [85, 36], [90, 29], [127, 34], [65, 40], [129, 42], [76, 17], [39, 14], [81, 25], [4, 28], [152, 7], [97, 25], [81, 12], [130, 24], [43, 19], [0, 0]]","[0, 2, 15, 4, 5, 13, 20, 10, 7, 8, 18, 12, 14, 17, 11, 9, 19, 3, 16, 1, 6, 21]",442.8761248463165,14.21980595588684
