Id,Coordinates,Order,Distance,Time
7767,"[[0, 0], [21, 68], [2, 61], [21, 57], [42, 54], [2, 32], [24, 34], [39, 82], [18, 40], [15, 2], [24, 42], [42, 17], [9, 65], [23, 73], [8, 80], [20, 42], [34, 28], [45, 21], [35, 49], [8, 8], [13, 6], [0, 0]]","[0, 19, 20, 9, 11, 17, 16, 6, 10, 3, 12, 2, 14, 1, 13, 7, 4, 18, 15, 8, 5, 21]",293.9940554245086,16.31243109703064
