Id,Coordinates,Order,Distance,Time
502,"[[0, 0], [10, 22], [42, 159], [9, 40], [40, 172], [5, 136], [22, 96], [40, 144], [17, 180], [20, 75], [17, 9], [47, 62], [12, 21], [20, 56], [31, 44], [1, 110], [45, 173], [57, 42], [39, 1], [19, 10], [49, 172], [0, 0]]","[0, 10, 19, 12, 1, 3, 13, 14, 9, 6, 15, 5, 7, 2, 4, 16, 20, 8, 11, 17, 18, 21]",529.3024162122528,16.607569217681885
