Id,Coordinates,Order,Distance,Time
2213,"[[0, 0], [21, 111], [61, 2], [153, 107], [14, 25], [140, 82], [39, 55], [125, 108], [24, 16], [147, 72], [103, 121], [66, 6], [112, 13], [46, 88], [20, 40], [16, 29], [156, 65], [33, 51], [55, 109], [48, 61], [10, 2], [0, 0]]","[0, 4, 15, 14, 17, 6, 19, 13, 1, 18, 10, 7, 3, 5, 9, 16, 12, 11, 2, 8, 20, 21]",519.4330362486274,14.54870319366455
