Id,Coordinates,Order,Distance,Time
8139,"[[0, 0], [7, 3], [17, 22], [8, 33], [7, 37], [7, 41], [3, 10], [10, 27], [4, 34], [11, 31], [2, 36], [7, 35], [14, 23], [10, 30], [4, 53], [7, 39], [13, 43], [16, 17], [16, 50], [11, 15], [7, 39], [0, 0]]","[0, 1, 19, 17, 2, 12, 7, 13, 9, 3, 11, 4, 15, 20, 5, 16, 18, 14, 10, 8, 6, 21]",135.54047879652504,16.300190448760986
