Id,Coordinates,Order,Distance,Time
2149,"[[0, 0], [128, 66], [21, 28], [40, 59], [21, 104], [98, 44], [108, 97], [101, 48], [134, 130], [41, 118], [80, 132], [119, 64], [47, 77], [121, 15], [124, 154], [11, 100], [3, 79], [72, 29], [105, 153], [41, 143], [141, 125], [0, 0]]","[0, 2, 3, 12, 16, 15, 4, 9, 19, 10, 18, 14, 8, 20, 6, 1, 11, 7, 5, 13, 17, 21]",627.2412711790595,15.438438415527344
