Id,Coordinates,Order,Distance,Time
527,"[[0, 0], [136, 21], [45, 22], [169, 23], [54, 23], [173, 11], [160, 11], [180, 8], [71, 6], [4, 11], [88, 14], [1, 15], [73, 27], [173, 3], [44, 21], [32, 9], [51, 6], [123, 12], [196, 28], [95, 25], [5, 24], [0, 0]]","[0, 9, 11, 20, 15, 14, 2, 4, 12, 10, 19, 17, 1, 6, 5, 7, 13, 18, 3, 8, 16, 21]",470.3300456408919,18.69765853881836
