Id,Coordinates,Order,Distance,Time
192,"[[0, 0], [43, 64], [55, 97], [33, 59], [78, 104], [70, 59], [3, 76], [19, 107], [5, 67], [17, 72], [28, 87], [41, 19], [17, 105], [56, 71], [1, 119], [13, 17], [25, 49], [5, 20], [3, 107], [35, 60], [73, 9], [0, 0]]","[0, 15, 11, 20, 5, 1, 19, 3, 9, 8, 6, 10, 12, 18, 14, 7, 2, 4, 13, 16, 17, 21]",504.8340571791172,17.5259370803833
