Id,Coordinates,Order,Distance,Time
8894,"[[0, 0], [122, 40], [79, 13], [83, 20], [89, 25], [21, 10], [12, 15], [72, 22], [119, 38], [42, 6], [135, 23], [10, 33], [1, 13], [2, 38], [106, 29], [129, 31], [83, 40], [7, 19], [59, 5], [140, 24], [31, 27], [0, 0]]","[0, 12, 17, 13, 11, 20, 18, 7, 3, 4, 16, 14, 8, 1, 15, 10, 19, 2, 9, 5, 6, 21]",385.5364675876459,15.655696392059326
