Id,Coordinates,Order,Distance,Time
2007,"[[0, 0], [83, 91], [19, 87], [2, 59], [15, 112], [76, 70], [124, 142], [35, 68], [94, 9], [62, 25], [7, 93], [44, 47], [8, 108], [8, 122], [96, 94], [58, 143], [110, 95], [34, 147], [82, 140], [11, 56], [11, 142], [0, 0]]","[0, 19, 3, 2, 10, 12, 4, 13, 20, 17, 15, 18, 6, 16, 14, 1, 5, 7, 11, 9, 8, 21]",602.4409733454647,16.932886362075806
