Id,Coordinates,Order,Distance,Time
3378,"[[0, 0], [162, 122], [68, 166], [144, 51], [23, 30], [33, 29], [81, 13], [107, 35], [100, 113], [107, 15], [110, 113], [84, 114], [134, 32], [147, 39], [76, 114], [145, 78], [93, 91], [73, 25], [136, 174], [67, 123], [84, 9], [0, 0]]","[0, 17, 6, 20, 9, 7, 12, 13, 3, 15, 10, 8, 11, 14, 19, 2, 18, 1, 16, 5, 4, 21]",696.3224022808125,21.878999710083008
