Id,Coordinates,Order,Distance,Time
5574,"[[0, 0], [19, 118], [41, 165], [70, 91], [57, 108], [24, 7], [49, 132], [74, 109], [79, 155], [51, 74], [41, 45], [12, 158], [19, 165], [70, 107], [10, 56], [65, 70], [20, 126], [44, 153], [61, 36], [15, 101], [60, 68], [0, 0]]","[0, 5, 10, 18, 20, 15, 3, 13, 7, 8, 6, 17, 2, 12, 11, 16, 1, 19, 4, 9, 14, 21]",554.2290060259284,17.658289432525635
