Id,Coordinates,Order,Distance,Time
947,"[[0, 0], [4, 16], [3, 8], [125, 34], [167, 32], [166, 29], [123, 28], [29, 29], [66, 37], [107, 14], [144, 30], [13, 37], [142, 24], [107, 13], [175, 7], [71, 9], [37, 16], [145, 17], [16, 23], [70, 38], [41, 9], [0, 0]]","[0, 2, 1, 18, 16, 8, 19, 9, 13, 6, 3, 10, 5, 4, 14, 17, 12, 15, 20, 7, 11, 21]",458.00694894876034,19.35764789581299
