Id,Coordinates,Order,Distance,Time
3105,"[[0, 0], [42, 17], [36, 16], [11, 32], [94, 26], [49, 18], [2, 14], [71, 16], [8, 17], [25, 3], [59, 20], [41, 14], [110, 3], [54, 23], [30, 19], [87, 26], [113, 14], [26, 15], [99, 19], [86, 3], [22, 14], [0, 0]]","[0, 6, 8, 3, 14, 2, 1, 5, 13, 10, 7, 15, 4, 18, 16, 12, 19, 11, 17, 20, 9, 21]",290.3828542815766,15.37241792678833
