Id,Coordinates,Order,Distance,Time
5465,"[[0, 0], [134, 32], [147, 3], [42, 57], [142, 27], [112, 66], [25, 26], [115, 56], [7, 33], [64, 24], [166, 9], [87, 65], [33, 36], [93, 38], [38, 42], [167, 25], [93, 23], [97, 8], [28, 62], [85, 42], [102, 55], [0, 0]]","[0, 8, 6, 12, 14, 18, 3, 19, 13, 16, 17, 4, 2, 10, 15, 1, 7, 5, 20, 11, 9, 21]",527.259935634735,14.751707792282104
