Id,Coordinates,Order,Distance,Time
9994,"[[0, 0], [13, 94], [24, 74], [20, 56], [30, 116], [12, 137], [17, 90], [21, 135], [31, 19], [28, 46], [30, 129], [1, 165], [28, 54], [8, 58], [2, 123], [15, 26], [19, 56], [30, 93], [12, 78], [18, 139], [5, 142], [0, 0]]","[0, 8, 9, 12, 3, 16, 2, 6, 17, 4, 10, 7, 19, 5, 20, 11, 14, 1, 18, 13, 15, 21]",391.5765752755607,13.8120436668396
