Id,Coordinates,Order,Distance,Time
4391,"[[0, 0], [5, 52], [7, 17], [5, 19], [2, 71], [9, 17], [8, 40], [2, 36], [6, 58], [1, 45], [10, 35], [1, 53], [9, 39], [8, 21], [2, 39], [1, 29], [4, 18], [9, 29], [9, 46], [2, 16], [4, 53], [0, 0]]","[0, 19, 16, 3, 2, 5, 13, 17, 10, 12, 6, 9, 11, 20, 1, 8, 4, 18, 14, 7, 15, 21]",163.65110924618244,17.14292073249817
