Id,Coordinates,Order,Distance,Time
9848,"[[0, 0], [69, 87], [73, 138], [12, 45], [31, 56], [10, 1], [78, 107], [21, 99], [74, 124], [15, 72], [72, 124], [39, 79], [25, 156], [38, 3], [24, 5], [42, 148], [32, 51], [47, 120], [13, 51], [15, 80], [71, 145], [0, 0]]","[0, 5, 14, 13, 16, 4, 9, 11, 1, 6, 8, 10, 2, 20, 15, 12, 17, 7, 19, 18, 3, 21]",457.8159825778436,13.94132137298584
