Id,Coordinates,Order,Distance,Time
9029,"[[0, 0], [40, 22], [93, 60], [84, 7], [63, 21], [2, 1], [80, 31], [49, 82], [31, 33], [46, 75], [28, 8], [29, 77], [68, 14], [64, 27], [45, 45], [47, 71], [41, 78], [76, 59], [51, 82], [94, 77], [17, 57], [0, 0]]","[0, 5, 10, 1, 14, 15, 9, 18, 7, 16, 11, 20, 13, 4, 12, 3, 6, 2, 19, 17, 8, 21]",439.00269383840634,17.86423969268799
