Id,Coordinates,Order,Distance,Time
9057,"[[0, 0], [46, 137], [58, 109], [11, 123], [2, 143], [15, 77], [21, 153], [21, 28], [28, 133], [1, 48], [11, 48], [22, 1], [58, 143], [4, 79], [47, 49], [31, 102], [23, 77], [35, 146], [44, 28], [26, 94], [30, 146], [0, 0]]","[0, 7, 10, 9, 13, 5, 16, 19, 15, 1, 12, 17, 20, 6, 4, 3, 8, 2, 14, 18, 11, 21]",475.08287457241244,12.638175964355469
