Id,Coordinates,Order,Distance,Time
2119,"[[0, 0], [16, 25], [35, 26], [7, 21], [44, 29], [48, 20], [29, 36], [2, 31], [12, 25], [10, 30], [8, 31], [6, 32], [50, 28], [33, 37], [23, 37], [38, 24], [14, 10], [41, 29], [2, 26], [51, 3], [50, 18], [0, 0]]","[0, 3, 18, 7, 11, 10, 9, 8, 1, 14, 6, 13, 2, 15, 17, 4, 12, 5, 20, 19, 16, 21]",185.95426161023317,14.721700429916382
