Id,Coordinates,Order,Distance,Time
6031,"[[0, 0], [153, 118], [137, 68], [129, 45], [85, 111], [59, 37], [50, 110], [28, 140], [155, 86], [19, 21], [146, 27], [100, 93], [151, 130], [89, 16], [62, 43], [79, 43], [64, 23], [13, 14], [71, 76], [141, 98], [174, 1], [0, 0]]","[0, 17, 9, 5, 14, 15, 2, 8, 19, 1, 12, 11, 4, 7, 6, 18, 3, 10, 20, 13, 16, 21]",773.2290225037137,19.352134227752686
