Id,Coordinates,Order,Distance,Time
5103,"[[0, 0], [44, 31], [103, 13], [71, 12], [97, 31], [88, 23], [42, 7], [20, 13], [50, 27], [86, 14], [27, 10], [23, 16], [31, 21], [51, 25], [3, 23], [107, 20], [67, 31], [40, 31], [13, 11], [54, 24], [87, 10], [0, 0]]","[0, 14, 7, 11, 12, 17, 1, 8, 13, 19, 16, 5, 4, 15, 2, 20, 9, 3, 6, 10, 18, 21]",269.18921704212136,20.838003635406494
