Id,Coordinates,Order,Distance,Time
5955,"[[0, 0], [40, 177], [45, 80], [8, 135], [14, 111], [108, 35], [24, 137], [55, 120], [105, 119], [27, 124], [51, 63], [10, 44], [78, 79], [70, 122], [43, 45], [112, 155], [55, 167], [17, 184], [34, 84], [5, 153], [29, 166], [0, 0]]","[0, 11, 14, 10, 2, 18, 4, 9, 6, 3, 19, 17, 20, 1, 16, 7, 13, 15, 8, 12, 5, 21]",681.9901915054428,17.720703840255737
