Id,Coordinates,Order,Distance,Time
3152,"[[0, 0], [5, 27], [8, 3], [11, 18], [21, 29], [8, 28], [21, 20], [16, 6], [6, 2], [4, 6], [15, 30], [3, 33], [2, 33], [14, 31], [10, 3], [5, 33], [8, 2], [12, 31], [13, 18], [20, 26], [7, 30], [0, 0]]","[0, 8, 16, 2, 14, 7, 3, 18, 6, 19, 4, 10, 13, 17, 5, 20, 15, 11, 12, 1, 9, 21]",107.80570856522912,16.195886611938477
