Id,Coordinates,Order,Distance,Time
59,"[[0, 0], [16, 142], [11, 74], [82, 28], [69, 141], [52, 45], [8, 21], [44, 72], [6, 21], [81, 33], [32, 105], [22, 45], [47, 145], [1, 148], [78, 5], [28, 3], [45, 126], [14, 67], [62, 109], [50, 58], [40, 10], [0, 0]]","[0, 8, 6, 15, 20, 5, 19, 7, 11, 14, 3, 9, 18, 16, 12, 4, 1, 13, 10, 2, 17, 21]",640.6422951032231,19.18100142478943
