Id,Coordinates,Order,Distance,Time
1875,"[[0, 0], [3, 33], [32, 63], [54, 24], [3, 29], [12, 39], [24, 30], [61, 25], [22, 51], [53, 6], [22, 6], [57, 4], [16, 3], [41, 52], [48, 26], [40, 41], [12, 64], [38, 35], [52, 63], [5, 57], [41, 2], [0, 0]]","[0, 12, 10, 20, 9, 11, 3, 7, 14, 17, 15, 13, 18, 2, 5, 1, 4, 19, 16, 8, 6, 21]",325.1813427353984,20.75008511543274
