Id,Coordinates,Order,Distance,Time
8872,"[[0, 0], [77, 41], [9, 22], [27, 63], [109, 40], [31, 24], [20, 29], [60, 10], [52, 64], [115, 32], [69, 8], [18, 34], [59, 31], [94, 15], [45, 65], [101, 21], [27, 53], [96, 57], [81, 10], [36, 40], [19, 50], [0, 0]]","[0, 2, 6, 11, 20, 16, 3, 14, 8, 1, 17, 4, 9, 15, 13, 18, 10, 7, 12, 19, 5, 21]",355.18847076087803,14.986248016357422
