Id,Coordinates,Order,Distance,Time
8111,"[[0, 0], [88, 22], [166, 68], [28, 25], [91, 8], [60, 15], [23, 58], [109, 7], [138, 21], [32, 56], [127, 53], [31, 60], [61, 43], [161, 75], [123, 62], [124, 17], [63, 63], [101, 22], [55, 45], [79, 21], [114, 56], [0, 0]]","[0, 3, 9, 11, 6, 18, 12, 16, 19, 1, 17, 7, 15, 8, 2, 13, 10, 14, 20, 4, 5, 21]",529.040957796017,13.754713773727417
