Id,Coordinates,Order,Distance,Time
1899,"[[0, 0], [25, 119], [17, 1], [66, 38], [16, 34], [25, 128], [34, 23], [10, 6], [32, 113], [41, 133], [50, 63], [43, 74], [50, 167], [48, 109], [50, 25], [54, 51], [24, 1], [61, 123], [56, 83], [27, 72], [58, 139], [0, 0]]","[0, 2, 16, 6, 14, 3, 15, 10, 11, 18, 8, 1, 5, 9, 12, 20, 17, 13, 19, 4, 7, 21]",438.60454189502207,16.040706634521484
