Id,Coordinates,Order,Distance,Time
9942,"[[0, 0], [25, 28], [17, 27], [40, 116], [38, 102], [35, 131], [13, 29], [3, 174], [28, 89], [18, 130], [23, 82], [10, 81], [8, 67], [12, 28], [16, 82], [2, 14], [16, 118], [12, 57], [34, 113], [16, 142], [37, 32], [0, 0]]","[0, 15, 13, 6, 2, 1, 20, 17, 14, 10, 8, 4, 18, 3, 5, 7, 19, 9, 16, 11, 12, 21]",415.41830001941946,18.765350341796875
