Id,Coordinates,Order,Distance,Time
9555,"[[0, 0], [80, 17], [145, 14], [46, 2], [87, 22], [65, 4], [153, 13], [125, 12], [10, 11], [8, 7], [39, 22], [3, 3], [89, 22], [85, 8], [144, 3], [3, 4], [46, 17], [82, 18], [23, 3], [106, 7], [75, 12], [0, 0]]","[0, 11, 15, 9, 8, 10, 16, 5, 20, 1, 17, 4, 12, 19, 7, 2, 6, 14, 13, 3, 18, 21]",336.5233804123434,14.227748394012451
