Id,Coordinates,Order,Distance,Time
142,"[[0, 0], [11, 69], [45, 93], [67, 65], [17, 89], [22, 17], [2, 51], [38, 20], [2, 86], [47, 63], [50, 19], [39, 55], [29, 8], [43, 80], [33, 95], [33, 101], [33, 73], [42, 99], [2, 90], [46, 91], [20, 5], [0, 0]]","[0, 20, 12, 7, 10, 3, 9, 16, 13, 19, 2, 17, 15, 14, 4, 18, 8, 1, 6, 11, 5, 21]",372.39036504063404,21.22660994529724
