Id,Coordinates,Order,Distance,Time
177,"[[0, 0], [142, 35], [79, 40], [124, 40], [92, 20], [16, 19], [145, 37], [149, 45], [101, 37], [38, 38], [62, 18], [39, 23], [153, 26], [60, 33], [108, 24], [28, 36], [41, 6], [42, 33], [170, 8], [139, 37], [5, 31], [0, 0]]","[0, 5, 20, 15, 9, 17, 11, 13, 2, 8, 3, 19, 1, 6, 7, 12, 18, 14, 4, 10, 16, 21]",431.4447606450352,15.367175579071045
