Id,Coordinates,Order,Distance,Time
8008,"[[0, 0], [119, 62], [157, 20], [88, 18], [29, 73], [63, 79], [88, 71], [131, 42], [186, 91], [4, 44], [160, 100], [128, 118], [134, 86], [184, 106], [108, 38], [136, 100], [93, 119], [130, 1], [119, 8], [117, 100], [150, 39], [0, 0]]","[0, 9, 4, 5, 6, 1, 20, 2, 17, 18, 7, 12, 19, 16, 11, 15, 10, 13, 8, 14, 3, 21]",743.2097764178422,14.690541982650757
