Id,Coordinates,Order,Distance,Time
5500,"[[0, 0], [11, 24], [82, 15], [10, 8], [2, 18], [112, 10], [65, 25], [58, 10], [88, 12], [52, 2], [84, 3], [90, 18], [75, 20], [1, 11], [6, 19], [67, 1], [21, 17], [59, 19], [10, 6], [101, 17], [18, 11], [0, 0]]","[0, 13, 4, 14, 1, 16, 7, 17, 6, 12, 2, 8, 11, 19, 5, 10, 15, 9, 20, 3, 18, 21]",271.0025522486076,16.88968586921692
