Id,Coordinates,Order,Distance,Time
2854,"[[0, 0], [52, 69], [122, 135], [8, 21], [17, 146], [99, 126], [50, 107], [45, 38], [40, 141], [29, 72], [123, 55], [16, 25], [67, 87], [68, 139], [64, 22], [101, 80], [24, 150], [45, 56], [19, 55], [70, 112], [126, 130], [0, 0]]","[0, 3, 18, 9, 17, 1, 12, 19, 6, 4, 16, 8, 13, 5, 2, 20, 15, 10, 14, 7, 11, 21]",596.951140006856,21.399210929870605
