Id,Coordinates,Order,Distance,Time
9945,"[[0, 0], [16, 36], [15, 117], [107, 155], [44, 170], [17, 121], [118, 78], [34, 147], [27, 76], [83, 181], [76, 53], [38, 18], [74, 144], [24, 118], [2, 86], [120, 2], [15, 71], [28, 124], [92, 169], [116, 113], [24, 46], [0, 0]]","[0, 1, 20, 8, 16, 14, 2, 5, 13, 17, 7, 4, 12, 9, 18, 3, 19, 6, 15, 10, 11, 21]",644.3649263055152,17.898420572280884
