Id,Coordinates,Order,Distance,Time
8607,"[[0, 0], [86, 15], [30, 63], [100, 52], [81, 48], [11, 33], [73, 50], [121, 3], [34, 100], [21, 29], [59, 42], [83, 76], [54, 55], [44, 8], [76, 65], [100, 98], [71, 27], [79, 57], [81, 65], [15, 78], [23, 80], [0, 0]]","[0, 5, 9, 13, 16, 1, 7, 3, 18, 14, 11, 15, 17, 4, 6, 12, 8, 20, 19, 2, 10, 21]",580.0324881672796,13.298956155776978
