Id,Coordinates,Order,Distance,Time
8519,"[[0, 0], [79, 21], [75, 36], [126, 38], [35, 39], [45, 44], [6, 59], [129, 47], [25, 37], [23, 29], [2, 27], [118, 40], [55, 19], [21, 24], [68, 3], [141, 33], [119, 45], [46, 29], [132, 16], [98, 36], [115, 12], [0, 0]]","[0, 13, 9, 8, 4, 17, 12, 14, 1, 19, 11, 16, 7, 3, 15, 18, 20, 2, 5, 6, 10, 21]",425.4526576819209,13.27838134765625
