Id,Coordinates,Order,Distance,Time
5076,"[[0, 0], [14, 12], [60, 9], [33, 34], [17, 5], [15, 69], [75, 58], [72, 70], [3, 80], [16, 7], [41, 52], [45, 53], [65, 87], [68, 98], [75, 74], [5, 88], [50, 20], [71, 58], [28, 90], [5, 95], [47, 24], [0, 0]]","[0, 4, 9, 1, 20, 16, 2, 3, 10, 11, 17, 6, 7, 14, 12, 13, 18, 19, 15, 8, 5, 21]",382.0537081339835,20.750054359436035
