Id,Coordinates,Order,Distance,Time
148,"[[0, 0], [23, 93], [89, 1], [99, 57], [13, 161], [66, 24], [52, 92], [77, 34], [55, 45], [106, 128], [64, 64], [59, 167], [23, 70], [78, 19], [39, 95], [43, 187], [79, 68], [22, 144], [26, 131], [97, 36], [36, 151], [0, 0]]","[0, 5, 13, 2, 19, 16, 10, 12, 1, 14, 6, 18, 17, 20, 4, 15, 11, 9, 3, 7, 8, 21]",711.7911125184542,20.344971656799316
