Id,Coordinates,Order,Distance,Time
418,"[[0, 0], [30, 60], [64, 56], [140, 29], [104, 42], [28, 45], [73, 23], [118, 10], [91, 9], [13, 43], [125, 41], [132, 15], [57, 10], [78, 27], [133, 14], [102, 44], [66, 10], [82, 22], [62, 11], [124, 30], [127, 43], [0, 0]]","[0, 9, 5, 1, 2, 13, 6, 16, 17, 15, 4, 10, 20, 19, 3, 11, 14, 7, 8, 18, 12, 21]",419.6980997276181,18.310746908187866
