Id,Coordinates,Order,Distance,Time
828,"[[0, 0], [81, 28], [35, 17], [183, 2], [67, 35], [84, 27], [67, 25], [77, 8], [19, 27], [140, 4], [155, 41], [45, 12], [69, 13], [89, 37], [50, 20], [130, 33], [125, 26], [167, 5], [193, 6], [105, 18], [145, 8], [0, 0]]","[0, 8, 2, 11, 14, 6, 4, 1, 5, 13, 16, 9, 20, 17, 3, 18, 10, 15, 19, 7, 12, 21]",465.5845737150038,16.68714666366577
