Id,Coordinates,Order,Distance,Time
2313,"[[0, 0], [142, 102], [176, 125], [6, 29], [35, 61], [116, 129], [115, 42], [11, 34], [167, 113], [140, 12], [12, 35], [17, 62], [22, 69], [38, 30], [125, 128], [146, 71], [86, 119], [62, 96], [135, 85], [168, 92], [69, 62], [0, 0]]","[0, 3, 7, 10, 11, 12, 4, 20, 17, 16, 5, 14, 1, 8, 2, 19, 18, 15, 6, 9, 13, 21]",623.436909511381,13.51347279548645
