Id,Coordinates,Order,Distance,Time
9562,"[[0, 0], [3, 45], [91, 31], [11, 76], [72, 56], [77, 75], [28, 79], [55, 28], [73, 76], [22, 42], [32, 13], [73, 83], [52, 65], [43, 30], [38, 15], [41, 80], [10, 12], [17, 65], [71, 33], [1, 7], [38, 19], [0, 0]]","[0, 16, 10, 14, 20, 13, 7, 18, 2, 4, 5, 8, 11, 12, 15, 6, 3, 17, 9, 1, 19, 21]",347.236778028683,15.972166538238525
