Id,Coordinates,Order,Distance,Time
8810,"[[0, 0], [76, 13], [47, 2], [147, 22], [20, 7], [2, 2], [116, 4], [175, 13], [79, 13], [51, 20], [2, 16], [110, 22], [32, 1], [97, 15], [149, 11], [136, 5], [127, 20], [70, 5], [2, 1], [62, 16], [133, 18], [0, 0]]","[0, 18, 5, 10, 4, 12, 9, 19, 1, 8, 13, 11, 16, 20, 3, 7, 14, 15, 6, 17, 2, 21]",382.62600415755645,15.241220951080322
