Id,Coordinates,Order,Distance,Time
9621,"[[0, 0], [67, 20], [143, 54], [51, 71], [27, 17], [18, 49], [145, 29], [38, 10], [27, 59], [104, 65], [36, 16], [4, 11], [13, 43], [121, 62], [104, 15], [141, 24], [130, 62], [65, 41], [104, 50], [63, 73], [6, 16], [0, 0]]","[0, 11, 20, 4, 10, 19, 3, 8, 5, 12, 17, 18, 9, 13, 16, 2, 6, 15, 14, 1, 7, 21]",494.96076236663913,13.757580280303955
