Id,Coordinates,Order,Distance,Time
827,"[[0, 0], [32, 92], [42, 59], [71, 114], [9, 32], [90, 11], [14, 153], [21, 21], [27, 16], [83, 21], [7, 73], [54, 116], [30, 39], [90, 142], [8, 70], [18, 99], [70, 123], [73, 77], [105, 71], [111, 114], [16, 121], [0, 0]]","[0, 7, 8, 12, 14, 10, 1, 11, 3, 16, 13, 19, 18, 5, 9, 17, 20, 6, 15, 2, 4, 21]",708.6962018845035,17.076209783554077
