Id,Coordinates,Order,Distance,Time
3329,"[[0, 0], [152, 79], [111, 73], [22, 54], [99, 58], [110, 44], [134, 34], [91, 90], [158, 70], [6, 26], [3, 78], [16, 37], [120, 82], [59, 17], [99, 13], [67, 83], [168, 47], [110, 16], [33, 85], [109, 34], [48, 10], [0, 0]]","[0, 9, 11, 3, 10, 18, 15, 7, 4, 6, 16, 8, 1, 12, 2, 5, 19, 17, 14, 13, 20, 21]",542.4057082610955,10.716418266296387
