Id,Coordinates,Order,Distance,Time
519,"[[0, 0], [2, 2], [12, 12], [24, 12], [8, 20], [22, 18], [23, 16], [2, 1], [8, 11], [19, 19], [12, 4], [13, 18], [13, 1], [23, 11], [25, 18], [25, 7], [19, 7], [2, 6], [19, 19], [18, 19], [25, 12], [0, 0]]","[0, 7, 1, 17, 8, 4, 11, 19, 9, 18, 5, 6, 14, 20, 3, 13, 15, 16, 2, 10, 12, 21]",94.44663199153707,19.320948839187622
