Id,Coordinates,Order,Distance,Time
746,"[[0, 0], [60, 31], [18, 42], [62, 1], [73, 65], [85, 18], [21, 34], [15, 99], [80, 85], [27, 41], [58, 77], [22, 74], [60, 38], [67, 30], [59, 105], [6, 32], [18, 70], [50, 125], [26, 112], [82, 85], [23, 27], [0, 0]]","[0, 15, 20, 6, 9, 2, 16, 11, 7, 18, 17, 14, 19, 8, 10, 4, 12, 1, 13, 5, 3, 21]",432.0849374559135,16.97965168952942
