Id,Coordinates,Order,Distance,Time
6650,"[[0, 0], [16, 26], [71, 8], [51, 25], [62, 2], [75, 12], [17, 8], [52, 17], [3, 4], [50, 26], [58, 31], [62, 17], [19, 7], [68, 7], [76, 21], [48, 1], [49, 28], [76, 9], [7, 8], [16, 23], [49, 21], [0, 0]]","[0, 8, 18, 19, 1, 16, 9, 3, 20, 7, 4, 13, 2, 17, 5, 14, 10, 11, 15, 12, 6, 21]",229.69996364530917,16.40754008293152
