Id,Coordinates,Order,Distance,Time
682,"[[0, 0], [49, 36], [26, 18], [31, 28], [27, 35], [27, 8], [24, 29], [39, 28], [19, 42], [51, 41], [32, 19], [52, 8], [38, 18], [37, 13], [31, 9], [3, 11], [55, 17], [40, 33], [3, 27], [22, 17], [40, 26], [0, 0]]","[0, 15, 18, 8, 4, 3, 20, 7, 17, 1, 9, 16, 11, 13, 12, 10, 6, 19, 2, 14, 5, 21]",230.9374238022838,16.87545895576477
