Id,Coordinates,Order,Distance,Time
4220,"[[0, 0], [57, 110], [30, 12], [52, 114], [5, 77], [10, 103], [45, 152], [7, 71], [33, 66], [46, 38], [24, 118], [2, 79], [57, 131], [27, 34], [51, 51], [8, 95], [50, 130], [18, 60], [2, 93], [45, 9], [35, 82], [0, 0]]","[0, 2, 19, 9, 14, 17, 7, 4, 11, 18, 15, 5, 10, 3, 12, 6, 16, 1, 20, 8, 13, 21]",439.9839106483095,15.247761964797974
