Id,Coordinates,Order,Distance,Time
6065,"[[0, 0], [9, 8], [16, 18], [29, 14], [31, 1], [31, 5], [26, 2], [10, 15], [13, 2], [31, 1], [32, 18], [24, 2], [28, 4], [25, 5], [6, 12], [23, 5], [24, 7], [23, 7], [36, 10], [18, 14], [27, 13], [0, 0]]","[0, 1, 14, 7, 2, 19, 17, 16, 13, 11, 6, 12, 9, 4, 5, 18, 10, 3, 20, 15, 8, 21]",116.08260573910755,14.412324905395508
