Id,Coordinates,Order,Distance,Time
580,"[[0, 0], [88, 48], [39, 13], [19, 66], [108, 18], [13, 18], [118, 72], [1, 68], [87, 87], [107, 37], [66, 50], [76, 12], [93, 85], [78, 38], [41, 85], [90, 5], [99, 73], [58, 49], [58, 88], [30, 48], [55, 47], [0, 0]]","[0, 5, 19, 7, 3, 14, 18, 8, 12, 16, 6, 9, 4, 15, 11, 13, 1, 10, 17, 20, 2, 21]",469.37406377698,19.92667555809021
