Id,Coordinates,Order,Distance,Time
1430,"[[0, 0], [6, 38], [6, 12], [65, 44], [60, 33], [26, 20], [59, 6], [65, 35], [37, 36], [45, 37], [53, 29], [53, 45], [61, 33], [26, 12], [34, 2], [46, 24], [18, 9], [14, 7], [52, 15], [20, 20], [43, 9], [0, 0]]","[0, 2, 17, 16, 13, 5, 19, 1, 8, 9, 4, 12, 7, 3, 11, 10, 15, 18, 6, 20, 14, 21]",261.3947302350937,16.40865683555603
