Id,Coordinates,Order,Distance,Time
5892,"[[0, 0], [17, 8], [18, 37], [10, 23], [9, 31], [16, 37], [20, 51], [18, 42], [11, 17], [8, 7], [10, 46], [16, 21], [6, 39], [14, 19], [11, 7], [5, 23], [3, 39], [17, 40], [3, 25], [8, 56], [6, 47], [0, 0]]","[0, 9, 14, 1, 8, 13, 11, 3, 4, 12, 10, 5, 2, 17, 7, 6, 19, 20, 16, 18, 15, 21]",165.52033897247563,14.026525020599365
