Id,Coordinates,Order,Distance,Time
3363,"[[0, 0], [7, 8], [38, 64], [38, 78], [30, 103], [31, 103], [3, 77], [7, 34], [43, 76], [9, 59], [31, 31], [60, 76], [36, 83], [33, 98], [14, 49], [11, 84], [54, 41], [21, 99], [60, 16], [18, 70], [3, 20], [0, 0]]","[0, 20, 7, 14, 9, 19, 6, 15, 17, 4, 5, 13, 12, 3, 8, 11, 2, 16, 18, 10, 1, 21]",335.5512235677399,17.968000650405884
