Id,Coordinates,Order,Distance,Time
4213,"[[0, 0], [6, 83], [24, 59], [3, 12], [14, 18], [28, 96], [13, 94], [1, 46], [20, 12], [16, 54], [13, 35], [26, 85], [12, 19], [16, 55], [24, 100], [2, 104], [7, 10], [27, 143], [18, 49], [18, 44], [11, 6], [0, 0]]","[0, 20, 8, 4, 12, 10, 19, 18, 9, 13, 2, 11, 5, 14, 17, 15, 6, 1, 7, 3, 16, 21]",328.0459680996813,15.986504077911377
