Id,Coordinates,Order,Distance,Time
3292,"[[0, 0], [106, 79], [4, 79], [55, 72], [137, 22], [33, 114], [114, 65], [113, 79], [114, 14], [31, 110], [87, 51], [36, 112], [135, 46], [61, 102], [114, 88], [8, 24], [154, 114], [132, 21], [89, 38], [124, 63], [136, 103], [0, 0]]","[0, 15, 2, 9, 5, 11, 13, 10, 18, 8, 17, 4, 12, 19, 6, 16, 20, 14, 7, 1, 3, 21]",608.6646008644177,12.668969631195068
