Id,Coordinates,Order,Distance,Time
1168,"[[0, 0], [155, 10], [53, 63], [127, 60], [94, 17], [141, 41], [16, 60], [80, 56], [172, 15], [143, 50], [166, 43], [107, 13], [147, 19], [16, 2], [65, 32], [116, 25], [121, 23], [2, 12], [68, 27], [155, 43], [54, 8], [0, 0]]","[0, 13, 20, 18, 14, 4, 11, 15, 16, 12, 1, 8, 10, 19, 9, 5, 3, 7, 2, 6, 17, 21]",466.42888879418007,17.45144486427307
