Id,Coordinates,Order,Distance,Time
9024,"[[0, 0], [8, 3], [3, 11], [10, 7], [39, 11], [9, 5], [42, 1], [27, 8], [18, 10], [17, 7], [11, 4], [20, 6], [7, 2], [1, 3], [21, 1], [40, 7], [31, 3], [10, 6], [28, 1], [37, 11], [5, 7], [0, 0]]","[0, 13, 20, 2, 3, 17, 9, 11, 14, 18, 16, 19, 4, 15, 6, 7, 8, 10, 5, 1, 12, 21]",117.89759649848975,13.210772275924683
