Id,Coordinates,Order,Distance,Time
7611,"[[0, 0], [9, 67], [24, 24], [45, 124], [2, 122], [67, 91], [52, 90], [66, 126], [52, 124], [7, 90], [12, 129], [16, 34], [56, 111], [90, 102], [23, 56], [47, 60], [8, 139], [78, 142], [73, 122], [2, 141], [64, 92], [0, 0]]","[0, 11, 14, 1, 9, 4, 19, 16, 10, 3, 8, 12, 7, 17, 18, 13, 5, 20, 6, 15, 2, 21]",455.8058824206227,16.154611110687256
