Id,Coordinates,Order,Distance,Time
4714,"[[0, 0], [81, 77], [55, 61], [9, 117], [81, 39], [75, 89], [25, 121], [79, 113], [102, 64], [134, 75], [64, 94], [31, 111], [131, 145], [27, 124], [100, 85], [37, 86], [6, 26], [73, 30], [110, 119], [116, 14], [124, 84], [0, 0]]","[0, 2, 1, 5, 10, 7, 18, 12, 9, 20, 14, 8, 19, 17, 4, 15, 11, 6, 13, 3, 16, 21]",707.2501033860598,17.64474654197693
