Id,Coordinates,Order,Distance,Time
9563,"[[0, 0], [24, 61], [31, 137], [19, 51], [5, 149], [18, 71], [3, 135], [125, 109], [62, 117], [77, 111], [4, 122], [132, 6], [105, 70], [104, 141], [57, 67], [105, 151], [111, 35], [21, 91], [45, 102], [16, 89], [81, 57], [0, 0]]","[0, 3, 1, 5, 19, 17, 18, 8, 9, 13, 15, 7, 12, 11, 16, 20, 14, 2, 6, 4, 10, 21]",740.188591765124,15.22790265083313
