Id,Coordinates,Order,Distance,Time
2277,"[[0, 0], [95, 16], [69, 64], [13, 88], [45, 15], [106, 34], [98, 110], [59, 45], [92, 29], [9, 103], [82, 10], [14, 65], [73, 103], [48, 130], [60, 26], [17, 32], [67, 78], [86, 79], [40, 111], [91, 34], [84, 12], [0, 0]]","[0, 15, 2, 16, 17, 6, 12, 13, 18, 9, 3, 11, 7, 19, 8, 5, 1, 10, 20, 14, 4, 21]",551.7465925988246,17.060822010040283
