Id,Coordinates,Order,Distance,Time
1434,"[[0, 0], [52, 34], [61, 43], [32, 41], [17, 19], [57, 27], [21, 57], [33, 130], [27, 140], [32, 129], [41, 24], [29, 44], [67, 121], [25, 162], [1, 23], [63, 106], [64, 9], [18, 72], [44, 117], [17, 19], [1, 154], [0, 0]]","[0, 14, 4, 19, 10, 3, 11, 6, 17, 18, 9, 7, 8, 20, 13, 12, 15, 2, 1, 5, 16, 21]",496.4377717376274,17.051158666610718
