Id,Coordinates,Order,Distance,Time
5460,"[[0, 0], [76, 157], [63, 74], [114, 9], [38, 136], [51, 28], [54, 14], [28, 73], [27, 105], [20, 96], [74, 63], [26, 49], [72, 14], [130, 12], [13, 86], [97, 131], [95, 120], [85, 112], [6, 156], [3, 34], [119, 94], [0, 0]]","[0, 19, 11, 7, 14, 9, 8, 18, 4, 1, 15, 16, 17, 20, 10, 2, 13, 3, 12, 6, 5, 21]",670.8777227740563,16.535659074783325
