Id,Coordinates,Order,Distance,Time
4547,"[[0, 0], [40, 44], [9, 37], [16, 6], [87, 62], [31, 14], [24, 13], [78, 21], [53, 34], [18, 39], [5, 26], [72, 59], [51, 59], [3, 16], [49, 47], [93, 21], [103, 1], [110, 15], [67, 13], [27, 20], [102, 22], [0, 0]]","[0, 13, 10, 2, 9, 8, 1, 14, 12, 11, 4, 15, 20, 17, 16, 7, 18, 5, 19, 6, 3, 21]",357.0577914697332,15.16006350517273
