Id,Coordinates,Order,Distance,Time
6048,"[[0, 0], [6, 94], [15, 2], [29, 65], [29, 147], [14, 56], [16, 132], [29, 116], [21, 87], [10, 109], [20, 99], [8, 116], [26, 80], [13, 174], [8, 109], [5, 141], [3, 141], [7, 133], [17, 78], [10, 5], [23, 129], [0, 0]]","[0, 19, 2, 5, 3, 12, 8, 1, 9, 14, 11, 17, 15, 16, 6, 13, 4, 20, 7, 10, 18, 21]",422.6397580742023,16.99337410926819
