Id,Coordinates,Order,Distance,Time
5070,"[[0, 0], [134, 160], [26, 149], [147, 180], [114, 104], [176, 71], [12, 100], [111, 119], [123, 145], [118, 158], [110, 46], [176, 82], [103, 57], [160, 112], [68, 85], [127, 34], [24, 140], [150, 44], [85, 111], [11, 127], [149, 162], [0, 0]]","[0, 6, 19, 16, 2, 18, 4, 7, 8, 9, 1, 3, 20, 13, 11, 5, 17, 15, 10, 12, 14, 21]",716.5825105921637,19.898030996322632
