Id,Coordinates,Order,Distance,Time
547,"[[0, 0], [44, 25], [23, 84], [90, 64], [92, 108], [149, 23], [32, 5], [73, 121], [84, 123], [177, 80], [37, 66], [169, 37], [112, 9], [97, 57], [30, 146], [62, 130], [112, 113], [14, 105], [152, 113], [9, 58], [75, 87], [0, 0]]","[0, 19, 2, 17, 14, 15, 7, 8, 4, 16, 18, 9, 11, 5, 12, 13, 3, 20, 10, 1, 6, 21]",670.3492583512058,21.10573434829712
