Id,Coordinates,Order,Distance,Time
5312,"[[0, 0], [10, 6], [6, 24], [5, 24], [13, 3], [6, 7], [11, 5], [3, 23], [3, 16], [7, 17], [4, 12], [7, 4], [5, 6], [7, 28], [6, 24], [13, 10], [9, 16], [10, 6], [2, 27], [1, 24], [3, 16], [0, 0]]","[0, 12, 5, 11, 1, 17, 6, 4, 15, 16, 9, 8, 20, 3, 2, 14, 13, 18, 19, 7, 10, 21]",87.36636270105154,16.039124965667725
