Id,Coordinates,Order,Distance,Time
2000,"[[0, 0], [56, 13], [20, 28], [34, 18], [9, 2], [3, 6], [4, 23], [25, 9], [26, 8], [33, 3], [30, 14], [42, 24], [60, 8], [58, 23], [61, 15], [22, 17], [26, 1], [10, 14], [47, 27], [40, 22], [27, 27], [0, 0]]","[0, 5, 17, 6, 2, 20, 15, 7, 8, 10, 3, 19, 11, 18, 13, 14, 12, 1, 9, 16, 4, 21]",193.19793038966523,15.33933687210083
