Id,Coordinates,Order,Distance,Time
8787,"[[0, 0], [151, 108], [43, 97], [103, 49], [108, 96], [7, 103], [143, 96], [5, 94], [6, 73], [84, 54], [136, 108], [148, 73], [35, 24], [143, 82], [16, 58], [101, 42], [54, 92], [151, 95], [11, 70], [155, 13], [13, 105], [0, 0]]","[0, 14, 18, 8, 7, 5, 20, 2, 16, 9, 15, 3, 4, 10, 1, 17, 6, 13, 11, 19, 12, 21]",595.6347596779289,15.015166997909546
