Id,Coordinates,Order,Distance,Time
5926,"[[0, 0], [8, 54], [18, 10], [6, 22], [10, 48], [18, 18], [18, 51], [8, 18], [18, 53], [8, 24], [19, 56], [14, 29], [4, 35], [19, 3], [13, 47], [5, 7], [14, 45], [16, 52], [13, 33], [5, 7], [7, 44], [0, 0]]","[0, 15, 19, 7, 3, 9, 18, 12, 20, 4, 1, 10, 8, 6, 17, 14, 16, 11, 5, 2, 13, 21]",155.2880626786702,17.611107349395752
