Id,Coordinates,Order,Distance,Time
1966,"[[0, 0], [31, 110], [61, 166], [30, 75], [18, 16], [21, 78], [52, 160], [18, 133], [30, 55], [6, 104], [6, 56], [50, 54], [56, 159], [42, 65], [62, 47], [9, 18], [7, 153], [37, 120], [29, 101], [29, 165], [58, 73], [0, 0]]","[0, 4, 8, 11, 14, 20, 13, 3, 5, 18, 1, 7, 16, 19, 6, 2, 12, 17, 9, 10, 15, 21]",502.44955969750737,20.004594564437866
