Id,Coordinates,Order,Distance,Time
852,"[[0, 0], [107, 2], [63, 5], [11, 6], [20, 10], [8, 7], [114, 12], [28, 4], [1, 9], [5, 11], [68, 13], [91, 9], [24, 7], [70, 4], [30, 13], [80, 13], [80, 3], [64, 15], [5, 11], [102, 5], [105, 7], [0, 0]]","[0, 8, 9, 18, 5, 3, 4, 12, 14, 10, 17, 15, 11, 19, 20, 1, 6, 16, 13, 2, 7, 21]",262.8177691713176,17.810755014419556
