Id,Coordinates,Order,Distance,Time
430,"[[0, 0], [33, 104], [30, 73], [23, 22], [39, 82], [89, 101], [9, 105], [76, 127], [40, 23], [81, 33], [84, 6], [89, 91], [67, 134], [27, 98], [63, 79], [13, 100], [37, 61], [64, 55], [48, 57], [70, 92], [91, 71], [0, 0]]","[0, 3, 8, 18, 16, 2, 4, 13, 15, 6, 1, 14, 19, 12, 7, 5, 11, 20, 17, 9, 10, 21]",522.7379186917103,14.750950813293457
