Id,Coordinates,Order,Distance,Time
2830,"[[0, 0], [42, 20], [6, 4], [35, 16], [21, 9], [39, 18], [22, 11], [3, 6], [22, 13], [28, 19], [15, 19], [42, 12], [40, 21], [8, 14], [25, 10], [8, 20], [2, 17], [7, 2], [16, 18], [19, 21], [26, 9], [0, 0]]","[0, 7, 2, 13, 16, 15, 10, 18, 19, 8, 6, 14, 20, 9, 3, 5, 12, 1, 11, 4, 17, 21]",140.6067020224572,14.478052139282227
