Id,Coordinates,Order,Distance,Time
8965,"[[0, 0], [36, 26], [24, 76], [14, 80], [65, 121], [65, 72], [28, 112], [49, 93], [57, 98], [38, 1], [7, 130], [1, 110], [11, 48], [55, 76], [64, 89], [29, 20], [20, 17], [39, 48], [61, 53], [34, 111], [63, 74], [0, 0]]","[0, 9, 15, 1, 17, 18, 5, 20, 13, 14, 8, 7, 19, 6, 11, 10, 4, 2, 3, 12, 16, 21]",477.6380036273806,21.181711673736572
