Id,Coordinates,Order,Distance,Time
6758,"[[0, 0], [133, 38], [12, 94], [129, 121], [53, 43], [60, 45], [58, 51], [100, 91], [135, 52], [7, 43], [135, 115], [4, 127], [39, 13], [28, 118], [16, 90], [46, 87], [2, 86], [102, 43], [20, 103], [128, 8], [110, 94], [0, 0]]","[0, 12, 4, 5, 6, 15, 14, 2, 18, 13, 11, 16, 17, 19, 1, 8, 10, 3, 20, 7, 9, 21]",716.4692138824776,13.648942947387695
