Id,Coordinates,Order,Distance,Time
4993,"[[0, 0], [193, 87], [130, 59], [130, 4], [24, 2], [196, 26], [55, 26], [101, 99], [144, 119], [193, 23], [166, 12], [85, 76], [144, 15], [94, 83], [128, 2], [130, 96], [180, 18], [4, 87], [109, 67], [112, 75], [61, 59], [0, 0]]","[0, 17, 20, 11, 13, 7, 19, 18, 2, 15, 8, 1, 5, 9, 16, 10, 12, 3, 14, 6, 4, 21]",665.1855903617212,19.171183586120605
