Id,Coordinates,Order,Distance,Time
1719,"[[0, 0], [62, 17], [124, 74], [73, 41], [13, 71], [140, 92], [24, 90], [72, 168], [124, 77], [62, 163], [121, 106], [34, 46], [56, 122], [136, 34], [73, 93], [120, 146], [37, 127], [10, 3], [146, 145], [20, 41], [52, 82], [0, 0]]","[0, 19, 11, 4, 6, 20, 14, 12, 16, 9, 7, 15, 18, 10, 5, 8, 2, 13, 3, 1, 17, 21]",644.7069613242251,21.137518882751465
