Id,Coordinates,Order,Distance,Time
5984,"[[0, 0], [97, 74], [34, 39], [74, 135], [139, 97], [40, 43], [54, 40], [27, 134], [58, 9], [109, 75], [14, 41], [127, 30], [69, 28], [68, 19], [66, 53], [34, 57], [147, 115], [6, 105], [136, 67], [169, 68], [157, 92], [0, 0]]","[0, 10, 2, 5, 6, 14, 15, 17, 7, 3, 1, 9, 18, 4, 16, 20, 19, 11, 12, 13, 8, 21]",675.9985401291669,14.565528392791748
