Id,Coordinates,Order,Distance,Time
5326,"[[0, 0], [14, 110], [5, 136], [6, 155], [4, 56], [7, 69], [2, 131], [3, 117], [15, 152], [15, 148], [1, 79], [2, 42], [15, 41], [15, 41], [19, 29], [1, 105], [15, 94], [10, 166], [15, 141], [12, 167], [17, 140], [0, 0]]","[0, 14, 12, 13, 4, 5, 10, 16, 1, 7, 6, 2, 18, 20, 9, 8, 19, 17, 3, 15, 11, 21]",369.5835067445685,14.480412483215332
