Id,Coordinates,Order,Distance,Time
5495,"[[0, 0], [38, 75], [16, 97], [42, 57], [30, 98], [48, 14], [42, 57], [53, 93], [13, 49], [21, 63], [8, 65], [18, 47], [17, 10], [39, 21], [5, 45], [15, 79], [54, 42], [31, 41], [11, 12], [56, 43], [5, 99], [0, 0]]","[0, 18, 12, 13, 5, 16, 19, 3, 6, 9, 10, 15, 20, 2, 4, 7, 1, 17, 11, 8, 14, 21]",362.1002653617387,15.056140661239624
