Id,Coordinates,Order,Distance,Time
9595,"[[0, 0], [27, 36], [23, 26], [40, 56], [14, 32], [50, 55], [45, 28], [57, 29], [67, 8], [57, 9], [13, 49], [4, 40], [31, 54], [23, 26], [41, 22], [47, 6], [65, 4], [48, 3], [32, 42], [74, 38], [65, 4], [0, 0]]","[0, 2, 13, 1, 12, 3, 5, 6, 14, 15, 17, 9, 16, 20, 8, 19, 7, 18, 10, 11, 4, 21]",320.76552650442653,16.366362810134888
