Id,Coordinates,Order,Distance,Time
1525,"[[0, 0], [16, 29], [43, 97], [19, 96], [24, 7], [27, 70], [26, 11], [44, 3], [5, 50], [38, 11], [43, 14], [31, 16], [44, 47], [40, 31], [42, 103], [26, 8], [31, 57], [14, 76], [3, 60], [25, 61], [28, 57], [0, 0]]","[0, 4, 15, 6, 11, 9, 7, 10, 13, 12, 16, 20, 8, 18, 17, 3, 14, 2, 5, 19, 1, 21]",330.47400390055054,16.948322534561157
