Id,Coordinates,Order,Distance,Time
3809,"[[0, 0], [91, 181], [25, 145], [60, 179], [69, 123], [33, 2], [29, 177], [130, 173], [13, 61], [115, 43], [22, 185], [45, 83], [45, 81], [13, 31], [60, 64], [30, 93], [130, 182], [12, 138], [114, 107], [128, 6], [47, 63], [0, 0]]","[0, 13, 8, 20, 14, 12, 11, 15, 17, 2, 6, 10, 3, 1, 16, 7, 4, 18, 9, 19, 5, 21]",734.0735042021565,14.904584407806396
