Id,Coordinates,Order,Distance,Time
6026,"[[0, 0], [26, 20], [39, 25], [79, 42], [65, 38], [53, 29], [18, 41], [92, 40], [31, 41], [52, 24], [66, 8], [30, 39], [79, 25], [48, 11], [17, 32], [28, 41], [35, 40], [90, 10], [76, 16], [52, 8], [92, 14], [0, 0]]","[0, 1, 2, 5, 4, 3, 7, 12, 19, 13, 16, 8, 11, 15, 6, 14, 9, 18, 20, 17, 10, 21]",392.1470303314343,15.887307167053223
