Id,Coordinates,Order,Distance,Time
4454,"[[0, 0], [152, 2], [138, 36], [125, 79], [62, 19], [7, 71], [138, 84], [139, 76], [156, 48], [120, 37], [46, 88], [94, 28], [160, 93], [74, 5], [16, 36], [150, 51], [110, 98], [21, 74], [123, 39], [135, 28], [83, 9], [0, 0]]","[0, 14, 5, 17, 10, 16, 3, 6, 7, 12, 15, 8, 2, 19, 1, 9, 18, 11, 20, 13, 4, 21]",563.755852005721,15.308450937271118
