Id,Coordinates,Order,Distance,Time
6871,"[[0, 0], [183, 53], [14, 32], [139, 87], [18, 121], [52, 125], [106, 23], [46, 100], [26, 106], [172, 15], [55, 23], [77, 46], [76, 60], [111, 59], [104, 36], [194, 99], [191, 81], [156, 134], [137, 54], [48, 69], [30, 90], [0, 0]]","[0, 2, 12, 19, 20, 8, 4, 5, 7, 13, 18, 3, 17, 15, 16, 1, 9, 6, 14, 11, 10, 21]",777.2943588497707,17.190940856933594
