Id,Coordinates,Order,Distance,Time
7454,"[[0, 0], [20, 21], [63, 140], [117, 164], [118, 16], [34, 5], [71, 21], [26, 94], [81, 69], [101, 2], [40, 158], [45, 22], [89, 104], [90, 110], [20, 111], [6, 68], [90, 142], [93, 26], [66, 1], [66, 132], [41, 1], [0, 0]]","[0, 1, 5, 20, 11, 6, 18, 9, 4, 17, 8, 12, 13, 16, 3, 2, 10, 19, 7, 14, 15, 21]",674.5092139712469,16.180835962295532
