Id,Coordinates,Order,Distance,Time
791,"[[0, 0], [2, 38], [53, 171], [3, 69], [10, 138], [54, 45], [15, 131], [54, 64], [44, 176], [12, 129], [43, 179], [34, 41], [18, 155], [11, 154], [8, 157], [44, 85], [1, 140], [54, 107], [43, 49], [21, 127], [35, 61], [0, 0]]","[0, 11, 20, 18, 5, 7, 15, 17, 19, 6, 9, 4, 16, 14, 13, 12, 10, 8, 2, 3, 1, 21]",493.1605236020052,16.608363151550293
