Id,Coordinates,Order,Distance,Time
2803,"[[0, 0], [81, 80], [1, 129], [23, 161], [135, 124], [29, 27], [4, 120], [106, 45], [110, 176], [27, 181], [49, 125], [21, 167], [46, 147], [38, 38], [51, 155], [119, 126], [116, 49], [63, 141], [70, 133], [28, 65], [135, 142], [0, 0]]","[0, 5, 13, 7, 16, 1, 15, 4, 20, 8, 18, 17, 10, 12, 14, 9, 11, 3, 2, 6, 19, 21]",673.010749242058,18.026773691177368
