Id,Coordinates,Order,Distance,Time
3710,"[[0, 0], [1, 35], [11, 71], [22, 113], [6, 56], [15, 52], [17, 41], [17, 49], [2, 166], [16, 103], [13, 178], [18, 78], [10, 123], [11, 45], [20, 84], [1, 104], [12, 55], [8, 157], [10, 73], [8, 51], [4, 123], [0, 0]]","[0, 1, 13, 19, 4, 16, 2, 18, 11, 14, 9, 3, 12, 20, 17, 8, 10, 15, 5, 7, 6, 21]",399.19576525076997,14.88496708869934
