Id,Coordinates,Order,Distance,Time
6143,"[[0, 0], [11, 27], [69, 30], [96, 25], [170, 17], [25, 5], [167, 9], [27, 23], [161, 31], [51, 17], [148, 10], [58, 18], [5, 33], [107, 21], [74, 24], [168, 32], [65, 17], [143, 23], [86, 45], [113, 43], [38, 38], [0, 0]]","[0, 12, 1, 7, 20, 9, 11, 16, 14, 3, 13, 17, 10, 6, 4, 15, 8, 19, 18, 2, 5, 21]",435.0071468120848,16.562363147735596
