Id,Coordinates,Order,Distance,Time
7269,"[[0, 0], [30, 53], [29, 19], [84, 1], [14, 66], [64, 43], [82, 148], [63, 43], [37, 73], [34, 36], [59, 27], [76, 91], [33, 95], [15, 65], [55, 39], [31, 26], [48, 102], [8, 142], [41, 44], [45, 56], [72, 159], [0, 0]]","[0, 2, 15, 9, 18, 1, 13, 4, 12, 16, 8, 19, 5, 7, 14, 10, 3, 11, 6, 20, 17, 21]",650.5487659779112,15.417683601379395
