Id,Coordinates,Order,Distance,Time
3783,"[[0, 0], [23, 100], [46, 153], [25, 138], [87, 55], [96, 106], [49, 3], [55, 133], [24, 57], [65, 123], [31, 96], [125, 41], [93, 63], [60, 11], [71, 143], [40, 106], [12, 44], [8, 5], [87, 145], [82, 140], [89, 26], [0, 0]]","[0, 17, 8, 10, 15, 7, 14, 19, 18, 5, 11, 20, 13, 6, 4, 12, 9, 2, 3, 1, 16, 21]",723.2603764791921,13.82313871383667
