Id,Coordinates,Order,Distance,Time
4801,"[[0, 0], [14, 166], [41, 2], [43, 110], [146, 94], [1, 160], [97, 62], [189, 47], [25, 177], [87, 186], [30, 50], [57, 66], [91, 49], [167, 133], [15, 156], [63, 60], [137, 113], [180, 17], [192, 81], [150, 127], [54, 149], [0, 0]]","[0, 2, 11, 15, 12, 6, 16, 19, 13, 18, 7, 17, 4, 9, 20, 8, 1, 5, 14, 3, 10, 21]",885.3459903716151,15.299367189407349
