Id,Coordinates,Order,Distance,Time
3565,"[[0, 0], [12, 10], [139, 66], [10, 87], [31, 81], [114, 131], [13, 76], [130, 124], [53, 20], [110, 18], [55, 27], [13, 106], [89, 14], [18, 134], [56, 104], [64, 58], [15, 43], [55, 104], [63, 76], [8, 127], [136, 61], [0, 0]]","[0, 6, 3, 11, 19, 13, 18, 15, 10, 8, 12, 9, 20, 2, 7, 5, 14, 17, 4, 16, 1, 21]",649.8508250489896,14.960367202758789
