Id,Coordinates,Order,Distance,Time
3896,"[[0, 0], [11, 37], [1, 91], [91, 23], [104, 131], [38, 28], [4, 80], [27, 16], [23, 93], [80, 124], [46, 81], [6, 55], [9, 132], [7, 66], [60, 91], [105, 59], [7, 66], [13, 84], [11, 82], [84, 43], [66, 74], [0, 0]]","[0, 7, 5, 1, 11, 13, 16, 6, 18, 17, 2, 12, 8, 10, 20, 19, 3, 15, 4, 9, 14, 21]",613.7689329306211,16.030683279037476
