Id,Coordinates,Order,Distance,Time
5805,"[[0, 0], [34, 64], [43, 96], [54, 134], [53, 53], [11, 52], [51, 100], [3, 14], [66, 78], [72, 93], [47, 84], [41, 65], [12, 51], [27, 110], [78, 94], [52, 51], [10, 66], [82, 94], [71, 119], [79, 8], [43, 15], [0, 0]]","[0, 7, 12, 5, 16, 1, 11, 4, 8, 9, 14, 17, 18, 3, 13, 2, 6, 10, 15, 19, 20, 21]",468.56006914317635,19.182454586029053
