Id,Coordinates,Order,Distance,Time
4541,"[[0, 0], [42, 40], [93, 31], [12, 42], [147, 55], [52, 44], [80, 60], [81, 36], [96, 13], [68, 56], [97, 8], [85, 14], [97, 53], [143, 60], [122, 34], [96, 57], [51, 16], [124, 33], [82, 40], [120, 6], [97, 61], [0, 0]]","[0, 3, 1, 5, 9, 6, 20, 15, 12, 18, 7, 11, 8, 10, 19, 14, 17, 4, 13, 2, 16, 21]",451.3953751022867,13.788176536560059
