Id,Coordinates,Order,Distance,Time
4294,"[[0, 0], [103, 94], [41, 102], [99, 42], [116, 107], [59, 11], [85, 37], [137, 32], [162, 13], [101, 116], [95, 76], [105, 89], [98, 111], [121, 88], [79, 12], [158, 41], [64, 86], [111, 114], [151, 54], [150, 86], [82, 24], [0, 0]]","[0, 5, 14, 20, 6, 10, 11, 1, 12, 9, 17, 4, 13, 19, 18, 15, 8, 7, 3, 16, 2, 21]",597.7993235055491,14.748276472091675
