Id,Coordinates,Order,Distance,Time
132,"[[0, 0], [11, 11], [97, 5], [35, 14], [55, 29], [39, 30], [27, 4], [29, 22], [140, 31], [141, 12], [31, 30], [108, 25], [126, 3], [43, 1], [122, 1], [3, 24], [80, 3], [98, 9], [140, 4], [126, 27], [52, 2], [0, 0]]","[0, 15, 7, 10, 5, 13, 20, 16, 17, 11, 19, 8, 9, 18, 12, 14, 2, 4, 3, 6, 1, 21]",392.4849426149261,20.71117925643921
