Id,Coordinates,Order,Distance,Time
6260,"[[0, 0], [39, 6], [76, 85], [54, 11], [37, 23], [8, 39], [97, 3], [40, 55], [30, 52], [66, 37], [54, 47], [48, 38], [32, 44], [23, 87], [86, 64], [87, 73], [18, 44], [77, 23], [49, 30], [64, 9], [90, 54], [0, 0]]","[0, 1, 3, 19, 9, 10, 11, 12, 7, 8, 16, 5, 13, 2, 15, 14, 20, 6, 17, 18, 4, 21]",491.22315577168837,16.31518054008484
