Id,Coordinates,Order,Distance,Time
566,"[[0, 0], [36, 12], [77, 42], [55, 70], [73, 70], [40, 23], [42, 44], [52, 40], [5, 44], [22, 34], [32, 36], [27, 18], [65, 43], [24, 56], [3, 47], [20, 17], [23, 74], [74, 79], [22, 4], [29, 23], [24, 27], [0, 0]]","[0, 15, 11, 19, 20, 10, 6, 7, 12, 2, 4, 17, 3, 16, 13, 14, 8, 9, 5, 1, 18, 21]",331.21070927024925,20.456860780715942
