Id,Coordinates,Order,Distance,Time
9019,"[[0, 0], [9, 8], [10, 23], [1, 3], [11, 2], [22, 6], [3, 12], [13, 2], [11, 20], [13, 16], [5, 22], [15, 19], [3, 22], [11, 3], [21, 10], [22, 13], [5, 4], [14, 5], [17, 10], [11, 13], [26, 22], [0, 0]]","[0, 3, 16, 13, 4, 7, 17, 18, 14, 5, 15, 20, 9, 11, 8, 2, 10, 12, 6, 19, 1, 21]",117.13013107085622,13.718587160110474
