Id,Coordinates,Order,Distance,Time
7529,"[[0, 0], [20, 27], [78, 13], [5, 19], [81, 19], [134, 8], [21, 5], [63, 26], [143, 9], [84, 16], [126, 30], [101, 11], [20, 14], [157, 15], [49, 31], [37, 33], [50, 13], [139, 4], [139, 18], [132, 27], [49, 17], [0, 0]]","[0, 3, 12, 1, 15, 14, 20, 7, 4, 9, 11, 10, 19, 13, 8, 17, 5, 18, 2, 16, 6, 21]",395.50341391069065,19.308897256851196
