Id,Coordinates,Order,Distance,Time
329,"[[0, 0], [19, 37], [52, 29], [73, 13], [69, 8], [52, 37], [6, 25], [88, 3], [70, 31], [73, 3], [56, 33], [17, 22], [91, 28], [37, 4], [26, 18], [69, 14], [90, 3], [62, 13], [55, 7], [50, 20], [43, 21], [0, 0]]","[0, 6, 11, 14, 20, 19, 2, 10, 5, 8, 15, 3, 4, 9, 17, 12, 16, 7, 18, 13, 1, 21]",348.9686410153686,13.50654649734497
