Id,Coordinates,Order,Distance,Time
5397,"[[0, 0], [86, 52], [33, 37], [64, 73], [68, 49], [63, 15], [61, 15], [78, 22], [65, 56], [28, 19], [80, 41], [56, 40], [68, 68], [100, 74], [11, 9], [94, 77], [31, 56], [1, 61], [73, 30], [55, 41], [55, 53], [0, 0]]","[0, 14, 9, 2, 20, 4, 8, 12, 3, 15, 13, 1, 10, 18, 7, 5, 6, 11, 19, 16, 17, 21]",382.04898495417336,14.461392641067505
