Id,Coordinates,Order,Distance,Time
661,"[[0, 0], [166, 192], [122, 123], [23, 78], [169, 74], [171, 35], [7, 178], [147, 51], [46, 17], [66, 82], [35, 14], [116, 128], [166, 185], [181, 102], [137, 135], [28, 139], [147, 33], [110, 14], [74, 78], [65, 1], [86, 77], [0, 0]]","[0, 10, 8, 19, 17, 16, 7, 5, 4, 13, 20, 18, 9, 15, 6, 12, 1, 14, 2, 11, 3, 21]",953.7857124204202,17.31687593460083
