Id,Coordinates,Order,Distance,Time
993,"[[0, 0], [1, 9], [12, 25], [4, 9], [1, 15], [8, 15], [6, 25], [5, 13], [8, 23], [8, 1], [14, 22], [13, 13], [15, 9], [8, 26], [3, 20], [2, 21], [4, 12], [10, 24], [9, 10], [1, 22], [3, 17], [0, 0]]","[0, 9, 3, 16, 7, 5, 18, 12, 11, 10, 2, 17, 8, 13, 6, 19, 15, 14, 20, 4, 1, 21]",91.59254412360121,14.83837366104126
