Id,Coordinates,Order,Distance,Time
6358,"[[0, 0], [23, 41], [23, 18], [63, 28], [86, 36], [96, 33], [6, 5], [78, 42], [9, 40], [97, 1], [35, 8], [12, 34], [91, 18], [98, 37], [11, 12], [34, 22], [61, 36], [84, 17], [69, 39], [85, 25], [44, 29], [0, 0]]","[0, 6, 14, 2, 15, 20, 3, 16, 18, 7, 4, 13, 5, 19, 17, 12, 9, 10, 1, 8, 11, 21]",325.6272621080534,15.958956003189087
