Id,Coordinates,Order,Distance,Time
9112,"[[0, 0], [54, 45], [40, 38], [56, 49], [21, 56], [62, 69], [48, 106], [76, 60], [69, 63], [85, 30], [28, 26], [14, 2], [2, 77], [27, 32], [18, 60], [30, 10], [44, 9], [36, 9], [76, 98], [7, 44], [27, 20], [0, 0]]","[0, 11, 15, 17, 16, 2, 1, 3, 9, 7, 8, 5, 18, 6, 12, 14, 4, 19, 13, 10, 20, 21]",408.91420512260765,18.42427921295166
