Id,Coordinates,Order,Distance,Time
8418,"[[0, 0], [52, 50], [47, 68], [26, 64], [29, 99], [54, 33], [59, 98], [13, 23], [12, 48], [42, 71], [4, 93], [61, 65], [43, 35], [29, 12], [8, 61], [20, 44], [63, 33], [41, 53], [2, 36], [20, 19], [32, 88], [0, 0]]","[0, 7, 19, 13, 12, 5, 16, 1, 2, 9, 3, 14, 10, 4, 20, 6, 11, 17, 15, 8, 18, 21]",410.46837968499085,15.975642204284668
