Id,Coordinates,Order,Distance,Time
7961,"[[0, 0], [25, 122], [67, 24], [64, 78], [53, 48], [87, 66], [61, 57], [65, 20], [39, 83], [91, 55], [69, 44], [80, 31], [13, 66], [64, 21], [38, 114], [94, 40], [36, 40], [74, 67], [75, 71], [45, 49], [42, 33], [0, 0]]","[0, 20, 16, 19, 4, 6, 10, 13, 7, 2, 11, 15, 9, 5, 17, 18, 3, 8, 14, 1, 12, 21]",424.07747007446835,15.658052921295166
