Id,Coordinates,Order,Distance,Time
1482,"[[0, 0], [35, 120], [64, 52], [80, 81], [53, 29], [5, 92], [48, 10], [26, 35], [29, 105], [44, 113], [1, 4], [14, 61], [1, 118], [10, 104], [22, 61], [12, 6], [89, 7], [85, 15], [87, 42], [74, 6], [35, 105], [0, 0]]","[0, 10, 7, 14, 11, 5, 13, 12, 8, 20, 1, 9, 3, 2, 18, 17, 16, 19, 4, 6, 15, 21]",460.2978443000801,14.467707872390747
