Id,Coordinates,Order,Distance,Time
7394,"[[0, 0], [39, 23], [36, 86], [15, 66], [14, 133], [71, 64], [55, 23], [61, 24], [26, 31], [84, 30], [79, 69], [4, 34], [80, 107], [81, 3], [64, 117], [36, 74], [21, 76], [5, 7], [40, 20], [16, 87], [36, 109], [0, 0]]","[0, 17, 8, 1, 18, 6, 7, 13, 9, 5, 10, 12, 14, 20, 2, 15, 4, 19, 16, 3, 11, 21]",503.1304300210882,17.469441413879395
