Id,Coordinates,Order,Distance,Time
1,"[[0, 0], [77, 165], [74, 170], [76, 30], [35, 44], [9, 141], [55, 55], [68, 134], [8, 4], [51, 75], [99, 119], [55, 112], [12, 85], [71, 138], [81, 13], [85, 169], [86, 173], [50, 115], [54, 93], [75, 90], [70, 106], [0, 0]]","[0, 4, 9, 18, 17, 11, 20, 19, 10, 7, 13, 1, 15, 16, 2, 5, 12, 6, 3, 14, 8, 21]",612.1972252871606,13.537998914718628
