Id,Coordinates,Order,Distance,Time
2853,"[[0, 0], [45, 74], [77, 29], [77, 89], [53, 85], [72, 101], [7, 11], [3, 106], [31, 11], [42, 84], [84, 80], [22, 31], [14, 2], [73, 62], [23, 30], [33, 95], [27, 45], [32, 65], [49, 27], [70, 97], [5, 21], [0, 0]]","[0, 6, 20, 11, 14, 16, 17, 1, 4, 19, 5, 3, 10, 13, 2, 18, 9, 15, 7, 8, 12, 21]",477.02863785866225,14.244491815567017
