Id,Coordinates,Order,Distance,Time
2696,"[[0, 0], [144, 89], [145, 165], [78, 152], [75, 165], [136, 5], [44, 2], [145, 158], [63, 78], [66, 60], [45, 17], [159, 119], [86, 133], [35, 169], [143, 97], [48, 23], [161, 58], [90, 147], [71, 97], [105, 76], [28, 100], [0, 0]]","[0, 10, 15, 9, 8, 18, 12, 17, 3, 4, 13, 20, 19, 1, 14, 7, 2, 11, 16, 5, 6, 21]",824.9466418713545,17.857457160949707
