Id,Coordinates,Order,Distance,Time
6824,"[[0, 0], [23, 126], [23, 123], [41, 34], [13, 20], [31, 124], [27, 126], [6, 75], [15, 42], [15, 74], [44, 158], [10, 52], [15, 85], [33, 50], [31, 26], [30, 80], [40, 169], [29, 120], [34, 183], [2, 184], [42, 109], [0, 0]]","[0, 4, 14, 3, 13, 9, 15, 20, 17, 5, 6, 1, 2, 10, 16, 18, 19, 12, 7, 11, 8, 21]",475.2318646307543,16.046001195907593
