Id,Coordinates,Order,Distance,Time
5646,"[[0, 0], [1, 122], [8, 89], [9, 127], [4, 33], [1, 69], [3, 70], [7, 64], [7, 100], [12, 85], [13, 25], [6, 26], [7, 54], [8, 119], [10, 94], [4, 3], [15, 124], [14, 116], [15, 84], [10, 41], [9, 56], [0, 0]]","[0, 15, 11, 4, 19, 12, 20, 7, 6, 5, 2, 14, 8, 13, 1, 3, 16, 17, 9, 18, 10, 21]",283.7984989422354,20.460450410842896
