Id,Coordinates,Order,Distance,Time
3148,"[[0, 0], [52, 73], [9, 110], [38, 70], [128, 63], [121, 100], [30, 64], [69, 137], [127, 22], [102, 101], [43, 29], [85, 113], [14, 71], [80, 54], [90, 64], [70, 3], [1, 100], [50, 111], [2, 75], [44, 4], [25, 10], [0, 0]]","[0, 20, 10, 3, 1, 14, 4, 5, 9, 11, 7, 17, 2, 16, 18, 12, 6, 13, 8, 15, 19, 21]",670.407899534317,17.953696966171265
