Id,Coordinates,Order,Distance,Time
7174,"[[0, 0], [75, 37], [27, 25], [117, 27], [55, 32], [116, 34], [105, 22], [60, 36], [128, 34], [81, 11], [72, 33], [112, 18], [129, 13], [83, 32], [72, 11], [18, 15], [96, 24], [61, 27], [102, 23], [136, 1], [95, 11], [0, 0]]","[0, 15, 2, 4, 7, 17, 10, 1, 13, 16, 18, 6, 11, 3, 5, 8, 12, 19, 20, 9, 14, 21]",342.0604671235946,16.69271731376648
