Id,Coordinates,Order,Distance,Time
2679,"[[0, 0], [67, 7], [39, 5], [75, 3], [37, 13], [27, 15], [41, 7], [120, 18], [119, 6], [76, 11], [106, 6], [98, 9], [109, 9], [99, 5], [34, 4], [105, 16], [79, 10], [17, 12], [105, 18], [57, 6], [77, 8], [0, 0]]","[0, 17, 5, 4, 6, 19, 1, 3, 20, 16, 13, 10, 12, 15, 18, 7, 8, 11, 9, 2, 14, 21]",280.0509082415487,14.21764874458313
