Id,Coordinates,Order,Distance,Time
1035,"[[0, 0], [25, 42], [62, 90], [8, 183], [31, 75], [6, 51], [68, 119], [23, 100], [50, 84], [12, 51], [44, 46], [56, 9], [15, 37], [25, 177], [6, 116], [50, 4], [60, 126], [43, 122], [69, 83], [73, 56], [78, 96], [0, 0]]","[0, 12, 1, 9, 5, 4, 8, 2, 18, 20, 6, 16, 17, 13, 3, 14, 7, 19, 10, 11, 15, 21]",580.3171616200943,16.660350799560547
