Id,Coordinates,Order,Distance,Time
5590,"[[0, 0], [81, 8], [112, 43], [90, 62], [3, 144], [130, 97], [20, 20], [110, 37], [111, 155], [52, 104], [138, 98], [122, 99], [57, 7], [62, 153], [23, 110], [95, 160], [136, 79], [108, 35], [52, 28], [7, 170], [122, 30], [0, 0]]","[0, 6, 18, 12, 1, 17, 7, 20, 2, 3, 16, 10, 5, 11, 8, 15, 13, 9, 19, 4, 14, 21]",706.2954412634107,15.251266241073608
