Id,Coordinates,Order,Distance,Time
6757,"[[0, 0], [44, 161], [30, 1], [39, 71], [14, 162], [40, 28], [12, 77], [43, 117], [33, 22], [50, 45], [6, 195], [51, 186], [45, 177], [34, 178], [23, 159], [22, 112], [30, 30], [22, 42], [45, 142], [17, 113], [2, 174], [0, 0]]","[0, 2, 8, 16, 5, 9, 3, 7, 18, 1, 12, 11, 13, 14, 10, 20, 4, 19, 15, 6, 17, 21]",527.3617282704575,15.348413228988647
