Id,Coordinates,Order,Distance,Time
7786,"[[0, 0], [37, 31], [9, 50], [58, 2], [42, 12], [45, 69], [19, 66], [35, 62], [72, 67], [78, 23], [54, 54], [35, 44], [40, 1], [28, 13], [68, 10], [27, 39], [5, 79], [6, 76], [68, 21], [70, 35], [57, 57], [0, 0]]","[0, 13, 4, 12, 3, 14, 18, 9, 19, 8, 20, 5, 7, 6, 16, 17, 2, 15, 11, 10, 1, 21]",394.61113524839914,13.998261213302612
