Id,Coordinates,Order,Distance,Time
3077,"[[0, 0], [77, 101], [64, 65], [34, 2], [43, 85], [72, 8], [42, 35], [19, 16], [31, 79], [47, 23], [53, 30], [13, 71], [5, 95], [9, 116], [59, 74], [78, 124], [77, 15], [27, 87], [52, 24], [32, 89], [58, 72], [0, 0]]","[0, 7, 9, 18, 10, 6, 20, 14, 4, 19, 17, 8, 11, 12, 13, 15, 1, 2, 16, 5, 3, 21]",493.89102725701923,15.650950908660889
