Id,Coordinates,Order,Distance,Time
4703,"[[0, 0], [28, 12], [40, 65], [5, 81], [24, 103], [44, 81], [14, 104], [41, 32], [48, 80], [14, 68], [15, 61], [13, 43], [48, 21], [27, 28], [39, 18], [22, 5], [18, 39], [41, 69], [14, 3], [9, 11], [5, 17], [0, 0]]","[0, 18, 15, 1, 14, 12, 7, 16, 11, 10, 9, 3, 6, 4, 5, 8, 17, 2, 13, 20, 19, 21]",308.27943089270246,17.81656002998352
