Id,Coordinates,Order,Distance,Time
9592,"[[0, 0], [16, 19], [4, 41], [30, 66], [28, 80], [30, 32], [36, 108], [4, 81], [30, 91], [32, 141], [39, 19], [9, 10], [10, 53], [24, 158], [11, 127], [23, 98], [11, 121], [7, 67], [3, 159], [32, 111], [13, 105], [0, 0]]","[0, 11, 1, 2, 12, 17, 7, 15, 20, 16, 14, 18, 13, 9, 19, 6, 8, 4, 3, 5, 10, 21]",395.13410453317994,21.170398473739624
