Id,Coordinates,Order,Distance,Time
2381,"[[0, 0], [11, 125], [87, 50], [36, 96], [89, 168], [79, 149], [26, 12], [70, 53], [37, 146], [89, 69], [37, 35], [88, 51], [18, 88], [14, 67], [2, 84], [31, 84], [78, 66], [26, 41], [101, 15], [18, 15], [40, 132], [0, 0]]","[0, 19, 10, 17, 13, 14, 12, 15, 3, 1, 20, 8, 4, 5, 9, 16, 7, 2, 11, 18, 6, 21]",583.3939803201098,17.85936713218689
