Id,Coordinates,Order,Distance,Time
4172,"[[0, 0], [41, 40], [67, 46], [45, 42], [73, 34], [10, 37], [38, 44], [35, 27], [82, 14], [31, 7], [20, 9], [8, 17], [55, 56], [53, 35], [33, 53], [68, 31], [50, 51], [19, 32], [52, 6], [57, 52], [28, 28], [0, 0]]","[0, 11, 7, 20, 17, 5, 14, 6, 1, 3, 16, 12, 19, 2, 13, 15, 4, 8, 18, 9, 10, 21]",301.35809545269393,14.361206769943237
