Id,Coordinates,Order,Distance,Time
9979,"[[0, 0], [175, 10], [169, 33], [177, 36], [79, 23], [3, 41], [154, 31], [33, 19], [84, 5], [11, 35], [188, 40], [98, 24], [157, 27], [60, 48], [162, 41], [18, 21], [151, 46], [2, 21], [27, 12], [80, 4], [131, 4], [0, 0]]","[0, 17, 15, 18, 7, 9, 5, 13, 4, 11, 16, 14, 6, 12, 2, 3, 10, 1, 20, 8, 19, 21]",532.3761065137477,12.958465814590454
