Id,Coordinates,Order,Distance,Time
4353,"[[0, 0], [113, 30], [153, 24], [151, 30], [107, 17], [163, 24], [6, 11], [141, 26], [38, 5], [130, 19], [124, 10], [93, 16], [119, 17], [144, 11], [120, 24], [174, 15], [74, 16], [67, 28], [56, 6], [145, 21], [169, 25], [0, 0]]","[0, 6, 8, 18, 16, 11, 4, 12, 14, 9, 10, 13, 19, 2, 5, 20, 15, 3, 7, 1, 17, 21]",407.86486287838255,18.845176935195923
