Id,Coordinates,Order,Distance,Time
8508,"[[0, 0], [45, 38], [72, 22], [120, 6], [64, 28], [42, 46], [74, 38], [81, 28], [152, 51], [8, 47], [21, 38], [66, 48], [55, 22], [145, 21], [82, 31], [88, 50], [100, 5], [150, 14], [23, 26], [139, 33], [5, 3], [0, 0]]","[0, 20, 18, 10, 9, 5, 1, 12, 4, 2, 7, 14, 16, 3, 17, 13, 19, 8, 15, 6, 11, 21]",462.0167023120827,14.182986736297607
