Id,Coordinates,Order,Distance,Time
7355,"[[0, 0], [19, 134], [11, 43], [29, 27], [53, 158], [6, 170], [21, 145], [40, 95], [70, 20], [16, 28], [32, 150], [35, 184], [40, 128], [57, 124], [26, 103], [1, 43], [60, 42], [33, 36], [69, 111], [39, 26], [21, 107], [0, 0]]","[0, 9, 3, 19, 16, 8, 17, 14, 20, 1, 6, 10, 5, 11, 4, 12, 13, 18, 7, 2, 15, 21]",579.4724515052412,13.843126773834229
