Id,Coordinates,Order,Distance,Time
2632,"[[0, 0], [87, 118], [31, 73], [146, 84], [30, 68], [161, 18], [107, 99], [17, 53], [77, 5], [87, 26], [139, 74], [107, 45], [118, 77], [24, 103], [16, 107], [124, 10], [99, 63], [59, 23], [90, 3], [26, 66], [33, 103], [0, 0]]","[0, 7, 19, 4, 2, 20, 13, 14, 1, 6, 12, 10, 3, 16, 11, 9, 5, 15, 18, 8, 17, 21]",633.1976024293765,12.487618446350098
