Id,Coordinates,Order,Distance,Time
1372,"[[0, 0], [29, 59], [4, 28], [27, 95], [23, 48], [71, 27], [27, 25], [76, 15], [54, 20], [68, 62], [81, 66], [56, 8], [13, 19], [33, 39], [55, 95], [34, 32], [78, 61], [66, 92], [30, 45], [33, 63], [5, 67], [0, 0]]","[0, 2, 12, 6, 15, 13, 18, 4, 1, 19, 20, 3, 14, 17, 10, 16, 9, 5, 7, 11, 8, 21]",392.98580182364447,16.346649646759033
