Id,Coordinates,Order,Distance,Time
338,"[[0, 0], [21, 59], [8, 84], [17, 8], [22, 81], [4, 20], [14, 53], [14, 53], [9, 37], [5, 3], [23, 70], [4, 31], [10, 20], [13, 37], [10, 17], [18, 24], [24, 40], [8, 74], [14, 92], [12, 18], [12, 34], [0, 0]]","[0, 9, 19, 14, 12, 5, 11, 8, 20, 13, 6, 7, 1, 10, 4, 18, 2, 17, 16, 15, 3, 21]",229.39717838206644,18.27258062362671
