Id,Coordinates,Order,Distance,Time
2665,"[[0, 0], [54, 15], [23, 43], [34, 14], [55, 1], [11, 27], [10, 127], [22, 15], [8, 135], [24, 95], [37, 4], [30, 43], [11, 105], [10, 12], [35, 55], [51, 104], [51, 22], [29, 120], [40, 80], [49, 128], [50, 78], [0, 0]]","[0, 13, 7, 3, 10, 4, 1, 16, 11, 14, 18, 20, 15, 19, 17, 8, 6, 12, 9, 2, 5, 21]",413.0476363491434,17.019587993621826
