Id,Coordinates,Order,Distance,Time
3158,"[[0, 0], [92, 45], [130, 35], [95, 31], [57, 23], [107, 46], [5, 34], [3, 40], [97, 6], [184, 4], [133, 45], [117, 37], [31, 46], [145, 22], [70, 4], [117, 9], [129, 27], [60, 7], [120, 13], [2, 4], [69, 16], [0, 0]]","[0, 19, 6, 7, 12, 4, 20, 15, 18, 16, 2, 10, 5, 1, 3, 11, 13, 9, 8, 14, 17, 21]",543.6774178532623,15.790385484695435
