Id,Coordinates,Order,Distance,Time
6976,"[[0, 0], [153, 117], [31, 80], [123, 31], [123, 31], [82, 43], [96, 69], [38, 74], [123, 71], [99, 57], [147, 82], [65, 107], [153, 100], [142, 113], [105, 113], [45, 64], [167, 60], [157, 79], [162, 13], [156, 27], [74, 16], [0, 0]]","[0, 5, 9, 6, 8, 10, 17, 12, 1, 13, 14, 11, 2, 7, 15, 3, 4, 18, 19, 16, 20, 21]",738.5270383929559,13.371165990829468
