Id,Coordinates,Order,Distance,Time
883,"[[0, 0], [22, 11], [19, 14], [2, 14], [54, 2], [21, 12], [45, 11], [11, 13], [73, 9], [9, 5], [75, 4], [93, 4], [81, 2], [55, 9], [81, 9], [97, 10], [24, 5], [1, 11], [120, 14], [4, 14], [126, 4], [0, 0]]","[0, 17, 19, 3, 7, 2, 5, 1, 16, 6, 13, 8, 10, 12, 11, 15, 18, 20, 14, 4, 9, 21]",288.6697922105249,14.611435651779175
