Id,Coordinates,Order,Distance,Time
5124,"[[0, 0], [143, 79], [8, 63], [129, 32], [60, 81], [14, 119], [129, 91], [115, 85], [88, 41], [110, 70], [107, 55], [118, 19], [141, 40], [132, 25], [2, 84], [26, 25], [121, 14], [108, 44], [116, 18], [32, 112], [131, 47], [0, 0]]","[0, 2, 14, 5, 19, 4, 8, 17, 10, 9, 7, 6, 1, 20, 12, 3, 13, 16, 11, 18, 15, 21]",545.6921610591185,18.424968957901
