Id,Coordinates,Order,Distance,Time
8515,"[[0, 0], [7, 40], [17, 37], [72, 37], [28, 21], [20, 81], [15, 49], [22, 37], [19, 1], [73, 30], [44, 84], [61, 60], [1, 69], [29, 71], [16, 71], [27, 51], [28, 2], [6, 33], [7, 20], [49, 48], [43, 42], [0, 0]]","[0, 8, 16, 4, 7, 2, 1, 6, 15, 20, 19, 11, 3, 9, 13, 10, 5, 14, 12, 17, 18, 21]",379.85105608822306,16.93087649345398
