Id,Coordinates,Order,Distance,Time
5896,"[[0, 0], [135, 29], [64, 152], [118, 131], [79, 145], [108, 41], [7, 102], [75, 31], [55, 135], [42, 84], [55, 61], [19, 137], [53, 142], [9, 126], [36, 109], [25, 145], [111, 109], [46, 83], [83, 120], [1, 14], [57, 34], [0, 0]]","[0, 20, 7, 5, 1, 16, 3, 18, 4, 2, 12, 8, 15, 11, 13, 6, 14, 9, 17, 10, 19, 21]",604.5935645929214,13.606648445129395
