Id,Coordinates,Order,Distance,Time
3789,"[[0, 0], [55, 43], [16, 48], [87, 24], [58, 69], [25, 27], [19, 11], [34, 44], [70, 26], [23, 62], [87, 70], [32, 53], [49, 68], [63, 40], [18, 59], [47, 38], [84, 47], [32, 6], [46, 7], [26, 42], [30, 9], [0, 0]]","[0, 6, 20, 17, 18, 19, 2, 14, 9, 11, 15, 1, 13, 8, 3, 16, 10, 4, 12, 7, 5, 21]",372.2457135676529,17.212525606155396
