Id,Coordinates,Order,Distance,Time
7424,"[[0, 0], [15, 25], [47, 18], [62, 24], [38, 13], [14, 20], [17, 7], [47, 13], [76, 14], [44, 22], [86, 19], [7, 3], [87, 34], [127, 11], [65, 9], [8, 20], [77, 13], [14, 1], [116, 2], [124, 16], [29, 3], [0, 0]]","[0, 11, 17, 6, 20, 4, 7, 2, 3, 8, 16, 10, 12, 19, 13, 18, 14, 9, 1, 5, 15, 21]",320.4916008510462,14.764039278030396
