Id,Coordinates,Order,Distance,Time
4713,"[[0, 0], [47, 8], [21, 25], [5, 48], [80, 108], [14, 14], [47, 85], [26, 130], [65, 51], [2, 109], [37, 148], [10, 78], [40, 45], [77, 47], [80, 148], [1, 108], [10, 14], [74, 150], [38, 141], [71, 156], [85, 93], [0, 0]]","[0, 5, 1, 12, 8, 13, 20, 4, 14, 17, 19, 10, 18, 7, 9, 15, 6, 11, 3, 2, 16, 21]",515.75160475731,15.759287118911743
