Id,Coordinates,Order,Distance,Time
3250,"[[0, 0], [47, 66], [37, 38], [64, 4], [41, 10], [26, 63], [32, 51], [39, 43], [54, 59], [4, 66], [18, 16], [31, 42], [28, 21], [11, 8], [10, 18], [59, 5], [32, 29], [63, 35], [27, 46], [62, 2], [8, 52], [0, 0]]","[0, 14, 10, 12, 16, 2, 7, 11, 6, 18, 20, 9, 5, 1, 8, 17, 3, 19, 15, 4, 13, 21]",301.7017781283556,14.929595708847046
