Id,Coordinates,Order,Distance,Time
2181,"[[0, 0], [60, 8], [31, 73], [50, 89], [57, 90], [43, 38], [7, 8], [10, 55], [10, 83], [33, 21], [48, 90], [59, 25], [8, 29], [42, 76], [17, 21], [52, 46], [39, 105], [30, 47], [8, 115], [30, 18], [57, 79], [0, 0]]","[0, 6, 12, 14, 19, 9, 5, 17, 2, 13, 10, 3, 4, 20, 16, 18, 8, 7, 15, 11, 1, 21]",435.68195993703057,17.083876609802246
