Id,Coordinates,Order,Distance,Time
6659,"[[0, 0], [42, 30], [16, 31], [14, 35], [48, 7], [47, 29], [45, 26], [3, 20], [42, 4], [13, 29], [15, 32], [24, 26], [1, 16], [37, 33], [19, 7], [31, 33], [6, 42], [35, 42], [4, 22], [18, 35], [35, 52], [0, 0]]","[0, 12, 7, 18, 9, 2, 10, 19, 15, 13, 1, 6, 5, 17, 20, 16, 3, 11, 4, 8, 14, 21]",239.20627543505242,14.569480657577515
