Id,Coordinates,Order,Distance,Time
9816,"[[0, 0], [10, 24], [5, 93], [7, 28], [6, 115], [3, 64], [1, 78], [10, 97], [10, 100], [11, 109], [10, 122], [11, 116], [9, 35], [5, 104], [1, 35], [9, 76], [7, 77], [10, 8], [10, 61], [7, 124], [9, 119], [0, 0]]","[0, 17, 1, 3, 12, 18, 15, 16, 6, 2, 7, 8, 9, 11, 20, 10, 19, 4, 13, 5, 14, 21]",265.04765464760584,15.0947904586792
