Id,Coordinates,Order,Distance,Time
3975,"[[0, 0], [39, 29], [30, 149], [13, 77], [24, 69], [9, 16], [19, 84], [40, 157], [12, 69], [14, 144], [9, 104], [40, 70], [12, 4], [5, 151], [18, 54], [12, 11], [30, 121], [5, 91], [38, 27], [38, 138], [27, 53], [0, 0]]","[0, 12, 15, 18, 1, 20, 4, 8, 3, 17, 10, 16, 19, 7, 2, 9, 13, 6, 11, 14, 5, 21]",428.494238568286,18.680813789367676
