Id,Coordinates,Order,Distance,Time
7972,"[[0, 0], [120, 31], [50, 3], [97, 15], [109, 68], [16, 41], [80, 72], [106, 54], [58, 27], [73, 29], [99, 101], [75, 105], [74, 26], [66, 21], [5, 81], [28, 81], [117, 35], [73, 54], [12, 28], [17, 29], [23, 90], [0, 0]]","[0, 18, 19, 5, 14, 20, 15, 6, 4, 7, 16, 1, 3, 12, 9, 13, 11, 10, 17, 8, 2, 21]",577.9332830015694,15.902838706970215
