Id,Coordinates,Order,Distance,Time
369,"[[0, 0], [16, 55], [12, 71], [7, 17], [27, 86], [77, 32], [6, 82], [26, 30], [69, 31], [66, 22], [37, 65], [75, 41], [78, 64], [80, 1], [25, 49], [42, 64], [57, 56], [33, 81], [76, 38], [43, 35], [26, 31], [0, 0]]","[0, 3, 7, 20, 19, 14, 1, 2, 6, 4, 17, 10, 15, 16, 12, 11, 18, 5, 8, 9, 13, 21]",366.99882497638225,18.889953136444092
