Id,Coordinates,Order,Distance,Time
3447,"[[0, 0], [4, 103], [42, 42], [57, 11], [61, 74], [45, 86], [62, 113], [96, 18], [83, 100], [34, 64], [22, 95], [22, 130], [32, 64], [13, 106], [47, 119], [40, 17], [78, 112], [3, 104], [35, 124], [103, 123], [65, 13], [0, 0]]","[0, 15, 3, 20, 7, 2, 9, 5, 4, 8, 19, 16, 6, 14, 18, 11, 13, 1, 17, 10, 12, 21]",540.2763602581085,24.036001443862915
