Id,Coordinates,Order,Distance,Time
4119,"[[0, 0], [50, 29], [28, 3], [27, 1], [113, 3], [109, 4], [102, 28], [7, 18], [100, 17], [108, 26], [68, 16], [90, 4], [9, 12], [40, 19], [14, 9], [23, 17], [59, 24], [95, 11], [1, 16], [64, 26], [67, 5], [0, 0]]","[0, 18, 7, 12, 15, 2, 3, 13, 1, 16, 19, 10, 17, 8, 6, 9, 5, 4, 11, 20, 14, 21]",317.2029294160368,16.35453963279724
