Id,Coordinates,Order,Distance,Time
9173,"[[0, 0], [6, 77], [1, 137], [18, 46], [7, 149], [24, 83], [14, 77], [6, 29], [9, 112], [2, 27], [24, 60], [23, 99], [14, 2], [27, 36], [19, 66], [1, 151], [20, 146], [1, 13], [17, 24], [26, 99], [22, 109], [0, 0]]","[0, 17, 9, 7, 13, 3, 10, 14, 6, 5, 11, 19, 20, 16, 4, 15, 2, 8, 1, 18, 12, 21]",365.2966650832233,14.651319026947021
