Id,Coordinates,Order,Distance,Time
1520,"[[0, 0], [45, 23], [43, 102], [26, 99], [49, 8], [87, 19], [67, 93], [67, 80], [70, 78], [49, 6], [65, 17], [21, 7], [47, 112], [18, 117], [74, 52], [62, 25], [36, 25], [28, 47], [11, 79], [41, 111], [25, 49], [0, 0]]","[0, 11, 16, 1, 4, 9, 15, 10, 5, 14, 8, 7, 6, 2, 12, 19, 13, 3, 18, 20, 17, 21]",405.71891339035733,16.637725114822388
