Id,Coordinates,Order,Distance,Time
8252,"[[0, 0], [84, 158], [27, 163], [45, 54], [41, 166], [8, 8], [34, 131], [60, 50], [40, 38], [68, 39], [8, 28], [66, 114], [46, 65], [50, 44], [55, 140], [78, 52], [57, 20], [54, 94], [60, 17], [93, 135], [87, 95], [0, 0]]","[0, 5, 10, 8, 13, 7, 16, 18, 3, 12, 17, 11, 14, 6, 2, 4, 1, 19, 20, 15, 9, 21]",571.6927819273332,19.019540071487427
