Id,Coordinates,Order,Distance,Time
6934,"[[0, 0], [3, 10], [3, 7], [4, 12], [5, 6], [5, 2], [5, 6], [1, 13], [5, 8], [7, 6], [4, 11], [8, 5], [7, 3], [8, 7], [3, 4], [2, 5], [2, 11], [7, 1], [8, 7], [3, 10], [6, 10], [0, 0]]","[0, 14, 15, 2, 4, 6, 8, 1, 19, 16, 7, 3, 10, 20, 13, 18, 9, 11, 12, 17, 5, 21]",43.05468298200417,20.35875391960144
