Id,Coordinates,Order,Distance,Time
3556,"[[0, 0], [14, 42], [44, 49], [18, 73], [35, 42], [41, 74], [8, 17], [11, 48], [7, 36], [16, 43], [12, 39], [35, 43], [22, 32], [10, 20], [48, 16], [36, 36], [43, 13], [18, 18], [11, 10], [8, 68], [24, 36], [0, 0]]","[0, 6, 13, 12, 20, 9, 1, 10, 8, 7, 19, 3, 5, 2, 11, 4, 15, 14, 16, 17, 18, 21]",255.4390335612743,17.246923685073853
