Id,Coordinates,Order,Distance,Time
9090,"[[0, 0], [10, 1], [37, 11], [83, 2], [19, 29], [78, 10], [30, 26], [24, 12], [34, 18], [9, 11], [52, 29], [41, 19], [82, 12], [21, 25], [17, 23], [69, 28], [43, 15], [12, 9], [59, 18], [32, 11], [92, 11], [0, 0]]","[0, 1, 17, 9, 14, 13, 4, 6, 8, 11, 16, 10, 15, 5, 12, 3, 20, 18, 2, 19, 7, 21]",253.92071569191938,18.50125527381897
