Id,Coordinates,Order,Distance,Time
5584,"[[0, 0], [40, 28], [35, 43], [23, 5], [38, 43], [38, 12], [3, 43], [13, 29], [7, 25], [21, 9], [31, 34], [10, 1], [5, 15], [3, 24], [44, 8], [10, 18], [24, 6], [9, 4], [32, 7], [28, 11], [21, 12], [0, 0]]","[0, 17, 11, 3, 16, 9, 20, 19, 18, 14, 5, 1, 4, 2, 10, 7, 6, 13, 8, 15, 12, 21]",198.62360981360862,17.08670735359192
