Id,Coordinates,Order,Distance,Time
4461,"[[0, 0], [4, 65], [8, 99], [3, 9], [1, 102], [4, 43], [10, 43], [6, 78], [1, 135], [6, 112], [6, 5], [5, 132], [4, 102], [3, 49], [6, 35], [4, 94], [9, 26], [7, 99], [4, 96], [10, 117], [7, 32], [0, 0]]","[0, 10, 16, 20, 14, 5, 13, 1, 15, 18, 17, 2, 12, 9, 19, 11, 8, 4, 7, 6, 3, 21]",283.46874581580704,13.219110012054443
