Id,Coordinates,Order,Distance,Time
4924,"[[0, 0], [117, 20], [20, 105], [54, 75], [51, 62], [81, 45], [71, 76], [155, 38], [114, 47], [66, 86], [82, 107], [7, 40], [143, 97], [57, 37], [151, 94], [35, 91], [76, 54], [133, 23], [128, 7], [62, 80], [153, 13], [0, 0]]","[0, 13, 4, 3, 19, 6, 16, 5, 8, 1, 18, 17, 20, 7, 14, 12, 10, 9, 15, 2, 11, 21]",611.322379560874,13.851147890090942
