Id,Coordinates,Order,Distance,Time
4251,"[[0, 0], [40, 80], [42, 60], [15, 83], [5, 86], [36, 7], [25, 20], [35, 98], [21, 51], [29, 86], [8, 71], [24, 17], [11, 28], [3, 52], [29, 79], [38, 19], [8, 46], [40, 39], [33, 57], [35, 95], [23, 77], [0, 0]]","[0, 11, 6, 5, 15, 17, 18, 2, 14, 20, 3, 4, 10, 13, 16, 9, 19, 7, 1, 8, 12, 21]",369.71723066037356,16.3197820186615
