Id,Coordinates,Order,Distance,Time
9766,"[[0, 0], [21, 95], [89, 128], [104, 135], [42, 129], [115, 55], [33, 134], [10, 25], [30, 117], [12, 120], [104, 133], [94, 39], [55, 103], [10, 69], [127, 40], [120, 6], [39, 13], [92, 14], [73, 77], [115, 55], [52, 45], [0, 0]]","[0, 16, 20, 18, 12, 4, 6, 8, 9, 1, 11, 17, 15, 14, 5, 19, 10, 3, 2, 13, 7, 21]",712.972698953007,16.577548027038574
