Id,Coordinates,Order,Distance,Time
5535,"[[0, 0], [122, 16], [158, 115], [166, 87], [165, 90], [102, 7], [176, 71], [89, 59], [128, 88], [131, 50], [22, 60], [161, 75], [90, 82], [12, 48], [31, 93], [49, 82], [121, 112], [160, 98], [47, 40], [24, 46], [22, 17], [0, 0]]","[0, 20, 19, 13, 10, 14, 15, 12, 7, 5, 1, 9, 8, 16, 2, 17, 4, 3, 6, 11, 18, 21]",658.9971253977329,16.048911809921265
