Id,Coordinates,Order,Distance,Time
8697,"[[0, 0], [67, 17], [110, 5], [80, 2], [117, 17], [6, 5], [2, 19], [82, 12], [109, 11], [52, 29], [68, 28], [28, 18], [113, 2], [73, 27], [85, 1], [110, 12], [34, 15], [99, 8], [48, 9], [84, 26], [30, 8], [0, 0]]","[0, 5, 6, 11, 16, 9, 10, 13, 19, 7, 3, 14, 17, 8, 15, 2, 12, 4, 1, 18, 20, 21]",312.48164498372574,13.216108798980713
