Id,Coordinates,Order,Distance,Time
7128,"[[0, 0], [53, 35], [39, 75], [50, 18], [45, 18], [24, 8], [56, 35], [53, 29], [25, 9], [3, 70], [25, 46], [47, 31], [46, 49], [44, 56], [38, 40], [29, 54], [22, 37], [13, 35], [56, 83], [47, 5], [36, 13], [0, 0]]","[0, 5, 8, 20, 4, 11, 14, 12, 13, 15, 10, 16, 17, 9, 2, 18, 6, 1, 7, 3, 19, 21]",356.24176803377674,14.691298007965088
