Id,Coordinates,Order,Distance,Time
4100,"[[0, 0], [26, 45], [10, 38], [94, 43], [121, 27], [67, 6], [25, 37], [76, 15], [44, 5], [55, 17], [102, 44], [102, 26], [91, 8], [99, 41], [83, 16], [18, 30], [117, 6], [22, 15], [120, 4], [58, 16], [63, 30], [0, 0]]","[0, 17, 15, 2, 1, 6, 20, 9, 19, 7, 14, 11, 13, 10, 3, 4, 16, 18, 12, 5, 8, 21]",386.25958839228747,16.333439826965332
