Id,Coordinates,Order,Distance,Time
3176,"[[0, 0], [22, 19], [20, 6], [32, 67], [25, 43], [38, 61], [49, 38], [22, 37], [35, 20], [40, 20], [32, 62], [16, 112], [41, 40], [32, 105], [8, 26], [30, 22], [14, 107], [45, 15], [36, 87], [42, 73], [5, 95], [0, 0]]","[0, 2, 1, 15, 8, 9, 17, 6, 12, 5, 10, 3, 19, 18, 13, 11, 16, 20, 4, 7, 14, 21]",313.53235289027526,15.805807113647461
