Id,Coordinates,Order,Distance,Time
3534,"[[0, 0], [77, 3], [65, 23], [142, 16], [137, 17], [13, 32], [160, 13], [22, 38], [11, 20], [82, 15], [111, 36], [174, 23], [7, 24], [17, 22], [24, 3], [50, 34], [67, 17], [130, 6], [90, 35], [13, 37], [89, 38], [0, 0]]","[0, 8, 12, 13, 19, 5, 7, 15, 2, 16, 9, 18, 20, 10, 4, 3, 11, 6, 17, 1, 14, 21]",432.49774063794405,16.82994771003723
