Id,Coordinates,Order,Distance,Time
2781,"[[0, 0], [42, 43], [80, 42], [57, 32], [71, 38], [52, 81], [30, 36], [41, 39], [86, 69], [48, 103], [63, 94], [66, 64], [39, 105], [74, 10], [30, 56], [46, 10], [35, 86], [88, 105], [17, 82], [17, 83], [13, 18], [0, 0]]","[0, 20, 6, 7, 1, 14, 18, 19, 16, 12, 9, 5, 10, 17, 8, 11, 2, 4, 3, 13, 15, 21]",433.5409175598073,23.152248859405518
