Id,Coordinates,Order,Distance,Time
9749,"[[0, 0], [49, 8], [164, 7], [108, 3], [135, 13], [132, 15], [128, 4], [141, 23], [145, 18], [127, 25], [38, 17], [9, 22], [33, 12], [68, 22], [180, 22], [7, 13], [35, 20], [98, 3], [7, 19], [126, 8], [25, 4], [0, 0]]","[0, 15, 18, 11, 12, 10, 16, 13, 17, 3, 19, 6, 4, 5, 7, 8, 2, 14, 9, 1, 20, 21]",422.3120450715089,15.057121515274048
