Id,Coordinates,Order,Distance,Time
24,"[[0, 0], [33, 24], [42, 26], [31, 52], [10, 49], [46, 57], [65, 27], [60, 31], [63, 59], [54, 7], [5, 61], [25, 15], [41, 72], [62, 56], [35, 47], [8, 5], [49, 84], [58, 62], [40, 58], [29, 13], [4, 86], [0, 0]]","[0, 15, 11, 19, 1, 2, 9, 6, 7, 14, 3, 18, 5, 13, 8, 17, 16, 12, 20, 10, 4, 21]",349.04483758758215,19.638068675994873
