Id,Coordinates,Order,Distance,Time
442,"[[0, 0], [8, 16], [7, 32], [8, 19], [8, 123], [9, 59], [5, 22], [7, 68], [3, 79], [11, 152], [7, 145], [4, 54], [2, 57], [6, 69], [8, 98], [5, 50], [2, 4], [9, 159], [2, 118], [7, 10], [10, 81], [0, 0]]","[0, 16, 19, 1, 3, 2, 15, 11, 5, 7, 13, 20, 14, 4, 9, 17, 10, 18, 8, 12, 6, 21]",324.86957197472594,22.546808004379272
