Id,Coordinates,Order,Distance,Time
6795,"[[0, 0], [18, 52], [111, 2], [17, 4], [83, 114], [42, 28], [68, 33], [13, 107], [107, 61], [38, 75], [91, 89], [28, 130], [93, 105], [10, 110], [3, 143], [87, 70], [83, 119], [94, 134], [49, 140], [93, 80], [47, 92], [0, 0]]","[0, 1, 5, 6, 15, 19, 10, 12, 4, 16, 17, 18, 11, 14, 13, 7, 20, 9, 8, 2, 3, 21]",662.3353934246737,23.548029899597168
