Id,Coordinates,Order,Distance,Time
3240,"[[0, 0], [63, 25], [19, 50], [138, 27], [23, 31], [47, 22], [136, 33], [36, 40], [81, 26], [8, 30], [35, 25], [67, 32], [117, 7], [88, 9], [16, 35], [115, 17], [136, 6], [141, 9], [39, 11], [9, 53], [128, 49], [0, 0]]","[0, 4, 10, 18, 5, 1, 13, 15, 12, 16, 17, 3, 6, 20, 8, 11, 7, 2, 19, 14, 9, 21]",420.34800904263045,17.834572315216064
