Id,Coordinates,Order,Distance,Time
2610,"[[0, 0], [129, 107], [138, 21], [43, 119], [136, 95], [133, 24], [76, 116], [22, 170], [116, 23], [13, 83], [29, 140], [16, 154], [8, 75], [31, 74], [137, 52], [21, 160], [14, 52], [39, 25], [71, 28], [91, 147], [113, 78], [0, 0]]","[0, 17, 18, 8, 5, 2, 14, 20, 4, 1, 6, 19, 7, 15, 11, 10, 3, 13, 9, 12, 16, 21]",631.3813090047748,17.796688318252563
