Id,Coordinates,Order,Distance,Time
1840,"[[0, 0], [25, 29], [9, 38], [1, 22], [8, 66], [19, 60], [21, 58], [8, 3], [6, 42], [3, 51], [18, 55], [4, 17], [1, 5], [32, 44], [21, 63], [2, 48], [25, 24], [22, 5], [2, 14], [29, 42], [11, 25], [0, 0]]","[0, 12, 18, 11, 3, 20, 2, 8, 15, 9, 4, 14, 5, 6, 10, 13, 19, 1, 16, 17, 7, 21]",183.3202514619941,13.848888635635376
