Id,Coordinates,Order,Distance,Time
600,"[[0, 0], [28, 103], [43, 118], [46, 142], [79, 145], [15, 96], [16, 117], [5, 79], [13, 48], [29, 67], [22, 116], [52, 46], [58, 67], [54, 98], [63, 56], [70, 14], [4, 108], [11, 129], [71, 102], [42, 33], [68, 2], [0, 0]]","[0, 8, 7, 5, 1, 10, 6, 17, 16, 2, 13, 12, 14, 11, 19, 15, 20, 18, 4, 3, 9, 21]",681.2954103185039,15.316941022872925
