Id,Coordinates,Order,Distance,Time
7341,"[[0, 0], [61, 58], [132, 54], [7, 52], [79, 179], [66, 125], [78, 146], [126, 12], [22, 158], [57, 179], [112, 181], [65, 61], [49, 118], [94, 26], [86, 142], [5, 47], [68, 14], [37, 6], [120, 179], [15, 3], [134, 176], [0, 0]]","[0, 19, 17, 16, 13, 7, 2, 11, 1, 3, 15, 12, 5, 8, 9, 4, 10, 18, 20, 14, 6, 21]",815.2389360702019,16.19675087928772
