Id,Coordinates,Order,Distance,Time
2473,"[[0, 0], [81, 11], [42, 42], [96, 1], [72, 40], [73, 47], [82, 31], [2, 59], [107, 46], [63, 10], [81, 3], [86, 56], [81, 48], [88, 38], [15, 42], [82, 12], [41, 12], [31, 21], [76, 52], [49, 39], [48, 26], [0, 0]]","[0, 17, 16, 20, 19, 2, 14, 7, 5, 18, 12, 11, 13, 6, 4, 8, 3, 10, 1, 15, 9, 21]",458.3395904924642,15.060733795166016
