Id,Coordinates,Order,Distance,Time
3762,"[[0, 0], [94, 30], [170, 34], [61, 29], [177, 48], [80, 15], [43, 36], [41, 22], [129, 39], [105, 3], [143, 4], [6, 47], [61, 27], [170, 15], [160, 8], [31, 35], [59, 46], [125, 11], [75, 31], [179, 25], [6, 11], [0, 0]]","[0, 7, 12, 3, 5, 9, 17, 10, 14, 13, 19, 2, 4, 8, 1, 18, 16, 6, 15, 11, 20, 21]",464.9389429765118,14.26444411277771
