Id,Coordinates,Order,Distance,Time
9685,"[[0, 0], [8, 146], [17, 19], [49, 60], [40, 135], [39, 173], [25, 132], [57, 178], [12, 5], [28, 154], [66, 161], [35, 78], [34, 142], [71, 82], [41, 70], [44, 183], [8, 41], [57, 148], [20, 48], [33, 65], [41, 52], [0, 0]]","[0, 8, 2, 16, 18, 20, 19, 14, 11, 4, 12, 6, 1, 9, 17, 10, 7, 15, 5, 13, 3, 21]",538.8704738835066,14.70673656463623
