Id,Coordinates,Order,Distance,Time
8974,"[[0, 0], [44, 75], [12, 112], [14, 42], [41, 88], [19, 82], [45, 106], [56, 2], [20, 112], [25, 88], [58, 31], [13, 91], [8, 8], [18, 108], [45, 34], [35, 51], [37, 52], [48, 41], [6, 71], [57, 50], [67, 100], [0, 0]]","[0, 12, 7, 15, 16, 17, 14, 10, 19, 1, 9, 11, 13, 2, 8, 6, 20, 4, 5, 18, 3, 21]",457.6110886181112,17.365607500076294
