Id,Coordinates,Order,Distance,Time
5013,"[[0, 0], [18, 10], [53, 21], [29, 24], [50, 40], [30, 50], [1, 50], [30, 28], [30, 17], [54, 45], [9, 55], [9, 34], [24, 38], [36, 7], [5, 60], [4, 60], [36, 43], [2, 54], [34, 15], [2, 22], [36, 11], [0, 0]]","[0, 1, 8, 18, 20, 13, 3, 7, 12, 11, 10, 14, 15, 17, 6, 5, 16, 4, 9, 2, 19, 21]",291.0345608579614,20.05399799346924
