Id,Coordinates,Order,Distance,Time
9330,"[[0, 0], [56, 46], [9, 51], [73, 32], [95, 25], [74, 21], [31, 51], [37, 10], [88, 37], [9, 10], [47, 5], [76, 28], [56, 14], [97, 24], [46, 16], [46, 46], [46, 58], [15, 7], [90, 46], [63, 8], [80, 50], [0, 0]]","[0, 9, 17, 7, 14, 12, 5, 11, 8, 18, 20, 1, 16, 6, 2, 15, 3, 4, 13, 19, 10, 21]",396.66141189125625,16.871132850646973
