Id,Coordinates,Order,Distance,Time
2273,"[[0, 0], [22, 17], [24, 26], [8, 19], [41, 31], [40, 17], [40, 2], [41, 21], [29, 52], [14, 38], [40, 22], [33, 40], [2, 36], [14, 52], [15, 43], [31, 49], [28, 13], [37, 30], [15, 25], [17, 22], [3, 37], [0, 0]]","[0, 1, 16, 6, 5, 7, 10, 17, 4, 11, 15, 8, 13, 14, 9, 20, 12, 18, 2, 19, 3, 21]",214.22728915866483,17.90956974029541
