Id,Coordinates,Order,Distance,Time
4876,"[[0, 0], [15, 4], [5, 3], [9, 5], [19, 14], [5, 11], [3, 8], [13, 16], [18, 3], [3, 5], [7, 5], [8, 13], [5, 13], [2, 9], [15, 16], [16, 14], [12, 6], [5, 10], [12, 10], [4, 2], [8, 3], [0, 0]]","[0, 9, 6, 13, 17, 5, 12, 11, 18, 16, 1, 8, 4, 15, 14, 7, 3, 10, 20, 2, 19, 21]",77.28381845329827,20.10349702835083
