Id,Coordinates,Order,Distance,Time
4867,"[[0, 0], [28, 6], [3, 153], [17, 130], [25, 114], [22, 185], [28, 186], [14, 95], [3, 147], [1, 181], [4, 44], [1, 178], [19, 139], [18, 96], [24, 5], [24, 66], [17, 151], [16, 189], [16, 2], [19, 24], [17, 71], [0, 0]]","[0, 18, 14, 1, 19, 15, 20, 7, 13, 4, 3, 8, 2, 11, 9, 17, 5, 6, 16, 12, 10, 21]",439.9349796316567,14.245956659317017
