Id,Coordinates,Order,Distance,Time
2766,"[[0, 0], [21, 40], [21, 31], [26, 21], [4, 27], [9, 31], [27, 44], [29, 36], [15, 30], [2, 1], [30, 12], [2, 28], [29, 22], [18, 17], [29, 15], [25, 19], [24, 30], [9, 37], [27, 39], [18, 9], [31, 10], [0, 0]]","[0, 9, 19, 13, 15, 3, 14, 10, 20, 12, 16, 2, 8, 5, 4, 11, 17, 1, 6, 18, 7, 21]",180.1292626423377,17.113365173339844
