Id,Coordinates,Order,Distance,Time
1134,"[[0, 0], [1, 64], [16, 100], [20, 145], [1, 53], [7, 31], [12, 23], [14, 40], [19, 71], [6, 129], [16, 14], [17, 61], [5, 138], [6, 148], [4, 53], [1, 23], [16, 170], [18, 134], [2, 149], [16, 132], [2, 102], [0, 0]]","[0, 10, 6, 5, 7, 14, 4, 1, 11, 8, 2, 20, 9, 12, 13, 18, 16, 3, 19, 17, 15, 21]",403.9456330507561,16.423891067504883
