Id,Coordinates,Order,Distance,Time
333,"[[0, 0], [91, 92], [55, 12], [69, 109], [119, 117], [25, 13], [149, 88], [107, 98], [136, 106], [2, 99], [109, 137], [40, 102], [6, 73], [20, 52], [29, 16], [40, 85], [103, 41], [86, 3], [51, 99], [136, 40], [132, 10], [0, 0]]","[0, 5, 14, 2, 17, 16, 20, 19, 6, 8, 4, 10, 7, 1, 3, 18, 11, 15, 9, 12, 13, 21]",600.3410754954164,13.923668622970581
