Id,Coordinates,Order,Distance,Time
2183,"[[0, 0], [83, 2], [155, 33], [113, 40], [32, 13], [68, 29], [65, 49], [20, 44], [75, 36], [121, 36], [98, 14], [61, 54], [119, 51], [11, 10], [166, 15], [69, 53], [106, 49], [162, 9], [103, 32], [46, 9], [110, 27], [0, 0]]","[0, 13, 4, 19, 5, 8, 6, 15, 11, 1, 10, 20, 18, 3, 9, 2, 14, 17, 12, 16, 7, 21]",513.28467133898,18.496877908706665
