Id,Coordinates,Order,Distance,Time
6049,"[[0, 0], [64, 52], [154, 1], [34, 174], [35, 172], [122, 113], [1, 2], [135, 133], [90, 126], [35, 169], [63, 155], [143, 160], [129, 30], [34, 114], [149, 97], [32, 135], [173, 126], [1, 105], [38, 39], [94, 123], [167, 121], [0, 0]]","[0, 6, 1, 12, 2, 14, 20, 16, 7, 11, 5, 19, 8, 10, 9, 4, 3, 15, 13, 17, 18, 21]",776.1582897512242,17.98732900619507
