Id,Coordinates,Order,Distance,Time
8497,"[[0, 0], [67, 2], [40, 14], [12, 13], [8, 1], [22, 3], [42, 7], [28, 10], [52, 5], [20, 7], [50, 14], [59, 5], [83, 3], [16, 2], [70, 10], [57, 9], [12, 2], [58, 6], [42, 14], [10, 5], [82, 11], [0, 0]]","[0, 4, 16, 13, 5, 9, 7, 2, 18, 6, 8, 17, 11, 1, 12, 20, 14, 15, 10, 3, 19, 21]",197.3879038130303,17.4936203956604
