Id,Coordinates,Order,Distance,Time
9375,"[[0, 0], [2, 48], [3, 71], [4, 63], [14, 13], [4, 88], [2, 12], [20, 57], [19, 29], [1, 30], [19, 32], [21, 63], [17, 25], [19, 28], [13, 67], [3, 76], [19, 54], [7, 62], [11, 24], [17, 39], [8, 30], [0, 0]]","[0, 6, 18, 12, 13, 20, 9, 1, 17, 3, 2, 15, 5, 14, 11, 7, 16, 19, 10, 8, 4, 21]",217.51164891229786,16.37515664100647
