Id,Coordinates,Order,Distance,Time
6361,"[[0, 0], [124, 1], [69, 3], [44, 16], [26, 16], [51, 6], [66, 3], [138, 3], [136, 1], [102, 14], [87, 10], [19, 5], [190, 11], [187, 13], [46, 13], [77, 13], [114, 11], [116, 13], [9, 15], [92, 5], [169, 8], [0, 0]]","[0, 18, 4, 3, 14, 5, 6, 2, 15, 10, 9, 16, 17, 7, 20, 13, 12, 8, 1, 19, 11, 21]",405.663507235087,17.058542490005493
