Id,Coordinates,Order,Distance,Time
4359,"[[0, 0], [118, 80], [16, 80], [103, 24], [92, 6], [40, 57], [30, 37], [97, 59], [31, 95], [96, 16], [68, 36], [59, 81], [63, 36], [84, 11], [138, 34], [64, 65], [77, 8], [117, 37], [63, 52], [7, 9], [76, 36], [0, 0]]","[0, 19, 6, 18, 15, 11, 8, 2, 5, 12, 16, 13, 4, 9, 3, 17, 14, 1, 7, 20, 10, 21]",535.6101587002987,13.96753454208374
