Id,Coordinates,Order,Distance,Time
1266,"[[0, 0], [20, 102], [14, 53], [32, 94], [2, 118], [19, 96], [31, 49], [36, 69], [6, 1], [14, 21], [38, 94], [22, 29], [10, 47], [10, 84], [15, 78], [33, 24], [3, 54], [11, 77], [27, 107], [28, 98], [9, 31], [0, 0]]","[0, 8, 9, 11, 20, 2, 12, 16, 17, 14, 13, 4, 1, 18, 19, 3, 10, 5, 7, 6, 15, 21]",352.88379886327664,16.99035906791687
