Id,Coordinates,Order,Distance,Time
8440,"[[0, 0], [48, 19], [95, 51], [75, 33], [83, 40], [96, 52], [111, 35], [84, 12], [111, 42], [13, 7], [120, 51], [76, 53], [46, 28], [111, 49], [103, 43], [123, 24], [124, 12], [39, 40], [77, 17], [13, 32], [105, 2], [0, 0]]","[0, 19, 17, 12, 3, 4, 11, 2, 5, 14, 8, 13, 10, 6, 15, 16, 20, 7, 18, 1, 9, 21]",366.5051313040139,21.251003980636597
