Id,Coordinates,Order,Distance,Time
3714,"[[0, 0], [11, 29], [133, 3], [113, 19], [112, 21], [64, 20], [121, 29], [19, 26], [105, 13], [145, 19], [80, 15], [87, 27], [25, 31], [91, 27], [11, 21], [80, 9], [144, 13], [64, 21], [85, 10], [54, 19], [117, 20], [0, 0]]","[0, 14, 1, 7, 12, 19, 5, 17, 11, 13, 4, 3, 20, 6, 9, 16, 2, 8, 18, 15, 10, 21]",344.7113072808212,15.00370740890503
