Id,Coordinates,Order,Distance,Time
3654,"[[0, 0], [57, 3], [15, 12], [17, 31], [57, 4], [21, 4], [62, 27], [35, 28], [29, 34], [39, 14], [61, 11], [45, 3], [15, 35], [69, 17], [61, 4], [73, 34], [13, 14], [59, 18], [37, 20], [7, 11], [63, 12], [0, 0]]","[0, 19, 16, 2, 7, 8, 3, 12, 18, 11, 1, 4, 14, 10, 20, 13, 15, 6, 17, 9, 5, 21]",254.33031646658497,14.477789878845215
