Id,Coordinates,Order,Distance,Time
2925,"[[0, 0], [7, 2], [10, 12], [40, 13], [28, 11], [21, 10], [18, 11], [31, 11], [25, 9], [15, 2], [37, 12], [32, 10], [2, 11], [21, 5], [14, 14], [22, 8], [34, 10], [4, 12], [22, 6], [21, 14], [42, 3], [0, 0]]","[0, 1, 9, 13, 18, 15, 8, 4, 7, 11, 16, 10, 3, 20, 5, 19, 6, 14, 2, 17, 12, 21]",113.81756597327264,15.806305170059204
