Id,Coordinates,Order,Distance,Time
8768,"[[0, 0], [134, 35], [157, 51], [121, 50], [141, 64], [14, 29], [148, 42], [48, 70], [73, 7], [164, 10], [6, 24], [160, 68], [48, 35], [166, 64], [149, 23], [87, 23], [141, 28], [101, 76], [131, 4], [153, 41], [54, 41], [0, 0]]","[0, 10, 5, 12, 20, 7, 17, 3, 6, 19, 2, 13, 11, 4, 1, 16, 14, 9, 18, 15, 8, 21]",523.4859636112652,20.12581443786621
