Id,Coordinates,Order,Distance,Time
9438,"[[0, 0], [77, 71], [25, 11], [47, 75], [68, 37], [17, 92], [71, 18], [40, 112], [69, 17], [14, 44], [13, 60], [16, 49], [71, 2], [34, 32], [35, 38], [64, 80], [67, 71], [5, 70], [65, 82], [6, 36], [60, 92], [0, 0]]","[0, 19, 13, 14, 9, 11, 10, 17, 5, 7, 20, 18, 15, 3, 16, 1, 4, 6, 8, 12, 2, 21]",412.6137138826813,15.049489498138428
