Id,Coordinates,Order,Distance,Time
1476,"[[0, 0], [12, 18], [18, 60], [16, 8], [12, 77], [8, 66], [10, 38], [19, 82], [15, 41], [9, 45], [12, 34], [12, 73], [11, 22], [10, 6], [7, 3], [15, 56], [11, 32], [14, 69], [1, 45], [10, 41], [6, 40], [0, 0]]","[0, 14, 13, 3, 1, 12, 16, 10, 6, 19, 8, 9, 15, 2, 17, 7, 4, 11, 5, 18, 20, 21]",195.62201228245453,13.70058274269104
