Id,Coordinates,Order,Distance,Time
4728,"[[0, 0], [24, 52], [42, 27], [18, 3], [42, 28], [8, 18], [74, 22], [47, 40], [74, 19], [6, 54], [17, 10], [74, 45], [17, 32], [27, 23], [49, 10], [10, 29], [17, 17], [34, 13], [44, 47], [19, 54], [45, 28], [0, 0]]","[0, 10, 16, 5, 15, 12, 13, 2, 4, 20, 1, 19, 9, 18, 7, 11, 6, 8, 14, 17, 3, 21]",315.52614266452673,16.653788805007935
