Id,Coordinates,Order,Distance,Time
2409,"[[0, 0], [41, 104], [60, 60], [66, 73], [124, 22], [32, 25], [33, 9], [97, 68], [48, 56], [101, 37], [88, 77], [119, 43], [98, 72], [62, 61], [11, 37], [10, 26], [111, 19], [65, 61], [12, 87], [126, 71], [97, 30], [0, 0]]","[0, 6, 5, 8, 2, 13, 17, 10, 12, 7, 19, 11, 9, 20, 16, 4, 3, 1, 18, 14, 15, 21]",501.1127025669412,17.44428586959839
