Id,Coordinates,Order,Distance,Time
6121,"[[0, 0], [131, 8], [150, 7], [93, 13], [80, 6], [125, 4], [135, 11], [39, 7], [84, 13], [92, 12], [82, 14], [182, 3], [113, 1], [93, 14], [165, 7], [47, 9], [143, 3], [168, 9], [53, 12], [170, 12], [126, 3], [0, 0]]","[0, 7, 15, 18, 10, 8, 9, 3, 13, 5, 1, 6, 2, 14, 17, 19, 11, 16, 20, 12, 4, 21]",376.5858221733672,12.96462368965149
