Id,Coordinates,Order,Distance,Time
2843,"[[0, 0], [22, 86], [11, 23], [12, 20], [25, 57], [20, 19], [10, 68], [1, 33], [22, 87], [25, 53], [2, 28], [7, 10], [10, 60], [25, 84], [27, 2], [23, 30], [14, 87], [21, 27], [1, 57], [26, 60], [18, 24], [0, 0]]","[0, 11, 3, 2, 20, 17, 15, 10, 7, 18, 12, 9, 4, 19, 13, 1, 8, 16, 6, 5, 14, 21]",275.3761430248441,17.090450048446655
