Id,Coordinates,Order,Distance,Time
1955,"[[0, 0], [96, 69], [53, 13], [68, 6], [132, 4], [18, 109], [45, 155], [110, 143], [124, 43], [103, 68], [35, 150], [5, 49], [142, 55], [126, 120], [59, 165], [69, 55], [132, 12], [114, 93], [131, 168], [118, 22], [8, 72], [0, 0]]","[0, 11, 20, 5, 10, 6, 14, 7, 18, 13, 17, 1, 15, 19, 16, 4, 8, 12, 9, 3, 2, 21]",738.1157667344866,12.749146461486816
