Id,Coordinates,Order,Distance,Time
3203,"[[0, 0], [28, 7], [5, 24], [4, 103], [18, 47], [25, 26], [3, 2], [26, 100], [10, 14], [10, 59], [30, 54], [8, 82], [3, 2], [6, 101], [37, 70], [29, 72], [9, 77], [3, 41], [36, 22], [8, 75], [21, 19], [0, 0]]","[0, 6, 12, 8, 20, 1, 18, 5, 4, 10, 14, 15, 19, 16, 11, 13, 3, 7, 9, 17, 2, 21]",310.559441932312,17.50708031654358
