Id,Coordinates,Order,Distance,Time
5520,"[[0, 0], [14, 1], [57, 3], [49, 6], [9, 9], [105, 3], [89, 12], [27, 23], [26, 2], [105, 4], [43, 10], [31, 12], [68, 23], [90, 25], [23, 18], [6, 20], [95, 20], [21, 23], [1, 20], [29, 29], [45, 10], [0, 0]]","[0, 4, 1, 8, 11, 14, 7, 10, 20, 3, 2, 13, 16, 9, 5, 6, 12, 19, 17, 15, 18, 21]",296.0484233082414,16.2098388671875
