Id,Coordinates,Order,Distance,Time
293,"[[0, 0], [162, 64], [49, 148], [43, 99], [127, 75], [91, 29], [122, 110], [145, 147], [161, 16], [161, 106], [28, 76], [36, 85], [48, 43], [163, 22], [148, 88], [26, 122], [72, 125], [110, 106], [23, 97], [89, 149], [26, 29], [0, 0]]","[0, 20, 12, 10, 11, 3, 18, 15, 2, 16, 19, 17, 6, 7, 9, 14, 4, 1, 8, 13, 5, 21]",726.0908623612428,14.014808177947998
