Id,Coordinates,Order,Distance,Time
4392,"[[0, 0], [37, 21], [6, 18], [20, 22], [6, 41], [127, 18], [100, 27], [102, 18], [43, 38], [20, 20], [56, 17], [141, 47], [145, 44], [82, 4], [61, 54], [139, 15], [13, 13], [54, 7], [46, 38], [31, 47], [142, 41], [0, 0]]","[0, 16, 9, 3, 1, 8, 18, 10, 17, 13, 7, 6, 5, 15, 20, 12, 11, 14, 19, 4, 2, 21]",417.63182812715945,20.495275259017944
