Id,Coordinates,Order,Distance,Time
6996,"[[0, 0], [79, 26], [26, 13], [54, 30], [9, 2], [68, 41], [34, 41], [13, 52], [36, 51], [64, 52], [69, 48], [56, 121], [80, 110], [5, 25], [43, 113], [38, 60], [61, 42], [80, 36], [17, 7], [5, 108], [2, 115], [0, 0]]","[0, 4, 18, 2, 8, 15, 6, 3, 16, 5, 1, 17, 10, 9, 12, 11, 14, 19, 20, 7, 13, 21]",456.9051099180566,15.785007238388062
