Id,Coordinates,Order,Distance,Time
2112,"[[0, 0], [23, 2], [2, 6], [28, 23], [30, 38], [27, 18], [2, 29], [18, 64], [23, 82], [27, 32], [8, 4], [18, 85], [28, 22], [6, 17], [1, 92], [13, 52], [22, 71], [18, 5], [2, 77], [17, 72], [24, 2], [0, 0]]","[0, 10, 17, 1, 20, 5, 12, 3, 9, 4, 7, 19, 16, 8, 11, 14, 18, 15, 6, 13, 2, 21]",237.56838371520843,16.449057579040527
