Id,Coordinates,Order,Distance,Time
8446,"[[0, 0], [51, 117], [14, 131], [21, 34], [52, 46], [62, 32], [6, 117], [58, 18], [12, 133], [40, 8], [60, 81], [8, 112], [25, 87], [60, 16], [47, 88], [57, 33], [47, 72], [43, 104], [27, 123], [11, 117], [7, 75], [0, 0]]","[0, 9, 13, 7, 5, 15, 4, 16, 10, 14, 17, 1, 18, 2, 8, 19, 6, 11, 12, 20, 3, 21]",390.9586097757643,19.31800079345703
