Id,Coordinates,Order,Distance,Time
504,"[[0, 0], [114, 47], [9, 29], [96, 44], [52, 2], [31, 25], [99, 23], [41, 32], [100, 46], [2, 35], [7, 9], [23, 47], [79, 1], [45, 8], [1, 5], [40, 24], [1, 49], [121, 11], [89, 16], [135, 25], [45, 5], [0, 0]]","[0, 14, 10, 2, 9, 16, 11, 5, 15, 7, 18, 6, 3, 8, 1, 19, 17, 12, 4, 20, 13, 21]",396.5335913913079,14.50001859664917
