Id,Coordinates,Order,Distance,Time
4517,"[[0, 0], [71, 56], [1, 49], [48, 17], [37, 125], [67, 132], [66, 106], [18, 48], [26, 111], [26, 35], [10, 50], [76, 59], [38, 52], [33, 130], [80, 24], [56, 40], [63, 136], [68, 77], [22, 40], [68, 2], [24, 17], [0, 0]]","[0, 9, 18, 2, 10, 7, 12, 1, 11, 17, 6, 5, 16, 4, 13, 8, 15, 14, 19, 3, 20, 21]",493.33961890869244,18.524628162384033
