Id,Coordinates,Order,Distance,Time
9377,"[[0, 0], [71, 70], [5, 14], [109, 72], [44, 100], [106, 85], [15, 71], [36, 62], [71, 12], [49, 72], [17, 43], [111, 76], [34, 93], [28, 104], [107, 101], [103, 71], [45, 107], [16, 115], [37, 51], [92, 45], [114, 13], [0, 0]]","[0, 18, 7, 1, 15, 3, 11, 5, 14, 19, 20, 8, 9, 12, 4, 16, 13, 17, 6, 10, 2, 21]",578.5378025242717,15.32414197921753
