Id,Coordinates,Order,Distance,Time
8464,"[[0, 0], [175, 22], [84, 11], [142, 12], [90, 26], [91, 32], [81, 20], [102, 31], [158, 14], [104, 29], [16, 29], [61, 23], [93, 25], [103, 15], [60, 1], [175, 29], [173, 2], [143, 36], [120, 20], [139, 9], [97, 12], [0, 0]]","[0, 10, 11, 6, 20, 13, 9, 7, 5, 4, 12, 18, 19, 3, 8, 16, 1, 15, 17, 2, 14, 21]",458.4271493345761,18.394026279449463
