Id,Coordinates,Order,Distance,Time
2600,"[[0, 0], [61, 12], [55, 26], [79, 29], [41, 4], [8, 25], [128, 9], [151, 11], [84, 24], [80, 5], [129, 30], [115, 31], [106, 25], [81, 15], [86, 5], [31, 4], [108, 26], [29, 1], [40, 13], [47, 30], [137, 9], [0, 0]]","[0, 15, 17, 4, 18, 19, 2, 3, 8, 13, 9, 14, 12, 16, 11, 10, 7, 20, 6, 1, 5, 21]",392.6671977005285,15.814769983291626
