Id,Coordinates,Order,Distance,Time
4966,"[[0, 0], [51, 20], [23, 6], [120, 105], [10, 30], [119, 67], [50, 115], [103, 105], [127, 49], [124, 107], [83, 76], [18, 59], [70, 98], [111, 119], [37, 40], [78, 85], [16, 55], [86, 90], [20, 72], [55, 82], [28, 83], [0, 0]]","[0, 4, 16, 11, 18, 20, 6, 12, 15, 17, 7, 13, 3, 9, 5, 8, 10, 19, 14, 1, 2, 21]",502.70160479104385,14.389819860458374
