Id,Coordinates,Order,Distance,Time
2902,"[[0, 0], [41, 118], [87, 129], [98, 1], [99, 166], [40, 84], [112, 49], [25, 160], [98, 13], [22, 12], [45, 37], [37, 120], [16, 92], [107, 58], [117, 15], [99, 64], [89, 27], [68, 63], [15, 40], [90, 96], [119, 77], [0, 0]]","[0, 18, 10, 15, 13, 6, 20, 19, 2, 4, 7, 11, 1, 12, 5, 17, 16, 8, 14, 3, 9, 21]",707.8262359110767,15.468061447143555
