Id,Coordinates,Order,Distance,Time
7934,"[[0, 0], [30, 7], [35, 14], [47, 35], [27, 23], [11, 34], [4, 12], [40, 5], [50, 26], [38, 4], [13, 36], [19, 26], [9, 20], [42, 8], [2, 6], [4, 36], [34, 37], [12, 7], [19, 19], [21, 31], [30, 15], [0, 0]]","[0, 14, 6, 12, 15, 10, 5, 11, 19, 4, 20, 2, 1, 9, 7, 13, 8, 3, 16, 18, 17, 21]",206.5575503707529,17.540224075317383
