Id,Coordinates,Order,Distance,Time
1240,"[[0, 0], [71, 57], [28, 83], [20, 26], [46, 1], [8, 3], [91, 36], [89, 61], [5, 30], [40, 73], [63, 59], [55, 100], [18, 38], [102, 73], [48, 28], [120, 16], [104, 18], [90, 74], [69, 2], [120, 21], [57, 90], [0, 0]]","[0, 5, 3, 14, 4, 18, 16, 15, 19, 6, 7, 17, 13, 1, 10, 9, 20, 11, 2, 12, 8, 21]",482.0503088156621,15.076919555664062
