Id,Coordinates,Order,Distance,Time
2608,"[[0, 0], [46, 2], [46, 2], [47, 16], [149, 14], [84, 4], [161, 7], [157, 20], [97, 22], [63, 23], [4, 15], [121, 3], [4, 12], [12, 19], [156, 6], [37, 19], [70, 4], [139, 18], [167, 6], [74, 14], [109, 16], [0, 0]]","[0, 12, 10, 13, 15, 1, 2, 16, 5, 8, 20, 17, 4, 7, 6, 18, 14, 11, 19, 9, 3, 21]",387.7772179905902,16.93855333328247
