Id,Coordinates,Order,Distance,Time
5083,"[[0, 0], [17, 134], [66, 13], [44, 108], [64, 135], [51, 81], [3, 67], [9, 20], [17, 105], [6, 10], [74, 136], [15, 11], [39, 110], [3, 35], [64, 88], [31, 95], [64, 46], [9, 3], [54, 6], [64, 96], [39, 44], [0, 0]]","[0, 9, 7, 13, 6, 15, 12, 3, 14, 16, 2, 18, 20, 8, 1, 4, 10, 19, 5, 11, 17, 21]",599.5199926091277,13.294111251831055
