Id,Coordinates,Order,Distance,Time
2607,"[[0, 0], [1, 22], [13, 24], [33, 5], [38, 3], [27, 9], [3, 18], [12, 29], [37, 25], [7, 2], [16, 2], [21, 17], [13, 31], [46, 26], [10, 6], [46, 7], [19, 31], [6, 10], [34, 19], [6, 1], [3, 7], [0, 0]]","[0, 19, 20, 17, 6, 1, 2, 7, 12, 16, 11, 5, 3, 4, 15, 13, 8, 18, 10, 14, 9, 21]",179.24667261084076,19.86194658279419
