Id,Coordinates,Order,Distance,Time
8259,"[[0, 0], [24, 7], [26, 22], [10, 23], [33, 14], [6, 2], [1, 27], [31, 5], [19, 31], [12, 26], [28, 27], [11, 34], [20, 13], [5, 19], [35, 17], [36, 12], [33, 27], [26, 8], [20, 23], [26, 8], [37, 26], [0, 0]]","[0, 13, 6, 3, 9, 11, 8, 18, 2, 10, 16, 20, 14, 4, 15, 7, 17, 19, 1, 12, 5, 21]",150.74525973025095,17.131410121917725
