Id,Coordinates,Order,Distance,Time
126,"[[0, 0], [129, 9], [14, 10], [35, 4], [47, 5], [128, 1], [55, 12], [25, 11], [25, 12], [59, 5], [29, 9], [91, 13], [60, 8], [47, 5], [19, 11], [56, 3], [83, 7], [113, 7], [20, 7], [42, 11], [27, 1], [0, 0]]","[0, 2, 14, 7, 8, 10, 3, 4, 13, 15, 9, 12, 16, 17, 1, 5, 11, 6, 19, 20, 18, 21]",282.7379024403674,18.958027601242065
