Id,Coordinates,Order,Distance,Time
34,"[[0, 0], [26, 52], [51, 62], [10, 84], [62, 105], [59, 53], [51, 113], [58, 10], [14, 26], [24, 104], [31, 29], [57, 80], [3, 18], [66, 95], [30, 120], [32, 88], [57, 96], [66, 117], [30, 107], [2, 72], [14, 121], [0, 0]]","[0, 12, 8, 10, 1, 11, 16, 13, 4, 17, 6, 14, 20, 18, 9, 3, 19, 15, 2, 5, 7, 21]",462.504272653708,17.482028007507324
