Id,Coordinates,Order,Distance,Time
8127,"[[0, 0], [109, 17], [106, 11], [1, 18], [42, 11], [109, 18], [25, 9], [7, 7], [30, 1], [107, 14], [11, 19], [99, 19], [89, 3], [107, 8], [97, 20], [54, 1], [42, 10], [58, 7], [25, 5], [85, 12], [84, 19], [0, 0]]","[0, 7, 3, 10, 6, 16, 4, 17, 19, 20, 14, 11, 9, 2, 13, 1, 5, 12, 15, 8, 18, 21]",274.9437940826183,13.945412397384644
