Id,Coordinates,Order,Distance,Time
1842,"[[0, 0], [37, 10], [31, 70], [88, 22], [71, 51], [51, 64], [92, 8], [54, 41], [43, 8], [14, 42], [88, 6], [1, 116], [17, 94], [69, 81], [58, 48], [83, 121], [24, 12], [1, 124], [19, 108], [54, 116], [86, 61], [0, 0]]","[0, 16, 1, 8, 7, 14, 5, 2, 12, 11, 17, 18, 19, 15, 13, 20, 4, 3, 6, 10, 9, 21]",544.7717180725494,15.746392011642456
