Id,Coordinates,Order,Distance,Time
7332,"[[0, 0], [46, 104], [41, 92], [15, 1], [47, 135], [35, 81], [13, 43], [44, 62], [33, 155], [16, 111], [11, 23], [8, 16], [7, 59], [37, 144], [46, 8], [49, 28], [39, 119], [37, 20], [33, 122], [34, 43], [49, 85], [0, 0]]","[0, 3, 11, 10, 19, 17, 14, 15, 7, 5, 2, 20, 1, 16, 18, 4, 13, 8, 9, 12, 6, 21]",454.3626758037064,15.507158279418945
