Id,Coordinates,Order,Distance,Time
3166,"[[0, 0], [24, 68], [159, 21], [20, 59], [172, 13], [97, 58], [67, 19], [14, 33], [129, 53], [91, 36], [160, 65], [135, 21], [91, 57], [26, 31], [63, 72], [106, 10], [114, 48], [62, 13], [9, 13], [69, 12], [156, 50], [0, 0]]","[0, 18, 7, 13, 3, 1, 14, 12, 5, 16, 8, 10, 20, 4, 2, 11, 15, 9, 6, 19, 17, 21]",495.14795910395776,15.083401441574097
