Id,Coordinates,Order,Distance,Time
4882,"[[0, 0], [71, 118], [140, 112], [156, 67], [102, 79], [37, 105], [133, 4], [145, 56], [25, 114], [151, 62], [144, 84], [50, 38], [165, 92], [86, 49], [40, 74], [14, 33], [127, 13], [130, 90], [128, 50], [51, 120], [34, 64], [0, 0]]","[0, 15, 20, 14, 5, 8, 19, 1, 17, 10, 9, 7, 18, 16, 6, 3, 12, 2, 4, 13, 11, 21]",664.7236100780983,16.825225830078125
