Id,Coordinates,Order,Distance,Time
8333,"[[0, 0], [48, 128], [34, 46], [25, 64], [37, 70], [44, 18], [9, 51], [41, 96], [5, 14], [2, 33], [39, 121], [41, 115], [30, 23], [21, 127], [55, 90], [34, 68], [41, 47], [58, 71], [30, 116], [43, 47], [24, 23], [0, 0]]","[0, 8, 9, 6, 3, 15, 4, 17, 14, 11, 10, 1, 13, 18, 7, 19, 16, 2, 5, 12, 20, 21]",379.1314058373415,14.862660646438599
