Id,Coordinates,Order,Distance,Time
3968,"[[0, 0], [2, 9], [11, 43], [12, 21], [5, 39], [2, 12], [4, 101], [9, 29], [6, 83], [23, 64], [22, 5], [23, 52], [5, 65], [15, 8], [17, 84], [1, 88], [3, 25], [22, 80], [6, 70], [11, 46], [5, 78], [0, 0]]","[0, 1, 5, 16, 7, 3, 13, 10, 4, 2, 19, 11, 9, 17, 14, 6, 15, 8, 20, 18, 12, 21]",282.3114898092064,12.722548484802246
