Id,Coordinates,Order,Distance,Time
5185,"[[0, 0], [16, 80], [18, 53], [27, 137], [27, 97], [32, 22], [12, 33], [32, 45], [27, 31], [19, 84], [9, 75], [10, 177], [3, 115], [2, 31], [20, 172], [19, 118], [22, 156], [28, 63], [25, 106], [27, 75], [12, 175], [0, 0]]","[0, 13, 6, 8, 5, 7, 17, 19, 9, 1, 4, 18, 15, 3, 16, 14, 20, 11, 12, 10, 2, 21]",429.44125189370345,14.249109029769897
