Id,Coordinates,Order,Distance,Time
4751,"[[0, 0], [73, 26], [61, 39], [47, 70], [14, 71], [79, 9], [7, 66], [14, 76], [99, 74], [112, 48], [45, 59], [93, 56], [16, 58], [119, 16], [54, 47], [107, 73], [64, 23], [112, 68], [78, 23], [19, 69], [39, 72], [0, 0]]","[0, 12, 6, 4, 7, 19, 20, 3, 10, 14, 2, 1, 18, 5, 13, 9, 17, 15, 8, 11, 16, 21]",435.6622221165275,14.823667526245117
