Id,Coordinates,Order,Distance,Time
4932,"[[0, 0], [25, 27], [12, 8], [2, 37], [4, 10], [18, 19], [12, 15], [21, 21], [29, 3], [26, 25], [8, 31], [32, 1], [47, 12], [14, 38], [50, 36], [24, 24], [23, 2], [45, 19], [35, 33], [3, 11], [46, 27], [0, 0]]","[0, 4, 19, 6, 5, 15, 9, 18, 14, 20, 17, 12, 11, 8, 16, 10, 3, 13, 1, 7, 2, 21]",225.2876653126087,12.67136263847351
