Id,Coordinates,Order,Distance,Time
2130,"[[0, 0], [138, 28], [110, 39], [76, 7], [50, 8], [124, 18], [156, 58], [77, 57], [14, 54], [114, 29], [180, 42], [52, 68], [35, 5], [99, 14], [32, 49], [127, 56], [36, 27], [165, 36], [190, 33], [168, 27], [97, 68], [0, 0]]","[0, 16, 8, 14, 11, 7, 20, 2, 9, 5, 1, 17, 19, 18, 10, 6, 15, 13, 3, 4, 12, 21]",532.864375524297,15.971569061279297
