Id,Coordinates,Order,Distance,Time
51,"[[0, 0], [9, 5], [11, 3], [151, 1], [113, 3], [146, 4], [78, 8], [109, 5], [16, 9], [16, 2], [86, 3], [28, 10], [126, 5], [37, 5], [92, 3], [133, 2], [153, 3], [131, 3], [153, 1], [124, 3], [47, 9], [0, 0]]","[0, 1, 8, 11, 20, 6, 10, 14, 7, 4, 19, 17, 15, 3, 18, 16, 5, 12, 13, 9, 2, 21]",312.5391185141064,22.162997007369995
