Id,Coordinates,Order,Distance,Time
5018,"[[0, 0], [59, 125], [10, 16], [16, 35], [2, 142], [46, 31], [28, 160], [11, 9], [37, 80], [55, 142], [30, 115], [42, 3], [38, 134], [52, 132], [13, 95], [32, 79], [65, 175], [32, 17], [37, 90], [8, 129], [4, 100], [0, 0]]","[0, 7, 2, 17, 11, 5, 8, 15, 14, 20, 19, 4, 6, 16, 9, 1, 13, 12, 10, 18, 3, 21]",512.9105783626452,18.050029754638672
