Id,Coordinates,Order,Distance,Time
5633,"[[0, 0], [26, 45], [46, 27], [12, 22], [27, 65], [56, 19], [18, 83], [46, 75], [9, 19], [41, 92], [55, 39], [14, 67], [33, 27], [50, 114], [21, 50], [46, 55], [5, 65], [51, 88], [1, 83], [18, 85], [22, 20], [0, 0]]","[0, 20, 12, 2, 5, 10, 15, 7, 17, 13, 9, 19, 6, 18, 16, 11, 4, 14, 1, 3, 8, 21]",348.9487088806801,13.895370244979858
