Id,Coordinates,Order,Distance,Time
2849,"[[0, 0], [6, 78], [9, 86], [6, 133], [40, 91], [8, 30], [14, 132], [25, 74], [23, 113], [42, 128], [15, 75], [25, 7], [23, 84], [4, 90], [9, 174], [29, 167], [24, 93], [14, 57], [12, 185], [5, 104], [3, 91], [0, 0]]","[0, 11, 5, 17, 10, 1, 2, 13, 20, 19, 16, 12, 4, 9, 6, 3, 14, 18, 15, 8, 7, 21]",509.8075816371156,16.23920702934265
