Id,Coordinates,Order,Distance,Time
6107,"[[0, 0], [1, 79], [13, 65], [7, 18], [21, 90], [24, 21], [17, 88], [28, 62], [17, 88], [14, 15], [8, 62], [13, 32], [23, 115], [30, 114], [19, 19], [14, 127], [24, 91], [27, 145], [24, 138], [7, 20], [17, 74], [0, 0]]","[0, 3, 19, 9, 14, 5, 7, 20, 6, 8, 4, 16, 13, 12, 17, 18, 15, 1, 2, 10, 11, 21]",342.35279907658673,15.62859320640564
