Id,Coordinates,Order,Distance,Time
5631,"[[0, 0], [140, 9], [77, 10], [80, 12], [114, 5], [55, 16], [77, 26], [16, 17], [4, 6], [38, 25], [63, 6], [105, 14], [47, 8], [83, 17], [96, 9], [53, 25], [111, 9], [115, 4], [58, 24], [79, 28], [98, 2], [0, 0]]","[0, 8, 7, 9, 15, 18, 5, 2, 3, 13, 6, 19, 14, 11, 16, 1, 17, 4, 20, 10, 12, 21]",335.2448831305568,13.507365226745605
