Id,Coordinates,Order,Distance,Time
2889,"[[0, 0], [61, 14], [38, 4], [15, 21], [29, 13], [18, 1], [40, 13], [3, 7], [57, 19], [36, 8], [63, 12], [32, 25], [3, 5], [49, 16], [27, 24], [42, 25], [15, 29], [25, 17], [43, 30], [8, 14], [25, 21], [0, 0]]","[0, 12, 7, 19, 3, 16, 20, 14, 11, 15, 18, 8, 1, 10, 13, 6, 2, 9, 4, 17, 5, 21]",184.4685743147453,15.989559173583984
