Id,Coordinates,Order,Distance,Time
7938,"[[0, 0], [21, 91], [8, 147], [31, 105], [12, 56], [2, 136], [16, 8], [45, 144], [27, 19], [10, 113], [18, 73], [21, 35], [9, 33], [33, 83], [34, 146], [5, 39], [30, 67], [36, 19], [14, 78], [19, 36], [25, 118], [0, 0]]","[0, 6, 8, 17, 11, 19, 12, 15, 4, 10, 18, 1, 9, 5, 2, 14, 7, 20, 3, 13, 16, 21]",398.42204017755984,14.73021674156189
