Id,Coordinates,Order,Distance,Time
3740,"[[0, 0], [11, 56], [41, 22], [3, 32], [41, 139], [14, 83], [32, 106], [29, 139], [37, 4], [28, 34], [22, 70], [34, 138], [10, 89], [34, 133], [22, 122], [22, 113], [29, 104], [42, 86], [10, 21], [13, 110], [40, 103], [0, 0]]","[0, 8, 2, 9, 10, 5, 12, 19, 15, 14, 13, 11, 7, 4, 6, 16, 20, 17, 1, 3, 18, 21]",380.10513466585525,15.093165397644043
