Id,Coordinates,Order,Distance,Time
7522,"[[0, 0], [19, 125], [13, 45], [61, 129], [53, 97], [95, 153], [72, 120], [94, 57], [10, 32], [68, 49], [49, 122], [1, 112], [47, 34], [43, 46], [4, 29], [62, 36], [92, 1], [78, 146], [18, 42], [31, 139], [21, 132], [0, 0]]","[0, 14, 8, 18, 13, 12, 15, 16, 7, 9, 4, 10, 3, 6, 5, 17, 19, 20, 1, 11, 2, 21]",596.6616027307343,16.588032484054565
