Id,Coordinates,Order,Distance,Time
456,"[[0, 0], [65, 38], [32, 131], [98, 135], [24, 130], [163, 109], [46, 129], [110, 54], [158, 52], [175, 131], [12, 71], [67, 129], [72, 137], [108, 55], [67, 104], [48, 4], [12, 58], [104, 100], [118, 83], [180, 41], [23, 115], [0, 0]]","[0, 1, 13, 7, 18, 17, 12, 11, 6, 2, 4, 20, 10, 16, 14, 3, 9, 5, 19, 8, 15, 21]",830.3951364621474,17.499128580093384
