Id,Coordinates,Order,Distance,Time
2909,"[[0, 0], [8, 58], [3, 28], [3, 88], [8, 82], [3, 108], [14, 104], [20, 81], [14, 32], [5, 100], [9, 131], [3, 133], [15, 92], [2, 119], [15, 45], [16, 65], [1, 164], [7, 40], [16, 136], [4, 71], [15, 148], [0, 0]]","[0, 2, 17, 1, 19, 4, 3, 9, 5, 13, 10, 11, 16, 20, 18, 6, 12, 7, 15, 14, 8, 21]",347.6653645077703,17.847095012664795
