Id,Coordinates,Order,Distance,Time
5004,"[[0, 0], [8, 41], [50, 22], [23, 1], [22, 27], [28, 2], [26, 36], [91, 44], [4, 7], [47, 45], [95, 51], [38, 50], [74, 53], [7, 22], [89, 16], [71, 38], [59, 40], [62, 42], [30, 17], [69, 49], [89, 4], [0, 0]]","[0, 13, 1, 4, 6, 11, 9, 16, 17, 15, 19, 12, 10, 7, 14, 20, 2, 18, 5, 3, 8, 21]",324.5500222131204,17.890034198760986
