Id,Coordinates,Order,Distance,Time
6384,"[[0, 0], [122, 160], [57, 69], [116, 17], [40, 59], [20, 85], [64, 77], [117, 67], [12, 157], [55, 82], [7, 113], [71, 46], [16, 120], [125, 121], [25, 119], [99, 138], [9, 75], [123, 17], [2, 101], [66, 66], [70, 155], [0, 0]]","[0, 4, 2, 19, 6, 9, 5, 16, 18, 10, 12, 14, 8, 20, 15, 1, 13, 7, 17, 3, 11, 21]",684.1815586782024,14.710685014724731
