Id,Coordinates,Order,Distance,Time
7750,"[[0, 0], [33, 165], [62, 2], [87, 28], [67, 78], [28, 132], [36, 140], [109, 144], [65, 10], [54, 69], [33, 16], [59, 168], [106, 95], [76, 93], [52, 10], [56, 136], [83, 118], [89, 42], [100, 23], [8, 129], [55, 107], [0, 0]]","[0, 10, 14, 2, 8, 3, 18, 17, 12, 20, 15, 6, 5, 19, 1, 11, 7, 16, 13, 4, 9, 21]",639.3779941394646,14.756441116333008
