Id,Coordinates,Order,Distance,Time
2570,"[[0, 0], [31, 48], [12, 54], [16, 26], [1, 12], [45, 96], [24, 100], [9, 90], [38, 53], [32, 29], [10, 78], [40, 61], [9, 41], [41, 89], [4, 43], [43, 45], [47, 71], [4, 96], [31, 69], [1, 64], [8, 68], [0, 0]]","[0, 3, 9, 15, 1, 8, 11, 18, 16, 13, 5, 6, 17, 7, 10, 20, 19, 2, 12, 14, 4, 21]",306.3089632729766,16.397449731826782
