Id,Coordinates,Order,Distance,Time
2100,"[[0, 0], [21, 19], [3, 21], [63, 58], [60, 16], [46, 101], [57, 137], [114, 86], [59, 86], [92, 171], [65, 133], [67, 98], [99, 85], [86, 6], [81, 125], [80, 17], [113, 142], [48, 158], [125, 174], [33, 75], [12, 130], [0, 0]]","[0, 1, 4, 15, 13, 3, 8, 5, 20, 6, 10, 14, 16, 18, 9, 17, 12, 7, 11, 19, 2, 21]",747.0997894750669,15.181554079055786
