Id,Coordinates,Order,Distance,Time
6218,"[[0, 0], [42, 24], [24, 27], [34, 75], [28, 17], [2, 60], [59, 3], [33, 23], [1, 71], [5, 33], [41, 43], [25, 6], [19, 20], [15, 52], [10, 32], [34, 39], [53, 78], [4, 90], [19, 94], [52, 13], [6, 59], [0, 0]]","[0, 11, 6, 19, 1, 7, 4, 14, 9, 13, 20, 5, 8, 17, 18, 3, 16, 10, 15, 2, 12, 21]",354.4248662707511,18.78508710861206
