Id,Coordinates,Order,Distance,Time
4838,"[[0, 0], [116, 20], [153, 7], [76, 35], [138, 2], [73, 7], [75, 38], [20, 20], [103, 43], [41, 36], [8, 42], [121, 4], [56, 1], [13, 10], [122, 15], [84, 1], [154, 34], [57, 33], [129, 8], [77, 25], [143, 2], [0, 0]]","[0, 13, 7, 10, 9, 17, 6, 3, 19, 8, 1, 14, 11, 18, 4, 20, 2, 16, 15, 5, 12, 21]",438.1943711841619,13.79402232170105
