Id,Coordinates,Order,Distance,Time
8207,"[[0, 0], [106, 58], [60, 44], [87, 88], [142, 64], [123, 42], [83, 113], [127, 31], [114, 73], [21, 54], [130, 80], [61, 20], [102, 122], [82, 90], [125, 134], [121, 76], [55, 116], [81, 95], [34, 20], [67, 138], [93, 46], [0, 0]]","[0, 18, 11, 2, 20, 8, 15, 10, 4, 7, 5, 1, 3, 13, 17, 6, 12, 14, 19, 16, 9, 21]",588.4160606505111,16.230361223220825
