Id,Coordinates,Order,Distance,Time
2640,"[[0, 0], [99, 3], [136, 2], [109, 2], [38, 1], [156, 3], [133, 3], [128, 12], [2, 3], [159, 11], [22, 5], [80, 8], [161, 11], [176, 9], [123, 1], [118, 11], [35, 12], [131, 12], [103, 9], [35, 7], [52, 9], [0, 0]]","[0, 8, 10, 19, 16, 20, 11, 1, 18, 15, 7, 17, 6, 2, 5, 9, 12, 13, 14, 3, 4, 21]",375.9191794465587,15.55918025970459
