Id,Coordinates,Order,Distance,Time
8510,"[[0, 0], [4, 35], [33, 26], [37, 60], [13, 102], [6, 36], [31, 17], [40, 4], [33, 72], [37, 18], [12, 30], [36, 98], [6, 33], [19, 81], [45, 39], [7, 26], [6, 43], [26, 44], [13, 38], [6, 39], [18, 46], [0, 0]]","[0, 15, 12, 1, 5, 19, 16, 20, 17, 2, 6, 7, 9, 14, 3, 8, 11, 4, 13, 18, 10, 21]",337.0803002318676,17.345969200134277
