Id,Coordinates,Order,Distance,Time
9002,"[[0, 0], [57, 61], [92, 66], [1, 116], [110, 127], [145, 98], [93, 15], [131, 93], [137, 107], [59, 92], [8, 71], [23, 16], [167, 9], [80, 9], [80, 28], [96, 50], [163, 115], [92, 124], [26, 64], [37, 124], [116, 127], [0, 0]]","[0, 18, 10, 3, 19, 9, 2, 15, 14, 13, 6, 12, 7, 5, 16, 8, 20, 4, 17, 1, 11, 21]",769.8661766383177,14.1468825340271
