Id,Coordinates,Order,Distance,Time
8304,"[[0, 0], [5, 47], [13, 6], [10, 47], [10, 125], [14, 70], [27, 14], [14, 112], [9, 19], [10, 125], [28, 42], [7, 146], [3, 119], [24, 14], [27, 138], [17, 45], [3, 75], [7, 23], [4, 66], [2, 62], [25, 29], [0, 0]]","[0, 8, 17, 20, 15, 3, 1, 19, 18, 16, 12, 4, 9, 11, 14, 7, 5, 10, 6, 13, 2, 21]",359.7472168390099,12.739372253417969
