Id,Coordinates,Order,Distance,Time
7463,"[[0, 0], [72, 45], [67, 33], [73, 28], [23, 29], [53, 31], [27, 47], [55, 12], [52, 38], [67, 35], [19, 13], [33, 44], [32, 45], [69, 7], [63, 30], [12, 19], [46, 32], [76, 34], [59, 36], [13, 11], [20, 20], [0, 0]]","[0, 19, 10, 20, 15, 4, 6, 12, 11, 16, 5, 8, 18, 14, 2, 9, 1, 17, 3, 13, 7, 21]",253.0476999393513,17.176080226898193
