Id,Coordinates,Order,Distance,Time
7199,"[[0, 0], [3, 72], [15, 22], [11, 11], [3, 95], [11, 16], [16, 18], [7, 54], [1, 69], [10, 67], [10, 20], [14, 13], [7, 3], [5, 74], [13, 51], [12, 89], [13, 17], [9, 51], [16, 48], [4, 35], [3, 42], [0, 0]]","[0, 12, 3, 11, 16, 6, 2, 19, 20, 17, 14, 9, 1, 13, 15, 4, 8, 7, 18, 10, 5, 21]",229.79455883816598,12.69275975227356
