Id,Coordinates,Order,Distance,Time
7478,"[[0, 0], [3, 70], [49, 107], [10, 32], [21, 77], [76, 24], [116, 120], [67, 88], [39, 62], [96, 27], [56, 77], [79, 10], [59, 96], [58, 77], [54, 108], [1, 83], [101, 54], [115, 13], [6, 9], [69, 103], [72, 44], [0, 0]]","[0, 18, 3, 1, 15, 4, 8, 10, 13, 7, 12, 2, 14, 19, 6, 16, 9, 17, 11, 5, 20, 21]",539.1817433095931,18.871666431427002
