Id,Coordinates,Order,Distance,Time
5732,"[[0, 0], [46, 7], [119, 17], [37, 16], [11, 7], [74, 20], [38, 6], [68, 5], [143, 1], [58, 5], [111, 30], [26, 18], [22, 19], [103, 4], [106, 29], [5, 28], [66, 30], [89, 16], [2, 8], [34, 27], [133, 13], [0, 0]]","[0, 4, 12, 11, 3, 6, 1, 9, 7, 17, 13, 8, 20, 2, 10, 14, 5, 16, 19, 15, 18, 21]",352.375677889704,14.53818655014038
