Id,Coordinates,Order,Distance,Time
9367,"[[0, 0], [34, 44], [36, 63], [104, 53], [57, 5], [100, 74], [63, 6], [59, 45], [31, 33], [2, 77], [25, 64], [95, 26], [66, 18], [51, 69], [60, 17], [26, 44], [34, 31], [94, 84], [9, 31], [78, 38], [32, 37], [0, 0]]","[0, 18, 8, 7, 19, 11, 3, 5, 17, 13, 2, 10, 9, 15, 1, 20, 16, 14, 12, 6, 4, 21]",459.24508708680656,17.841893911361694
