Id,Coordinates,Order,Distance,Time
2539,"[[0, 0], [68, 34], [8, 95], [10, 36], [87, 65], [98, 79], [71, 17], [77, 53], [112, 26], [46, 92], [45, 98], [74, 37], [111, 15], [15, 43], [87, 62], [50, 74], [112, 4], [125, 33], [116, 25], [140, 15], [122, 24], [0, 0]]","[0, 3, 13, 2, 10, 9, 15, 5, 14, 4, 7, 11, 1, 12, 8, 18, 20, 17, 19, 16, 6, 21]",516.4745571496424,15.550655364990234
