Id,Coordinates,Order,Distance,Time
2045,"[[0, 0], [149, 16], [99, 13], [92, 4], [133, 22], [59, 30], [21, 22], [11, 4], [81, 16], [149, 8], [79, 4], [96, 14], [75, 19], [114, 4], [23, 17], [78, 33], [122, 23], [92, 28], [142, 20], [52, 30], [75, 8], [0, 0]]","[0, 7, 14, 19, 12, 8, 20, 10, 3, 11, 2, 16, 4, 18, 1, 9, 13, 17, 15, 5, 6, 21]",367.5105139811485,15.737788677215576
