Id,Coordinates,Order,Distance,Time
5715,"[[0, 0], [106, 139], [12, 86], [25, 42], [35, 5], [130, 95], [59, 139], [41, 97], [109, 19], [186, 77], [142, 131], [128, 119], [23, 127], [42, 70], [62, 20], [47, 143], [192, 166], [37, 151], [182, 56], [104, 103], [15, 82], [0, 0]]","[0, 4, 14, 3, 13, 7, 20, 2, 12, 17, 15, 6, 1, 11, 19, 5, 10, 16, 9, 18, 8, 21]",833.5948432576755,14.32654619216919
