Id,Coordinates,Order,Distance,Time
8184,"[[0, 0], [101, 82], [100, 169], [76, 12], [16, 83], [50, 134], [62, 132], [84, 134], [32, 10], [25, 166], [3, 13], [58, 103], [26, 173], [35, 62], [86, 34], [16, 107], [13, 66], [103, 62], [90, 94], [10, 103], [66, 134], [0, 0]]","[0, 8, 3, 14, 17, 1, 18, 11, 5, 6, 20, 7, 2, 12, 9, 15, 19, 4, 16, 13, 10, 21]",588.6932938782289,14.209139585494995
