Id,Coordinates,Order,Distance,Time
915,"[[0, 0], [57, 49], [21, 50], [22, 108], [19, 3], [40, 17], [43, 83], [27, 21], [15, 127], [12, 10], [45, 31], [27, 115], [20, 6], [34, 7], [4, 91], [42, 66], [10, 108], [7, 82], [37, 8], [59, 32], [18, 62], [0, 0]]","[0, 4, 12, 13, 18, 5, 10, 19, 1, 15, 6, 3, 11, 8, 16, 14, 17, 20, 2, 7, 9, 21]",338.2168932268427,16.05877923965454
