Id,Coordinates,Order,Distance,Time
266,"[[0, 0], [38, 45], [9, 24], [90, 85], [47, 48], [51, 137], [88, 96], [18, 18], [3, 110], [23, 115], [14, 82], [36, 105], [50, 65], [117, 47], [103, 98], [117, 24], [38, 9], [47, 69], [52, 52], [27, 70], [43, 144], [0, 0]]","[0, 2, 1, 4, 18, 12, 17, 19, 10, 8, 9, 11, 20, 5, 6, 14, 3, 13, 15, 16, 7, 21]",535.7088434367382,16.723901510238647
