Id,Coordinates,Order,Distance,Time
7460,"[[0, 0], [46, 21], [46, 22], [45, 25], [41, 41], [67, 13], [19, 23], [23, 4], [33, 26], [23, 43], [22, 18], [19, 3], [65, 7], [23, 47], [9, 8], [40, 40], [35, 2], [42, 2], [24, 9], [24, 12], [37, 24], [0, 0]]","[0, 11, 7, 18, 19, 10, 8, 20, 3, 2, 1, 16, 17, 12, 5, 15, 4, 13, 9, 6, 14, 21]",238.9335394236774,15.646591424942017
