Id,Coordinates,Order,Distance,Time
6249,"[[0, 0], [66, 32], [70, 19], [7, 66], [67, 58], [38, 23], [72, 41], [17, 72], [52, 38], [40, 71], [21, 60], [81, 39], [35, 35], [75, 37], [20, 47], [83, 45], [39, 66], [59, 30], [53, 3], [111, 66], [44, 37], [0, 0]]","[0, 5, 12, 20, 8, 17, 1, 13, 11, 15, 19, 9, 16, 7, 3, 10, 14, 4, 6, 2, 18, 21]",452.44571516507995,18.212592124938965
