Id,Coordinates,Order,Distance,Time
6917,"[[0, 0], [177, 13], [124, 9], [10, 9], [175, 8], [134, 8], [15, 16], [21, 6], [136, 10], [192, 2], [73, 6], [113, 12], [13, 2], [6, 1], [67, 11], [93, 5], [65, 10], [4, 6], [72, 1], [131, 3], [185, 13], [0, 0]]","[0, 13, 17, 3, 6, 7, 16, 14, 10, 15, 11, 2, 19, 5, 8, 4, 1, 20, 9, 18, 12, 21]",419.80380926871237,15.110317945480347
