Id,Coordinates,Order,Distance,Time
885,"[[0, 0], [42, 188], [31, 60], [120, 138], [22, 118], [101, 100], [73, 63], [81, 110], [42, 134], [136, 102], [45, 42], [24, 196], [117, 55], [58, 88], [11, 98], [32, 152], [28, 31], [87, 49], [82, 1], [50, 166], [40, 169], [0, 0]]","[0, 16, 10, 2, 6, 5, 7, 8, 15, 20, 19, 1, 11, 4, 14, 13, 3, 9, 12, 17, 18, 21]",812.916143184509,15.872788190841675
