Id,Coordinates,Order,Distance,Time
9481,"[[0, 0], [105, 22], [61, 9], [7, 39], [93, 36], [57, 5], [21, 22], [72, 33], [75, 40], [39, 12], [16, 30], [78, 29], [47, 26], [102, 14], [23, 26], [103, 36], [27, 7], [10, 27], [82, 20], [49, 39], [90, 21], [0, 0]]","[0, 16, 12, 19, 11, 18, 20, 13, 1, 15, 4, 8, 7, 2, 5, 9, 6, 14, 10, 3, 17, 21]",327.2381832290621,18.932416915893555
