Id,Coordinates,Order,Distance,Time
1223,"[[0, 0], [111, 8], [61, 57], [95, 26], [153, 5], [2, 60], [23, 36], [62, 48], [13, 55], [90, 46], [42, 21], [102, 65], [96, 42], [83, 39], [99, 58], [28, 39], [156, 9], [59, 8], [130, 33], [66, 15], [52, 36], [0, 0]]","[0, 5, 8, 6, 15, 20, 7, 2, 12, 3, 1, 4, 16, 18, 11, 14, 9, 13, 19, 17, 10, 21]",490.6693736898927,15.276748657226562
