Id,Coordinates,Order,Distance,Time
3550,"[[0, 0], [2, 43], [10, 54], [10, 7], [13, 41], [9, 6], [10, 55], [7, 69], [11, 65], [2, 44], [6, 19], [2, 38], [8, 70], [8, 31], [1, 52], [11, 58], [8, 8], [8, 69], [7, 24], [12, 26], [6, 55], [0, 0]]","[0, 5, 3, 16, 10, 18, 13, 11, 1, 9, 14, 20, 17, 7, 12, 8, 15, 6, 2, 4, 19, 21]",156.49029798982846,13.594629049301147
