Id,Coordinates,Order,Distance,Time
9926,"[[0, 0], [8, 89], [34, 136], [33, 46], [21, 38], [17, 26], [4, 105], [40, 82], [20, 74], [5, 91], [1, 40], [16, 134], [15, 27], [13, 45], [13, 143], [4, 88], [39, 67], [40, 144], [1, 94], [23, 111], [33, 112], [0, 0]]","[0, 12, 5, 4, 3, 16, 7, 1, 15, 9, 18, 6, 19, 20, 2, 17, 14, 11, 8, 13, 10, 21]",395.99117169356845,14.810846090316772
