Id,Coordinates,Order,Distance,Time
1916,"[[0, 0], [33, 39], [47, 46], [42, 30], [19, 101], [4, 118], [4, 119], [59, 109], [69, 150], [9, 137], [74, 33], [53, 55], [14, 58], [71, 47], [73, 103], [68, 55], [29, 49], [13, 69], [38, 1], [34, 1], [41, 105], [0, 0]]","[0, 19, 18, 1, 16, 12, 17, 20, 7, 14, 8, 9, 6, 5, 4, 11, 15, 13, 10, 2, 3, 21]",538.2505120428135,14.772475481033325
