Id,Coordinates,Order,Distance,Time
7022,"[[0, 0], [115, 8], [22, 15], [84, 22], [37, 97], [94, 32], [112, 73], [65, 9], [91, 6], [107, 32], [92, 6], [48, 1], [58, 34], [74, 6], [97, 66], [44, 60], [59, 38], [102, 82], [54, 42], [86, 9], [20, 85], [0, 0]]","[0, 2, 11, 7, 13, 19, 8, 10, 3, 5, 1, 9, 6, 17, 14, 16, 12, 18, 15, 4, 20, 21]",490.0184371923255,15.487159729003906
