Id,Coordinates,Order,Distance,Time
8769,"[[0, 0], [153, 49], [160, 30], [79, 97], [154, 63], [116, 51], [153, 40], [119, 16], [141, 68], [74, 18], [23, 102], [100, 86], [40, 7], [100, 69], [109, 27], [64, 106], [23, 29], [132, 134], [158, 62], [154, 30], [8, 15], [0, 0]]","[0, 20, 16, 9, 14, 5, 13, 11, 3, 10, 15, 17, 8, 4, 18, 1, 6, 2, 19, 7, 12, 21]",669.1882489048857,14.138655662536621
