Id,Coordinates,Order,Distance,Time
2081,"[[0, 0], [33, 54], [77, 16], [75, 60], [45, 125], [75, 49], [20, 1], [78, 82], [7, 121], [47, 55], [17, 74], [86, 130], [2, 96], [63, 33], [48, 122], [15, 108], [43, 25], [24, 31], [57, 21], [42, 45], [51, 4], [0, 0]]","[0, 17, 16, 18, 13, 5, 9, 19, 1, 10, 12, 15, 8, 4, 14, 11, 7, 3, 2, 20, 6, 21]",519.8478234131129,17.8905508518219
