Id,Coordinates,Order,Distance,Time
9929,"[[0, 0], [6, 17], [8, 121], [41, 47], [30, 50], [3, 37], [37, 79], [27, 75], [16, 79], [13, 41], [31, 21], [44, 56], [25, 33], [12, 65], [34, 4], [16, 97], [9, 19], [37, 45], [18, 107], [15, 83], [46, 93], [0, 0]]","[0, 1, 16, 5, 9, 17, 3, 11, 13, 8, 19, 15, 2, 18, 20, 6, 7, 4, 12, 10, 14, 21]",363.66229858011457,13.882888555526733
