Id,Coordinates,Order,Distance,Time
1751,"[[0, 0], [14, 31], [53, 82], [26, 83], [70, 18], [15, 168], [47, 30], [23, 117], [57, 5], [19, 121], [17, 56], [55, 112], [4, 75], [35, 66], [49, 152], [7, 119], [53, 80], [65, 112], [12, 126], [33, 67], [7, 32], [0, 0]]","[0, 20, 1, 10, 19, 13, 3, 15, 18, 9, 7, 2, 16, 6, 8, 4, 17, 11, 14, 5, 12, 21]",663.1416877154295,16.49236750602722
