Id,Coordinates,Order,Distance,Time
7426,"[[0, 0], [61, 104], [20, 64], [44, 25], [61, 99], [32, 32], [25, 95], [26, 144], [55, 116], [70, 8], [34, 118], [40, 76], [23, 138], [76, 147], [82, 93], [35, 53], [68, 65], [60, 133], [6, 131], [53, 23], [2, 51], [0, 0]]","[0, 5, 3, 19, 9, 15, 11, 10, 8, 1, 4, 16, 14, 13, 17, 7, 12, 18, 6, 2, 20, 21]",600.3106910436037,14.988086223602295
