Id,Coordinates,Order,Distance,Time
1990,"[[0, 0], [156, 47], [75, 50], [160, 47], [13, 60], [46, 4], [146, 16], [168, 23], [90, 43], [91, 39], [22, 60], [84, 13], [50, 23], [85, 37], [115, 29], [97, 44], [112, 54], [45, 11], [111, 36], [76, 11], [47, 38], [0, 0]]","[0, 5, 17, 12, 2, 13, 9, 8, 15, 16, 1, 3, 7, 6, 14, 18, 11, 19, 20, 10, 4, 21]",479.63674614984757,16.52184796333313
