Id,Coordinates,Order,Distance,Time
1695,"[[0, 0], [86, 50], [61, 26], [169, 3], [92, 8], [9, 6], [48, 33], [124, 37], [153, 11], [34, 21], [173, 22], [114, 27], [38, 27], [168, 20], [163, 22], [146, 58], [156, 4], [65, 25], [178, 36], [168, 61], [96, 49], [0, 0]]","[0, 5, 2, 17, 4, 11, 7, 15, 19, 18, 10, 13, 14, 3, 16, 8, 20, 1, 6, 12, 9, 21]",469.5492744743568,17.01700258255005
