Id,Coordinates,Order,Distance,Time
2976,"[[0, 0], [1, 150], [36, 88], [4, 126], [4, 93], [26, 169], [31, 64], [34, 41], [1, 165], [37, 99], [2, 86], [37, 158], [4, 42], [35, 35], [18, 139], [4, 70], [21, 10], [26, 116], [15, 37], [31, 128], [21, 42], [0, 0]]","[0, 16, 18, 20, 13, 7, 6, 2, 9, 17, 19, 1, 8, 5, 11, 14, 3, 4, 10, 15, 12, 21]",437.113654150953,18.626742124557495
