Id,Coordinates,Order,Distance,Time
9625,"[[0, 0], [45, 103], [102, 127], [147, 96], [111, 124], [88, 106], [27, 61], [65, 98], [87, 122], [51, 108], [93, 58], [60, 93], [84, 5], [159, 18], [82, 72], [161, 26], [67, 71], [81, 102], [136, 24], [90, 37], [58, 114], [0, 0]]","[0, 16, 14, 10, 19, 12, 18, 13, 15, 3, 4, 2, 8, 5, 17, 7, 20, 9, 1, 11, 6, 21]",618.6836467920012,18.870890140533447
