Id,Coordinates,Order,Distance,Time
6567,"[[0, 0], [160, 9], [9, 10], [96, 7], [107, 3], [153, 4], [84, 5], [46, 6], [175, 9], [85, 2], [165, 4], [81, 10], [157, 5], [83, 1], [12, 4], [103, 10], [3, 3], [57, 3], [55, 1], [122, 5], [41, 5], [0, 0]]","[0, 16, 2, 20, 7, 17, 11, 6, 3, 15, 19, 5, 12, 10, 8, 1, 4, 9, 13, 18, 14, 21]",362.3431489566521,14.230859279632568
