Id,Coordinates,Order,Distance,Time
6232,"[[0, 0], [28, 24], [38, 2], [12, 32], [37, 5], [44, 10], [91, 18], [95, 30], [6, 21], [20, 6], [50, 10], [78, 4], [38, 27], [84, 15], [13, 13], [45, 3], [64, 22], [68, 6], [91, 2], [54, 27], [15, 4], [0, 0]]","[0, 14, 8, 3, 1, 12, 19, 16, 11, 18, 6, 7, 13, 17, 10, 5, 15, 2, 4, 9, 20, 21]",277.3005050629867,16.891263723373413
