Id,Coordinates,Order,Distance,Time
1776,"[[0, 0], [22, 19], [5, 17], [16, 11], [111, 12], [16, 13], [6, 6], [53, 3], [13, 12], [91, 10], [13, 1], [17, 14], [17, 9], [96, 5], [109, 16], [89, 5], [43, 9], [41, 5], [61, 19], [6, 9], [23, 8], [0, 0]]","[0, 6, 19, 2, 3, 5, 11, 12, 8, 1, 20, 17, 16, 7, 15, 9, 13, 4, 14, 18, 10, 21]",283.2540719686564,20.118969440460205
