Id,Coordinates,Order,Distance,Time
1834,"[[0, 0], [37, 63], [84, 17], [25, 45], [58, 47], [13, 74], [34, 41], [29, 73], [35, 13], [7, 22], [89, 28], [3, 2], [44, 41], [38, 16], [43, 77], [75, 42], [54, 32], [23, 63], [17, 66], [2, 61], [61, 10], [0, 0]]","[0, 11, 9, 3, 6, 12, 16, 4, 15, 10, 2, 20, 13, 8, 1, 14, 7, 17, 5, 18, 19, 21]",394.83869132653865,15.91871976852417
