Id,Coordinates,Order,Distance,Time
3222,"[[0, 0], [74, 138], [63, 42], [36, 159], [60, 12], [55, 12], [17, 79], [62, 130], [73, 73], [26, 131], [5, 132], [20, 84], [68, 5], [13, 45], [52, 27], [18, 66], [56, 113], [50, 13], [30, 37], [10, 72], [4, 153], [0, 0]]","[0, 17, 5, 4, 12, 14, 2, 8, 16, 7, 1, 3, 20, 10, 9, 11, 6, 19, 15, 13, 18, 21]",504.82417763634066,18.13083529472351
