Id,Coordinates,Order,Distance,Time
7544,"[[0, 0], [112, 46], [12, 115], [112, 102], [27, 108], [79, 114], [82, 39], [66, 47], [78, 107], [107, 46], [72, 39], [34, 57], [78, 110], [29, 64], [97, 40], [82, 70], [93, 3], [47, 38], [94, 77], [43, 5], [25, 45], [0, 0]]","[0, 19, 16, 10, 7, 6, 14, 9, 1, 15, 18, 3, 5, 12, 8, 4, 2, 13, 11, 20, 17, 21]",547.3956595192034,13.12335753440857
