Id,Coordinates,Order,Distance,Time
6864,"[[0, 0], [45, 55], [27, 110], [50, 49], [63, 105], [101, 55], [41, 67], [51, 57], [70, 31], [23, 119], [65, 55], [8, 72], [30, 109], [66, 24], [63, 59], [32, 113], [47, 83], [89, 94], [39, 60], [39, 61], [85, 108], [0, 0]]","[0, 1, 7, 14, 10, 8, 13, 3, 18, 19, 6, 16, 5, 17, 20, 4, 15, 9, 2, 12, 11, 21]",504.98252160224666,14.907153129577637
