Id,Coordinates,Order,Distance,Time
9713,"[[0, 0], [132, 7], [47, 16], [6, 91], [107, 139], [70, 78], [123, 109], [138, 4], [83, 141], [124, 12], [27, 76], [79, 131], [135, 69], [17, 14], [111, 97], [57, 106], [89, 140], [84, 105], [115, 89], [133, 61], [71, 16], [0, 0]]","[0, 13, 2, 20, 9, 1, 7, 19, 12, 18, 14, 6, 4, 16, 8, 11, 17, 15, 5, 10, 3, 21]",577.3439309446712,14.936651468276978
