Id,Coordinates,Order,Distance,Time
3770,"[[0, 0], [43, 143], [21, 96], [39, 112], [28, 71], [31, 102], [32, 3], [56, 22], [51, 32], [51, 142], [67, 150], [29, 136], [38, 149], [67, 10], [24, 87], [2, 15], [11, 25], [23, 36], [37, 20], [60, 50], [57, 119], [0, 0]]","[0, 15, 16, 17, 18, 4, 14, 2, 5, 3, 10, 9, 1, 12, 11, 20, 19, 8, 7, 13, 6, 21]",481.3741454452309,16.260254621505737
