Id,Coordinates,Order,Distance,Time
6320,"[[0, 0], [5, 14], [66, 36], [67, 113], [10, 64], [18, 64], [49, 75], [74, 108], [70, 100], [13, 76], [44, 25], [76, 46], [26, 87], [23, 58], [26, 7], [12, 16], [47, 88], [66, 95], [21, 78], [24, 23], [31, 32], [0, 0]]","[0, 1, 14, 10, 2, 11, 6, 17, 8, 7, 3, 16, 12, 18, 9, 4, 5, 13, 20, 19, 15, 21]",362.2764607227343,14.716461658477783
