Id,Coordinates,Order,Distance,Time
6190,"[[0, 0], [9, 154], [18, 188], [17, 60], [10, 100], [2, 149], [4, 31], [17, 62], [6, 130], [19, 185], [7, 10], [4, 4], [7, 71], [17, 38], [14, 50], [11, 179], [15, 45], [7, 157], [16, 131], [10, 68], [16, 58], [0, 0]]","[0, 11, 10, 13, 16, 14, 20, 3, 7, 19, 4, 8, 5, 1, 17, 15, 2, 9, 18, 12, 6, 21]",392.11657257085363,16.16512703895569
