Id,Coordinates,Order,Distance,Time
3587,"[[0, 0], [53, 58], [56, 60], [8, 31], [17, 75], [20, 146], [75, 133], [24, 52], [74, 78], [53, 20], [40, 186], [16, 63], [51, 3], [5, 54], [43, 48], [1, 151], [45, 94], [38, 99], [37, 133], [36, 1], [44, 18], [0, 0]]","[0, 3, 13, 4, 11, 7, 16, 17, 18, 5, 15, 10, 6, 8, 2, 1, 14, 9, 20, 12, 19, 21]",555.442507999668,12.361701488494873
