Id,Coordinates,Order,Distance,Time
2036,"[[0, 0], [147, 2], [160, 16], [11, 18], [25, 15], [130, 26], [125, 20], [181, 1], [119, 16], [1, 4], [139, 1], [194, 11], [136, 5], [147, 12], [74, 22], [23, 22], [7, 11], [101, 6], [27, 25], [143, 1], [18, 15], [0, 0]]","[0, 9, 16, 3, 20, 4, 15, 18, 14, 17, 12, 10, 19, 1, 13, 2, 7, 11, 5, 6, 8, 21]",440.5546804239383,15.26025104522705
