Id,Coordinates,Order,Distance,Time
7744,"[[0, 0], [83, 29], [18, 32], [65, 20], [82, 53], [86, 53], [145, 48], [81, 45], [20, 3], [43, 36], [100, 29], [95, 32], [78, 9], [36, 3], [81, 8], [141, 39], [51, 6], [98, 2], [33, 40], [145, 40], [46, 53], [0, 0]]","[0, 8, 13, 16, 3, 12, 14, 17, 10, 11, 1, 7, 4, 5, 15, 19, 6, 20, 9, 18, 2, 21]",431.7514999414402,18.62883973121643
