Id,Coordinates,Order,Distance,Time
2897,"[[0, 0], [122, 12], [75, 15], [25, 2], [41, 25], [25, 18], [45, 22], [53, 2], [47, 20], [26, 18], [80, 4], [25, 6], [76, 9], [76, 28], [105, 17], [30, 28], [123, 26], [80, 2], [34, 16], [62, 9], [114, 22], [0, 0]]","[0, 3, 11, 5, 9, 18, 6, 8, 7, 19, 2, 12, 10, 17, 14, 20, 16, 1, 13, 4, 15, 21]",323.468361274131,13.599207162857056
