Id,Coordinates,Order,Distance,Time
3061,"[[0, 0], [113, 24], [26, 51], [30, 23], [21, 24], [101, 34], [25, 69], [7, 51], [32, 58], [3, 77], [32, 45], [84, 73], [70, 33], [14, 73], [10, 52], [35, 57], [117, 9], [33, 50], [83, 2], [1, 62], [14, 38], [0, 0]]","[0, 20, 14, 7, 19, 9, 13, 6, 8, 15, 17, 10, 2, 11, 5, 1, 16, 18, 12, 3, 4, 21]",431.58309388045336,16.148831605911255
