Id,Coordinates,Order,Distance,Time
6197,"[[0, 0], [36, 51], [85, 66], [5, 68], [8, 60], [117, 3], [108, 51], [50, 34], [133, 14], [1, 48], [33, 49], [21, 18], [32, 70], [27, 78], [134, 16], [132, 59], [40, 14], [64, 32], [101, 18], [78, 72], [124, 68], [0, 0]]","[0, 11, 12, 13, 3, 4, 9, 10, 1, 19, 2, 6, 20, 15, 14, 8, 5, 18, 17, 7, 16, 21]",495.56280877636186,16.567180395126343
