Id,Coordinates,Order,Distance,Time
8463,"[[0, 0], [60, 69], [55, 105], [24, 32], [37, 55], [63, 30], [86, 27], [103, 10], [97, 87], [94, 10], [28, 38], [43, 31], [64, 5], [9, 99], [76, 88], [63, 68], [78, 34], [8, 88], [13, 78], [39, 37], [76, 40], [0, 0]]","[0, 3, 10, 19, 5, 20, 16, 6, 7, 9, 12, 11, 4, 1, 15, 8, 14, 2, 13, 17, 18, 21]",501.99837298323877,15.93996810913086
