Id,Coordinates,Order,Distance,Time
6521,"[[0, 0], [17, 13], [73, 14], [28, 12], [138, 21], [70, 14], [55, 20], [168, 8], [177, 22], [136, 18], [9, 28], [191, 7], [66, 22], [168, 8], [83, 28], [77, 5], [28, 5], [182, 18], [24, 21], [173, 28], [123, 13], [0, 0]]","[0, 1, 3, 16, 6, 12, 5, 2, 15, 20, 9, 4, 7, 13, 11, 17, 8, 19, 14, 18, 10, 21]",445.4528875847415,13.62636923789978
