Id,Coordinates,Order,Distance,Time
2366,"[[0, 0], [9, 107], [34, 163], [41, 46], [3, 120], [42, 162], [44, 12], [6, 36], [28, 144], [5, 104], [10, 105], [7, 21], [5, 25], [11, 83], [23, 54], [32, 158], [23, 50], [5, 2], [30, 171], [10, 80], [22, 8], [0, 0]]","[0, 17, 11, 12, 7, 16, 14, 19, 13, 9, 1, 10, 4, 8, 15, 2, 5, 18, 3, 6, 20, 21]",425.93918662086475,13.025612115859985
