Id,Coordinates,Order,Distance,Time
1126,"[[0, 0], [22, 49], [59, 98], [18, 46], [8, 78], [25, 5], [11, 74], [58, 80], [22, 46], [45, 126], [105, 17], [111, 66], [46, 46], [103, 5], [82, 139], [113, 63], [55, 40], [11, 69], [33, 113], [61, 1], [61, 13], [0, 0]]","[0, 5, 19, 20, 16, 12, 8, 1, 17, 6, 4, 18, 9, 14, 2, 11, 15, 10, 13, 7, 3, 21]",630.8259123872965,16.761666536331177
