Id,Coordinates,Order,Distance,Time
7503,"[[0, 0], [48, 13], [21, 98], [87, 10], [13, 32], [46, 26], [16, 23], [65, 5], [52, 65], [25, 83], [37, 117], [39, 35], [62, 78], [90, 34], [71, 3], [54, 66], [83, 59], [3, 5], [63, 119], [37, 55], [18, 91], [0, 0]]","[0, 17, 6, 11, 5, 1, 7, 14, 3, 13, 16, 15, 9, 20, 2, 10, 18, 12, 8, 19, 4, 21]",446.0899765514587,16.826886415481567
