Id,Coordinates,Order,Distance,Time
6338,"[[0, 0], [2, 50], [18, 80], [18, 57], [32, 33], [19, 29], [29, 13], [34, 39], [10, 55], [22, 88], [3, 57], [19, 23], [14, 44], [25, 54], [9, 44], [6, 85], [14, 85], [27, 70], [24, 53], [31, 16], [30, 45], [0, 0]]","[0, 11, 5, 7, 20, 18, 13, 3, 8, 10, 1, 14, 12, 15, 16, 9, 2, 17, 4, 19, 6, 21]",286.3854878480337,17.08800196647644
