Id,Coordinates,Order,Distance,Time
7620,"[[0, 0], [129, 49], [16, 39], [136, 2], [108, 30], [138, 16], [145, 6], [71, 7], [165, 25], [34, 22], [82, 20], [39, 42], [89, 9], [92, 7], [125, 37], [109, 8], [134, 6], [44, 9], [109, 37], [60, 36], [110, 20], [0, 0]]","[0, 9, 17, 7, 10, 12, 13, 15, 20, 5, 16, 3, 6, 8, 1, 14, 18, 4, 19, 11, 2, 21]",441.2282268761022,17.79116702079773
