Id,Coordinates,Order,Distance,Time
1940,"[[0, 0], [136, 7], [153, 20], [64, 62], [176, 34], [118, 76], [41, 27], [95, 23], [168, 23], [193, 69], [182, 21], [26, 50], [181, 62], [177, 83], [175, 77], [131, 88], [51, 63], [43, 68], [186, 39], [160, 2], [99, 96], [0, 0]]","[0, 11, 17, 16, 3, 20, 5, 15, 13, 14, 9, 12, 18, 4, 10, 8, 2, 19, 1, 7, 6, 21]",552.4005435916675,16.42218279838562
