Id,Coordinates,Order,Distance,Time
5860,"[[0, 0], [2, 116], [158, 113], [147, 29], [183, 98], [116, 102], [60, 25], [92, 102], [97, 30], [135, 95], [132, 49], [82, 120], [33, 9], [99, 45], [55, 123], [185, 57], [104, 8], [16, 99], [153, 100], [20, 37], [77, 99], [0, 0]]","[0, 12, 6, 16, 8, 13, 10, 3, 15, 4, 2, 18, 9, 5, 7, 20, 11, 14, 1, 17, 19, 21]",646.2061578402327,18.390048027038574
