Id,Coordinates,Order,Distance,Time
3525,"[[0, 0], [54, 101], [34, 61], [61, 23], [148, 26], [88, 19], [109, 25], [76, 45], [81, 99], [47, 10], [146, 110], [82, 71], [113, 43], [194, 61], [61, 25], [12, 29], [13, 42], [136, 7], [177, 77], [86, 90], [4, 57], [0, 0]]","[0, 15, 16, 20, 2, 1, 8, 19, 11, 7, 14, 3, 5, 6, 17, 4, 13, 18, 10, 12, 9, 21]",673.3812773582523,13.903759717941284
