Id,Coordinates,Order,Distance,Time
168,"[[0, 0], [24, 13], [52, 37], [12, 18], [64, 22], [52, 27], [58, 23], [38, 8], [21, 9], [65, 21], [19, 13], [70, 24], [3, 2], [31, 21], [36, 24], [24, 15], [35, 35], [63, 24], [71, 27], [53, 11], [23, 1], [0, 0]]","[0, 12, 3, 10, 8, 1, 15, 13, 14, 16, 2, 5, 6, 17, 18, 11, 9, 4, 19, 7, 20, 21]",195.94032326393815,18.233992338180542
