Id,Coordinates,Order,Distance,Time
8321,"[[0, 0], [26, 100], [78, 85], [111, 48], [51, 83], [67, 5], [24, 73], [121, 62], [6, 127], [15, 79], [41, 30], [44, 143], [23, 105], [79, 40], [65, 76], [34, 150], [65, 63], [38, 95], [97, 62], [120, 81], [38, 56], [0, 0]]","[0, 10, 20, 6, 17, 4, 14, 2, 18, 19, 7, 3, 13, 5, 16, 11, 15, 8, 12, 1, 9, 21]",666.0512903717854,13.767799139022827
