Id,Coordinates,Order,Distance,Time
8135,"[[0, 0], [45, 60], [50, 34], [48, 25], [31, 56], [32, 56], [59, 13], [35, 46], [30, 73], [27, 43], [22, 27], [42, 34], [32, 13], [11, 68], [43, 42], [31, 1], [7, 36], [23, 8], [36, 69], [15, 12], [1, 1], [0, 0]]","[0, 20, 19, 17, 15, 12, 10, 9, 7, 11, 3, 6, 2, 14, 1, 18, 8, 5, 4, 13, 16, 21]",315.2259299861192,16.745811462402344
