Id,Coordinates,Order,Distance,Time
4042,"[[0, 0], [4, 12], [46, 84], [22, 91], [57, 21], [82, 82], [48, 128], [13, 11], [74, 110], [50, 83], [10, 110], [81, 12], [33, 14], [75, 129], [25, 131], [51, 86], [52, 86], [68, 2], [58, 3], [55, 51], [56, 120], [0, 0]]","[0, 7, 12, 18, 17, 11, 4, 19, 9, 16, 15, 2, 3, 10, 14, 6, 20, 13, 8, 5, 1, 21]",482.5067602405554,15.463843822479248
