Id,Coordinates,Order,Distance,Time
1311,"[[0, 0], [152, 36], [59, 69], [104, 12], [141, 55], [36, 40], [44, 72], [21, 54], [14, 25], [78, 59], [93, 41], [3, 55], [65, 69], [136, 72], [3, 18], [20, 80], [63, 79], [116, 7], [51, 31], [82, 26], [11, 6], [0, 0]]","[0, 14, 8, 5, 9, 12, 2, 16, 6, 15, 11, 7, 19, 3, 17, 1, 4, 13, 10, 18, 20, 21]",577.9716014160734,15.572561502456665
