Id,Coordinates,Order,Distance,Time
2793,"[[0, 0], [50, 28], [23, 117], [67, 44], [49, 26], [75, 38], [60, 16], [1, 90], [17, 13], [27, 105], [104, 47], [103, 42], [17, 117], [102, 20], [38, 91], [60, 110], [109, 69], [25, 1], [37, 56], [94, 14], [89, 66], [0, 0]]","[0, 17, 4, 1, 6, 3, 20, 16, 10, 11, 13, 19, 5, 15, 14, 9, 2, 12, 7, 18, 8, 21]",535.8187443660287,16.962141513824463
