Id,Coordinates,Order,Distance,Time
7254,"[[0, 0], [56, 34], [29, 14], [58, 30], [36, 34], [40, 36], [1, 3], [34, 10], [71, 34], [80, 37], [83, 1], [59, 12], [65, 20], [13, 26], [79, 2], [85, 21], [36, 21], [64, 6], [27, 36], [62, 25], [65, 9], [0, 0]]","[0, 6, 13, 18, 4, 5, 16, 11, 12, 19, 3, 1, 8, 9, 15, 10, 14, 20, 17, 7, 2, 21]",279.0880154824433,14.04456877708435
