Id,Coordinates,Order,Distance,Time
4618,"[[0, 0], [134, 71], [19, 63], [114, 29], [60, 41], [115, 101], [139, 24], [106, 33], [133, 84], [163, 102], [161, 42], [9, 20], [57, 109], [99, 58], [127, 49], [15, 105], [90, 52], [127, 52], [87, 89], [24, 43], [115, 107], [0, 0]]","[0, 11, 19, 2, 15, 12, 18, 5, 20, 8, 1, 17, 14, 16, 13, 9, 10, 6, 3, 7, 4, 21]",659.2610449036122,18.67857027053833
