Id,Coordinates,Order,Distance,Time
5400,"[[0, 0], [40, 2], [73, 9], [140, 11], [8, 13], [2, 8], [11, 16], [44, 14], [14, 20], [73, 13], [12, 17], [94, 19], [99, 10], [116, 17], [45, 3], [64, 2], [21, 14], [127, 20], [93, 2], [93, 3], [34, 18], [0, 0]]","[0, 5, 4, 6, 10, 8, 16, 20, 7, 2, 9, 19, 18, 13, 17, 3, 12, 11, 15, 14, 1, 21]",319.33596037581805,15.52377700805664
