Id,Coordinates,Order,Distance,Time
262,"[[0, 0], [18, 47], [14, 52], [3, 65], [21, 76], [8, 95], [21, 99], [3, 47], [22, 32], [8, 97], [2, 74], [4, 103], [7, 2], [15, 75], [13, 5], [2, 51], [21, 54], [17, 29], [13, 70], [7, 102], [3, 108], [0, 0]]","[0, 12, 14, 17, 8, 1, 16, 18, 13, 3, 15, 7, 10, 5, 9, 19, 11, 20, 6, 4, 2, 21]",309.5386644883753,14.26733922958374
