Id,Coordinates,Order,Distance,Time
8926,"[[0, 0], [16, 100], [9, 35], [7, 114], [79, 45], [9, 59], [110, 14], [60, 68], [104, 79], [98, 137], [20, 133], [124, 32], [11, 108], [88, 46], [51, 32], [29, 105], [18, 133], [29, 41], [34, 49], [6, 45], [97, 94], [0, 0]]","[0, 2, 19, 5, 17, 18, 14, 4, 13, 11, 6, 7, 15, 1, 12, 3, 16, 10, 9, 20, 8, 21]",666.2966574455663,14.613770246505737
