Id,Coordinates,Order,Distance,Time
860,"[[0, 0], [82, 39], [88, 25], [54, 23], [43, 39], [78, 53], [14, 54], [59, 13], [94, 54], [82, 35], [87, 28], [7, 38], [28, 42], [92, 55], [76, 20], [86, 9], [57, 18], [19, 35], [39, 12], [13, 51], [84, 17], [0, 0]]","[0, 17, 18, 3, 16, 7, 14, 20, 15, 2, 10, 9, 1, 5, 13, 8, 4, 12, 19, 6, 11, 21]",342.33977655724414,15.289339542388916
