Id,Coordinates,Order,Distance,Time
4115,"[[0, 0], [9, 160], [11, 141], [8, 77], [27, 100], [26, 89], [33, 11], [21, 112], [48, 187], [14, 76], [26, 74], [1, 73], [46, 54], [32, 78], [43, 58], [1, 37], [26, 69], [17, 149], [2, 188], [17, 141], [45, 9], [0, 0]]","[0, 6, 20, 12, 14, 16, 10, 13, 5, 7, 2, 19, 17, 1, 18, 8, 4, 9, 3, 11, 15, 21]",501.5900412863569,18.86005425453186
