Id,Coordinates,Order,Distance,Time
3479,"[[0, 0], [5, 61], [31, 23], [14, 35], [26, 65], [4, 24], [18, 25], [28, 142], [25, 98], [14, 29], [13, 34], [16, 101], [27, 89], [22, 140], [13, 136], [27, 85], [7, 49], [15, 97], [6, 10], [27, 143], [10, 79], [0, 0]]","[0, 18, 5, 9, 10, 3, 16, 1, 20, 15, 12, 8, 11, 14, 13, 19, 7, 17, 4, 2, 6, 21]",348.8870125373605,13.544616222381592
