Id,Coordinates,Order,Distance,Time
6296,"[[0, 0], [156, 80], [146, 40], [12, 48], [92, 88], [7, 39], [11, 51], [187, 90], [26, 52], [51, 52], [111, 68], [84, 28], [63, 10], [54, 44], [74, 37], [184, 90], [172, 6], [118, 43], [78, 38], [165, 68], [132, 59], [0, 0]]","[0, 5, 3, 6, 8, 9, 13, 14, 18, 11, 4, 10, 20, 1, 15, 7, 19, 2, 16, 17, 12, 21]",614.3616815497053,15.64363956451416
