Id,Coordinates,Order,Distance,Time
7640,"[[0, 0], [1, 91], [1, 186], [2, 83], [8, 1], [11, 24], [11, 122], [12, 113], [7, 127], [7, 46], [2, 148], [11, 64], [12, 97], [5, 94], [3, 174], [1, 173], [3, 58], [1, 12], [5, 161], [8, 120], [10, 98], [0, 0]]","[0, 4, 5, 9, 16, 3, 1, 13, 20, 19, 8, 10, 18, 14, 2, 15, 6, 7, 12, 11, 17, 21]",387.19729049504105,13.586013793945312
