Id,Coordinates,Order,Distance,Time
8733,"[[0, 0], [97, 45], [55, 60], [70, 48], [23, 12], [14, 6], [36, 66], [13, 106], [107, 99], [58, 36], [112, 23], [97, 52], [15, 5], [58, 44], [108, 67], [2, 7], [21, 49], [87, 58], [58, 8], [79, 41], [76, 39], [0, 0]]","[0, 15, 5, 12, 4, 9, 13, 19, 20, 10, 1, 11, 17, 14, 8, 7, 6, 16, 2, 3, 18, 21]",563.4981325386069,18.349972009658813
