Id,Coordinates,Order,Distance,Time
1391,"[[0, 0], [12, 4], [147, 5], [60, 11], [149, 21], [61, 9], [72, 17], [22, 3], [102, 4], [114, 11], [104, 6], [103, 17], [129, 1], [88, 2], [151, 10], [41, 21], [66, 9], [151, 20], [114, 9], [79, 20], [1, 6], [0, 0]]","[0, 20, 1, 7, 3, 5, 16, 13, 8, 10, 18, 9, 12, 2, 14, 17, 4, 11, 19, 6, 15, 21]",335.2840235342894,17.00052571296692
