Id,Coordinates,Order,Distance,Time
2439,"[[0, 0], [108, 87], [66, 117], [111, 46], [67, 148], [66, 5], [31, 108], [106, 113], [17, 147], [46, 100], [71, 25], [35, 96], [36, 7], [85, 120], [121, 93], [63, 11], [138, 86], [7, 86], [39, 26], [69, 174], [50, 22], [0, 0]]","[0, 12, 18, 20, 15, 5, 10, 3, 16, 14, 1, 7, 13, 2, 9, 11, 6, 4, 19, 8, 17, 21]",641.7397061838547,18.59738564491272
