Id,Coordinates,Order,Distance,Time
3560,"[[0, 0], [123, 96], [36, 29], [24, 36], [117, 164], [33, 16], [80, 37], [33, 55], [122, 76], [23, 132], [23, 67], [21, 154], [79, 167], [7, 75], [92, 26], [87, 128], [110, 160], [35, 135], [38, 138], [10, 106], [75, 141], [0, 0]]","[0, 3, 7, 10, 13, 19, 9, 11, 18, 17, 20, 12, 16, 4, 15, 1, 8, 14, 6, 2, 5, 21]",597.6663691989061,13.348756313323975
