Id,Coordinates,Order,Distance,Time
9633,"[[0, 0], [7, 68], [37, 55], [26, 7], [12, 35], [14, 2], [45, 65], [35, 74], [2, 55], [43, 100], [29, 70], [29, 91], [5, 31], [10, 13], [41, 6], [50, 25], [51, 51], [50, 103], [2, 27], [28, 114], [42, 118], [0, 0]]","[0, 5, 13, 18, 12, 8, 1, 10, 6, 16, 15, 14, 3, 2, 7, 9, 17, 20, 19, 11, 4, 21]",453.5215760014469,13.961593627929688
