Id,Coordinates,Order,Distance,Time
379,"[[0, 0], [73, 111], [52, 68], [45, 11], [20, 60], [32, 78], [94, 29], [98, 115], [17, 24], [87, 9], [86, 16], [57, 104], [124, 59], [11, 98], [38, 81], [84, 45], [60, 112], [98, 64], [41, 106], [60, 26], [17, 81], [0, 0]]","[0, 3, 19, 10, 9, 6, 15, 17, 12, 7, 1, 16, 11, 18, 14, 2, 5, 13, 20, 4, 8, 21]",516.7887549650862,25.94518804550171
