Id,Coordinates,Order,Distance,Time
6412,"[[0, 0], [125, 16], [44, 81], [98, 90], [142, 99], [117, 1], [22, 2], [41, 141], [101, 125], [62, 67], [125, 8], [129, 98], [36, 6], [58, 77], [12, 49], [60, 28], [49, 120], [49, 40], [131, 51], [41, 26], [25, 104], [0, 0]]","[0, 6, 12, 19, 17, 9, 13, 2, 20, 16, 7, 8, 3, 11, 4, 18, 1, 10, 5, 15, 14, 21]",620.4138522873806,13.738847732543945
