Id,Coordinates,Order,Distance,Time
3032,"[[0, 0], [5, 36], [73, 18], [1, 33], [53, 44], [42, 18], [83, 19], [16, 39], [13, 19], [16, 55], [30, 22], [92, 18], [6, 1], [54, 24], [1, 32], [7, 50], [18, 37], [105, 19], [94, 49], [67, 41], [84, 43], [0, 0]]","[0, 12, 10, 5, 13, 2, 6, 11, 17, 18, 20, 19, 4, 16, 1, 14, 3, 15, 9, 7, 8, 21]",333.11456058389433,17.67661476135254
