Id,Coordinates,Order,Distance,Time
9147,"[[0, 0], [24, 112], [81, 16], [25, 67], [116, 63], [103, 109], [9, 61], [96, 87], [77, 29], [79, 105], [108, 119], [90, 69], [49, 25], [79, 82], [8, 41], [72, 102], [101, 72], [35, 71], [16, 10], [5, 86], [59, 50], [0, 0]]","[0, 18, 14, 6, 3, 17, 20, 12, 8, 2, 4, 16, 11, 13, 7, 5, 10, 9, 15, 1, 19, 21]",562.1769943374775,18.992070198059082
