Id,Coordinates,Order,Distance,Time
236,"[[0, 0], [62, 43], [148, 114], [90, 79], [92, 70], [52, 7], [94, 63], [99, 29], [67, 67], [130, 114], [133, 3], [99, 140], [53, 21], [124, 106], [145, 53], [139, 123], [159, 154], [120, 17], [70, 15], [65, 16], [52, 60], [0, 0]]","[0, 5, 19, 18, 1, 20, 8, 4, 6, 3, 13, 9, 11, 16, 15, 2, 14, 10, 17, 7, 12, 21]",651.32014351475,17.968398332595825
