Id,Coordinates,Order,Distance,Time
8181,"[[0, 0], [32, 10], [34, 7], [152, 4], [136, 4], [177, 20], [105, 9], [142, 6], [7, 9], [49, 19], [56, 8], [102, 19], [28, 16], [104, 5], [42, 19], [154, 5], [4, 9], [139, 3], [158, 19], [63, 10], [58, 19], [0, 0]]","[0, 16, 8, 12, 1, 14, 9, 20, 19, 6, 13, 4, 17, 7, 3, 15, 5, 18, 11, 10, 2, 21]",385.4529312503575,15.980693101882935
