Id,Coordinates,Order,Distance,Time
9427,"[[0, 0], [68, 12], [5, 16], [18, 12], [6, 10], [18, 16], [30, 14], [12, 23], [72, 15], [51, 20], [8, 9], [48, 27], [35, 4], [14, 6], [64, 8], [43, 26], [78, 31], [53, 9], [69, 24], [28, 21], [61, 18], [0, 0]]","[0, 4, 10, 13, 3, 5, 19, 6, 12, 17, 14, 1, 8, 18, 16, 20, 9, 11, 15, 7, 2, 21]",223.85155086666347,14.961029291152954
