Id,Coordinates,Order,Distance,Time
3149,"[[0, 0], [80, 97], [19, 14], [50, 104], [79, 81], [90, 25], [47, 31], [55, 36], [87, 125], [30, 20], [81, 45], [80, 58], [36, 58], [17, 3], [44, 99], [5, 69], [76, 72], [64, 8], [36, 60], [41, 68], [74, 29], [0, 0]]","[0, 13, 9, 6, 7, 17, 20, 5, 10, 11, 16, 4, 1, 8, 3, 14, 19, 18, 12, 15, 2, 21]",446.6005080845612,14.410416841506958
