Id,Coordinates,Order,Distance,Time
1581,"[[0, 0], [169, 11], [2, 12], [84, 18], [107, 4], [165, 22], [77, 2], [65, 20], [159, 4], [122, 10], [55, 25], [82, 12], [124, 27], [81, 12], [83, 17], [108, 21], [56, 28], [89, 8], [35, 8], [57, 9], [14, 7], [0, 0]]","[0, 2, 20, 18, 19, 10, 16, 7, 14, 3, 11, 13, 17, 4, 9, 8, 1, 5, 12, 15, 6, 21]",402.2379691761214,16.235829830169678
