Id,Coordinates,Order,Distance,Time
7113,"[[0, 0], [74, 38], [99, 94], [67, 125], [84, 97], [35, 47], [42, 150], [151, 28], [79, 169], [144, 50], [51, 9], [91, 167], [149, 158], [113, 118], [145, 153], [66, 96], [84, 157], [62, 106], [31, 188], [85, 185], [47, 68], [0, 0]]","[0, 5, 20, 15, 17, 4, 2, 13, 14, 12, 11, 8, 16, 19, 18, 6, 3, 9, 7, 1, 10, 21]",784.9744061125324,17.66101050376892
