Id,Coordinates,Order,Distance,Time
2572,"[[0, 0], [47, 43], [56, 26], [42, 47], [27, 23], [43, 45], [58, 5], [54, 14], [8, 51], [41, 31], [62, 15], [39, 44], [64, 39], [67, 1], [55, 16], [32, 31], [30, 7], [30, 26], [1, 55], [64, 45], [59, 55], [0, 0]]","[0, 16, 4, 17, 15, 11, 3, 5, 1, 20, 19, 12, 2, 14, 7, 6, 13, 10, 9, 8, 18, 21]",305.75277371392195,18.31873321533203
