Id,Coordinates,Order,Distance,Time
5494,"[[0, 0], [61, 59], [65, 52], [121, 45], [12, 50], [95, 58], [105, 17], [109, 11], [9, 46], [3, 56], [3, 26], [16, 33], [126, 58], [30, 22], [79, 37], [126, 24], [44, 3], [84, 40], [82, 36], [36, 59], [38, 13], [0, 0]]","[0, 10, 11, 8, 9, 4, 19, 1, 2, 14, 18, 17, 5, 12, 3, 15, 7, 6, 16, 20, 13, 21]",403.74174692028805,14.782138347625732
