Id,Coordinates,Order,Distance,Time
672,"[[0, 0], [13, 144], [36, 88], [15, 5], [52, 26], [11, 64], [64, 108], [3, 25], [56, 74], [14, 12], [69, 52], [10, 100], [41, 19], [69, 58], [23, 70], [14, 46], [2, 27], [37, 32], [37, 135], [6, 40], [66, 62], [0, 0]]","[0, 3, 9, 7, 16, 19, 5, 8, 20, 13, 10, 4, 12, 17, 14, 11, 1, 18, 6, 2, 15, 21]",520.7032794275456,16.63160991668701
