Id,Coordinates,Order,Distance,Time
6651,"[[0, 0], [15, 73], [42, 1], [34, 47], [91, 20], [117, 171], [44, 12], [57, 34], [26, 106], [9, 112], [13, 3], [25, 39], [61, 25], [75, 62], [108, 105], [36, 145], [80, 55], [34, 152], [34, 70], [120, 151], [61, 159], [0, 0]]","[0, 10, 6, 12, 7, 11, 3, 18, 1, 8, 9, 15, 17, 20, 5, 19, 14, 13, 16, 4, 2, 21]",612.2549576995972,17.663611888885498
