Id,Coordinates,Order,Distance,Time
1662,"[[0, 0], [82, 16], [11, 7], [66, 27], [96, 8], [42, 19], [76, 29], [82, 10], [23, 18], [91, 3], [101, 22], [24, 25], [34, 20], [91, 5], [82, 23], [66, 22], [103, 13], [12, 36], [51, 35], [9, 2], [95, 17], [0, 0]]","[0, 19, 2, 8, 12, 5, 15, 1, 7, 9, 13, 4, 16, 10, 20, 14, 6, 3, 18, 11, 17, 21]",274.28538785853084,11.177929878234863
