Id,Coordinates,Order,Distance,Time
401,"[[0, 0], [48, 11], [5, 13], [22, 16], [42, 8], [14, 1], [35, 4], [36, 1], [27, 10], [20, 11], [44, 3], [5, 13], [35, 8], [64, 2], [12, 4], [33, 6], [31, 7], [74, 10], [14, 1], [4, 7], [38, 12], [0, 0]]","[0, 19, 2, 11, 14, 5, 18, 9, 3, 8, 16, 15, 12, 20, 4, 1, 17, 13, 10, 7, 6, 21]",185.92597271292422,17.212207078933716
