Id,Coordinates,Order,Distance,Time
269,"[[0, 0], [17, 6], [12, 65], [17, 59], [20, 99], [16, 54], [7, 49], [12, 6], [12, 80], [16, 91], [14, 53], [9, 96], [19, 89], [7, 83], [18, 82], [8, 96], [6, 74], [4, 19], [18, 34], [6, 16], [12, 101], [0, 0]]","[0, 7, 1, 19, 18, 10, 5, 3, 2, 8, 14, 12, 9, 11, 15, 20, 4, 13, 16, 6, 17, 21]",248.9874644093546,18.685861349105835
