Id,Coordinates,Order,Distance,Time
2890,"[[0, 0], [162, 9], [50, 30], [96, 15], [56, 48], [14, 16], [7, 142], [161, 35], [141, 8], [144, 101], [59, 27], [16, 10], [78, 34], [44, 92], [71, 19], [59, 136], [139, 36], [126, 140], [163, 4], [163, 50], [34, 16], [0, 0]]","[0, 11, 20, 2, 4, 13, 6, 15, 17, 9, 19, 7, 16, 1, 18, 8, 3, 12, 14, 10, 5, 21]",672.0834502161091,16.080848932266235
