Id,Coordinates,Order,Distance,Time
7993,"[[0, 0], [127, 114], [79, 12], [4, 30], [56, 16], [45, 17], [60, 158], [127, 180], [3, 190], [40, 91], [123, 64], [51, 134], [111, 96], [125, 178], [19, 54], [90, 148], [61, 15], [3, 13], [120, 173], [126, 170], [128, 106], [0, 0]]","[0, 3, 14, 9, 11, 8, 6, 15, 18, 13, 7, 19, 1, 20, 12, 10, 2, 16, 4, 5, 17, 21]",650.2563586722431,12.564399242401123
