Id,Coordinates,Order,Distance,Time
6565,"[[0, 0], [16, 15], [51, 34], [73, 63], [25, 59], [30, 32], [51, 85], [31, 65], [64, 119], [39, 140], [86, 156], [31, 73], [35, 162], [55, 26], [19, 84], [38, 70], [39, 92], [8, 24], [63, 69], [90, 21], [65, 119], [0, 0]]","[0, 1, 5, 2, 13, 19, 3, 18, 6, 16, 11, 15, 7, 4, 8, 20, 10, 12, 9, 14, 17, 21]",579.1125222903875,15.121808528900146
