Id,Coordinates,Order,Distance,Time
8903,"[[0, 0], [18, 46], [4, 21], [2, 111], [15, 90], [1, 86], [14, 27], [1, 85], [10, 91], [14, 37], [8, 85], [18, 90], [5, 4], [10, 38], [14, 92], [16, 20], [5, 71], [3, 55], [1, 88], [18, 30], [17, 29], [0, 0]]","[0, 12, 15, 6, 20, 19, 9, 13, 1, 16, 10, 8, 14, 4, 11, 3, 18, 7, 5, 17, 2, 21]",258.6773108655112,18.53286576271057
