Id,Coordinates,Order,Distance,Time
9101,"[[0, 0], [9, 116], [3, 71], [32, 6], [14, 81], [32, 25], [4, 49], [18, 24], [39, 73], [28, 74], [3, 39], [21, 131], [32, 124], [38, 92], [11, 94], [33, 44], [24, 26], [8, 137], [3, 108], [39, 130], [36, 30], [0, 0]]","[0, 7, 16, 5, 20, 10, 6, 2, 4, 14, 18, 1, 17, 11, 19, 12, 13, 8, 9, 15, 3, 21]",396.6028667342822,15.119266033172607
