Id,Coordinates,Order,Distance,Time
7240,"[[0, 0], [2, 69], [18, 92], [2, 90], [19, 20], [7, 66], [2, 40], [17, 106], [15, 103], [13, 48], [13, 71], [5, 49], [1, 81], [10, 65], [13, 76], [2, 102], [13, 22], [10, 91], [13, 57], [16, 93], [1, 99], [0, 0]]","[0, 16, 4, 9, 18, 13, 10, 14, 17, 19, 2, 8, 7, 15, 20, 3, 12, 1, 5, 11, 6, 21]",248.9550708126091,14.77080249786377
