Id,Coordinates,Order,Distance,Time
9018,"[[0, 0], [32, 43], [22, 76], [64, 84], [41, 18], [37, 7], [6, 79], [18, 64], [61, 43], [3, 21], [39, 26], [58, 32], [49, 55], [14, 102], [35, 38], [34, 56], [13, 56], [62, 106], [62, 31], [19, 48], [60, 39], [0, 0]]","[0, 9, 19, 16, 7, 2, 6, 13, 17, 3, 12, 15, 1, 14, 11, 18, 20, 8, 10, 4, 5, 21]",386.9076479053815,14.630565643310547
