Id,Coordinates,Order,Distance,Time
6386,"[[0, 0], [45, 15], [72, 4], [98, 11], [36, 13], [80, 9], [106, 5], [40, 10], [110, 13], [18, 10], [110, 15], [98, 9], [4, 3], [107, 3], [1, 14], [83, 15], [61, 4], [65, 13], [104, 5], [68, 3], [83, 15], [0, 0]]","[0, 12, 7, 16, 19, 2, 5, 15, 20, 11, 18, 6, 13, 8, 10, 3, 17, 1, 4, 9, 14, 21]",254.67106375533407,13.601916790008545
