Id,Coordinates,Order,Distance,Time
6489,"[[0, 0], [33, 119], [118, 108], [88, 45], [41, 13], [74, 111], [3, 88], [100, 113], [71, 108], [41, 67], [85, 117], [82, 52], [57, 31], [74, 9], [16, 72], [86, 70], [58, 114], [121, 5], [16, 32], [76, 24], [144, 46], [0, 0]]","[0, 18, 12, 19, 3, 11, 15, 8, 5, 10, 7, 2, 16, 1, 6, 14, 9, 20, 17, 13, 4, 21]",690.3118376763175,17.20168972015381
