Id,Coordinates,Order,Distance,Time
1438,"[[0, 0], [4, 113], [59, 89], [70, 34], [68, 28], [63, 58], [18, 130], [59, 86], [45, 56], [50, 153], [25, 23], [13, 174], [3, 138], [38, 42], [56, 151], [11, 4], [55, 165], [72, 65], [9, 1], [27, 103], [61, 35], [0, 0]]","[0, 18, 15, 10, 13, 8, 7, 2, 19, 1, 6, 12, 11, 16, 9, 14, 17, 5, 20, 3, 4, 21]",519.597371149426,15.742902755737305
