Id,Coordinates,Order,Distance,Time
2602,"[[0, 0], [38, 58], [80, 171], [45, 161], [67, 152], [133, 24], [72, 119], [52, 10], [67, 170], [113, 46], [94, 60], [28, 74], [61, 148], [49, 64], [42, 162], [12, 71], [96, 59], [119, 106], [85, 11], [8, 111], [47, 120], [0, 0]]","[0, 7, 16, 10, 13, 1, 11, 15, 19, 20, 12, 4, 2, 8, 3, 14, 6, 17, 9, 5, 18, 21]",721.2967601810486,14.057932138442993
