Id,Coordinates,Order,Distance,Time
1470,"[[0, 0], [4, 33], [3, 116], [9, 102], [11, 94], [1, 126], [2, 132], [13, 35], [11, 127], [6, 68], [6, 151], [12, 82], [10, 111], [2, 75], [1, 106], [12, 147], [7, 16], [13, 145], [1, 44], [1, 66], [7, 150], [0, 0]]","[0, 16, 1, 18, 19, 9, 13, 11, 4, 3, 14, 2, 5, 6, 17, 15, 20, 10, 8, 12, 7, 21]",328.94621401626245,13.129892587661743
