Id,Coordinates,Order,Distance,Time
1548,"[[0, 0], [159, 97], [112, 124], [158, 20], [9, 2], [136, 151], [74, 100], [106, 31], [100, 153], [38, 108], [17, 2], [48, 27], [96, 102], [139, 78], [43, 155], [107, 66], [55, 105], [66, 123], [128, 69], [23, 140], [36, 86], [0, 0]]","[0, 4, 10, 11, 15, 18, 13, 2, 12, 6, 16, 20, 9, 19, 14, 17, 8, 5, 1, 3, 7, 21]",813.8740571973324,17.068722248077393
