Id,Coordinates,Order,Distance,Time
3189,"[[0, 0], [7, 17], [2, 17], [2, 6], [4, 4], [10, 7], [2, 22], [7, 25], [10, 3], [1, 3], [2, 3], [11, 9], [1, 27], [2, 6], [8, 14], [2, 2], [2, 20], [10, 10], [2, 20], [5, 17], [8, 7], [0, 0]]","[0, 9, 10, 3, 13, 8, 5, 11, 17, 14, 19, 2, 16, 18, 6, 12, 7, 1, 20, 4, 15, 21]",79.20164429202046,18.055583715438843
