Id,Coordinates,Order,Distance,Time
7949,"[[0, 0], [14, 38], [24, 24], [63, 33], [97, 87], [80, 75], [34, 105], [39, 118], [78, 19], [88, 103], [78, 19], [88, 95], [51, 60], [10, 136], [35, 2], [57, 12], [33, 58], [25, 114], [35, 92], [103, 85], [25, 114], [0, 0]]","[0, 2, 1, 16, 3, 8, 10, 5, 19, 4, 11, 9, 7, 13, 17, 20, 6, 18, 12, 15, 14, 21]",525.9270739781821,17.58241844177246
