Id,Coordinates,Order,Distance,Time
7969,"[[0, 0], [129, 43], [97, 17], [57, 49], [40, 37], [58, 44], [82, 47], [20, 9], [34, 47], [12, 9], [117, 47], [132, 3], [66, 23], [91, 49], [28, 34], [37, 42], [87, 21], [110, 45], [113, 24], [4, 32], [13, 7], [0, 0]]","[0, 20, 9, 7, 14, 15, 4, 3, 5, 12, 16, 2, 18, 11, 1, 10, 17, 13, 6, 8, 19, 21]",396.61897578243827,16.15579891204834
