Id,Coordinates,Order,Distance,Time
2261,"[[0, 0], [156, 25], [20, 70], [29, 35], [123, 84], [88, 34], [164, 46], [44, 98], [96, 11], [48, 75], [175, 89], [80, 45], [44, 99], [68, 53], [138, 57], [94, 82], [82, 71], [9, 22], [138, 72], [112, 30], [130, 68], [0, 0]]","[0, 17, 3, 2, 9, 7, 12, 16, 15, 4, 20, 18, 10, 6, 1, 14, 5, 11, 13, 19, 8, 21]",652.9751364606368,15.499964475631714
