Id,Coordinates,Order,Distance,Time
4835,"[[0, 0], [19, 84], [92, 131], [45, 110], [100, 34], [112, 14], [99, 27], [75, 115], [13, 10], [98, 113], [1, 89], [64, 22], [21, 61], [57, 72], [31, 61], [42, 65], [42, 53], [50, 105], [44, 94], [34, 147], [115, 111], [0, 0]]","[0, 12, 14, 15, 13, 18, 17, 3, 7, 9, 20, 2, 19, 10, 1, 16, 4, 6, 5, 11, 8, 21]",636.1474434317231,13.204217433929443
