Id,Coordinates,Order,Distance,Time
2117,"[[0, 0], [59, 51], [106, 18], [85, 1], [100, 33], [32, 8], [115, 7], [122, 27], [3, 28], [16, 1], [81, 13], [35, 13], [2, 24], [111, 44], [70, 48], [53, 30], [57, 33], [100, 58], [113, 13], [91, 10], [11, 61], [0, 0]]","[0, 9, 5, 11, 15, 16, 14, 17, 13, 4, 7, 6, 18, 2, 19, 3, 10, 1, 20, 8, 12, 21]",407.4058319048831,17.865370512008667
