Id,Coordinates,Order,Distance,Time
1022,"[[0, 0], [23, 83], [6, 58], [13, 40], [21, 21], [10, 10], [6, 33], [26, 63], [14, 74], [12, 33], [24, 84], [23, 81], [1, 93], [14, 30], [2, 43], [2, 44], [1, 70], [22, 73], [7, 67], [18, 15], [15, 32], [0, 0]]","[0, 5, 19, 4, 13, 20, 9, 6, 14, 15, 2, 18, 16, 12, 8, 11, 1, 10, 17, 7, 3, 21]",245.44609653886042,18.4857919216156
