Id,Coordinates,Order,Distance,Time
539,"[[0, 0], [17, 50], [19, 31], [20, 85], [4, 78], [4, 52], [18, 86], [9, 73], [9, 52], [8, 11], [20, 64], [12, 67], [6, 64], [3, 94], [8, 88], [11, 44], [6, 53], [7, 51], [9, 79], [11, 13], [20, 52], [0, 0]]","[0, 15, 17, 8, 16, 5, 12, 11, 7, 18, 4, 13, 14, 6, 3, 10, 20, 1, 2, 19, 9, 21]",225.62262374472058,19.19962763786316
