Id,Coordinates,Order,Distance,Time
8961,"[[0, 0], [37, 144], [69, 135], [13, 50], [43, 125], [38, 34], [17, 59], [70, 39], [82, 114], [1, 93], [45, 52], [65, 14], [21, 26], [39, 121], [61, 133], [53, 124], [10, 70], [86, 108], [44, 90], [56, 81], [70, 62], [0, 0]]","[0, 12, 5, 10, 11, 7, 20, 19, 18, 17, 8, 2, 14, 15, 4, 13, 1, 9, 16, 6, 3, 21]",498.91982814907476,12.940990924835205
