Id,Coordinates,Order,Distance,Time
6588,"[[0, 0], [117, 25], [70, 25], [135, 39], [31, 15], [74, 69], [24, 121], [27, 25], [74, 118], [57, 7], [93, 89], [27, 89], [55, 11], [139, 114], [41, 61], [117, 14], [25, 32], [119, 98], [140, 107], [6, 23], [57, 46], [0, 0]]","[0, 4, 12, 9, 2, 20, 14, 11, 6, 8, 10, 17, 13, 18, 3, 15, 1, 5, 16, 7, 19, 21]",624.534248332452,15.389513731002808
