Id,Coordinates,Order,Distance,Time
1229,"[[0, 0], [17, 45], [68, 79], [88, 46], [93, 70], [102, 50], [66, 5], [70, 18], [60, 8], [76, 47], [14, 20], [92, 72], [61, 49], [35, 16], [1, 25], [101, 66], [14, 12], [56, 35], [27, 50], [58, 10], [87, 65], [0, 0]]","[0, 14, 1, 18, 12, 9, 3, 5, 15, 4, 11, 20, 2, 17, 7, 6, 8, 19, 13, 10, 16, 21]",358.3310339981426,18.66378116607666
