Id,Coordinates,Order,Distance,Time
9374,"[[0, 0], [69, 20], [49, 113], [13, 3], [56, 5], [10, 40], [26, 108], [83, 38], [46, 76], [20, 63], [66, 110], [83, 120], [77, 49], [1, 112], [22, 96], [25, 96], [35, 118], [35, 118], [66, 13], [92, 94], [83, 71], [0, 0]]","[0, 5, 9, 8, 15, 14, 13, 6, 16, 17, 2, 10, 11, 19, 20, 12, 7, 1, 18, 4, 3, 21]",430.56296424809267,17.086100339889526
