Id,Coordinates,Order,Distance,Time
5130,"[[0, 0], [15, 44], [2, 6], [33, 36], [11, 52], [64, 48], [20, 31], [18, 83], [37, 21], [10, 54], [31, 86], [5, 40], [25, 42], [59, 29], [32, 13], [10, 70], [56, 65], [65, 34], [32, 25], [26, 76], [53, 2], [0, 0]]","[0, 6, 12, 3, 18, 8, 14, 20, 13, 17, 5, 16, 10, 19, 7, 15, 9, 4, 1, 11, 2, 21]",324.98843096857655,23.472214937210083
