Id,Coordinates,Order,Distance,Time
8667,"[[0, 0], [7, 75], [9, 87], [4, 132], [8, 99], [1, 114], [11, 83], [5, 3], [6, 59], [8, 14], [9, 1], [3, 3], [3, 48], [4, 12], [5, 126], [10, 113], [4, 7], [2, 90], [11, 90], [2, 41], [7, 20], [0, 0]]","[0, 11, 7, 16, 13, 9, 20, 19, 12, 8, 1, 6, 2, 18, 4, 15, 14, 3, 5, 17, 10, 21]",282.27315161050035,14.231388092041016
