Id,Coordinates,Order,Distance,Time
9612,"[[0, 0], [46, 61], [11, 108], [30, 33], [41, 128], [3, 149], [10, 44], [9, 96], [22, 75], [26, 121], [11, 56], [1, 62], [7, 135], [12, 98], [2, 62], [10, 132], [17, 67], [15, 10], [8, 151], [51, 36], [37, 54], [0, 0]]","[0, 17, 3, 19, 20, 1, 8, 16, 14, 11, 7, 13, 2, 15, 12, 5, 18, 4, 9, 10, 6, 21]",431.3776029442772,16.169798374176025
