Id,Coordinates,Order,Distance,Time
143,"[[0, 0], [17, 113], [16, 74], [115, 8], [8, 4], [43, 153], [2, 117], [7, 85], [22, 117], [17, 38], [118, 43], [12, 136], [102, 26], [108, 114], [57, 144], [85, 13], [46, 165], [4, 96], [87, 80], [55, 119], [15, 131], [0, 0]]","[0, 9, 2, 7, 17, 6, 1, 8, 20, 11, 5, 16, 14, 19, 13, 18, 10, 12, 3, 15, 4, 21]",567.1734400380222,18.53603219985962
