Id,Coordinates,Order,Distance,Time
5513,"[[0, 0], [7, 33], [16, 19], [20, 20], [2, 46], [13, 40], [11, 13], [12, 34], [7, 1], [18, 1], [13, 11], [17, 8], [2, 15], [7, 14], [15, 49], [12, 28], [13, 13], [9, 26], [10, 50], [13, 9], [16, 41], [0, 0]]","[0, 19, 10, 16, 6, 13, 12, 17, 7, 5, 20, 14, 18, 4, 1, 15, 2, 3, 11, 9, 8, 21]",155.44938337517956,17.428765296936035
