Id,Coordinates,Order,Distance,Time
2822,"[[0, 0], [60, 13], [70, 8], [66, 11], [21, 11], [56, 10], [49, 15], [62, 16], [126, 1], [110, 8], [102, 18], [12, 9], [4, 13], [13, 10], [75, 2], [38, 2], [48, 15], [113, 8], [85, 6], [55, 11], [13, 13], [0, 0]]","[0, 12, 11, 13, 20, 4, 16, 6, 19, 5, 1, 7, 3, 2, 10, 9, 17, 8, 18, 14, 15, 21]",282.35870540130946,17.5073504447937
