Id,Coordinates,Order,Distance,Time
1568,"[[0, 0], [65, 38], [31, 121], [21, 135], [55, 23], [38, 50], [9, 138], [65, 83], [6, 35], [35, 101], [71, 144], [8, 148], [70, 110], [15, 9], [53, 135], [34, 146], [67, 26], [36, 127], [3, 35], [71, 41], [28, 95], [0, 0]]","[0, 13, 8, 18, 5, 1, 4, 16, 19, 7, 12, 10, 14, 3, 6, 11, 15, 17, 2, 9, 20, 21]",520.6452006414287,17.741547346115112
