Id,Coordinates,Order,Distance,Time
7523,"[[0, 0], [7, 25], [13, 1], [17, 63], [28, 3], [18, 14], [43, 72], [22, 3], [14, 59], [23, 56], [44, 4], [34, 66], [22, 44], [1, 70], [49, 32], [16, 5], [37, 69], [16, 72], [10, 28], [12, 31], [46, 2], [0, 0]]","[0, 2, 15, 5, 1, 18, 19, 12, 9, 3, 8, 13, 17, 11, 16, 6, 14, 10, 20, 4, 7, 21]",272.3617007685141,15.125758409500122
