Id,Coordinates,Order,Distance,Time
105,"[[0, 0], [15, 146], [75, 93], [9, 93], [133, 53], [48, 139], [66, 24], [83, 136], [111, 45], [22, 48], [18, 23], [41, 133], [74, 131], [89, 68], [37, 87], [5, 70], [20, 78], [70, 123], [29, 29], [134, 3], [11, 101], [0, 0]]","[0, 10, 18, 9, 16, 14, 13, 8, 4, 19, 6, 2, 17, 12, 7, 5, 11, 1, 20, 3, 15, 21]",681.6670552312293,15.555276870727539
