Id,Coordinates,Order,Distance,Time
2095,"[[0, 0], [20, 17], [23, 82], [61, 60], [62, 81], [69, 40], [56, 85], [37, 11], [78, 73], [116, 20], [86, 28], [4, 62], [97, 93], [26, 47], [110, 85], [90, 9], [4, 67], [54, 56], [51, 94], [60, 67], [23, 85], [0, 0]]","[0, 1, 13, 11, 16, 2, 20, 18, 6, 4, 19, 3, 5, 10, 15, 9, 14, 12, 8, 17, 7, 21]",497.04757937833006,13.04737401008606
