Id,Coordinates,Order,Distance,Time
5660,"[[0, 0], [100, 22], [12, 35], [35, 43], [56, 55], [64, 19], [21, 67], [40, 22], [39, 69], [75, 69], [14, 36], [60, 7], [80, 25], [11, 45], [100, 52], [10, 8], [4, 53], [96, 66], [90, 26], [31, 50], [8, 11], [0, 0]]","[0, 20, 2, 10, 13, 16, 6, 8, 19, 3, 7, 11, 5, 12, 18, 1, 14, 17, 9, 4, 15, 21]",393.1864469317608,16.33848810195923
