Id,Coordinates,Order,Distance,Time
1679,"[[0, 0], [21, 75], [4, 112], [19, 122], [9, 5], [14, 155], [10, 41], [10, 108], [2, 96], [15, 42], [28, 39], [36, 100], [25, 25], [29, 12], [19, 12], [3, 58], [14, 146], [8, 108], [39, 147], [36, 29], [2, 129], [0, 0]]","[0, 4, 14, 13, 12, 19, 10, 9, 15, 8, 7, 17, 2, 20, 16, 5, 18, 3, 11, 1, 6, 21]",403.13347866887057,19.680999755859375
