Id,Coordinates,Order,Distance,Time
1736,"[[0, 0], [41, 18], [100, 12], [25, 10], [71, 10], [156, 1], [94, 17], [119, 13], [93, 17], [23, 18], [70, 6], [85, 8], [116, 1], [40, 10], [134, 2], [110, 8], [107, 12], [152, 11], [77, 7], [21, 14], [3, 16], [0, 0]]","[0, 20, 19, 9, 3, 1, 4, 18, 11, 8, 6, 2, 16, 15, 7, 17, 5, 14, 12, 10, 13, 21]",354.61160877643573,19.40502619743347
