Id,Coordinates,Order,Distance,Time
9384,"[[0, 0], [99, 6], [55, 93], [54, 86], [56, 23], [38, 89], [19, 18], [53, 54], [15, 69], [59, 110], [74, 85], [73, 64], [52, 4], [29, 69], [7, 103], [36, 29], [53, 100], [102, 23], [46, 35], [69, 85], [71, 102], [0, 0]]","[0, 12, 4, 1, 17, 11, 10, 19, 3, 2, 20, 9, 16, 5, 14, 8, 13, 7, 18, 15, 6, 21]",485.03818430041923,17.94427227973938
