Id,Coordinates,Order,Distance,Time
9941,"[[0, 0], [26, 24], [21, 57], [44, 50], [2, 39], [53, 103], [49, 52], [33, 14], [20, 85], [34, 113], [38, 100], [53, 126], [24, 77], [10, 123], [4, 50], [51, 106], [41, 22], [8, 52], [5, 75], [11, 54], [6, 91], [0, 0]]","[0, 1, 7, 16, 3, 6, 2, 19, 17, 14, 18, 8, 12, 10, 15, 5, 11, 9, 13, 20, 4, 21]",430.7270598233655,13.87892484664917
