Id,Coordinates,Order,Distance,Time
9906,"[[0, 0], [19, 1], [82, 59], [109, 5], [110, 53], [99, 30], [3, 84], [23, 100], [105, 41], [30, 23], [121, 94], [73, 58], [98, 55], [69, 25], [14, 87], [34, 78], [1, 31], [64, 61], [51, 31], [32, 103], [81, 20], [0, 0]]","[0, 16, 9, 18, 13, 20, 5, 8, 12, 2, 11, 17, 15, 14, 6, 7, 19, 10, 4, 3, 1, 21]",590.2976577366195,15.469447612762451
