Id,Coordinates,Order,Distance,Time
3021,"[[0, 0], [62, 54], [23, 49], [97, 22], [92, 15], [55, 46], [120, 71], [127, 14], [31, 5], [109, 60], [65, 11], [36, 1], [142, 33], [45, 41], [117, 4], [17, 5], [111, 20], [64, 38], [96, 59], [25, 31], [1, 21], [0, 0]]","[0, 15, 8, 11, 10, 17, 5, 13, 19, 4, 3, 16, 7, 14, 12, 9, 6, 18, 1, 2, 20, 21]",516.8918097939006,23.101403951644897
