Id,Coordinates,Order,Distance,Time
4615,"[[0, 0], [1, 7], [16, 65], [26, 73], [13, 9], [20, 50], [4, 64], [9, 63], [29, 8], [7, 78], [19, 47], [12, 71], [29, 21], [5, 19], [13, 31], [9, 58], [20, 41], [4, 22], [21, 40], [14, 66], [12, 56], [0, 0]]","[0, 1, 13, 17, 14, 16, 10, 20, 15, 6, 7, 2, 19, 11, 9, 3, 5, 18, 12, 8, 4, 21]",223.2445619213398,14.244297742843628
