Id,Coordinates,Order,Distance,Time
4361,"[[0, 0], [14, 24], [94, 76], [116, 73], [67, 25], [117, 71], [121, 31], [97, 12], [86, 71], [44, 29], [50, 9], [7, 6], [53, 17], [29, 26], [92, 25], [122, 23], [12, 52], [133, 63], [30, 50], [34, 63], [35, 6], [0, 0]]","[0, 11, 13, 9, 20, 10, 12, 4, 14, 7, 15, 6, 17, 5, 3, 2, 8, 19, 18, 16, 1, 21]",418.33460637184544,13.940460205078125
