Id,Coordinates,Order,Distance,Time
31,"[[0, 0], [74, 28], [107, 14], [110, 17], [51, 19], [129, 28], [104, 47], [113, 5], [96, 11], [137, 32], [102, 27], [111, 52], [126, 37], [126, 46], [137, 38], [114, 43], [92, 21], [103, 23], [111, 53], [36, 35], [134, 51], [0, 0]]","[0, 19, 4, 1, 16, 8, 2, 3, 17, 10, 6, 11, 18, 15, 12, 13, 20, 14, 9, 5, 7, 21]",396.3171584826106,16.47903299331665
