Id,Coordinates,Order,Distance,Time
8268,"[[0, 0], [24, 30], [10, 13], [140, 27], [43, 28], [50, 4], [171, 3], [73, 6], [103, 1], [25, 19], [135, 20], [68, 13], [175, 33], [178, 21], [14, 21], [53, 31], [81, 30], [80, 25], [150, 1], [30, 14], [50, 15], [0, 0]]","[0, 2, 14, 9, 1, 4, 15, 20, 11, 17, 16, 10, 18, 6, 13, 12, 3, 8, 7, 5, 19, 21]",454.1781646763767,16.90565061569214
