Id,Coordinates,Order,Distance,Time
1860,"[[0, 0], [17, 18], [17, 6], [125, 2], [120, 17], [69, 21], [71, 23], [36, 1], [108, 14], [57, 17], [45, 12], [40, 14], [104, 21], [110, 19], [35, 18], [33, 6], [66, 3], [45, 25], [39, 4], [45, 12], [134, 19], [0, 0]]","[0, 1, 14, 11, 10, 19, 17, 9, 5, 6, 12, 13, 8, 4, 20, 3, 16, 18, 7, 15, 2, 21]",317.0923110167074,15.998838901519775
