Id,Coordinates,Order,Distance,Time
1093,"[[0, 0], [11, 26], [10, 98], [1, 25], [4, 84], [1, 94], [5, 83], [13, 40], [9, 51], [10, 11], [2, 62], [3, 4], [9, 96], [10, 113], [3, 110], [4, 5], [1, 101], [9, 2], [10, 96], [3, 84], [10, 109], [0, 0]]","[0, 11, 15, 17, 9, 1, 7, 8, 6, 4, 19, 5, 16, 14, 13, 20, 2, 18, 12, 10, 3, 21]",244.62389662254563,13.460571527481079
