Id,Coordinates,Order,Distance,Time
3074,"[[0, 0], [4, 14], [11, 32], [10, 29], [1, 19], [11, 67], [10, 60], [7, 13], [8, 71], [3, 33], [9, 42], [5, 63], [2, 8], [1, 14], [1, 37], [1, 40], [1, 61], [8, 33], [8, 12], [13, 48], [4, 4], [0, 0]]","[0, 20, 12, 13, 1, 7, 18, 3, 2, 17, 9, 14, 15, 10, 19, 6, 5, 8, 11, 16, 4, 21]",172.64231378293096,15.077059745788574
