Id,Coordinates,Order,Distance,Time
184,"[[0, 0], [14, 80], [29, 9], [27, 134], [41, 85], [1, 91], [60, 72], [51, 57], [32, 15], [35, 4], [49, 67], [12, 105], [53, 80], [16, 108], [33, 112], [23, 102], [38, 40], [35, 68], [62, 130], [40, 13], [59, 146], [0, 0]]","[0, 2, 9, 19, 8, 16, 7, 10, 6, 12, 1, 5, 11, 13, 15, 14, 3, 20, 18, 4, 17, 21]",455.35788161654307,14.510040283203125
