Id,Coordinates,Order,Distance,Time
877,"[[0, 0], [112, 27], [84, 24], [66, 12], [13, 35], [93, 11], [162, 11], [25, 16], [77, 25], [87, 27], [91, 17], [27, 24], [110, 36], [167, 17], [78, 7], [45, 21], [95, 6], [100, 2], [101, 27], [40, 7], [145, 27], [0, 0]]","[0, 4, 11, 7, 15, 3, 14, 5, 16, 17, 10, 2, 9, 18, 1, 20, 6, 13, 12, 8, 19, 21]",443.57509373815475,14.893770217895508
