Id,Coordinates,Order,Distance,Time
4781,"[[0, 0], [91, 20], [96, 9], [175, 3], [169, 9], [95, 21], [30, 1], [176, 20], [154, 20], [40, 2], [155, 9], [71, 10], [61, 23], [50, 14], [39, 19], [178, 21], [115, 19], [156, 15], [68, 2], [23, 10], [57, 13], [0, 0]]","[0, 6, 9, 13, 20, 11, 18, 2, 16, 8, 17, 10, 4, 3, 7, 15, 5, 1, 12, 14, 19, 21]",410.2549054499011,14.798627614974976
