Id,Coordinates,Order,Distance,Time
3821,"[[0, 0], [57, 13], [21, 4], [27, 11], [13, 16], [25, 2], [34, 11], [54, 13], [2, 6], [34, 10], [36, 4], [14, 7], [45, 15], [32, 17], [62, 10], [53, 11], [47, 2], [50, 15], [11, 8], [36, 11], [3, 1], [0, 0]]","[0, 20, 18, 11, 2, 5, 9, 6, 19, 10, 16, 15, 14, 1, 7, 17, 12, 13, 3, 4, 8, 21]",156.45956040344674,18.4589741230011
