Id,Coordinates,Order,Distance,Time
8412,"[[0, 0], [164, 36], [55, 17], [70, 37], [76, 12], [34, 23], [112, 3], [111, 22], [118, 9], [122, 6], [108, 17], [111, 16], [156, 4], [152, 42], [63, 14], [72, 15], [133, 32], [137, 40], [91, 4], [86, 41], [39, 36], [0, 0]]","[0, 2, 14, 15, 4, 18, 6, 11, 7, 16, 17, 13, 1, 12, 9, 8, 10, 19, 3, 20, 5, 21]",417.7816537921977,19.963649034500122
