Id,Coordinates,Order,Distance,Time
4823,"[[0, 0], [12, 136], [30, 126], [27, 58], [62, 128], [57, 32], [85, 101], [15, 157], [4, 75], [95, 116], [31, 65], [21, 31], [38, 150], [61, 132], [12, 90], [27, 35], [84, 95], [78, 78], [4, 40], [40, 14], [3, 78], [0, 0]]","[0, 18, 3, 10, 8, 20, 14, 2, 1, 7, 12, 13, 4, 9, 6, 16, 17, 5, 19, 15, 11, 21]",484.7777193728363,16.723631381988525
