Id,Coordinates,Order,Distance,Time
392,"[[0, 0], [136, 2], [30, 3], [140, 7], [132, 11], [8, 6], [22, 26], [45, 11], [133, 5], [4, 4], [138, 22], [49, 2], [8, 16], [38, 27], [65, 17], [137, 14], [114, 10], [64, 12], [139, 12], [111, 9], [63, 7], [0, 0]]","[0, 9, 5, 12, 6, 13, 7, 20, 17, 14, 19, 16, 10, 15, 18, 3, 1, 8, 4, 11, 2, 21]",340.532483082942,13.814221858978271
