Id,Coordinates,Order,Distance,Time
675,"[[0, 0], [118, 77], [2, 3], [57, 67], [44, 97], [55, 20], [31, 80], [91, 130], [158, 119], [25, 19], [122, 104], [93, 78], [126, 19], [151, 13], [12, 96], [93, 113], [61, 102], [14, 62], [54, 41], [129, 124], [97, 93], [0, 0]]","[0, 2, 9, 5, 18, 4, 16, 7, 15, 20, 11, 1, 10, 19, 8, 13, 12, 3, 6, 14, 17, 21]",720.7984900375758,16.249207735061646
