Id,Coordinates,Order,Distance,Time
5819,"[[0, 0], [7, 62], [32, 85], [78, 142], [110, 127], [12, 47], [24, 142], [9, 122], [65, 170], [1, 121], [98, 14], [23, 88], [95, 60], [14, 104], [23, 61], [64, 63], [69, 31], [38, 147], [44, 154], [54, 48], [81, 154], [0, 0]]","[0, 5, 1, 14, 2, 11, 13, 9, 7, 6, 17, 18, 8, 20, 3, 4, 12, 15, 19, 16, 10, 21]",581.2273792469759,14.519733905792236
