Id,Coordinates,Order,Distance,Time
5242,"[[0, 0], [137, 7], [62, 72], [178, 111], [99, 100], [189, 101], [79, 24], [2, 19], [63, 90], [193, 66], [7, 65], [133, 69], [193, 61], [32, 29], [53, 25], [140, 37], [184, 77], [56, 32], [111, 34], [37, 51], [99, 93], [0, 0]]","[0, 7, 13, 14, 17, 6, 18, 20, 4, 8, 10, 19, 2, 11, 3, 5, 16, 9, 12, 15, 1, 21]",784.9737179578959,16.167330741882324
