Id,Coordinates,Order,Distance,Time
7410,"[[0, 0], [139, 13], [41, 1], [122, 8], [99, 16], [124, 18], [74, 14], [56, 24], [73, 12], [44, 9], [6, 2], [88, 4], [24, 20], [45, 2], [76, 9], [93, 19], [117, 1], [99, 13], [127, 22], [63, 24], [33, 11], [0, 0]]","[0, 10, 20, 2, 13, 9, 7, 19, 6, 8, 14, 11, 17, 4, 16, 3, 1, 18, 5, 15, 12, 21]",336.5697856819337,16.291980266571045
