Id,Coordinates,Order,Distance,Time
365,"[[0, 0], [108, 52], [25, 69], [72, 68], [87, 62], [40, 55], [9, 84], [11, 97], [18, 36], [98, 102], [113, 90], [41, 100], [100, 52], [91, 56], [83, 68], [101, 74], [32, 61], [40, 52], [98, 12], [36, 16], [45, 98], [0, 0]]","[0, 8, 17, 5, 16, 2, 6, 7, 11, 20, 3, 14, 4, 13, 15, 9, 10, 1, 12, 18, 19, 21]",481.43453185669415,23.966161012649536
