Id,Coordinates,Order,Distance,Time
7090,"[[0, 0], [28, 19], [5, 77], [32, 48], [16, 45], [32, 26], [32, 61], [25, 72], [12, 54], [22, 80], [6, 9], [25, 80], [20, 6], [30, 31], [19, 66], [34, 12], [23, 53], [10, 25], [35, 28], [3, 47], [7, 47], [0, 0]]","[0, 12, 15, 1, 5, 18, 13, 4, 20, 19, 8, 14, 2, 9, 11, 7, 6, 16, 3, 17, 10, 21]",260.7227342775302,15.917504072189331
