Id,Coordinates,Order,Distance,Time
695,"[[0, 0], [6, 24], [10, 38], [10, 7], [5, 35], [13, 48], [4, 5], [2, 46], [13, 28], [8, 30], [3, 14], [12, 19], [4, 13], [2, 36], [5, 5], [13, 26], [9, 21], [1, 24], [4, 22], [12, 37], [12, 31], [0, 0]]","[0, 6, 14, 3, 12, 10, 18, 1, 16, 11, 15, 8, 20, 19, 2, 5, 7, 13, 4, 9, 17, 21]",134.75031897398537,15.812481164932251
