Id,Coordinates,Order,Distance,Time
2144,"[[0, 0], [123, 53], [157, 117], [76, 31], [41, 8], [10, 43], [4, 15], [6, 10], [24, 19], [77, 62], [136, 34], [70, 105], [97, 127], [32, 74], [4, 52], [152, 52], [132, 84], [135, 75], [34, 51], [49, 7], [40, 30], [0, 0]]","[0, 7, 6, 8, 20, 18, 13, 14, 5, 4, 19, 3, 9, 11, 12, 2, 17, 16, 15, 10, 1, 21]",684.0656331452416,16.80311346054077
