Id,Coordinates,Order,Distance,Time
2761,"[[0, 0], [20, 108], [38, 94], [28, 70], [17, 58], [37, 130], [21, 141], [2, 127], [3, 25], [23, 118], [36, 118], [2, 53], [14, 46], [13, 52], [33, 7], [38, 8], [10, 64], [35, 67], [2, 102], [22, 41], [16, 74], [0, 0]]","[0, 8, 13, 4, 3, 17, 2, 1, 9, 10, 5, 6, 7, 18, 20, 16, 11, 12, 19, 15, 14, 21]",392.94858110732594,20.53440833091736
