Id,Coordinates,Order,Distance,Time
7493,"[[0, 0], [95, 36], [141, 22], [46, 41], [106, 2], [94, 10], [24, 27], [159, 2], [38, 44], [103, 19], [136, 40], [143, 14], [21, 17], [9, 26], [146, 29], [150, 6], [81, 12], [99, 4], [59, 31], [14, 38], [40, 43], [0, 0]]","[0, 12, 6, 13, 19, 8, 20, 3, 18, 1, 9, 10, 14, 2, 11, 15, 7, 4, 17, 5, 16, 21]",423.76264319495704,14.654788494110107
