Id,Coordinates,Order,Distance,Time
7044,"[[0, 0], [41, 65], [39, 68], [19, 21], [42, 80], [71, 80], [38, 76], [64, 74], [104, 18], [99, 63], [69, 75], [69, 4], [19, 46], [54, 63], [68, 72], [24, 24], [69, 70], [35, 59], [64, 39], [67, 69], [55, 59], [0, 0]]","[0, 12, 17, 1, 2, 6, 4, 13, 20, 19, 16, 14, 7, 10, 5, 9, 8, 11, 18, 15, 3, 21]",383.13132682966125,18.0220787525177
