Id,Coordinates,Order,Distance,Time
7004,"[[0, 0], [56, 30], [75, 2], [14, 8], [23, 45], [72, 3], [50, 26], [65, 20], [18, 1], [24, 15], [18, 6], [42, 35], [62, 22], [23, 3], [46, 20], [85, 22], [7, 15], [78, 24], [48, 3], [15, 3], [42, 30], [0, 0]]","[0, 19, 3, 10, 8, 13, 9, 14, 6, 1, 12, 7, 17, 15, 2, 5, 18, 20, 11, 4, 16, 21]",271.9707852338661,16.417831659317017
