Id,Coordinates,Order,Distance,Time
8407,"[[0, 0], [159, 171], [131, 59], [1, 50], [105, 91], [171, 188], [94, 9], [173, 62], [108, 11], [116, 191], [77, 48], [34, 79], [63, 9], [150, 102], [156, 122], [75, 60], [8, 86], [120, 89], [160, 166], [115, 47], [140, 120], [0, 0]]","[0, 3, 16, 11, 15, 19, 2, 13, 7, 8, 6, 4, 17, 20, 14, 18, 1, 5, 9, 10, 12, 21]",939.1250088696345,23.26502799987793
