Id,Coordinates,Order,Distance,Time
4811,"[[0, 0], [33, 3], [8, 41], [8, 41], [41, 26], [29, 36], [36, 36], [31, 45], [3, 19], [14, 34], [32, 19], [23, 12], [26, 31], [17, 4], [45, 40], [30, 5], [11, 37], [37, 38], [5, 19], [17, 44], [29, 45], [0, 0]]","[0, 13, 11, 15, 1, 10, 4, 14, 17, 6, 5, 9, 16, 2, 3, 19, 20, 7, 12, 18, 8, 21]",207.6368084595413,14.611892700195312
