Id,Coordinates,Order,Distance,Time
7434,"[[0, 0], [14, 15], [14, 7], [2, 29], [3, 22], [12, 29], [15, 19], [19, 28], [16, 34], [20, 18], [7, 29], [16, 20], [17, 37], [3, 44], [8, 15], [3, 15], [2, 36], [4, 22], [10, 16], [17, 45], [1, 27], [0, 0]]","[0, 15, 14, 18, 9, 7, 8, 12, 19, 13, 16, 3, 20, 4, 17, 10, 5, 11, 6, 1, 2, 21]",149.02510807795267,16.12682604789734
