Id,Coordinates,Order,Distance,Time
7116,"[[0, 0], [98, 24], [20, 32], [13, 39], [40, 73], [61, 15], [98, 65], [86, 63], [23, 7], [73, 63], [39, 11], [48, 15], [101, 47], [71, 39], [73, 71], [76, 35], [89, 35], [53, 39], [94, 32], [98, 40], [80, 69], [0, 0]]","[0, 8, 10, 11, 5, 17, 9, 14, 20, 7, 6, 12, 19, 1, 18, 16, 15, 13, 4, 3, 2, 21]",367.9583303510667,16.4561824798584
