Id,Coordinates,Order,Distance,Time
7631,"[[0, 0], [54, 40], [39, 69], [44, 26], [15, 37], [63, 15], [67, 53], [28, 41], [16, 32], [42, 55], [9, 24], [25, 64], [23, 50], [3, 66], [27, 22], [12, 58], [41, 24], [38, 69], [67, 32], [18, 26], [67, 44], [0, 0]]","[0, 10, 19, 8, 4, 7, 12, 15, 13, 11, 17, 2, 9, 1, 6, 20, 18, 5, 3, 16, 14, 21]",296.7409606928131,15.25143837928772
