Id,Coordinates,Order,Distance,Time
4750,"[[0, 0], [58, 1], [6, 5], [89, 24], [37, 35], [18, 67], [62, 62], [36, 8], [20, 54], [14, 67], [105, 59], [21, 10], [77, 5], [42, 34], [34, 68], [55, 18], [70, 7], [107, 47], [41, 64], [59, 30], [94, 48], [0, 0]]","[0, 2, 11, 7, 15, 19, 13, 4, 8, 9, 5, 14, 18, 6, 20, 10, 17, 3, 12, 16, 1, 21]",376.4729720932256,14.050044536590576
