Id,Coordinates,Order,Distance,Time
5755,"[[0, 0], [45, 37], [1, 4], [24, 2], [7, 27], [26, 19], [40, 6], [39, 20], [29, 50], [47, 34], [39, 11], [56, 40], [9, 44], [24, 32], [47, 25], [56, 10], [26, 11], [20, 17], [24, 59], [13, 28], [56, 59], [0, 0]]","[0, 2, 17, 5, 15, 6, 10, 7, 14, 9, 1, 11, 20, 8, 18, 12, 4, 19, 13, 16, 3, 21]",296.094832466051,14.729323387145996
