Id,Coordinates,Order,Distance,Time
3919,"[[0, 0], [134, 19], [141, 23], [47, 35], [8, 12], [131, 30], [22, 18], [137, 15], [37, 7], [9, 36], [48, 10], [41, 41], [69, 21], [33, 30], [22, 28], [74, 16], [67, 27], [73, 26], [78, 12], [28, 39], [77, 22], [0, 0]]","[0, 4, 6, 14, 13, 19, 11, 3, 16, 17, 20, 15, 12, 18, 5, 1, 7, 2, 10, 8, 9, 21]",405.5998531375331,15.416590929031372
