Id,Coordinates,Order,Distance,Time
928,"[[0, 0], [45, 57], [5, 52], [26, 94], [24, 163], [48, 101], [46, 93], [46, 150], [22, 89], [1, 70], [18, 158], [4, 68], [21, 87], [19, 137], [47, 31], [10, 51], [30, 158], [22, 28], [4, 30], [41, 137], [46, 73], [0, 0]]","[0, 17, 14, 1, 20, 6, 5, 3, 8, 12, 11, 9, 2, 13, 10, 4, 16, 7, 19, 15, 18, 21]",507.5372113623809,16.268384218215942
