Id,Coordinates,Order,Distance,Time
4529,"[[0, 0], [2, 63], [10, 2], [8, 100], [16, 174], [15, 13], [9, 138], [13, 96], [15, 157], [1, 55], [7, 3], [15, 128], [14, 23], [9, 190], [4, 156], [18, 16], [17, 150], [7, 11], [5, 17], [10, 81], [2, 175], [0, 0]]","[0, 10, 2, 5, 15, 12, 9, 1, 19, 7, 3, 11, 6, 16, 8, 4, 13, 20, 14, 18, 17, 21]",408.9100528444287,14.051782369613647
