Id,Coordinates,Order,Distance,Time
6851,"[[0, 0], [44, 113], [7, 68], [48, 8], [34, 48], [40, 25], [26, 22], [23, 76], [46, 82], [35, 45], [27, 34], [1, 2], [11, 72], [24, 79], [12, 107], [45, 56], [36, 98], [14, 65], [1, 109], [34, 37], [33, 22], [0, 0]]","[0, 3, 5, 19, 9, 4, 15, 8, 16, 1, 14, 18, 13, 7, 12, 2, 17, 10, 20, 6, 11, 21]",365.4876769156455,15.436983108520508
