Id,Coordinates,Order,Distance,Time
7177,"[[0, 0], [13, 106], [19, 122], [1, 18], [13, 122], [25, 25], [11, 69], [14, 127], [29, 15], [16, 67], [17, 125], [8, 106], [10, 11], [3, 106], [18, 30], [25, 35], [20, 61], [14, 84], [21, 16], [13, 57], [3, 139], [0, 0]]","[0, 12, 18, 8, 5, 14, 15, 16, 9, 17, 1, 11, 4, 2, 10, 7, 20, 13, 6, 19, 3, 21]",327.9194752592963,15.982930183410645
