Id,Coordinates,Order,Distance,Time
808,"[[0, 0], [36, 79], [51, 28], [10, 63], [69, 56], [54, 89], [44, 55], [60, 7], [52, 52], [48, 59], [10, 37], [76, 9], [58, 48], [19, 79], [68, 83], [76, 23], [15, 16], [55, 24], [68, 4], [72, 2], [5, 73], [0, 0]]","[0, 16, 10, 3, 20, 13, 1, 5, 14, 4, 12, 8, 9, 6, 2, 17, 15, 11, 19, 18, 7, 21]",359.362287510835,16.985389232635498
