Id,Coordinates,Order,Distance,Time
6677,"[[0, 0], [165, 100], [8, 107], [17, 7], [158, 114], [94, 102], [45, 96], [107, 65], [78, 112], [147, 36], [116, 67], [159, 19], [109, 28], [37, 5], [148, 107], [21, 105], [1, 32], [177, 69], [167, 29], [47, 104], [39, 72], [0, 0]]","[0, 16, 20, 2, 15, 6, 19, 8, 5, 7, 10, 9, 11, 18, 17, 1, 4, 14, 12, 13, 3, 21]",661.2526767185835,20.215997219085693
