Id,Coordinates,Order,Distance,Time
6543,"[[0, 0], [5, 60], [8, 93], [22, 88], [11, 35], [13, 162], [12, 18], [6, 167], [21, 116], [10, 73], [22, 31], [18, 130], [17, 73], [5, 101], [11, 37], [10, 3], [17, 119], [15, 113], [12, 74], [2, 21], [20, 131], [0, 0]]","[0, 19, 4, 14, 1, 9, 18, 2, 13, 17, 16, 11, 20, 5, 7, 8, 3, 12, 10, 6, 15, 21]",363.5025417561976,15.542696475982666
