Id,Coordinates,Order,Distance,Time
8672,"[[0, 0], [3, 8], [49, 6], [17, 9], [38, 17], [5, 6], [20, 7], [41, 20], [17, 12], [48, 9], [16, 15], [36, 17], [31, 20], [26, 16], [42, 5], [28, 3], [14, 20], [41, 17], [16, 8], [46, 15], [15, 3], [0, 0]]","[0, 1, 5, 18, 3, 8, 10, 16, 13, 12, 11, 4, 7, 17, 19, 9, 2, 14, 15, 6, 20, 21]",135.36991015875603,15.753850936889648
