Id,Coordinates,Order,Distance,Time
493,"[[0, 0], [50, 79], [70, 62], [142, 83], [95, 9], [60, 67], [137, 25], [16, 3], [145, 12], [88, 46], [6, 37], [48, 60], [92, 41], [37, 3], [97, 37], [36, 4], [88, 84], [107, 6], [15, 80], [40, 76], [7, 80], [0, 0]]","[0, 7, 13, 15, 10, 20, 18, 19, 1, 2, 9, 12, 14, 4, 17, 8, 6, 3, 16, 5, 11, 21]",562.0861487179028,17.38321566581726
