Id,Coordinates,Order,Distance,Time
9471,"[[0, 0], [72, 68], [103, 66], [68, 12], [31, 14], [109, 43], [26, 31], [90, 13], [23, 21], [58, 34], [54, 28], [13, 36], [46, 2], [60, 70], [54, 51], [81, 25], [100, 7], [67, 32], [88, 38], [37, 4], [95, 2], [0, 0]]","[0, 11, 6, 8, 4, 15, 18, 5, 2, 1, 13, 14, 9, 10, 17, 7, 16, 20, 3, 12, 19, 21]",432.9825261267309,17.46860909461975
