Id,Coordinates,Order,Distance,Time
4697,"[[0, 0], [140, 67], [140, 40], [160, 52], [103, 52], [175, 51], [27, 87], [131, 76], [35, 88], [177, 132], [136, 18], [43, 94], [162, 95], [155, 132], [60, 131], [92, 45], [117, 63], [33, 120], [81, 48], [153, 5], [88, 110], [0, 0]]","[0, 6, 8, 11, 17, 14, 20, 7, 1, 2, 10, 19, 3, 5, 12, 13, 9, 16, 4, 15, 18, 21]",734.4001885466436,16.944520235061646
