Id,Coordinates,Order,Distance,Time
8767,"[[0, 0], [73, 27], [52, 33], [105, 13], [150, 7], [37, 33], [37, 53], [122, 28], [147, 16], [12, 43], [6, 46], [44, 48], [96, 5], [102, 34], [1, 3], [60, 23], [89, 18], [70, 33], [69, 13], [89, 48], [71, 50], [0, 0]]","[0, 14, 9, 10, 6, 11, 5, 2, 15, 1, 17, 20, 19, 13, 7, 8, 4, 3, 12, 16, 18, 21]",430.7846767299232,16.645009756088257
