Id,Coordinates,Order,Distance,Time
6124,"[[0, 0], [10, 10], [41, 18], [15, 7], [23, 8], [34, 12], [29, 18], [34, 2], [6, 7], [4, 3], [35, 11], [20, 2], [4, 7], [2, 9], [44, 18], [17, 9], [1, 18], [33, 20], [19, 10], [29, 4], [20, 6], [0, 0]]","[0, 9, 12, 8, 1, 3, 15, 18, 4, 20, 11, 19, 7, 10, 5, 14, 2, 17, 6, 16, 13, 21]",136.70262278384857,16.59723711013794
