Id,Coordinates,Order,Distance,Time
5110,"[[0, 0], [23, 16], [55, 111], [81, 128], [88, 65], [30, 161], [20, 102], [23, 169], [87, 26], [85, 11], [24, 141], [88, 29], [35, 136], [22, 105], [44, 158], [35, 21], [81, 158], [77, 94], [68, 171], [50, 14], [79, 42], [0, 0]]","[0, 1, 15, 19, 9, 8, 11, 20, 4, 17, 2, 3, 16, 18, 14, 5, 7, 10, 12, 13, 6, 21]",522.278818778865,18.743997812271118
