Id,Coordinates,Order,Distance,Time
3629,"[[0, 0], [64, 18], [42, 23], [8, 42], [67, 34], [74, 18], [55, 37], [90, 23], [3, 1], [76, 49], [13, 49], [22, 43], [72, 4], [66, 46], [25, 12], [42, 22], [62, 49], [12, 22], [14, 11], [45, 30], [81, 30], [0, 0]]","[0, 8, 18, 17, 3, 10, 11, 15, 2, 19, 6, 4, 13, 16, 9, 20, 7, 5, 12, 1, 14, 21]",306.5250148716044,14.45981502532959
