Id,Coordinates,Order,Distance,Time
1780,"[[0, 0], [32, 157], [99, 111], [20, 30], [93, 129], [1, 73], [44, 8], [114, 35], [67, 34], [76, 23], [13, 4], [1, 87], [1, 36], [77, 123], [93, 63], [90, 14], [39, 157], [5, 137], [104, 8], [55, 49], [114, 67], [0, 0]]","[0, 3, 12, 5, 11, 17, 1, 16, 13, 4, 2, 14, 20, 7, 18, 15, 9, 8, 19, 6, 10, 21]",566.941391733309,19.366032123565674
