Id,Coordinates,Order,Distance,Time
2787,"[[0, 0], [44, 9], [41, 23], [69, 57], [13, 1], [29, 99], [24, 88], [81, 115], [49, 7], [8, 37], [69, 28], [56, 97], [10, 50], [82, 104], [63, 90], [21, 86], [72, 43], [14, 109], [56, 50], [47, 111], [43, 57], [0, 0]]","[0, 4, 1, 8, 2, 10, 16, 3, 18, 20, 15, 6, 5, 17, 19, 7, 13, 14, 11, 12, 9, 21]",453.64549326104293,16.46705937385559
