Id,Coordinates,Order,Distance,Time
1587,"[[0, 0], [14, 3], [2, 6], [18, 24], [19, 24], [14, 21], [28, 9], [4, 15], [28, 8], [6, 1], [27, 12], [28, 11], [29, 5], [19, 2], [5, 16], [27, 20], [17, 25], [23, 14], [11, 14], [8, 23], [23, 6], [0, 0]]","[0, 2, 18, 7, 14, 19, 5, 3, 4, 16, 15, 17, 10, 11, 6, 8, 12, 20, 13, 1, 9, 21]",109.635507367953,19.527646780014038
