Id,Coordinates,Order,Distance,Time
4072,"[[0, 0], [118, 9], [124, 107], [144, 86], [71, 118], [79, 93], [11, 133], [113, 130], [94, 66], [91, 163], [83, 124], [49, 90], [73, 28], [66, 17], [107, 68], [56, 95], [104, 57], [40, 132], [8, 77], [90, 172], [83, 142], [0, 0]]","[0, 13, 12, 1, 16, 8, 11, 15, 4, 10, 20, 9, 19, 7, 2, 3, 14, 5, 17, 6, 18, 21]",741.2277892473045,20.490569353103638
