Id,Coordinates,Order,Distance,Time
8677,"[[0, 0], [59, 64], [48, 57], [65, 2], [88, 62], [22, 19], [33, 36], [136, 23], [53, 2], [131, 44], [152, 25], [86, 53], [139, 26], [39, 6], [47, 1], [49, 46], [156, 46], [19, 20], [6, 52], [94, 4], [110, 7], [0, 0]]","[0, 18, 6, 15, 2, 1, 4, 11, 9, 16, 10, 12, 7, 20, 19, 3, 8, 14, 13, 5, 17, 21]",429.14209075528424,15.532382011413574
