Id,Coordinates,Order,Distance,Time
3197,"[[0, 0], [181, 42], [100, 163], [106, 103], [71, 28], [51, 186], [20, 35], [114, 48], [157, 67], [145, 27], [121, 142], [146, 117], [120, 143], [77, 60], [46, 44], [97, 83], [144, 30], [179, 65], [32, 94], [118, 174], [74, 80], [0, 0]]","[0, 14, 4, 13, 20, 3, 10, 12, 2, 19, 11, 8, 17, 1, 9, 16, 7, 15, 5, 18, 6, 21]",860.3082887865801,15.504282236099243
