Id,Coordinates,Order,Distance,Time
2914,"[[0, 0], [1, 106], [38, 99], [34, 1], [42, 87], [22, 12], [42, 6], [47, 6], [27, 60], [5, 17], [42, 12], [49, 14], [42, 114], [37, 14], [29, 45], [42, 44], [21, 77], [19, 59], [23, 74], [4, 45], [27, 100], [0, 0]]","[0, 5, 3, 6, 7, 11, 10, 13, 15, 14, 8, 17, 18, 16, 4, 2, 12, 20, 1, 19, 9, 21]",366.907090210849,18.514341115951538
