Id,Coordinates,Order,Distance,Time
6452,"[[0, 0], [2, 81], [54, 65], [42, 20], [5, 28], [65, 62], [50, 7], [56, 72], [17, 83], [65, 98], [64, 36], [16, 79], [38, 32], [18, 43], [30, 7], [27, 98], [22, 94], [53, 51], [58, 29], [3, 101], [30, 128], [0, 0]]","[0, 4, 13, 12, 3, 14, 6, 18, 10, 17, 5, 2, 7, 9, 20, 15, 16, 11, 8, 19, 1, 21]",460.94529078640977,15.896298170089722
