Id,Coordinates,Order,Distance,Time
3993,"[[0, 0], [71, 98], [32, 65], [68, 37], [79, 1], [85, 45], [20, 39], [73, 7], [55, 4], [81, 63], [43, 61], [36, 54], [19, 62], [37, 4], [1, 3], [69, 117], [82, 41], [37, 78], [25, 83], [39, 60], [68, 89], [0, 0]]","[0, 13, 8, 4, 7, 3, 16, 5, 9, 20, 1, 15, 18, 17, 2, 10, 19, 11, 12, 6, 14, 21]",403.71017243078853,15.37845230102539
