Id,Coordinates,Order,Distance,Time
3626,"[[0, 0], [49, 9], [34, 8], [21, 29], [68, 14], [24, 66], [21, 53], [67, 39], [36, 78], [26, 66], [36, 91], [62, 69], [6, 90], [85, 22], [77, 14], [45, 35], [69, 7], [92, 115], [63, 48], [2, 44], [33, 87], [0, 0]]","[0, 2, 1, 4, 16, 14, 13, 7, 18, 11, 17, 10, 20, 8, 5, 6, 3, 15, 9, 12, 19, 21]",520.4564227564803,15.661348819732666
