Id,Coordinates,Order,Distance,Time
9451,"[[0, 0], [28, 34], [28, 38], [66, 12], [55, 33], [70, 57], [162, 56], [68, 94], [164, 62], [70, 29], [13, 82], [89, 24], [78, 54], [84, 87], [60, 46], [83, 28], [160, 97], [112, 33], [81, 7], [20, 44], [131, 90], [0, 0]]","[0, 1, 2, 4, 14, 5, 12, 9, 3, 18, 15, 11, 17, 6, 8, 16, 20, 13, 7, 10, 19, 21]",558.6186180544105,15.497600317001343
