Id,Coordinates,Order,Distance,Time
190,"[[0, 0], [121, 50], [103, 86], [171, 59], [125, 44], [107, 12], [61, 49], [170, 79], [125, 87], [63, 15], [100, 38], [85, 60], [86, 23], [99, 68], [146, 23], [118, 72], [175, 19], [32, 55], [169, 26], [4, 39], [111, 24], [0, 0]]","[0, 19, 17, 6, 11, 13, 2, 8, 15, 1, 4, 20, 5, 14, 18, 16, 3, 7, 10, 12, 9, 21]",589.999554625173,17.544135093688965
