Id,Coordinates,Order,Distance,Time
7675,"[[0, 0], [28, 96], [49, 148], [24, 99], [27, 42], [10, 178], [58, 92], [1, 149], [17, 113], [49, 98], [57, 76], [7, 126], [8, 138], [28, 41], [26, 63], [56, 59], [55, 98], [18, 55], [30, 17], [45, 54], [55, 20], [0, 0]]","[0, 13, 4, 17, 14, 10, 6, 16, 9, 1, 3, 8, 11, 12, 7, 5, 2, 15, 19, 20, 18, 21]",498.7990305967368,16.679844856262207
