Id,Coordinates,Order,Distance,Time
1804,"[[0, 0], [73, 39], [67, 8], [69, 22], [94, 23], [79, 61], [81, 76], [46, 37], [89, 58], [49, 73], [77, 9], [87, 21], [7, 74], [51, 26], [50, 25], [62, 76], [60, 33], [48, 47], [61, 29], [53, 2], [11, 2], [0, 0]]","[0, 20, 19, 2, 10, 3, 18, 16, 13, 14, 7, 17, 9, 15, 6, 5, 8, 4, 11, 1, 12, 21]",441.5518003180334,20.041999101638794
