Id,Coordinates,Order,Distance,Time
7835,"[[0, 0], [78, 98], [105, 26], [53, 18], [18, 90], [63, 8], [21, 40], [127, 8], [101, 59], [41, 72], [55, 75], [35, 51], [14, 85], [107, 39], [105, 49], [8, 26], [100, 91], [133, 13], [66, 10], [4, 6], [15, 98], [0, 0]]","[0, 19, 6, 9, 10, 1, 16, 8, 14, 13, 2, 17, 7, 18, 5, 3, 11, 4, 20, 12, 15, 21]",523.7136940736748,16.428494215011597
