Id,Coordinates,Order,Distance,Time
1943,"[[0, 0], [23, 27], [8, 40], [33, 33], [30, 23], [32, 44], [1, 53], [27, 116], [31, 59], [1, 46], [2, 13], [31, 85], [34, 159], [29, 27], [34, 123], [12, 73], [9, 99], [7, 88], [31, 48], [23, 154], [5, 3], [0, 0]]","[0, 20, 1, 4, 13, 3, 5, 18, 8, 15, 17, 16, 19, 12, 14, 7, 11, 6, 9, 2, 10, 21]",377.87640338033987,17.494104862213135
