Id,Coordinates,Order,Distance,Time
8588,"[[0, 0], [25, 47], [18, 83], [7, 115], [32, 37], [3, 51], [37, 35], [27, 23], [48, 102], [27, 50], [47, 17], [34, 146], [25, 9], [51, 113], [30, 13], [47, 51], [44, 82], [13, 112], [50, 87], [1, 72], [50, 58], [0, 0]]","[0, 12, 14, 10, 6, 4, 1, 9, 15, 20, 16, 18, 8, 13, 11, 3, 17, 2, 19, 5, 7, 21]",406.00777426938237,17.526087522506714
