Id,Coordinates,Order,Distance,Time
5448,"[[0, 0], [21, 33], [84, 92], [87, 39], [21, 33], [19, 43], [67, 29], [54, 33], [22, 36], [36, 6], [47, 52], [36, 88], [57, 21], [29, 71], [9, 62], [60, 61], [67, 17], [20, 38], [7, 63], [52, 91], [4, 24], [0, 0]]","[0, 20, 1, 4, 8, 17, 5, 14, 18, 13, 11, 19, 2, 15, 10, 7, 16, 6, 3, 12, 9, 21]",394.98166178306764,15.200514554977417
