Id,Coordinates,Order,Distance,Time
3802,"[[0, 0], [18, 58], [49, 69], [78, 87], [71, 75], [21, 46], [58, 43], [86, 94], [27, 78], [6, 74], [37, 5], [18, 61], [59, 16], [34, 36], [70, 71], [3, 70], [50, 76], [48, 43], [70, 70], [36, 66], [73, 25], [0, 0]]","[0, 10, 12, 20, 6, 17, 5, 1, 11, 15, 9, 8, 19, 2, 16, 7, 3, 4, 14, 18, 13, 21]",401.7560075886427,17.40982747077942
