Id,Coordinates,Order,Distance,Time
5114,"[[0, 0], [133, 16], [103, 31], [18, 32], [149, 26], [124, 26], [30, 16], [74, 2], [36, 31], [162, 18], [144, 20], [38, 32], [125, 13], [126, 7], [87, 33], [161, 32], [173, 15], [121, 9], [14, 23], [133, 3], [172, 17], [0, 0]]","[0, 18, 3, 8, 11, 14, 2, 5, 12, 17, 13, 1, 10, 4, 15, 20, 16, 9, 19, 7, 6, 21]",415.2444058138753,19.856029748916626
