Id,Coordinates,Order,Distance,Time
5629,"[[0, 0], [4, 45], [114, 106], [61, 47], [16, 48], [82, 176], [54, 40], [128, 100], [55, 81], [70, 139], [80, 5], [17, 58], [1, 162], [5, 113], [33, 156], [83, 104], [95, 98], [50, 76], [111, 130], [23, 89], [124, 103], [0, 0]]","[0, 4, 17, 8, 3, 6, 10, 15, 16, 2, 20, 7, 18, 9, 5, 14, 12, 13, 19, 11, 1, 21]",712.3939194421133,14.701042413711548
