Id,Coordinates,Order,Distance,Time
8406,"[[0, 0], [23, 5], [4, 9], [19, 3], [6, 15], [6, 9], [20, 15], [21, 6], [8, 1], [24, 12], [12, 7], [2, 9], [20, 13], [15, 3], [15, 10], [4, 8], [9, 4], [13, 9], [21, 10], [16, 3], [22, 1], [0, 0]]","[0, 8, 16, 17, 14, 12, 6, 9, 18, 7, 1, 20, 3, 19, 13, 10, 4, 5, 15, 2, 11, 21]",88.72056810708297,22.193995714187622
