Id,Coordinates,Order,Distance,Time
359,"[[0, 0], [5, 28], [8, 131], [2, 1], [22, 140], [78, 151], [46, 58], [41, 4], [74, 152], [72, 63], [54, 93], [74, 64], [34, 89], [14, 57], [10, 149], [50, 55], [2, 19], [60, 52], [63, 23], [51, 135], [35, 55], [0, 0]]","[0, 16, 1, 13, 20, 15, 17, 9, 11, 10, 5, 8, 19, 4, 14, 2, 12, 6, 18, 7, 3, 21]",508.2343950463534,15.963382005691528
