Id,Coordinates,Order,Distance,Time
736,"[[0, 0], [138, 4], [70, 30], [149, 46], [90, 9], [127, 23], [98, 31], [191, 33], [8, 35], [55, 4], [70, 8], [41, 36], [18, 5], [71, 42], [54, 2], [56, 33], [144, 32], [49, 16], [6, 28], [41, 17], [133, 21], [0, 0]]","[0, 18, 8, 11, 15, 2, 13, 6, 4, 10, 9, 14, 5, 20, 16, 3, 7, 1, 17, 19, 12, 21]",559.5167636912915,17.866478443145752
