Id,Coordinates,Order,Distance,Time
3394,"[[0, 0], [118, 11], [153, 48], [8, 35], [128, 94], [97, 61], [104, 83], [16, 58], [195, 6], [56, 38], [179, 140], [52, 57], [30, 64], [91, 128], [20, 102], [86, 82], [116, 169], [152, 44], [66, 69], [100, 26], [86, 33], [0, 0]]","[0, 3, 7, 12, 14, 18, 15, 6, 5, 17, 2, 4, 13, 16, 10, 8, 1, 19, 20, 9, 11, 21]",895.2131492024475,22.04699969291687
