Id,Coordinates,Order,Distance,Time
576,"[[0, 0], [94, 17], [72, 41], [29, 31], [119, 39], [47, 23], [60, 6], [112, 32], [27, 13], [58, 9], [21, 13], [8, 32], [2, 39], [5, 6], [95, 35], [89, 22], [42, 41], [67, 6], [43, 35], [89, 6], [60, 35], [0, 0]]","[0, 13, 10, 8, 3, 18, 20, 2, 15, 1, 19, 17, 6, 9, 11, 12, 16, 7, 4, 14, 5, 21]",481.53243861816134,15.775663614273071
