Id,Coordinates,Order,Distance,Time
7569,"[[0, 0], [47, 18], [7, 19], [31, 10], [39, 27], [3, 5], [39, 9], [5, 12], [27, 9], [20, 5], [50, 29], [22, 28], [32, 3], [54, 3], [15, 6], [56, 7], [37, 9], [3, 22], [39, 17], [52, 1], [28, 7], [0, 0]]","[0, 5, 7, 2, 17, 11, 4, 18, 6, 16, 20, 8, 3, 1, 10, 15, 13, 19, 12, 9, 14, 21]",209.83829483546708,18.992366313934326
