Id,Coordinates,Order,Distance,Time
7008,"[[0, 0], [21, 113], [19, 44], [13, 129], [34, 118], [34, 44], [22, 3], [40, 135], [38, 119], [21, 124], [1, 85], [33, 154], [35, 23], [37, 87], [8, 18], [17, 45], [11, 72], [15, 161], [12, 47], [6, 97], [7, 57], [0, 0]]","[0, 6, 12, 5, 2, 15, 18, 20, 16, 10, 19, 1, 4, 8, 7, 11, 17, 3, 9, 13, 14, 21]",416.8294074833723,14.228253602981567
