Id,Coordinates,Order,Distance,Time
4965,"[[0, 0], [58, 50], [36, 97], [23, 74], [37, 32], [12, 31], [14, 104], [51, 36], [41, 59], [40, 40], [35, 30], [43, 37], [30, 7], [9, 20], [5, 19], [22, 62], [52, 12], [38, 79], [3, 87], [50, 4], [27, 100], [0, 0]]","[0, 14, 13, 5, 10, 4, 7, 1, 8, 17, 2, 20, 6, 18, 3, 15, 9, 11, 16, 19, 12, 21]",345.5510179047381,15.051172018051147
