Id,Coordinates,Order,Distance,Time
9191,"[[0, 0], [61, 20], [144, 17], [36, 92], [99, 56], [61, 95], [132, 72], [137, 19], [108, 33], [36, 87], [108, 84], [15, 35], [83, 25], [112, 95], [53, 94], [35, 32], [146, 34], [42, 43], [37, 97], [1, 40], [14, 74], [0, 0]]","[0, 11, 15, 17, 1, 12, 4, 10, 13, 6, 16, 2, 7, 8, 5, 14, 18, 3, 9, 20, 19, 21]",540.5203143231236,18.153023719787598
