Id,Coordinates,Order,Distance,Time
8523,"[[0, 0], [14, 28], [43, 8], [3, 120], [27, 16], [8, 180], [20, 101], [30, 150], [22, 87], [36, 113], [18, 94], [10, 23], [8, 20], [42, 96], [20, 133], [17, 179], [37, 76], [13, 148], [46, 111], [47, 113], [25, 63], [0, 0]]","[0, 12, 4, 2, 20, 16, 8, 10, 6, 13, 18, 19, 9, 14, 7, 15, 5, 17, 3, 1, 11, 21]",491.1028968557497,14.203877449035645
