Id,Coordinates,Order,Distance,Time
3375,"[[0, 0], [55, 118], [17, 9], [2, 34], [16, 113], [3, 105], [22, 107], [20, 98], [6, 48], [32, 29], [46, 28], [19, 134], [34, 123], [44, 148], [14, 105], [23, 7], [31, 93], [10, 49], [50, 28], [35, 12], [22, 75], [0, 0]]","[0, 2, 15, 19, 18, 10, 9, 17, 8, 20, 16, 7, 6, 14, 4, 12, 1, 13, 11, 5, 3, 21]",441.6581845006937,19.533000469207764
