Id,Coordinates,Order,Distance,Time
2170,"[[0, 0], [111, 23], [83, 101], [16, 72], [16, 98], [128, 120], [151, 81], [25, 91], [120, 59], [15, 18], [140, 45], [19, 23], [32, 28], [88, 108], [101, 7], [29, 104], [80, 5], [62, 51], [77, 104], [63, 85], [8, 76], [0, 0]]","[0, 9, 11, 12, 19, 18, 2, 13, 5, 6, 10, 8, 1, 14, 16, 17, 7, 15, 4, 20, 3, 21]",610.6376163919676,19.461161613464355
