Id,Coordinates,Order,Distance,Time
6874,"[[0, 0], [3, 56], [137, 14], [87, 18], [28, 28], [34, 4], [23, 9], [141, 43], [10, 26], [122, 16], [74, 25], [161, 12], [67, 2], [11, 17], [92, 44], [29, 66], [88, 53], [66, 34], [158, 2], [15, 54], [145, 3], [0, 0]]","[0, 13, 4, 6, 5, 12, 10, 3, 9, 2, 20, 18, 11, 7, 14, 16, 17, 15, 19, 1, 8, 21]",493.3690817208618,15.903223037719727
