Id,Coordinates,Order,Distance,Time
4214,"[[0, 0], [16, 57], [155, 11], [68, 23], [4, 13], [148, 34], [59, 50], [78, 43], [55, 7], [123, 23], [21, 36], [87, 24], [150, 43], [87, 37], [2, 32], [9, 4], [10, 5], [35, 7], [79, 45], [2, 48], [161, 17], [0, 0]]","[0, 15, 16, 4, 14, 19, 1, 10, 17, 8, 3, 7, 18, 13, 12, 5, 20, 2, 9, 11, 6, 21]",490.4544658812944,15.183228969573975
