Id,Coordinates,Order,Distance,Time
4941,"[[0, 0], [8, 17], [23, 5], [52, 20], [5, 8], [53, 4], [54, 9], [5, 14], [4, 14], [35, 11], [29, 2], [59, 20], [27, 15], [30, 7], [18, 16], [40, 19], [18, 17], [12, 5], [3, 5], [35, 7], [33, 11], [0, 0]]","[0, 18, 4, 7, 8, 1, 16, 14, 12, 20, 9, 19, 15, 3, 11, 6, 5, 13, 10, 2, 17, 21]",161.9287013809329,16.00938105583191
