Id,Coordinates,Order,Distance,Time
3044,"[[0, 0], [123, 53], [7, 16], [79, 79], [97, 86], [77, 67], [76, 83], [17, 43], [47, 56], [48, 40], [7, 60], [3, 29], [125, 81], [64, 7], [41, 69], [50, 31], [94, 10], [49, 85], [73, 21], [70, 45], [4, 50], [0, 0]]","[0, 2, 11, 7, 20, 10, 17, 14, 8, 19, 5, 3, 6, 4, 12, 1, 16, 18, 13, 15, 9, 21]",491.32997941998775,19.183907508850098
