Id,Coordinates,Order,Distance,Time
6352,"[[0, 0], [93, 151], [133, 33], [89, 10], [168, 55], [90, 26], [18, 146], [25, 22], [68, 83], [80, 161], [78, 10], [120, 169], [134, 68], [152, 29], [26, 182], [163, 167], [25, 37], [36, 86], [46, 96], [162, 183], [118, 196], [0, 0]]","[0, 7, 16, 17, 18, 8, 5, 3, 10, 2, 13, 4, 12, 15, 19, 20, 11, 1, 9, 14, 6, 21]",854.2277456033255,13.727864742279053
