Id,Coordinates,Order,Distance,Time
5258,"[[0, 0], [8, 64], [42, 58], [48, 6], [39, 102], [31, 153], [19, 47], [53, 75], [27, 42], [65, 6], [7, 106], [10, 125], [38, 102], [56, 62], [61, 121], [49, 24], [43, 110], [20, 51], [9, 104], [52, 119], [60, 79], [0, 0]]","[0, 3, 9, 15, 8, 6, 17, 2, 13, 7, 20, 4, 12, 16, 19, 14, 5, 11, 10, 18, 1, 21]",458.45416383908616,14.32008671760559
