Id,Coordinates,Order,Distance,Time
2663,"[[0, 0], [34, 18], [39, 11], [55, 5], [56, 7], [39, 4], [21, 5], [20, 6], [55, 7], [31, 10], [35, 14], [32, 2], [15, 12], [58, 3], [50, 4], [7, 8], [46, 2], [35, 5], [11, 18], [43, 2], [22, 5], [0, 0]]","[0, 15, 18, 12, 7, 6, 20, 9, 10, 1, 2, 19, 16, 14, 3, 8, 4, 13, 5, 17, 11, 21]",155.86058871167927,15.651051998138428
