Id,Coordinates,Order,Distance,Time
1499,"[[0, 0], [32, 13], [24, 61], [23, 15], [13, 41], [9, 58], [25, 58], [21, 61], [23, 51], [29, 85], [12, 2], [9, 37], [11, 2], [25, 20], [22, 26], [17, 45], [5, 18], [20, 49], [2, 47], [1, 56], [28, 41], [0, 0]]","[0, 12, 1, 3, 13, 14, 20, 8, 17, 15, 4, 18, 19, 5, 7, 2, 9, 6, 11, 16, 10, 21]",269.2559185860914,15.60236120223999
