Id,Coordinates,Order,Distance,Time
3806,"[[0, 0], [138, 43], [27, 49], [3, 53], [59, 35], [50, 1], [93, 22], [86, 9], [3, 9], [13, 11], [138, 12], [11, 46], [57, 64], [123, 17], [113, 5], [75, 3], [105, 42], [42, 15], [19, 19], [125, 38], [83, 66], [0, 0]]","[0, 9, 18, 17, 5, 15, 7, 6, 19, 1, 10, 13, 14, 16, 20, 12, 4, 2, 11, 3, 8, 21]",470.89377881104906,16.632630825042725
