Id,Coordinates,Order,Distance,Time
7928,"[[0, 0], [79, 145], [19, 105], [8, 44], [6, 71], [89, 93], [5, 151], [76, 137], [41, 168], [54, 149], [18, 39], [8, 160], [89, 43], [37, 9], [56, 164], [45, 118], [24, 97], [71, 120], [75, 23], [79, 105], [26, 12], [0, 0]]","[0, 10, 3, 4, 16, 2, 15, 7, 1, 9, 14, 8, 11, 6, 17, 19, 5, 12, 18, 13, 20, 21]",555.1400063728655,15.780305624008179
