Id,Coordinates,Order,Distance,Time
2365,"[[0, 0], [147, 52], [75, 93], [47, 38], [25, 184], [75, 83], [96, 78], [129, 134], [45, 45], [26, 99], [72, 31], [31, 160], [11, 6], [107, 60], [14, 135], [70, 46], [2, 143], [42, 149], [95, 151], [136, 84], [92, 60], [0, 0]]","[0, 12, 3, 8, 15, 20, 13, 6, 5, 2, 9, 14, 16, 4, 11, 17, 18, 7, 19, 1, 10, 21]",706.4473766416792,14.983510971069336
