Id,Coordinates,Order,Distance,Time
4504,"[[0, 0], [15, 68], [55, 42], [46, 98], [34, 177], [42, 116], [70, 67], [27, 15], [20, 63], [40, 28], [30, 124], [49, 128], [30, 71], [1, 116], [39, 26], [61, 92], [45, 104], [64, 65], [61, 179], [45, 22], [20, 86], [0, 0]]","[0, 7, 14, 9, 19, 2, 17, 6, 15, 3, 16, 5, 10, 20, 1, 13, 4, 18, 11, 12, 8, 21]",580.980007746276,16.089064359664917
