Id,Coordinates,Order,Distance,Time
1828,"[[0, 0], [13, 34], [39, 2], [111, 10], [37, 32], [117, 22], [98, 21], [32, 12], [172, 20], [98, 10], [111, 13], [154, 2], [38, 20], [36, 26], [132, 26], [35, 24], [24, 7], [21, 11], [110, 9], [56, 29], [175, 26], [0, 0]]","[0, 17, 16, 7, 12, 15, 13, 4, 19, 6, 18, 3, 10, 5, 14, 20, 8, 11, 9, 2, 1, 21]",439.0795552092863,19.227415084838867
