Id,Coordinates,Order,Distance,Time
4599,"[[0, 0], [17, 79], [83, 174], [100, 169], [39, 158], [89, 155], [38, 150], [10, 42], [100, 45], [47, 64], [85, 185], [46, 103], [113, 91], [80, 31], [35, 150], [74, 4], [33, 108], [93, 96], [3, 64], [79, 11], [50, 125], [0, 0]]","[0, 7, 18, 1, 16, 11, 20, 6, 14, 4, 2, 10, 3, 5, 17, 12, 8, 13, 19, 15, 9, 21]",618.3918957802896,15.840792894363403
