Id,Coordinates,Order,Distance,Time
6547,"[[0, 0], [105, 44], [126, 24], [99, 58], [121, 129], [41, 18], [40, 60], [31, 96], [26, 62], [118, 29], [77, 115], [27, 64], [4, 58], [89, 66], [4, 75], [69, 120], [144, 70], [128, 112], [41, 42], [116, 58], [32, 62], [0, 0]]","[0, 18, 6, 20, 11, 8, 12, 14, 7, 15, 10, 4, 17, 16, 19, 13, 3, 1, 9, 2, 5, 21]",574.9697135764321,15.554660558700562
