Id,Coordinates,Order,Distance,Time
1941,"[[0, 0], [82, 81], [11, 99], [70, 42], [44, 24], [17, 28], [12, 151], [57, 120], [43, 99], [67, 67], [89, 28], [1, 136], [88, 65], [53, 80], [91, 98], [87, 74], [83, 78], [46, 21], [51, 15], [58, 151], [43, 110], [0, 0]]","[0, 4, 17, 18, 10, 3, 12, 15, 14, 1, 16, 9, 13, 8, 20, 7, 19, 6, 11, 2, 5, 21]",535.4404434971118,18.395060777664185
