Id,Coordinates,Order,Distance,Time
7964,"[[0, 0], [16, 95], [120, 58], [68, 71], [78, 162], [80, 3], [26, 126], [135, 75], [73, 37], [42, 13], [71, 152], [47, 33], [137, 76], [15, 140], [108, 111], [144, 140], [15, 129], [154, 72], [52, 152], [138, 9], [95, 14], [0, 0]]","[0, 9, 5, 20, 19, 2, 7, 12, 17, 15, 14, 4, 10, 18, 13, 16, 6, 1, 3, 8, 11, 21]",713.3018624248937,16.805928707122803
