Id,Coordinates,Order,Distance,Time
4094,"[[0, 0], [5, 65], [10, 51], [78, 3], [75, 64], [52, 46], [32, 10], [73, 54], [71, 18], [54, 48], [41, 64], [24, 41], [69, 33], [2, 50], [40, 60], [23, 1], [42, 43], [53, 18], [20, 22], [67, 28], [18, 37], [0, 0]]","[0, 15, 6, 18, 20, 11, 2, 13, 1, 14, 10, 9, 5, 17, 3, 8, 19, 12, 7, 4, 16, 21]",398.23052713711786,12.896507263183594
