Id,Coordinates,Order,Distance,Time
8475,"[[0, 0], [32, 97], [59, 78], [70, 9], [11, 48], [23, 81], [94, 90], [81, 75], [37, 67], [47, 72], [47, 30], [48, 81], [70, 51], [100, 45], [56, 57], [49, 48], [31, 76], [35, 14], [3, 99], [71, 93], [56, 65], [0, 0]]","[0, 3, 10, 15, 9, 11, 2, 19, 6, 7, 13, 12, 14, 20, 8, 16, 5, 1, 18, 4, 17, 21]",532.6811271786836,19.50233244895935
