Id,Coordinates,Order,Distance,Time
6955,"[[0, 0], [97, 67], [76, 59], [82, 58], [54, 26], [33, 64], [91, 43], [49, 8], [18, 57], [58, 5], [18, 90], [85, 66], [17, 41], [32, 6], [43, 90], [31, 60], [124, 78], [125, 3], [74, 56], [101, 63], [29, 90], [0, 0]]","[0, 13, 7, 9, 4, 18, 2, 3, 11, 1, 19, 16, 17, 6, 15, 5, 14, 20, 10, 8, 12, 21]",519.5955616055489,14.826902627944946
