Id,Coordinates,Order,Distance,Time
3613,"[[0, 0], [124, 12], [95, 94], [133, 79], [114, 6], [39, 73], [82, 67], [120, 20], [87, 19], [128, 5], [11, 64], [132, 13], [103, 76], [84, 90], [115, 90], [147, 19], [127, 8], [65, 91], [30, 61], [31, 13], [135, 55], [0, 0]]","[0, 10, 18, 5, 17, 13, 2, 12, 14, 3, 20, 15, 11, 9, 16, 1, 7, 4, 8, 6, 19, 21]",525.346146587923,20.465643405914307
