Id,Coordinates,Order,Distance,Time
2219,"[[0, 0], [4, 10], [8, 3], [4, 4], [18, 44], [12, 141], [1, 37], [2, 65], [3, 9], [12, 13], [11, 130], [8, 37], [10, 52], [5, 98], [9, 21], [16, 74], [14, 60], [1, 48], [9, 30], [15, 32], [9, 8], [0, 0]]","[0, 3, 2, 20, 1, 8, 9, 14, 18, 11, 6, 17, 7, 13, 10, 5, 15, 16, 12, 4, 19, 21]",316.1406825259761,14.523192405700684
