Id,Coordinates,Order,Distance,Time
2765,"[[0, 0], [54, 49], [98, 34], [68, 67], [65, 13], [86, 5], [18, 41], [68, 28], [46, 44], [49, 101], [7, 84], [84, 74], [36, 40], [66, 89], [57, 92], [76, 57], [40, 10], [9, 38], [91, 39], [2, 25], [6, 35], [0, 0]]","[0, 19, 20, 17, 6, 12, 8, 1, 15, 3, 11, 13, 14, 9, 10, 7, 18, 2, 5, 4, 16, 21]",467.9326148872868,20.740854740142822
