Id,Coordinates,Order,Distance,Time
9614,"[[0, 0], [51, 93], [34, 27], [110, 165], [7, 32], [87, 167], [72, 163], [65, 130], [44, 170], [117, 5], [14, 92], [113, 134], [94, 133], [24, 122], [115, 64], [27, 2], [83, 19], [42, 162], [3, 154], [58, 97], [113, 165], [0, 0]]","[0, 4, 10, 13, 18, 17, 8, 6, 5, 3, 20, 11, 12, 7, 19, 1, 14, 9, 16, 2, 15, 21]",670.3217528715655,16.060173273086548
