Id,Coordinates,Order,Distance,Time
8060,"[[0, 0], [6, 12], [5, 7], [20, 6], [25, 14], [28, 1], [26, 2], [24, 3], [27, 9], [16, 3], [21, 14], [26, 8], [23, 2], [15, 8], [2, 9], [20, 7], [22, 14], [29, 2], [28, 9], [19, 13], [26, 8], [0, 0]]","[0, 14, 1, 9, 15, 3, 12, 7, 6, 5, 17, 11, 20, 8, 18, 4, 16, 10, 19, 13, 2, 21]",91.87534832641866,17.222350597381592
