Id,Coordinates,Order,Distance,Time
6630,"[[0, 0], [47, 7], [79, 15], [70, 63], [26, 87], [68, 49], [76, 26], [99, 46], [92, 75], [18, 14], [94, 45], [42, 49], [12, 90], [10, 82], [17, 27], [10, 21], [71, 36], [68, 18], [12, 33], [38, 71], [100, 4], [0, 0]]","[0, 15, 14, 18, 11, 13, 12, 4, 19, 3, 5, 16, 6, 2, 20, 10, 7, 8, 17, 1, 9, 21]",483.1359767517368,13.564035415649414
