Id,Coordinates,Order,Distance,Time
427,"[[0, 0], [161, 33], [48, 120], [118, 120], [80, 4], [29, 18], [41, 14], [101, 77], [73, 17], [79, 154], [36, 110], [91, 113], [103, 13], [28, 119], [109, 94], [88, 63], [41, 51], [151, 115], [108, 80], [176, 60], [80, 79], [0, 0]]","[0, 5, 6, 8, 4, 12, 15, 20, 7, 14, 3, 17, 19, 1, 18, 11, 9, 2, 13, 10, 16, 21]",732.9555203070267,16.323986053466797
