Id,Coordinates,Order,Distance,Time
9803,"[[0, 0], [38, 21], [38, 7], [61, 105], [94, 69], [48, 26], [58, 24], [81, 67], [49, 63], [95, 94], [26, 136], [31, 135], [58, 114], [94, 126], [62, 133], [90, 58], [64, 90], [85, 79], [65, 15], [35, 114], [26, 31], [0, 0]]","[0, 2, 1, 5, 6, 18, 8, 16, 3, 12, 19, 10, 11, 14, 13, 9, 17, 4, 15, 7, 20, 21]",500.500385799379,17.483996629714966
