Id,Coordinates,Order,Distance,Time
9236,"[[0, 0], [61, 59], [80, 103], [1, 96], [3, 139], [19, 48], [33, 118], [44, 24], [12, 25], [38, 124], [43, 10], [55, 16], [41, 84], [46, 102], [34, 122], [45, 104], [77, 5], [36, 131], [15, 73], [49, 100], [30, 53], [0, 0]]","[0, 8, 5, 20, 18, 6, 14, 9, 15, 13, 19, 12, 7, 10, 11, 16, 1, 2, 17, 4, 3, 21]",631.3695183015253,15.251404047012329
