Id,Coordinates,Order,Distance,Time
3499,"[[0, 0], [77, 48], [48, 55], [142, 90], [90, 14], [100, 92], [69, 17], [108, 12], [122, 142], [8, 149], [73, 43], [14, 36], [114, 75], [148, 141], [10, 85], [23, 14], [77, 9], [153, 22], [73, 78], [4, 137], [94, 135], [0, 0]]","[0, 11, 10, 1, 18, 5, 12, 3, 13, 8, 20, 9, 19, 14, 2, 4, 7, 17, 16, 6, 15, 21]",809.0275881699417,12.794613599777222
