Id,Coordinates,Order,Distance,Time
7807,"[[0, 0], [23, 61], [85, 24], [46, 95], [27, 115], [25, 93], [61, 34], [106, 82], [90, 27], [49, 9], [119, 54], [110, 86], [38, 66], [119, 58], [30, 51], [75, 29], [89, 24], [119, 112], [122, 77], [12, 26], [94, 105], [0, 0]]","[0, 12, 14, 1, 4, 5, 3, 20, 17, 11, 7, 18, 13, 10, 8, 16, 2, 15, 6, 9, 19, 21]",519.7759651956037,16.927403211593628
