Id,Coordinates,Order,Distance,Time
3572,"[[0, 0], [14, 173], [19, 83], [33, 154], [30, 97], [29, 83], [66, 59], [65, 161], [52, 174], [7, 173], [45, 143], [70, 147], [43, 123], [46, 130], [61, 41], [60, 26], [13, 6], [30, 108], [49, 47], [35, 179], [14, 135], [0, 0]]","[0, 16, 15, 14, 18, 6, 5, 4, 17, 12, 13, 10, 11, 7, 8, 19, 1, 9, 3, 20, 2, 21]",524.8844857697777,18.246766090393066
