Id,Coordinates,Order,Distance,Time
9754,"[[0, 0], [17, 83], [85, 128], [68, 45], [35, 5], [68, 114], [68, 4], [86, 44], [86, 26], [20, 29], [87, 49], [50, 146], [64, 99], [72, 70], [48, 94], [71, 49], [32, 64], [69, 40], [42, 133], [90, 87], [80, 126], [0, 0]]","[0, 4, 6, 8, 7, 10, 17, 3, 15, 13, 19, 12, 5, 20, 2, 11, 18, 14, 1, 16, 9, 21]",484.826205288801,16.710512161254883
