Id,Coordinates,Order,Distance,Time
8603,"[[0, 0], [50, 128], [16, 30], [51, 158], [41, 140], [49, 27], [37, 151], [1, 88], [1, 64], [4, 19], [46, 167], [29, 172], [6, 118], [47, 175], [19, 49], [48, 64], [30, 91], [25, 78], [12, 144], [20, 168], [24, 28], [0, 0]]","[0, 9, 2, 20, 14, 8, 7, 17, 16, 12, 18, 19, 11, 13, 10, 3, 6, 4, 1, 15, 5, 21]",485.7973886610501,14.211817026138306
