Id,Coordinates,Order,Distance,Time
9680,"[[0, 0], [8, 17], [84, 2], [24, 12], [86, 7], [28, 15], [62, 9], [3, 20], [121, 20], [74, 2], [114, 11], [76, 9], [153, 6], [181, 8], [158, 5], [115, 14], [76, 21], [38, 15], [144, 13], [114, 3], [157, 17], [0, 0]]","[0, 7, 1, 3, 5, 17, 6, 9, 11, 4, 2, 10, 15, 8, 18, 12, 14, 13, 20, 19, 16, 21]",416.7670907764261,15.972357511520386
