Id,Coordinates,Order,Distance,Time
9099,"[[0, 0], [7, 56], [50, 18], [55, 33], [12, 55], [50, 64], [32, 47], [51, 42], [55, 10], [41, 79], [29, 46], [28, 57], [15, 25], [21, 48], [21, 28], [46, 25], [42, 27], [40, 15], [39, 43], [44, 13], [16, 25], [0, 0]]","[0, 12, 20, 14, 10, 6, 18, 7, 3, 2, 8, 19, 17, 15, 16, 13, 4, 1, 9, 5, 11, 21]",336.38527790626176,18.40376329421997
