Id,Coordinates,Order,Distance,Time
7431,"[[0, 0], [116, 6], [96, 3], [66, 45], [126, 144], [15, 16], [125, 136], [93, 63], [151, 154], [11, 47], [102, 32], [134, 71], [151, 89], [174, 24], [98, 126], [64, 20], [22, 46], [107, 16], [19, 27], [117, 78], [183, 108], [0, 0]]","[0, 5, 18, 9, 16, 15, 2, 10, 17, 1, 13, 11, 12, 20, 8, 4, 6, 14, 19, 7, 3, 21]",707.1782714420807,13.559388160705566
