Id,Coordinates,Order,Distance,Time
1048,"[[0, 0], [5, 54], [84, 9], [86, 3], [68, 8], [49, 9], [24, 52], [77, 104], [83, 50], [79, 51], [62, 22], [64, 130], [45, 126], [55, 97], [55, 32], [3, 150], [30, 43], [37, 1], [74, 108], [38, 133], [62, 36], [0, 0]]","[0, 17, 5, 20, 9, 8, 2, 3, 4, 10, 14, 16, 6, 13, 7, 18, 11, 12, 19, 15, 1, 21]",564.1582278369551,16.80866765975952
