Id,Coordinates,Order,Distance,Time
1616,"[[0, 0], [9, 28], [8, 31], [5, 27], [1, 9], [8, 8], [8, 21], [1, 24], [7, 28], [8, 15], [10, 29], [8, 17], [3, 17], [3, 33], [7, 9], [11, 16], [3, 5], [12, 11], [12, 5], [4, 7], [4, 7], [0, 0]]","[0, 16, 4, 20, 19, 14, 5, 9, 12, 7, 3, 8, 1, 10, 2, 13, 6, 11, 15, 17, 18, 21]",100.71884930507571,12.874871730804443
