Id,Coordinates,Order,Distance,Time
4956,"[[0, 0], [118, 34], [92, 29], [53, 3], [34, 45], [17, 5], [89, 37], [59, 19], [43, 37], [40, 50], [92, 39], [4, 36], [60, 24], [110, 34], [38, 45], [101, 27], [49, 16], [38, 23], [41, 3], [1, 32], [83, 31], [0, 0]]","[0, 5, 16, 7, 12, 8, 14, 9, 4, 11, 19, 17, 20, 6, 10, 2, 15, 13, 1, 3, 18, 21]",406.0685430485685,19.630011081695557
