Id,Coordinates,Order,Distance,Time
6203,"[[0, 0], [66, 27], [64, 169], [17, 152], [54, 51], [34, 163], [4, 100], [3, 26], [17, 54], [68, 71], [65, 149], [46, 32], [31, 102], [15, 164], [30, 159], [47, 144], [8, 178], [68, 78], [17, 7], [64, 30], [71, 27], [0, 0]]","[0, 18, 11, 19, 1, 20, 4, 9, 17, 12, 3, 13, 16, 14, 5, 2, 10, 15, 6, 8, 7, 21]",537.8845105992738,14.227271318435669
