Id,Coordinates,Order,Distance,Time
1688,"[[0, 0], [10, 57], [3, 53], [2, 61], [22, 13], [1, 35], [21, 18], [22, 59], [4, 40], [19, 8], [11, 51], [13, 82], [22, 6], [25, 49], [14, 32], [6, 83], [15, 73], [19, 54], [8, 71], [14, 9], [3, 27], [0, 0]]","[0, 19, 9, 12, 4, 6, 14, 8, 1, 10, 17, 13, 7, 16, 11, 15, 18, 3, 2, 5, 20, 21]",233.16662208702482,19.801027059555054
