Id,Coordinates,Order,Distance,Time
8381,"[[0, 0], [14, 78], [30, 109], [47, 117], [13, 71], [51, 28], [23, 116], [10, 53], [13, 110], [1, 82], [20, 66], [37, 5], [47, 12], [33, 131], [42, 61], [8, 7], [21, 37], [26, 116], [51, 124], [41, 42], [53, 107], [0, 0]]","[0, 11, 12, 5, 19, 14, 10, 4, 1, 9, 8, 6, 17, 2, 13, 18, 3, 20, 7, 16, 15, 21]",399.3015328292711,21.247997999191284
