Id,Coordinates,Order,Distance,Time
4315,"[[0, 0], [80, 117], [161, 18], [48, 5], [75, 113], [191, 116], [89, 42], [47, 44], [119, 75], [29, 24], [119, 65], [187, 56], [180, 92], [31, 52], [166, 85], [69, 98], [20, 91], [1, 119], [191, 125], [102, 71], [50, 22], [0, 0]]","[0, 9, 7, 13, 16, 17, 15, 4, 1, 19, 8, 10, 2, 11, 12, 5, 18, 14, 6, 20, 3, 21]",753.6994182564563,15.757040739059448
