Id,Coordinates,Order,Distance,Time
5315,"[[0, 0], [122, 54], [177, 10], [109, 44], [79, 10], [47, 49], [32, 37], [118, 26], [114, 37], [156, 10], [41, 47], [62, 33], [160, 38], [49, 52], [54, 54], [27, 23], [15, 23], [86, 50], [58, 33], [30, 37], [54, 42], [0, 0]]","[0, 16, 15, 19, 6, 10, 5, 13, 14, 20, 18, 11, 17, 3, 8, 1, 12, 2, 9, 7, 4, 21]",447.9695304772483,15.263859033584595
