Id,Coordinates,Order,Distance,Time
3489,"[[0, 0], [21, 11], [47, 6], [20, 19], [7, 37], [45, 6], [7, 37], [39, 29], [37, 16], [32, 37], [4, 28], [32, 15], [17, 33], [40, 5], [10, 5], [44, 27], [40, 12], [49, 6], [33, 10], [19, 16], [43, 32], [0, 0]]","[0, 14, 1, 19, 3, 11, 18, 13, 5, 2, 17, 16, 8, 15, 20, 7, 9, 12, 4, 6, 10, 21]",180.357053877466,17.083967208862305
