Id,Coordinates,Order,Distance,Time
9521,"[[0, 0], [94, 10], [13, 20], [7, 20], [124, 3], [12, 6], [109, 6], [59, 15], [2, 21], [91, 7], [92, 29], [46, 31], [130, 7], [134, 13], [96, 10], [78, 14], [64, 4], [44, 22], [117, 6], [85, 1], [30, 10], [0, 0]]","[0, 8, 3, 2, 17, 11, 7, 16, 19, 9, 1, 14, 6, 18, 4, 12, 13, 10, 15, 20, 5, 21]",329.24175426165067,15.188332319259644
