Id,Coordinates,Order,Distance,Time
7421,"[[0, 0], [19, 182], [22, 151], [8, 68], [14, 178], [40, 51], [34, 105], [41, 141], [30, 70], [11, 121], [5, 126], [9, 5], [38, 93], [4, 44], [15, 121], [20, 194], [15, 1], [15, 39], [40, 90], [5, 56], [18, 47], [0, 0]]","[0, 11, 17, 20, 13, 19, 3, 18, 12, 6, 14, 9, 10, 2, 4, 1, 15, 7, 8, 5, 16, 21]",480.9302361988753,17.390960454940796
