Id,Coordinates,Order,Distance,Time
6905,"[[0, 0], [46, 36], [92, 1], [110, 77], [39, 86], [62, 115], [69, 30], [44, 75], [86, 85], [89, 50], [57, 62], [10, 92], [69, 8], [97, 76], [94, 70], [34, 112], [118, 6], [23, 96], [125, 15], [71, 45], [55, 88], [0, 0]]","[0, 1, 19, 9, 14, 13, 3, 8, 20, 4, 17, 11, 15, 5, 7, 10, 6, 2, 16, 18, 12, 21]",604.678823244112,17.5386004447937
