Id,Coordinates,Order,Distance,Time
8482,"[[0, 0], [17, 194], [50, 26], [15, 74], [70, 5], [36, 13], [48, 85], [52, 117], [30, 127], [43, 96], [13, 19], [27, 81], [40, 107], [12, 71], [19, 179], [53, 146], [59, 98], [3, 193], [80, 82], [73, 26], [29, 21], [0, 0]]","[0, 10, 20, 5, 2, 4, 19, 18, 16, 9, 12, 7, 15, 14, 1, 17, 8, 6, 11, 13, 3, 21]",585.8017263994891,15.685968160629272
