Id,Coordinates,Order,Distance,Time
363,"[[0, 0], [24, 64], [123, 56], [156, 75], [25, 8], [49, 35], [130, 33], [51, 10], [129, 27], [153, 5], [34, 24], [147, 13], [123, 14], [26, 58], [115, 74], [175, 28], [75, 2], [63, 31], [61, 28], [105, 62], [14, 33], [0, 0]]","[0, 4, 10, 7, 16, 8, 6, 2, 19, 14, 3, 15, 9, 11, 12, 17, 18, 5, 13, 1, 20, 21]",559.8392140592587,19.661001443862915
