Id,Coordinates,Order,Distance,Time
7904,"[[0, 0], [20, 1], [38, 3], [13, 2], [9, 12], [13, 2], [38, 8], [5, 4], [14, 13], [36, 9], [29, 7], [21, 13], [33, 13], [34, 12], [7, 7], [4, 10], [10, 11], [15, 13], [20, 8], [14, 12], [35, 2], [0, 0]]","[0, 7, 14, 15, 4, 16, 19, 8, 17, 11, 18, 10, 12, 13, 9, 6, 2, 20, 1, 5, 3, 21]",104.21472850150911,17.098798990249634
