Id,Coordinates,Order,Distance,Time
7677,"[[0, 0], [156, 12], [121, 3], [167, 1], [114, 12], [1, 3], [26, 6], [11, 3], [41, 9], [100, 1], [66, 10], [3, 6], [19, 3], [52, 3], [146, 1], [185, 12], [80, 1], [161, 7], [155, 4], [29, 5], [37, 3], [0, 0]]","[0, 5, 11, 7, 12, 6, 19, 20, 13, 16, 9, 2, 14, 18, 17, 3, 15, 1, 4, 10, 8, 21]",382.3954936360054,19.935476541519165
