Id,Coordinates,Order,Distance,Time
181,"[[0, 0], [12, 22], [28, 29], [32, 6], [37, 17], [12, 14], [35, 2], [37, 19], [1, 37], [40, 36], [11, 40], [37, 22], [9, 9], [29, 16], [22, 42], [8, 15], [40, 44], [32, 43], [38, 47], [8, 13], [39, 3], [0, 0]]","[0, 12, 19, 15, 5, 13, 3, 6, 20, 4, 7, 11, 2, 9, 16, 18, 17, 14, 10, 8, 1, 21]",197.2393013338612,20.105777740478516
