Id,Coordinates,Order,Distance,Time
8115,"[[0, 0], [46, 27], [1, 21], [19, 26], [44, 45], [27, 18], [8, 2], [10, 7], [8, 31], [42, 48], [21, 2], [8, 1], [22, 43], [66, 14], [8, 40], [16, 42], [8, 25], [61, 17], [45, 26], [42, 33], [50, 40], [0, 0]]","[0, 6, 7, 2, 16, 3, 8, 14, 15, 12, 9, 4, 20, 19, 1, 18, 17, 13, 5, 10, 11, 21]",236.66289582426703,17.069066762924194
