Id,Coordinates,Order,Distance,Time
4757,"[[0, 0], [9, 24], [28, 113], [39, 153], [76, 97], [120, 133], [19, 151], [30, 140], [72, 33], [29, 118], [38, 139], [114, 107], [25, 124], [82, 114], [68, 146], [5, 162], [74, 136], [38, 71], [99, 165], [103, 164], [117, 29], [0, 0]]","[0, 1, 17, 2, 9, 12, 7, 10, 6, 15, 3, 14, 16, 11, 5, 19, 18, 13, 4, 20, 8, 21]",668.249255800899,13.905020952224731
