Id,Coordinates,Order,Distance,Time
573,"[[0, 0], [18, 5], [92, 14], [77, 16], [108, 13], [147, 11], [66, 2], [80, 18], [132, 14], [12, 13], [106, 22], [27, 19], [49, 21], [46, 6], [25, 21], [16, 11], [172, 18], [134, 10], [134, 14], [166, 18], [158, 19], [0, 0]]","[0, 9, 15, 14, 11, 13, 6, 3, 7, 2, 4, 8, 18, 17, 5, 20, 19, 16, 10, 12, 1, 21]",378.37407375125645,17.36216378211975
