Id,Coordinates,Order,Distance,Time
3518,"[[0, 0], [169, 34], [194, 122], [167, 126], [188, 113], [112, 116], [117, 103], [87, 2], [185, 99], [46, 64], [17, 27], [122, 108], [108, 96], [133, 5], [16, 89], [26, 122], [147, 1], [10, 64], [34, 66], [195, 101], [172, 155], [0, 0]]","[0, 10, 9, 18, 17, 14, 15, 12, 6, 5, 11, 3, 20, 2, 4, 19, 8, 1, 16, 13, 7, 21]",705.2617323420782,15.023221492767334
