Id,Coordinates,Order,Distance,Time
6144,"[[0, 0], [6, 2], [100, 12], [99, 21], [105, 2], [77, 20], [75, 7], [145, 15], [103, 13], [59, 13], [117, 16], [32, 14], [122, 5], [138, 1], [63, 5], [151, 12], [4, 3], [13, 5], [43, 10], [114, 17], [11, 7], [0, 0]]","[0, 16, 1, 20, 17, 11, 18, 9, 14, 6, 5, 3, 8, 2, 19, 10, 7, 15, 13, 12, 4, 21]",342.09282104077863,13.440207481384277
