Id,Coordinates,Order,Distance,Time
5788,"[[0, 0], [107, 17], [102, 109], [93, 152], [132, 12], [184, 164], [144, 88], [112, 144], [10, 157], [60, 179], [63, 10], [114, 178], [144, 153], [115, 5], [54, 19], [132, 77], [177, 168], [101, 86], [39, 111], [33, 97], [72, 150], [0, 0]]","[0, 14, 10, 1, 13, 4, 15, 6, 17, 2, 7, 3, 20, 11, 12, 16, 5, 9, 8, 18, 19, 21]",857.231391117115,15.02481722831726
