Id,Coordinates,Order,Distance,Time
6351,"[[0, 0], [26, 31], [30, 8], [52, 27], [10, 22], [78, 15], [64, 38], [20, 26], [8, 6], [27, 21], [101, 4], [72, 10], [83, 14], [68, 5], [125, 3], [102, 16], [49, 23], [116, 33], [27, 20], [89, 33], [123, 40], [0, 0]]","[0, 8, 4, 7, 1, 9, 18, 16, 3, 6, 19, 12, 5, 15, 17, 20, 14, 10, 11, 13, 2, 21]",370.95814047417423,14.602238178253174
