Id,Coordinates,Order,Distance,Time
7171,"[[0, 0], [9, 132], [17, 101], [32, 26], [43, 102], [9, 37], [20, 130], [15, 115], [19, 25], [18, 56], [23, 2], [14, 69], [5, 71], [20, 7], [18, 112], [33, 28], [1, 53], [9, 130], [7, 22], [14, 35], [28, 20], [0, 0]]","[0, 13, 10, 20, 3, 15, 8, 19, 5, 16, 12, 2, 14, 7, 17, 1, 6, 4, 11, 9, 18, 21]",350.885574741811,17.48626971244812
