Id,Coordinates,Order,Distance,Time
7749,"[[0, 0], [52, 70], [76, 69], [63, 31], [56, 70], [4, 82], [73, 76], [61, 87], [23, 5], [82, 20], [2, 87], [50, 73], [55, 5], [72, 25], [18, 11], [82, 15], [62, 6], [54, 9], [12, 11], [3, 80], [37, 57], [0, 0]]","[0, 18, 14, 8, 17, 12, 16, 15, 9, 13, 3, 2, 6, 7, 4, 1, 11, 20, 10, 5, 19, 21]",364.2420236568495,14.13333511352539
