Id,Coordinates,Order,Distance,Time
1573,"[[0, 0], [17, 110], [27, 29], [2, 94], [27, 136], [15, 23], [18, 159], [12, 157], [14, 55], [27, 7], [25, 5], [13, 116], [22, 18], [25, 130], [24, 47], [3, 84], [22, 54], [2, 38], [18, 13], [28, 163], [8, 121], [0, 0]]","[0, 18, 12, 2, 14, 9, 10, 5, 8, 15, 3, 1, 11, 20, 13, 4, 6, 7, 19, 16, 17, 21]",477.2663800733276,16.38683557510376
