Id,Coordinates,Order,Distance,Time
5411,"[[0, 0], [2, 19], [21, 34], [14, 102], [15, 70], [23, 36], [19, 120], [6, 51], [23, 43], [15, 124], [21, 106], [20, 87], [18, 56], [1, 121], [21, 93], [2, 66], [10, 102], [22, 103], [22, 55], [9, 32], [15, 112], [0, 0]]","[0, 1, 19, 2, 5, 8, 18, 12, 4, 11, 14, 17, 10, 20, 6, 9, 13, 16, 3, 15, 7, 21]",289.6124902088487,14.748305797576904
