Id,Coordinates,Order,Distance,Time
4539,"[[0, 0], [65, 28], [51, 68], [40, 66], [78, 19], [89, 53], [46, 35], [40, 47], [74, 18], [61, 65], [90, 68], [91, 27], [51, 50], [21, 23], [17, 59], [56, 69], [58, 33], [6, 19], [9, 69], [91, 23], [59, 69], [0, 0]]","[0, 13, 6, 16, 1, 8, 4, 19, 11, 5, 10, 9, 20, 15, 2, 3, 12, 7, 14, 18, 17, 21]",347.4195956886806,14.180542945861816
