Id,Coordinates,Order,Distance,Time
2824,"[[0, 0], [1, 124], [5, 113], [4, 121], [6, 46], [5, 102], [6, 136], [4, 79], [1, 128], [2, 74], [5, 98], [2, 22], [6, 24], [3, 117], [4, 98], [10, 7], [10, 115], [1, 37], [7, 125], [9, 74], [3, 62], [0, 0]]","[0, 15, 12, 4, 20, 9, 7, 10, 14, 5, 2, 13, 3, 1, 8, 6, 18, 16, 19, 17, 11, 21]",283.27451711934475,15.334798097610474
