Id,Coordinates,Order,Distance,Time
5568,"[[0, 0], [23, 10], [24, 11], [82, 13], [10, 9], [14, 15], [52, 14], [12, 13], [35, 1], [74, 14], [5, 10], [1, 5], [87, 13], [1, 9], [12, 5], [19, 4], [31, 10], [41, 1], [53, 1], [18, 3], [65, 15], [0, 0]]","[0, 11, 13, 10, 4, 7, 5, 19, 15, 1, 2, 16, 6, 20, 9, 3, 12, 18, 17, 8, 14, 21]",201.31576969853276,16.0769145488739
