Id,Coordinates,Order,Distance,Time
4995,"[[0, 0], [122, 44], [185, 52], [157, 55], [75, 16], [80, 22], [190, 25], [149, 20], [131, 76], [89, 30], [170, 22], [42, 62], [85, 53], [188, 24], [130, 41], [44, 79], [84, 26], [177, 77], [1, 64], [30, 65], [13, 9], [0, 0]]","[0, 18, 19, 11, 15, 12, 9, 1, 14, 7, 10, 13, 6, 2, 17, 3, 8, 16, 5, 4, 20, 21]",584.7142670488431,15.678178071975708
