Id,Coordinates,Order,Distance,Time
699,"[[0, 0], [21, 4], [28, 10], [60, 21], [69, 27], [45, 5], [1, 7], [59, 25], [38, 33], [30, 3], [48, 32], [52, 24], [12, 26], [28, 31], [64, 9], [33, 6], [69, 32], [52, 17], [56, 24], [28, 7], [50, 10], [0, 0]]","[0, 9, 1, 19, 2, 15, 5, 20, 17, 11, 18, 7, 3, 14, 4, 16, 10, 8, 13, 12, 6, 21]",223.26925271797637,15.956119537353516
