Id,Coordinates,Order,Distance,Time
4819,"[[0, 0], [79, 57], [31, 29], [133, 79], [127, 53], [166, 22], [39, 22], [96, 50], [76, 66], [23, 67], [111, 43], [54, 88], [129, 58], [65, 13], [104, 64], [119, 57], [63, 69], [35, 30], [188, 43], [182, 23], [35, 71], [0, 0]]","[0, 2, 17, 6, 8, 16, 11, 20, 9, 1, 7, 14, 15, 4, 12, 3, 18, 19, 5, 10, 13, 21]",610.8954935760939,14.52080774307251
