Id,Coordinates,Order,Distance,Time
594,"[[0, 0], [4, 149], [44, 17], [114, 14], [124, 152], [46, 5], [119, 69], [143, 32], [106, 46], [8, 26], [100, 108], [37, 72], [76, 23], [70, 61], [41, 84], [34, 104], [95, 106], [135, 124], [71, 10], [75, 134], [86, 67], [0, 0]]","[0, 9, 2, 5, 18, 12, 8, 6, 20, 13, 11, 14, 15, 1, 16, 10, 19, 4, 17, 7, 3, 21]",817.7002141377277,14.931906461715698
