Id,Coordinates,Order,Distance,Time
9546,"[[0, 0], [134, 13], [107, 9], [127, 6], [10, 3], [116, 5], [107, 27], [84, 28], [120, 23], [67, 22], [98, 1], [59, 27], [113, 25], [105, 6], [100, 31], [3, 10], [92, 13], [23, 33], [66, 23], [24, 28], [119, 5], [0, 0]]","[0, 15, 19, 17, 11, 18, 9, 7, 14, 6, 12, 8, 1, 3, 20, 5, 2, 13, 10, 16, 4, 21]",310.8318634676395,15.705637216567993
