Id,Coordinates,Order,Distance,Time
9661,"[[0, 0], [5, 55], [17, 15], [36, 90], [65, 37], [46, 43], [42, 65], [62, 66], [65, 64], [64, 79], [68, 60], [36, 33], [59, 4], [20, 78], [3, 48], [2, 74], [15, 63], [20, 54], [20, 87], [55, 59], [9, 51], [0, 0]]","[0, 2, 11, 5, 19, 7, 6, 17, 16, 1, 20, 14, 15, 13, 18, 3, 9, 8, 10, 4, 12, 21]",406.05686391441515,13.985867977142334
