Id,Coordinates,Order,Distance,Time
8467,"[[0, 0], [65, 133], [91, 9], [72, 146], [79, 143], [15, 45], [9, 26], [47, 54], [42, 8], [115, 51], [73, 153], [46, 16], [42, 76], [25, 32], [37, 114], [11, 62], [73, 9], [121, 7], [131, 105], [96, 25], [111, 78], [0, 0]]","[0, 13, 11, 8, 16, 2, 19, 17, 9, 20, 18, 4, 3, 10, 1, 14, 12, 7, 15, 5, 6, 21]",573.9802240449508,21.386969566345215
