Id,Coordinates,Order,Distance,Time
7836,"[[0, 0], [5, 30], [101, 69], [71, 5], [108, 61], [81, 84], [60, 83], [69, 94], [86, 31], [48, 18], [44, 121], [76, 69], [94, 42], [119, 69], [57, 100], [71, 46], [7, 36], [14, 37], [98, 115], [18, 82], [26, 91], [0, 0]]","[0, 1, 16, 17, 9, 3, 8, 12, 11, 5, 7, 6, 19, 20, 10, 14, 18, 13, 4, 2, 15, 21]",584.4851832340343,21.600763082504272
