Id,Coordinates,Order,Distance,Time
1556,"[[0, 0], [96, 15], [84, 22], [7, 18], [104, 12], [33, 16], [78, 8], [29, 7], [38, 6], [6, 21], [46, 28], [100, 16], [101, 12], [16, 15], [93, 17], [121, 28], [114, 4], [88, 26], [20, 24], [136, 24], [29, 8], [0, 0]]","[0, 3, 9, 18, 5, 20, 7, 8, 6, 2, 17, 14, 1, 11, 12, 4, 16, 19, 15, 10, 13, 21]",343.83290144155876,17.48627257347107
