Id,Coordinates,Order,Distance,Time
441,"[[0, 0], [46, 77], [30, 105], [38, 34], [8, 71], [23, 32], [23, 101], [52, 30], [11, 51], [32, 17], [16, 66], [37, 30], [2, 40], [45, 65], [43, 22], [36, 94], [18, 13], [42, 68], [30, 13], [26, 102], [19, 20], [0, 0]]","[0, 16, 11, 3, 7, 14, 9, 18, 20, 12, 8, 10, 4, 6, 19, 2, 15, 1, 17, 13, 5, 21]",339.84108477599085,18.276779890060425
