Id,Coordinates,Order,Distance,Time
5207,"[[0, 0], [17, 33], [72, 12], [111, 1], [95, 36], [87, 8], [106, 44], [99, 3], [36, 21], [101, 34], [111, 41], [69, 12], [96, 42], [40, 34], [18, 13], [72, 6], [67, 6], [23, 43], [53, 14], [69, 11], [16, 40], [0, 0]]","[0, 14, 1, 17, 20, 13, 8, 18, 11, 19, 2, 5, 7, 3, 9, 4, 12, 6, 10, 15, 16, 21]",365.79623642160675,15.41697072982788
