Id,Coordinates,Order,Distance,Time
8386,"[[0, 0], [18, 9], [38, 2], [7, 1], [38, 7], [22, 10], [42, 8], [28, 13], [18, 5], [6, 3], [30, 2], [41, 4], [22, 13], [4, 4], [8, 6], [25, 11], [42, 14], [22, 12], [10, 13], [23, 12], [14, 12], [0, 0]]","[0, 13, 9, 14, 18, 20, 1, 5, 17, 12, 19, 15, 7, 16, 6, 11, 4, 2, 10, 8, 3, 21]",113.82712721810209,19.409002542495728
