Id,Coordinates,Order,Distance,Time
5220,"[[0, 0], [132, 26], [12, 61], [94, 81], [118, 50], [7, 7], [61, 31], [35, 48], [31, 100], [69, 73], [169, 96], [28, 71], [44, 16], [10, 37], [71, 73], [76, 15], [106, 21], [43, 8], [128, 83], [70, 28], [117, 100], [0, 0]]","[0, 5, 13, 2, 7, 6, 19, 16, 1, 4, 10, 18, 20, 3, 14, 9, 8, 11, 15, 17, 12, 21]",647.3056546090241,16.770789861679077
