Id,Coordinates,Order,Distance,Time
5047,"[[0, 0], [100, 9], [78, 68], [99, 4], [15, 6], [99, 60], [67, 102], [113, 74], [99, 105], [69, 2], [69, 99], [97, 40], [58, 86], [98, 85], [43, 27], [20, 104], [68, 95], [98, 76], [41, 65], [39, 55], [29, 39], [0, 0]]","[0, 4, 14, 18, 15, 12, 16, 10, 6, 8, 13, 17, 7, 5, 11, 1, 3, 9, 2, 19, 20, 21]",553.4284492106117,20.275001764297485
