Id,Coordinates,Order,Distance,Time
6406,"[[0, 0], [30, 7], [135, 103], [69, 21], [40, 50], [114, 76], [107, 57], [112, 111], [59, 76], [17, 94], [70, 10], [52, 26], [21, 82], [107, 35], [111, 115], [131, 7], [42, 72], [70, 67], [69, 85], [6, 2], [27, 99], [0, 0]]","[0, 19, 1, 10, 3, 15, 13, 6, 5, 2, 7, 14, 18, 17, 8, 16, 12, 9, 20, 4, 11, 21]",570.4383838878217,15.905779123306274
