Id,Coordinates,Order,Distance,Time
5348,"[[0, 0], [5, 36], [4, 21], [57, 8], [87, 21], [82, 3], [35, 13], [30, 29], [2, 1], [32, 25], [87, 12], [8, 32], [42, 19], [42, 12], [2, 17], [49, 35], [53, 24], [11, 3], [78, 2], [4, 32], [44, 25], [0, 0]]","[0, 8, 14, 2, 19, 11, 1, 7, 9, 12, 20, 15, 16, 3, 18, 5, 10, 4, 13, 6, 17, 21]",265.12883438934796,15.725696325302124
