Id,Coordinates,Order,Distance,Time
7756,"[[0, 0], [80, 1], [26, 32], [50, 13], [72, 19], [82, 46], [10, 52], [77, 44], [22, 6], [21, 58], [39, 49], [76, 37], [84, 70], [18, 25], [88, 22], [60, 43], [7, 31], [77, 43], [26, 43], [37, 61], [15, 14], [0, 0]]","[0, 20, 13, 2, 18, 10, 19, 9, 6, 16, 4, 1, 14, 11, 17, 7, 5, 12, 15, 3, 8, 21]",412.4971483972821,13.40683364868164
