Id,Coordinates,Order,Distance,Time
1952,"[[0, 0], [44, 37], [168, 89], [131, 85], [53, 7], [161, 63], [67, 60], [89, 66], [51, 109], [141, 4], [107, 13], [26, 60], [49, 73], [40, 41], [99, 8], [8, 20], [163, 3], [130, 72], [124, 15], [101, 31], [87, 91], [0, 0]]","[0, 15, 13, 1, 11, 12, 6, 8, 20, 7, 3, 2, 5, 17, 19, 10, 18, 9, 16, 14, 4, 21]",693.9443880900917,15.737563133239746
