Id,Coordinates,Order,Distance,Time
3002,"[[0, 0], [41, 65], [37, 58], [30, 16], [44, 45], [41, 128], [50, 41], [57, 79], [46, 129], [37, 130], [29, 43], [57, 131], [54, 19], [52, 45], [23, 114], [18, 132], [44, 81], [51, 103], [1, 111], [50, 121], [27, 90], [0, 0]]","[0, 3, 12, 6, 13, 4, 2, 1, 7, 17, 19, 11, 8, 5, 9, 15, 14, 18, 20, 16, 10, 21]",417.19706103673093,17.58296823501587
