Id,Coordinates,Order,Distance,Time
4860,"[[0, 0], [95, 53], [8, 47], [36, 12], [2, 2], [40, 5], [56, 14], [79, 36], [61, 58], [21, 14], [44, 52], [90, 39], [6, 39], [29, 25], [20, 6], [38, 6], [45, 33], [46, 19], [14, 41], [92, 5], [31, 39], [0, 0]]","[0, 4, 14, 9, 13, 16, 17, 5, 15, 3, 18, 12, 2, 20, 10, 8, 1, 11, 7, 19, 6, 21]",400.3851280047005,13.871367931365967
