Id,Coordinates,Order,Distance,Time
3388,"[[0, 0], [190, 6], [97, 8], [84, 12], [185, 11], [178, 6], [144, 13], [124, 8], [180, 10], [9, 9], [103, 13], [166, 14], [109, 12], [73, 6], [160, 13], [139, 11], [16, 3], [121, 13], [109, 3], [141, 9], [48, 7], [0, 0]]","[0, 9, 20, 13, 3, 10, 12, 17, 15, 6, 14, 11, 8, 4, 1, 5, 19, 7, 18, 2, 16, 21]",390.18397786118743,23.40700101852417
