Id,Coordinates,Order,Distance,Time
1059,"[[0, 0], [15, 126], [18, 104], [11, 36], [18, 125], [13, 33], [5, 6], [8, 46], [13, 15], [19, 81], [2, 23], [10, 96], [3, 12], [2, 85], [15, 96], [7, 23], [9, 148], [9, 142], [7, 17], [2, 92], [15, 7], [0, 0]]","[0, 6, 12, 18, 15, 8, 20, 5, 3, 7, 9, 14, 11, 2, 4, 1, 17, 16, 19, 13, 10, 21]",348.2054458911535,15.182908296585083
