Id,Coordinates,Order,Distance,Time
6264,"[[0, 0], [54, 34], [76, 30], [80, 96], [88, 64], [40, 102], [101, 115], [76, 90], [98, 45], [168, 30], [140, 105], [146, 7], [42, 25], [150, 50], [27, 20], [176, 4], [62, 44], [126, 32], [173, 48], [38, 106], [168, 62], [0, 0]]","[0, 14, 12, 1, 2, 16, 7, 3, 6, 10, 20, 18, 13, 9, 15, 11, 17, 8, 4, 5, 19, 21]",665.6284928938502,18.180917978286743
