Id,Coordinates,Order,Distance,Time
9034,"[[0, 0], [18, 3], [7, 76], [11, 79], [35, 66], [31, 66], [10, 55], [2, 34], [4, 55], [30, 64], [23, 50], [12, 37], [9, 36], [1, 63], [27, 58], [9, 43], [3, 8], [30, 2], [29, 19], [25, 79], [14, 14], [0, 0]]","[0, 16, 20, 1, 17, 18, 11, 15, 6, 8, 13, 2, 3, 19, 5, 4, 9, 14, 10, 12, 7, 21]",252.71344302032898,15.138957262039185
