Id,Coordinates,Order,Distance,Time
561,"[[0, 0], [25, 19], [40, 83], [11, 161], [32, 82], [37, 82], [32, 118], [20, 117], [32, 23], [41, 10], [37, 6], [40, 62], [43, 21], [7, 149], [17, 123], [15, 41], [44, 55], [9, 78], [43, 37], [22, 63], [8, 38], [0, 0]]","[0, 1, 8, 10, 9, 12, 18, 16, 11, 4, 5, 2, 6, 7, 14, 3, 13, 17, 19, 15, 20, 21]",410.9985466144274,17.458367824554443
