Id,Coordinates,Order,Distance,Time
4261,"[[0, 0], [18, 31], [13, 28], [92, 26], [91, 35], [13, 30], [8, 20], [75, 20], [76, 36], [8, 29], [39, 26], [92, 29], [97, 26], [81, 1], [48, 29], [11, 7], [39, 27], [25, 32], [122, 9], [14, 29], [40, 35], [0, 0]]","[0, 6, 9, 2, 19, 5, 1, 17, 20, 16, 10, 14, 8, 4, 11, 3, 12, 18, 13, 7, 15, 21]",311.7380019385842,15.161595582962036
