Id,Coordinates,Order,Distance,Time
6821,"[[0, 0], [6, 100], [23, 134], [36, 69], [39, 21], [16, 91], [22, 45], [24, 3], [9, 9], [25, 89], [26, 123], [7, 34], [25, 107], [5, 2], [19, 48], [21, 109], [40, 67], [28, 110], [18, 32], [32, 24], [33, 126], [0, 0]]","[0, 13, 8, 7, 4, 19, 18, 6, 14, 3, 16, 9, 5, 15, 12, 17, 10, 20, 2, 1, 11, 21]",360.6604395076028,13.970678329467773
