Id,Coordinates,Order,Distance,Time
7666,"[[0, 0], [19, 36], [27, 30], [9, 43], [23, 40], [4, 36], [1, 24], [10, 39], [6, 9], [35, 31], [7, 39], [8, 1], [11, 25], [30, 10], [44, 19], [10, 26], [7, 25], [6, 13], [43, 23], [27, 9], [40, 1], [0, 0]]","[0, 8, 17, 12, 15, 16, 6, 5, 10, 7, 3, 1, 4, 2, 9, 18, 14, 20, 13, 19, 11, 21]",177.07655861943235,15.803080558776855
