Id,Coordinates,Order,Distance,Time
4434,"[[0, 0], [3, 47], [15, 87], [16, 74], [9, 17], [17, 124], [14, 85], [1, 108], [2, 62], [12, 3], [16, 74], [10, 53], [1, 36], [5, 84], [9, 110], [10, 110], [18, 9], [6, 80], [10, 46], [9, 21], [12, 54], [0, 0]]","[0, 9, 16, 4, 19, 12, 1, 18, 11, 20, 3, 10, 6, 2, 7, 14, 15, 5, 13, 17, 8, 21]",290.6893707010286,14.64917516708374
