Id,Coordinates,Order,Distance,Time
8522,"[[0, 0], [11, 77], [5, 82], [6, 97], [32, 62], [1, 46], [41, 51], [51, 84], [23, 57], [17, 99], [10, 101], [42, 79], [44, 13], [20, 79], [29, 32], [48, 122], [15, 6], [42, 67], [35, 97], [42, 10], [51, 31], [0, 0]]","[0, 16, 19, 12, 20, 14, 6, 4, 8, 17, 11, 7, 18, 15, 10, 3, 9, 13, 1, 2, 5, 21]",406.6719695271975,14.959869861602783
