Id,Coordinates,Order,Distance,Time
9463,"[[0, 0], [52, 77], [134, 142], [123, 89], [76, 68], [88, 98], [8, 7], [28, 16], [99, 60], [7, 5], [60, 26], [121, 90], [65, 93], [32, 69], [39, 65], [85, 40], [65, 64], [54, 28], [91, 31], [22, 101], [91, 140], [0, 0]]","[0, 9, 6, 7, 17, 10, 18, 15, 8, 4, 16, 1, 12, 5, 11, 3, 2, 20, 19, 13, 14, 21]",561.972198222941,15.738348245620728
