Id,Coordinates,Order,Distance,Time
2453,"[[0, 0], [48, 60], [48, 45], [22, 12], [17, 16], [56, 35], [62, 4], [30, 18], [36, 55], [80, 40], [16, 57], [54, 61], [90, 25], [23, 41], [82, 15], [58, 60], [46, 34], [65, 26], [15, 14], [2, 11], [56, 32], [0, 0]]","[0, 19, 18, 4, 7, 5, 20, 17, 6, 14, 12, 9, 15, 11, 1, 8, 10, 13, 2, 16, 3, 21]",344.865406202828,17.16297221183777
