Id,Coordinates,Order,Distance,Time
3267,"[[0, 0], [5, 79], [5, 65], [28, 139], [11, 78], [4, 133], [37, 70], [41, 36], [12, 85], [34, 68], [15, 78], [39, 83], [44, 136], [9, 92], [42, 51], [26, 39], [33, 50], [6, 143], [19, 34], [34, 9], [41, 142], [0, 0]]","[0, 19, 7, 14, 16, 2, 1, 4, 10, 9, 6, 11, 12, 20, 3, 17, 5, 13, 8, 15, 18, 21]",430.6269847681134,14.84157133102417
