Id,Coordinates,Order,Distance,Time
2881,"[[0, 0], [158, 16], [142, 124], [123, 139], [118, 143], [35, 19], [18, 145], [12, 33], [89, 42], [18, 52], [62, 112], [37, 119], [44, 92], [26, 46], [69, 75], [50, 53], [96, 74], [128, 73], [4, 132], [30, 23], [114, 57], [0, 0]]","[0, 7, 9, 13, 19, 5, 15, 14, 16, 20, 8, 12, 18, 6, 11, 10, 4, 3, 2, 17, 1, 21]",812.7815849722774,16.236372232437134
