Id,Coordinates,Order,Distance,Time
4881,"[[0, 0], [86, 34], [13, 72], [26, 98], [4, 63], [73, 66], [27, 91], [57, 126], [13, 12], [6, 94], [68, 12], [21, 39], [17, 87], [101, 54], [7, 137], [57, 91], [46, 1], [75, 9], [23, 50], [15, 185], [6, 86], [0, 0]]","[0, 8, 11, 18, 4, 2, 6, 3, 12, 20, 9, 14, 19, 7, 15, 5, 13, 1, 17, 10, 16, 21]",545.4892242854596,14.670085668563843
