Id,Coordinates,Order,Distance,Time
6825,"[[0, 0], [32, 37], [15, 10], [31, 9], [11, 45], [2, 9], [19, 45], [5, 9], [9, 38], [32, 18], [2, 5], [17, 25], [32, 48], [1, 47], [25, 55], [3, 53], [9, 31], [12, 11], [16, 12], [19, 33], [6, 33], [0, 0]]","[0, 10, 7, 17, 2, 18, 11, 16, 20, 8, 6, 14, 12, 1, 9, 3, 19, 4, 15, 13, 5, 21]",233.48785252093546,16.2975070476532
