Id,Coordinates,Order,Distance,Time
3603,"[[0, 0], [25, 2], [22, 36], [7, 122], [22, 36], [10, 25], [12, 120], [15, 51], [2, 53], [9, 5], [6, 121], [3, 40], [31, 85], [8, 60], [3, 98], [27, 40], [31, 108], [9, 40], [23, 128], [2, 71], [27, 48], [0, 0]]","[0, 9, 5, 17, 11, 8, 4, 2, 7, 13, 19, 14, 10, 3, 6, 18, 16, 12, 20, 15, 1, 21]",353.62869192464586,13.62645697593689
