Id,Coordinates,Order,Distance,Time
3559,"[[0, 0], [9, 64], [10, 10], [7, 9], [6, 87], [1, 2], [5, 21], [8, 31], [4, 74], [1, 59], [5, 77], [6, 55], [2, 55], [9, 87], [2, 45], [6, 37], [8, 20], [9, 57], [3, 79], [4, 26], [5, 27], [0, 0]]","[0, 5, 3, 2, 16, 6, 19, 20, 7, 15, 11, 17, 1, 8, 10, 13, 4, 18, 9, 12, 14, 21]",189.34577674741578,15.321069240570068
