Id,Coordinates,Order,Distance,Time
635,"[[0, 0], [42, 97], [14, 153], [3, 176], [58, 136], [45, 70], [5, 85], [6, 92], [18, 121], [63, 96], [65, 26], [58, 160], [10, 122], [60, 126], [53, 44], [31, 137], [55, 149], [56, 175], [54, 112], [41, 99], [19, 110], [0, 0]]","[0, 10, 14, 5, 1, 19, 18, 13, 4, 16, 11, 17, 15, 8, 20, 7, 6, 12, 3, 2, 9, 21]",644.6336199800037,15.368250608444214
