Id,Coordinates,Order,Distance,Time
9735,"[[0, 0], [164, 50], [31, 5], [14, 1], [90, 2], [79, 44], [77, 25], [156, 55], [33, 48], [79, 16], [41, 17], [59, 52], [92, 17], [111, 5], [108, 47], [82, 51], [136, 30], [143, 36], [73, 42], [103, 7], [56, 62], [0, 0]]","[0, 3, 2, 8, 20, 11, 18, 5, 15, 14, 7, 1, 17, 16, 13, 19, 4, 12, 9, 6, 10, 21]",437.10138536241936,16.263529062271118
