Id,Coordinates,Order,Distance,Time
8595,"[[0, 0], [81, 16], [45, 14], [49, 11], [93, 15], [35, 16], [13, 3], [3, 22], [66, 4], [41, 28], [53, 15], [62, 27], [1, 26], [58, 17], [24, 10], [74, 20], [84, 5], [38, 13], [42, 15], [64, 24], [4, 22], [0, 0]]","[0, 6, 14, 5, 17, 18, 2, 3, 10, 11, 19, 15, 1, 4, 16, 8, 13, 9, 12, 7, 20, 21]",244.8006339264598,16.506962537765503
