Id,Coordinates,Order,Distance,Time
6202,"[[0, 0], [31, 40], [2, 60], [45, 67], [61, 66], [37, 15], [16, 71], [40, 13], [14, 50], [28, 40], [45, 17], [38, 44], [20, 40], [30, 43], [47, 31], [41, 72], [38, 69], [27, 58], [53, 12], [6, 53], [45, 13], [0, 0]]","[0, 5, 7, 20, 18, 10, 14, 1, 9, 12, 8, 19, 2, 6, 17, 16, 15, 3, 4, 11, 13, 21]",306.1826197917767,15.7627432346344
