Id,Coordinates,Order,Distance,Time
7801,"[[0, 0], [111, 59], [162, 21], [42, 18], [46, 16], [24, 76], [71, 67], [79, 9], [100, 53], [129, 28], [110, 38], [165, 4], [134, 65], [43, 36], [179, 21], [31, 11], [2, 55], [44, 26], [181, 20], [65, 24], [54, 55], [0, 0]]","[0, 15, 3, 4, 17, 13, 20, 6, 8, 1, 12, 2, 14, 18, 11, 9, 10, 7, 19, 5, 16, 21]",554.3099333354937,17.270560026168823
