Id,Coordinates,Order,Distance,Time
816,"[[0, 0], [176, 51], [86, 19], [144, 49], [175, 45], [40, 34], [22, 13], [6, 18], [143, 42], [129, 25], [23, 39], [149, 44], [121, 36], [35, 10], [113, 44], [125, 48], [141, 13], [28, 37], [24, 2], [36, 27], [30, 33], [0, 0]]","[0, 7, 6, 19, 20, 17, 10, 5, 14, 15, 8, 11, 3, 9, 16, 4, 1, 12, 2, 13, 18, 21]",492.73583768207715,14.858043193817139
