Id,Coordinates,Order,Distance,Time
6481,"[[0, 0], [25, 66], [20, 15], [16, 18], [2, 131], [33, 25], [14, 17], [11, 57], [15, 149], [44, 94], [14, 72], [13, 106], [18, 15], [15, 115], [34, 71], [44, 7], [12, 148], [14, 109], [18, 106], [41, 87], [44, 127], [0, 0]]","[0, 6, 3, 12, 2, 15, 5, 1, 14, 19, 9, 18, 11, 17, 13, 4, 16, 8, 20, 10, 7, 21]",411.1871293227011,13.735042333602905
