Id,Coordinates,Order,Distance,Time
3326,"[[0, 0], [72, 24], [159, 91], [84, 71], [154, 12], [155, 19], [75, 90], [54, 78], [58, 74], [32, 99], [28, 29], [23, 10], [158, 159], [133, 94], [57, 36], [154, 112], [197, 87], [93, 66], [26, 69], [156, 29], [177, 1], [0, 0]]","[0, 10, 14, 17, 3, 8, 7, 18, 9, 6, 13, 12, 15, 2, 16, 20, 4, 5, 19, 1, 11, 21]",787.9143230719209,11.026966094970703
