Id,Coordinates,Order,Distance,Time
5894,"[[0, 0], [39, 56], [48, 91], [56, 59], [120, 79], [96, 84], [82, 104], [26, 169], [152, 133], [75, 65], [46, 39], [130, 39], [121, 105], [110, 59], [113, 139], [38, 125], [132, 39], [148, 75], [40, 89], [22, 154], [20, 35], [0, 0]]","[0, 20, 1, 3, 9, 5, 6, 2, 18, 15, 19, 7, 14, 8, 12, 13, 11, 16, 17, 4, 10, 21]",749.8452057652221,14.562891006469727
