Id,Coordinates,Order,Distance,Time
6343,"[[0, 0], [28, 33], [9, 108], [23, 109], [28, 26], [14, 88], [13, 34], [12, 38], [2, 103], [34, 104], [10, 89], [18, 63], [21, 87], [32, 43], [29, 68], [28, 73], [29, 122], [7, 26], [32, 119], [26, 87], [19, 5], [0, 0]]","[0, 20, 4, 1, 13, 11, 14, 15, 19, 12, 5, 10, 8, 2, 3, 16, 18, 9, 7, 6, 17, 21]",314.2707729131877,15.660584211349487
