Id,Coordinates,Order,Distance,Time
1216,"[[0, 0], [3, 6], [13, 12], [6, 25], [4, 5], [2, 25], [2, 12], [12, 13], [10, 2], [14, 22], [9, 6], [10, 21], [2, 5], [3, 8], [12, 21], [10, 19], [7, 14], [9, 13], [3, 26], [11, 6], [1, 1], [0, 0]]","[0, 20, 12, 1, 13, 17, 7, 2, 19, 8, 10, 16, 15, 11, 14, 9, 3, 18, 5, 6, 4, 21]",94.86372277836847,16.868372678756714
