Id,Coordinates,Order,Distance,Time
7777,"[[0, 0], [35, 6], [32, 12], [49, 82], [22, 66], [49, 97], [43, 76], [4, 123], [42, 36], [1, 102], [39, 12], [36, 85], [10, 92], [46, 47], [2, 101], [26, 133], [42, 76], [11, 123], [41, 8], [33, 54], [40, 23], [0, 0]]","[0, 2, 1, 18, 10, 20, 8, 13, 19, 16, 11, 12, 14, 9, 7, 17, 15, 5, 3, 6, 4, 21]",381.5925304031243,12.918165683746338
