Id,Coordinates,Order,Distance,Time
4178,"[[0, 0], [94, 48], [126, 49], [49, 22], [95, 75], [79, 26], [42, 111], [20, 78], [95, 116], [88, 3], [57, 73], [87, 34], [14, 35], [105, 61], [109, 20], [31, 107], [130, 114], [70, 17], [94, 76], [126, 101], [8, 96], [0, 0]]","[0, 12, 3, 17, 5, 11, 1, 13, 4, 18, 10, 7, 20, 15, 6, 8, 16, 19, 2, 14, 9, 21]",606.831689714829,14.161128997802734
