Id,Coordinates,Order,Distance,Time
9545,"[[0, 0], [68, 61], [90, 122], [4, 133], [91, 168], [87, 81], [7, 93], [90, 37], [20, 118], [103, 32], [49, 42], [54, 95], [20, 86], [31, 161], [80, 37], [58, 19], [84, 1], [125, 191], [21, 169], [37, 52], [38, 173], [0, 0]]","[0, 15, 16, 9, 7, 14, 11, 12, 6, 8, 3, 18, 13, 20, 4, 17, 2, 5, 1, 10, 19, 21]",728.7203350730675,16.794151306152344
