Id,Coordinates,Order,Distance,Time
395,"[[0, 0], [37, 79], [57, 43], [9, 28], [48, 76], [3, 57], [48, 76], [33, 2], [42, 86], [35, 33], [8, 12], [27, 27], [25, 4], [28, 38], [56, 86], [54, 65], [47, 12], [23, 73], [53, 40], [23, 26], [7, 45], [0, 0]]","[0, 10, 3, 19, 11, 9, 13, 20, 5, 17, 1, 8, 14, 6, 4, 15, 2, 18, 16, 7, 12, 21]",296.4967114368821,15.258149147033691
