Id,Coordinates,Order,Distance,Time
7758,"[[0, 0], [12, 55], [40, 28], [99, 74], [108, 36], [65, 50], [6, 49], [102, 23], [25, 46], [27, 74], [22, 30], [44, 60], [74, 44], [84, 30], [11, 49], [116, 24], [103, 60], [36, 49], [30, 68], [7, 41], [64, 50], [0, 0]]","[0, 10, 18, 9, 1, 14, 6, 19, 8, 17, 11, 20, 12, 13, 7, 15, 4, 16, 3, 5, 2, 21]",430.59956894418184,14.636454105377197
