Id,Coordinates,Order,Distance,Time
1268,"[[0, 0], [4, 73], [28, 84], [38, 4], [11, 80], [37, 122], [11, 92], [7, 115], [25, 117], [34, 13], [32, 63], [6, 93], [18, 98], [6, 147], [27, 188], [31, 1], [10, 69], [47, 189], [29, 166], [8, 7], [19, 6], [0, 0]]","[0, 19, 20, 15, 3, 9, 10, 2, 6, 11, 7, 13, 18, 14, 17, 5, 8, 12, 4, 1, 16, 21]",479.5671971670447,16.973520517349243
