Id,Coordinates,Order,Distance,Time
9426,"[[0, 0], [6, 20], [12, 107], [17, 129], [22, 126], [30, 158], [7, 91], [15, 55], [14, 85], [19, 117], [1, 10], [15, 102], [4, 74], [15, 122], [27, 111], [18, 131], [1, 58], [6, 88], [9, 139], [3, 70], [10, 99], [0, 0]]","[0, 10, 16, 19, 12, 17, 6, 20, 2, 9, 13, 3, 15, 18, 5, 4, 14, 11, 8, 7, 1, 21]",343.78170813186216,16.866411924362183
