Id,Coordinates,Order,Distance,Time
7236,"[[0, 0], [29, 5], [7, 87], [173, 8], [112, 9], [163, 61], [170, 18], [57, 54], [164, 17], [77, 86], [77, 13], [186, 83], [39, 50], [193, 2], [107, 62], [193, 48], [4, 76], [166, 60], [88, 71], [3, 107], [187, 20], [0, 0]]","[0, 1, 12, 7, 18, 14, 10, 4, 8, 6, 3, 20, 13, 15, 17, 5, 11, 9, 2, 19, 16, 21]",765.6759178312396,16.34822416305542
