Id,Coordinates,Order,Distance,Time
9051,"[[0, 0], [90, 63], [1, 101], [117, 20], [82, 27], [132, 25], [47, 80], [102, 55], [31, 66], [55, 98], [30, 4], [4, 73], [1, 114], [62, 88], [13, 64], [118, 8], [14, 18], [99, 27], [24, 129], [129, 34], [92, 116], [0, 0]]","[0, 10, 4, 17, 3, 15, 5, 19, 7, 1, 20, 13, 6, 14, 11, 2, 12, 18, 9, 8, 16, 21]",602.1805419567966,14.72137713432312
