Id,Coordinates,Order,Distance,Time
691,"[[0, 0], [8, 172], [27, 33], [29, 10], [44, 54], [88, 53], [28, 5], [13, 63], [4, 140], [4, 57], [38, 78], [26, 51], [8, 135], [44, 27], [79, 122], [22, 4], [67, 106], [60, 47], [54, 168], [9, 163], [78, 22], [0, 0]]","[0, 15, 6, 3, 13, 2, 11, 4, 17, 20, 5, 16, 14, 18, 19, 1, 8, 12, 10, 7, 9, 21]",574.233039245068,13.091840744018555
