Id,Coordinates,Order,Distance,Time
5148,"[[0, 0], [75, 39], [54, 95], [19, 43], [81, 73], [8, 113], [41, 77], [61, 58], [78, 101], [32, 67], [42, 37], [26, 34], [7, 73], [48, 68], [75, 53], [42, 35], [59, 56], [79, 39], [58, 96], [79, 4], [63, 30], [0, 0]]","[0, 3, 11, 10, 15, 7, 16, 13, 6, 9, 12, 5, 2, 18, 8, 4, 14, 1, 17, 20, 19, 21]",484.3724184433693,13.445897817611694
