Id,Coordinates,Order,Distance,Time
8072,"[[0, 0], [72, 12], [30, 6], [171, 8], [7, 11], [155, 9], [145, 12], [105, 7], [110, 6], [81, 1], [119, 9], [150, 1], [120, 13], [115, 8], [37, 7], [30, 3], [25, 8], [100, 4], [132, 13], [145, 3], [49, 5], [0, 0]]","[0, 4, 16, 2, 14, 20, 9, 17, 7, 8, 13, 10, 12, 18, 19, 11, 3, 5, 6, 1, 15, 21]",359.45115660172337,18.425422430038452
