Id,Coordinates,Order,Distance,Time
2660,"[[0, 0], [49, 72], [37, 97], [28, 48], [40, 63], [20, 91], [77, 6], [91, 38], [62, 39], [83, 14], [62, 36], [51, 27], [15, 26], [4, 34], [18, 104], [40, 77], [50, 2], [30, 58], [54, 86], [63, 27], [57, 76], [0, 0]]","[0, 12, 13, 3, 17, 4, 1, 20, 18, 2, 5, 14, 15, 8, 10, 19, 11, 7, 9, 6, 16, 21]",432.2334213891002,14.146690845489502
