Id,Coordinates,Order,Distance,Time
6002,"[[0, 0], [60, 3], [23, 23], [75, 2], [89, 21], [4, 28], [8, 5], [68, 33], [112, 39], [89, 35], [75, 24], [19, 40], [15, 6], [23, 9], [11, 27], [37, 35], [102, 5], [85, 28], [63, 19], [93, 10], [84, 39], [0, 0]]","[0, 6, 2, 14, 5, 11, 15, 18, 10, 17, 4, 19, 16, 8, 9, 20, 7, 3, 1, 13, 12, 21]",365.11049389458725,15.858358144760132
