Id,Coordinates,Order,Distance,Time
7572,"[[0, 0], [77, 51], [65, 134], [57, 65], [21, 47], [61, 153], [86, 65], [77, 42], [38, 10], [78, 51], [101, 144], [57, 35], [19, 133], [82, 102], [25, 45], [15, 129], [8, 113], [3, 94], [80, 97], [5, 130], [69, 115], [0, 0]]","[0, 8, 11, 7, 1, 9, 6, 3, 14, 4, 17, 16, 19, 15, 12, 5, 10, 2, 20, 13, 18, 21]",584.9639772513283,18.277159214019775
