Id,Coordinates,Order,Distance,Time
9860,"[[0, 0], [10, 88], [90, 23], [6, 118], [89, 44], [43, 97], [34, 18], [78, 54], [32, 66], [64, 1], [1, 47], [26, 109], [111, 154], [55, 75], [93, 35], [1, 35], [107, 141], [44, 53], [6, 139], [52, 92], [57, 72], [0, 0]]","[0, 15, 10, 8, 19, 5, 11, 18, 3, 1, 6, 9, 2, 14, 4, 7, 16, 12, 13, 20, 17, 21]",710.8798962119538,16.651100873947144
