Id,Coordinates,Order,Distance,Time
1343,"[[0, 0], [104, 62], [130, 93], [154, 145], [63, 25], [63, 104], [45, 129], [34, 122], [26, 45], [60, 144], [17, 47], [25, 101], [67, 94], [8, 106], [88, 153], [27, 12], [120, 20], [7, 44], [141, 98], [102, 19], [52, 167], [0, 0]]","[0, 15, 8, 10, 17, 4, 19, 16, 1, 2, 18, 3, 14, 9, 20, 7, 11, 13, 6, 5, 12, 21]",753.9512407502864,14.851868391036987
