Id,Coordinates,Order,Distance,Time
91,"[[0, 0], [107, 36], [146, 61], [77, 78], [11, 123], [142, 48], [86, 69], [65, 59], [48, 180], [1, 40], [160, 100], [95, 141], [81, 90], [51, 141], [63, 51], [105, 169], [150, 121], [133, 150], [61, 17], [123, 164], [1, 30], [0, 0]]","[0, 18, 14, 7, 3, 12, 6, 1, 5, 2, 10, 16, 17, 19, 15, 11, 8, 13, 4, 9, 20, 21]",682.6537523594557,22.149315357208252
