Id,Coordinates,Order,Distance,Time
3639,"[[0, 0], [11, 68], [7, 10], [12, 11], [7, 69], [8, 11], [9, 32], [13, 38], [5, 24], [14, 45], [9, 9], [8, 73], [7, 31], [11, 75], [2, 43], [3, 16], [11, 37], [1, 69], [5, 61], [9, 45], [8, 49], [0, 0]]","[0, 2, 5, 10, 3, 8, 12, 6, 16, 7, 9, 19, 20, 18, 1, 13, 11, 4, 17, 14, 15, 21]",178.1928702462569,14.827853679656982
