Id,Coordinates,Order,Distance,Time
7944,"[[0, 0], [8, 13], [1, 31], [10, 30], [16, 7], [40, 1], [26, 44], [8, 34], [3, 34], [6, 23], [38, 45], [7, 19], [31, 28], [32, 3], [37, 36], [20, 40], [21, 22], [20, 31], [20, 25], [2, 14], [30, 5], [0, 0]]","[0, 19, 1, 11, 9, 3, 7, 8, 2, 18, 12, 14, 10, 6, 15, 17, 16, 20, 13, 5, 4, 21]",210.77369717879668,15.96163821220398
