Id,Coordinates,Order,Distance,Time
558,"[[0, 0], [70, 81], [65, 85], [13, 75], [15, 5], [82, 78], [18, 83], [61, 98], [71, 30], [70, 110], [80, 23], [92, 55], [91, 43], [47, 24], [17, 58], [81, 97], [14, 105], [85, 24], [29, 55], [52, 70], [66, 71], [0, 0]]","[0, 4, 13, 8, 10, 17, 12, 11, 5, 1, 2, 7, 9, 15, 20, 19, 16, 6, 3, 14, 18, 21]",434.2360972787721,15.628295183181763
