Id,Coordinates,Order,Distance,Time
1323,"[[0, 0], [6, 59], [129, 21], [84, 44], [83, 4], [152, 85], [52, 80], [103, 2], [30, 8], [84, 87], [145, 11], [102, 79], [11, 8], [154, 91], [134, 52], [11, 28], [135, 48], [35, 41], [107, 52], [154, 11], [2, 83], [0, 0]]","[0, 15, 1, 20, 6, 9, 11, 4, 7, 2, 10, 19, 16, 14, 5, 13, 18, 3, 17, 8, 12, 21]",635.0246598784361,14.457480430603027
