Id,Coordinates,Order,Distance,Time
6426,"[[0, 0], [101, 132], [52, 5], [104, 17], [24, 82], [112, 198], [58, 65], [116, 99], [99, 168], [32, 26], [21, 133], [150, 79], [69, 199], [32, 48], [34, 97], [125, 99], [4, 47], [73, 192], [21, 191], [67, 21], [36, 180], [0, 0]]","[0, 16, 13, 6, 4, 14, 10, 18, 20, 12, 17, 5, 8, 1, 7, 15, 11, 3, 19, 2, 9, 21]",714.364704649726,16.556177854537964
