Id,Coordinates,Order,Distance,Time
4508,"[[0, 0], [1, 2], [1, 64], [14, 60], [1, 89], [3, 89], [5, 19], [14, 122], [14, 108], [2, 97], [14, 94], [13, 77], [10, 70], [16, 79], [9, 62], [16, 69], [13, 36], [15, 114], [9, 61], [1, 6], [8, 23], [0, 0]]","[0, 1, 6, 20, 16, 3, 18, 14, 15, 11, 5, 4, 9, 7, 17, 8, 10, 13, 12, 2, 19, 21]",268.5994907056439,14.012300729751587
