Id,Coordinates,Order,Distance,Time
3128,"[[0, 0], [55, 22], [78, 8], [5, 17], [59, 11], [23, 3], [5, 10], [19, 8], [41, 11], [82, 9], [106, 5], [39, 12], [79, 16], [73, 3], [70, 12], [91, 13], [37, 19], [81, 5], [95, 2], [54, 10], [57, 4], [0, 0]]","[0, 6, 3, 7, 5, 11, 8, 16, 1, 4, 14, 2, 9, 12, 15, 10, 18, 17, 13, 20, 19, 21]",272.43882768821277,14.734661340713501
