Id,Coordinates,Order,Distance,Time
1730,"[[0, 0], [15, 59], [112, 25], [102, 133], [108, 161], [86, 47], [17, 150], [82, 80], [36, 99], [48, 123], [98, 132], [70, 17], [41, 22], [74, 134], [42, 93], [104, 63], [126, 44], [17, 5], [33, 100], [43, 76], [37, 52], [0, 0]]","[0, 17, 12, 20, 19, 14, 8, 18, 9, 13, 10, 3, 4, 6, 1, 7, 5, 15, 16, 2, 11, 21]",720.0268336438501,23.690001249313354
