Id,Coordinates,Order,Distance,Time
4477,"[[0, 0], [117, 65], [14, 70], [91, 75], [169, 63], [117, 58], [60, 60], [121, 77], [154, 106], [78, 48], [25, 24], [178, 36], [117, 3], [101, 1], [94, 56], [140, 104], [109, 94], [67, 9], [70, 75], [63, 30], [23, 26], [0, 0]]","[0, 10, 20, 19, 17, 13, 12, 5, 1, 7, 3, 18, 16, 15, 8, 4, 11, 14, 9, 6, 2, 21]",683.2591621406448,16.4550039768219
