Id,Coordinates,Order,Distance,Time
4963,"[[0, 0], [27, 88], [116, 45], [13, 95], [52, 55], [59, 77], [87, 5], [160, 107], [102, 39], [80, 9], [45, 109], [15, 96], [123, 67], [122, 26], [122, 73], [74, 27], [132, 45], [82, 74], [160, 37], [72, 92], [129, 31], [0, 0]]","[0, 5, 17, 14, 12, 2, 8, 13, 20, 16, 18, 7, 19, 10, 11, 3, 1, 4, 15, 6, 9, 21]",712.3976163906344,14.86247992515564
