Id,Coordinates,Order,Distance,Time
4610,"[[0, 0], [32, 47], [44, 45], [133, 51], [163, 59], [121, 16], [21, 9], [80, 22], [151, 49], [128, 21], [103, 60], [56, 61], [156, 59], [131, 37], [146, 45], [83, 53], [136, 22], [41, 61], [103, 34], [20, 23], [156, 13], [0, 0]]","[0, 19, 1, 2, 17, 11, 15, 10, 18, 9, 13, 3, 14, 8, 12, 4, 20, 16, 5, 7, 6, 21]",481.92280050443213,13.425412893295288
