Id,Coordinates,Order,Distance,Time
7504,"[[0, 0], [53, 9], [50, 99], [117, 14], [80, 21], [130, 43], [4, 103], [40, 33], [64, 30], [25, 20], [36, 80], [43, 14], [98, 57], [77, 96], [143, 84], [14, 104], [102, 92], [70, 5], [84, 37], [32, 34], [80, 99], [0, 0]]","[0, 9, 19, 7, 11, 1, 17, 4, 8, 18, 12, 3, 5, 14, 16, 20, 13, 2, 10, 15, 6, 21]",572.7961327712618,17.99298071861267
