Id,Coordinates,Order,Distance,Time
14,"[[0, 0], [33, 13], [6, 73], [37, 13], [54, 65], [75, 52], [45, 13], [49, 40], [80, 64], [54, 31], [56, 25], [17, 76], [63, 1], [30, 20], [52, 11], [44, 1], [9, 41], [39, 38], [59, 41], [23, 24], [45, 72], [0, 0]]","[0, 1, 3, 6, 15, 12, 14, 10, 9, 7, 18, 5, 8, 4, 20, 11, 2, 16, 17, 13, 19, 21]",366.8480851862855,20.81400203704834
