Id,Coordinates,Order,Distance,Time
8866,"[[0, 0], [23, 107], [27, 95], [9, 38], [24, 33], [28, 9], [36, 105], [40, 4], [28, 9], [28, 35], [39, 96], [8, 16], [24, 36], [25, 10], [40, 85], [2, 80], [16, 29], [42, 94], [40, 74], [17, 23], [13, 21], [0, 0]]","[0, 11, 20, 19, 16, 4, 12, 9, 13, 5, 8, 7, 18, 14, 17, 10, 6, 1, 2, 15, 3, 21]",331.82285329472387,13.041040658950806
