Id,Coordinates,Order,Distance,Time
7534,"[[0, 0], [17, 55], [10, 2], [10, 21], [6, 28], [16, 34], [2, 40], [14, 3], [2, 56], [17, 60], [4, 47], [5, 16], [5, 35], [19, 14], [10, 52], [12, 48], [15, 34], [9, 16], [15, 62], [9, 8], [20, 33], [0, 0]]","[0, 2, 7, 19, 17, 11, 3, 4, 12, 6, 10, 8, 18, 9, 1, 14, 15, 16, 5, 20, 13, 21]",173.2294410487493,13.263532400131226
