Id,Coordinates,Order,Distance,Time
4560,"[[0, 0], [24, 45], [3, 50], [35, 46], [38, 107], [20, 54], [38, 55], [21, 46], [16, 103], [8, 125], [31, 30], [6, 72], [35, 74], [18, 55], [1, 72], [6, 44], [30, 34], [30, 91], [1, 119], [12, 108], [30, 128], [0, 0]]","[0, 10, 16, 1, 7, 5, 13, 2, 15, 11, 14, 8, 19, 18, 9, 20, 4, 17, 12, 6, 3, 21]",360.1979415883249,14.87290620803833
