Id,Coordinates,Order,Distance,Time
7898,"[[0, 0], [79, 161], [51, 101], [21, 60], [71, 164], [85, 146], [61, 128], [73, 60], [10, 137], [20, 128], [27, 49], [8, 59], [49, 91], [23, 132], [25, 84], [76, 137], [45, 145], [73, 55], [9, 1], [49, 34], [35, 22], [0, 0]]","[0, 18, 10, 3, 11, 14, 2, 6, 15, 5, 1, 4, 16, 13, 8, 9, 12, 7, 17, 19, 20, 21]",497.9204641774652,18.908419132232666
