Id,Coordinates,Order,Distance,Time
8785,"[[0, 0], [63, 12], [22, 77], [60, 61], [136, 49], [171, 36], [80, 58], [89, 30], [26, 33], [87, 42], [30, 118], [107, 112], [28, 11], [43, 120], [100, 17], [129, 72], [83, 37], [77, 113], [131, 71], [51, 98], [105, 68], [0, 0]]","[0, 12, 1, 7, 16, 9, 6, 3, 2, 10, 13, 19, 17, 11, 20, 15, 18, 4, 5, 14, 8, 21]",650.3609296039239,14.63856816291809
