Id,Coordinates,Order,Distance,Time
3868,"[[0, 0], [26, 29], [13, 1], [50, 58], [70, 48], [44, 16], [96, 6], [89, 26], [32, 30], [61, 48], [25, 19], [106, 22], [84, 32], [121, 40], [80, 49], [31, 55], [117, 43], [80, 2], [50, 34], [94, 46], [38, 26], [0, 0]]","[0, 2, 10, 1, 8, 20, 5, 18, 9, 4, 12, 7, 17, 6, 11, 13, 16, 19, 14, 3, 15, 21]",384.1529311944586,17.47950768470764
