Id,Coordinates,Order,Distance,Time
5525,"[[0, 0], [21, 28], [32, 18], [12, 37], [1, 44], [11, 57], [26, 46], [9, 55], [1, 5], [4, 7], [5, 3], [20, 3], [20, 29], [7, 12], [12, 49], [8, 38], [3, 6], [25, 46], [29, 9], [3, 21], [7, 67], [0, 0]]","[0, 8, 16, 9, 13, 15, 3, 12, 1, 11, 18, 2, 6, 17, 14, 7, 5, 20, 4, 19, 10, 21]",235.85649355364612,19.57597064971924
