Id,Coordinates,Order,Distance,Time
6282,"[[0, 0], [23, 95], [63, 111], [79, 9], [23, 34], [94, 83], [134, 118], [67, 77], [86, 50], [120, 98], [95, 165], [11, 139], [75, 34], [113, 66], [6, 52], [79, 42], [152, 122], [147, 136], [136, 10], [41, 92], [23, 44], [0, 0]]","[0, 4, 20, 19, 2, 7, 8, 15, 12, 3, 18, 13, 5, 9, 6, 16, 17, 10, 11, 1, 14, 21]",764.9639627485768,13.934566497802734
