Id,Coordinates,Order,Distance,Time
6780,"[[0, 0], [5, 6], [14, 5], [10, 2], [19, 3], [12, 8], [13, 4], [22, 7], [14, 9], [7, 5], [8, 9], [21, 7], [20, 4], [12, 4], [13, 3], [8, 8], [16, 6], [21, 3], [7, 4], [16, 4], [11, 1], [0, 0]]","[0, 9, 18, 3, 20, 14, 13, 6, 2, 19, 4, 12, 17, 7, 11, 16, 8, 5, 10, 15, 1, 21]",61.108368085948975,19.327000856399536
