Id,Coordinates,Order,Distance,Time
8644,"[[0, 0], [6, 57], [18, 45], [56, 20], [47, 10], [1, 74], [47, 23], [40, 61], [47, 2], [11, 60], [58, 20], [12, 23], [24, 68], [47, 49], [10, 36], [56, 71], [18, 15], [11, 45], [27, 69], [61, 30], [35, 19], [0, 0]]","[0, 16, 11, 14, 17, 2, 9, 1, 5, 12, 18, 7, 15, 13, 19, 3, 10, 6, 4, 8, 20, 21]",316.39326687642574,13.964938640594482
