Id,Coordinates,Order,Distance,Time
8119,"[[0, 0], [46, 55], [129, 7], [107, 47], [49, 18], [24, 49], [8, 43], [114, 23], [30, 59], [86, 39], [112, 26], [119, 67], [117, 73], [77, 24], [18, 29], [86, 28], [92, 27], [24, 51], [36, 13], [34, 72], [40, 67], [0, 0]]","[0, 14, 6, 5, 17, 8, 19, 20, 1, 13, 15, 16, 10, 7, 2, 11, 12, 3, 9, 4, 18, 21]",431.81633474068974,16.208534717559814
