Id,Coordinates,Order,Distance,Time
2283,"[[0, 0], [68, 35], [100, 45], [68, 36], [13, 7], [111, 70], [75, 69], [93, 58], [83, 66], [36, 81], [83, 69], [49, 21], [34, 54], [61, 7], [71, 83], [64, 58], [23, 54], [65, 10], [69, 22], [109, 5], [110, 55], [0, 0]]","[0, 11, 13, 17, 19, 18, 1, 3, 15, 6, 10, 8, 7, 2, 20, 5, 14, 9, 12, 16, 4, 21]",461.2046741235873,13.599708795547485
