Id,Coordinates,Order,Distance,Time
4252,"[[0, 0], [71, 30], [54, 29], [47, 27], [24, 22], [98, 34], [47, 4], [82, 31], [21, 21], [86, 37], [25, 26], [16, 45], [77, 32], [80, 6], [67, 34], [23, 34], [86, 17], [48, 33], [26, 31], [32, 31], [58, 28], [0, 0]]","[0, 8, 4, 10, 19, 3, 17, 2, 20, 14, 1, 12, 7, 9, 5, 16, 13, 6, 18, 15, 11, 21]",290.65013174135885,17.109981536865234
