Id,Coordinates,Order,Distance,Time
1909,"[[0, 0], [110, 5], [37, 9], [22, 6], [88, 10], [113, 6], [108, 2], [139, 3], [1, 1], [73, 6], [1, 3], [142, 11], [126, 6], [142, 12], [136, 2], [131, 11], [1, 6], [137, 12], [38, 11], [70, 6], [139, 5], [0, 0]]","[0, 8, 10, 16, 3, 2, 18, 19, 9, 4, 1, 5, 15, 17, 13, 11, 20, 7, 14, 12, 6, 21]",300.4458115390563,17.393436431884766
