Id,Coordinates,Order,Distance,Time
8646,"[[0, 0], [8, 88], [49, 153], [13, 151], [36, 90], [21, 101], [39, 95], [67, 156], [21, 109], [62, 145], [10, 103], [5, 130], [51, 187], [15, 185], [22, 34], [54, 45], [64, 48], [54, 190], [68, 8], [6, 189], [76, 151], [0, 0]]","[0, 18, 16, 15, 4, 6, 5, 8, 11, 3, 19, 13, 12, 17, 7, 20, 9, 2, 10, 1, 14, 21]",589.057594131888,13.686798334121704
