Id,Coordinates,Order,Distance,Time
2936,"[[0, 0], [16, 1], [5, 33], [9, 25], [44, 36], [45, 32], [22, 48], [40, 14], [37, 34], [5, 33], [23, 29], [34, 47], [25, 5], [10, 12], [43, 15], [46, 7], [12, 31], [5, 8], [4, 19], [35, 3], [37, 27], [0, 0]]","[0, 17, 13, 18, 3, 9, 2, 16, 10, 8, 4, 5, 14, 7, 15, 19, 20, 11, 6, 12, 1, 21]",252.0778038692046,16.88835072517395
