Id,Coordinates,Order,Distance,Time
3321,"[[0, 0], [7, 12], [55, 114], [20, 13], [49, 98], [45, 110], [37, 40], [44, 92], [13, 24], [61, 79], [34, 28], [38, 123], [65, 50], [42, 14], [62, 86], [47, 141], [35, 47], [51, 118], [23, 71], [49, 130], [52, 130], [0, 0]]","[0, 1, 8, 10, 6, 16, 18, 7, 4, 2, 17, 20, 19, 15, 11, 5, 14, 9, 12, 13, 3, 21]",369.88658587096916,11.075165033340454
