Id,Coordinates,Order,Distance,Time
7072,"[[0, 0], [11, 96], [5, 64], [40, 59], [30, 21], [31, 74], [32, 38], [27, 45], [33, 56], [3, 58], [32, 29], [37, 82], [22, 92], [16, 42], [17, 64], [5, 59], [30, 58], [35, 84], [6, 82], [10, 83], [39, 52], [0, 0]]","[0, 4, 10, 6, 7, 14, 16, 8, 20, 3, 5, 11, 17, 12, 1, 19, 18, 2, 15, 9, 13, 21]",280.4202498904917,15.552876949310303
