Id,Coordinates,Order,Distance,Time
1314,"[[0, 0], [140, 22], [10, 63], [138, 38], [37, 50], [83, 72], [126, 6], [184, 31], [158, 65], [112, 7], [108, 56], [31, 15], [81, 39], [138, 57], [140, 16], [123, 20], [1, 16], [145, 29], [44, 51], [53, 32], [154, 18], [0, 0]]","[0, 16, 11, 19, 18, 4, 2, 5, 10, 3, 17, 1, 14, 6, 9, 15, 20, 7, 8, 13, 12, 21]",621.1831779465315,19.176894426345825
