Id,Coordinates,Order,Distance,Time
9269,"[[0, 0], [111, 59], [110, 16], [3, 61], [110, 34], [24, 22], [60, 16], [74, 38], [84, 13], [5, 3], [1, 55], [27, 25], [3, 4], [44, 16], [44, 44], [102, 58], [97, 14], [33, 55], [72, 39], [95, 61], [15, 13], [0, 0]]","[0, 9, 20, 5, 11, 13, 6, 8, 16, 2, 4, 1, 15, 19, 7, 18, 14, 17, 3, 10, 12, 21]",351.58634757003387,15.095200061798096
