Id,Coordinates,Order,Distance,Time
7255,"[[0, 0], [39, 37], [22, 27], [19, 52], [22, 11], [34, 33], [4, 31], [38, 29], [4, 29], [34, 48], [13, 45], [16, 11], [8, 29], [17, 35], [21, 22], [4, 25], [11, 11], [36, 7], [19, 50], [10, 19], [20, 47], [0, 0]]","[0, 16, 14, 2, 13, 10, 20, 18, 3, 9, 1, 5, 7, 17, 4, 11, 19, 12, 6, 8, 15, 21]",205.47442949703472,17.027931451797485
