Id,Coordinates,Order,Distance,Time
5221,"[[0, 0], [1, 137], [12, 137], [8, 127], [13, 120], [13, 12], [17, 1], [7, 144], [5, 89], [3, 3], [4, 58], [12, 97], [5, 121], [3, 101], [9, 124], [8, 138], [2, 96], [6, 125], [13, 24], [1, 65], [13, 79], [0, 0]]","[0, 9, 6, 5, 18, 10, 19, 8, 16, 13, 4, 14, 3, 15, 2, 7, 1, 17, 12, 11, 20, 21]",324.37045827934907,16.10878348350525
