Id,Coordinates,Order,Distance,Time
5721,"[[0, 0], [101, 111], [59, 21], [88, 16], [80, 37], [16, 8], [55, 25], [50, 140], [104, 149], [71, 80], [67, 42], [72, 91], [21, 150], [101, 44], [29, 97], [89, 73], [96, 19], [92, 33], [94, 17], [79, 28], [83, 135], [0, 0]]","[0, 5, 6, 2, 19, 17, 13, 16, 18, 3, 4, 10, 15, 9, 11, 1, 8, 20, 7, 12, 14, 21]",571.07872129544,14.386378765106201
