Id,Coordinates,Order,Distance,Time
4651,"[[0, 0], [39, 25], [70, 102], [28, 65], [94, 109], [18, 121], [47, 17], [96, 127], [85, 23], [7, 9], [44, 101], [45, 32], [112, 79], [32, 126], [66, 35], [8, 12], [110, 30], [54, 127], [91, 33], [24, 36], [135, 107], [0, 0]]","[0, 9, 15, 19, 1, 11, 6, 14, 8, 18, 16, 12, 20, 7, 4, 2, 13, 5, 17, 10, 3, 21]",571.4534817214071,17.653604984283447
