Id,Coordinates,Order,Distance,Time
5416,"[[0, 0], [7, 129], [14, 103], [8, 20], [5, 142], [10, 86], [3, 32], [7, 80], [5, 19], [7, 6], [13, 119], [9, 154], [11, 52], [5, 53], [12, 82], [14, 92], [8, 10], [14, 161], [4, 57], [1, 103], [8, 47], [0, 0]]","[0, 9, 16, 3, 6, 13, 18, 14, 5, 15, 2, 10, 1, 4, 11, 17, 19, 7, 12, 20, 8, 21]",336.7214670804691,13.349667072296143
