Id,Coordinates,Order,Distance,Time
5238,"[[0, 0], [84, 25], [77, 19], [13, 11], [6, 34], [31, 21], [58, 9], [52, 32], [2, 21], [58, 12], [43, 31], [42, 24], [56, 16], [2, 35], [31, 27], [72, 4], [31, 22], [40, 10], [92, 20], [47, 8], [91, 21], [0, 0]]","[0, 8, 4, 13, 14, 16, 5, 11, 10, 7, 12, 9, 6, 15, 2, 1, 20, 18, 19, 17, 3, 21]",272.6695881478538,14.632775068283081
