Id,Coordinates,Order,Distance,Time
6639,"[[0, 0], [33, 30], [23, 80], [49, 103], [52, 24], [6, 34], [18, 49], [38, 56], [42, 7], [46, 34], [54, 80], [5, 81], [42, 113], [27, 44], [52, 28], [14, 38], [32, 20], [46, 40], [42, 32], [54, 20], [10, 91], [0, 0]]","[0, 5, 15, 6, 13, 9, 14, 4, 19, 8, 1, 7, 2, 11, 20, 12, 3, 10, 17, 18, 16, 21]",406.9442989662288,16.51741671562195
