Id,Coordinates,Order,Distance,Time
3857,"[[0, 0], [27, 124], [2, 118], [45, 94], [24, 18], [28, 22], [57, 102], [22, 9], [27, 126], [31, 95], [60, 29], [8, 11], [54, 28], [27, 68], [46, 15], [16, 67], [54, 104], [44, 62], [46, 72], [43, 127], [33, 28], [0, 0]]","[0, 7, 4, 5, 20, 14, 12, 10, 17, 18, 3, 16, 6, 19, 8, 1, 2, 9, 13, 15, 11, 21]",389.06023549681396,16.79188632965088
