Id,Coordinates,Order,Distance,Time
7561,"[[0, 0], [9, 5], [62, 122], [67, 109], [64, 44], [64, 80], [3, 116], [103, 46], [83, 98], [105, 109], [45, 80], [19, 74], [75, 7], [97, 25], [93, 83], [44, 68], [68, 116], [50, 96], [84, 66], [84, 72], [27, 81], [0, 0]]","[0, 1, 12, 13, 7, 18, 14, 9, 8, 3, 16, 2, 17, 10, 15, 20, 11, 6, 5, 19, 4, 21]",599.480913827049,15.81762170791626
