Id,Coordinates,Order,Distance,Time
1004,"[[0, 0], [99, 171], [83, 24], [20, 154], [112, 174], [40, 183], [55, 59], [83, 94], [16, 30], [72, 84], [7, 93], [54, 17], [88, 94], [86, 94], [88, 192], [71, 98], [95, 125], [3, 87], [103, 115], [32, 101], [66, 144], [0, 0]]","[0, 11, 2, 6, 9, 15, 7, 13, 12, 18, 16, 20, 1, 4, 14, 5, 3, 19, 10, 17, 8, 21]",615.7768208121095,18.234389305114746
