Id,Coordinates,Order,Distance,Time
3469,"[[0, 0], [74, 36], [162, 60], [159, 130], [43, 51], [24, 14], [49, 145], [127, 33], [27, 47], [137, 87], [48, 36], [19, 104], [71, 43], [138, 120], [23, 5], [35, 92], [120, 64], [112, 23], [114, 159], [104, 8], [112, 21], [0, 0]]","[0, 14, 5, 10, 4, 12, 1, 17, 20, 19, 7, 16, 2, 9, 13, 3, 18, 6, 11, 15, 8, 21]",665.8748330146149,16.764002323150635
