Id,Coordinates,Order,Distance,Time
8829,"[[0, 0], [10, 100], [14, 171], [11, 61], [54, 35], [42, 177], [22, 38], [47, 58], [1, 102], [41, 120], [14, 95], [7, 156], [19, 157], [7, 59], [45, 80], [37, 18], [54, 133], [13, 142], [50, 62], [43, 78], [35, 108], [0, 0]]","[0, 15, 4, 7, 18, 19, 14, 20, 9, 16, 5, 2, 12, 11, 17, 8, 1, 10, 3, 13, 6, 21]",457.1413086221769,16.974098443984985
