Id,Coordinates,Order,Distance,Time
9151,"[[0, 0], [92, 26], [50, 11], [66, 32], [64, 30], [28, 26], [1, 13], [33, 25], [85, 11], [71, 20], [22, 32], [67, 49], [40, 51], [21, 55], [65, 3], [90, 12], [32, 33], [33, 6], [8, 22], [6, 54], [26, 11], [0, 0]]","[0, 6, 18, 5, 7, 16, 12, 13, 19, 10, 2, 9, 4, 3, 11, 1, 15, 8, 14, 17, 20, 21]",371.98586456283374,17.88773798942566
