Id,Coordinates,Order,Distance,Time
8997,"[[0, 0], [24, 15], [17, 13], [24, 9], [18, 10], [21, 1], [16, 14], [9, 1], [1, 13], [19, 14], [10, 15], [17, 13], [19, 10], [10, 9], [21, 10], [15, 5], [18, 9], [14, 13], [19, 7], [14, 7], [3, 2], [0, 0]]","[0, 7, 15, 19, 13, 17, 2, 11, 12, 4, 16, 18, 5, 14, 3, 1, 9, 6, 10, 8, 20, 21]",101.1472157686729,15.778883695602417
