Id,Coordinates,Order,Distance,Time
688,"[[0, 0], [71, 23], [49, 18], [51, 29], [1, 14], [34, 97], [2, 86], [70, 69], [83, 13], [81, 12], [63, 58], [30, 95], [99, 32], [52, 2], [107, 4], [53, 106], [67, 105], [66, 41], [49, 83], [58, 66], [76, 10], [0, 0]]","[0, 4, 2, 3, 17, 10, 19, 18, 6, 11, 5, 15, 16, 7, 1, 20, 9, 8, 12, 14, 13, 21]",518.2819282808373,15.633899450302124
