Id,Coordinates,Order,Distance,Time
7136,"[[0, 0], [72, 75], [1, 95], [11, 2], [68, 29], [66, 35], [4, 40], [63, 75], [4, 57], [23, 85], [44, 22], [31, 61], [5, 73], [21, 88], [28, 65], [26, 58], [1, 33], [50, 11], [12, 70], [27, 103], [27, 43], [0, 0]]","[0, 16, 6, 8, 18, 12, 2, 19, 13, 9, 14, 11, 15, 20, 10, 17, 4, 5, 1, 7, 3, 21]",416.89919194352854,16.793720483779907
