Id,Coordinates,Order,Distance,Time
2272,"[[0, 0], [13, 104], [5, 82], [26, 39], [24, 78], [6, 50], [13, 101], [6, 7], [28, 104], [11, 141], [9, 143], [20, 42], [19, 150], [25, 7], [21, 114], [24, 85], [9, 52], [1, 34], [27, 133], [11, 66], [10, 148], [0, 0]]","[0, 7, 13, 3, 11, 16, 5, 19, 2, 15, 6, 1, 14, 18, 9, 10, 20, 12, 8, 4, 17, 21]",384.52609435047964,17.639776945114136
