Id,Coordinates,Order,Distance,Time
5658,"[[0, 0], [137, 146], [158, 75], [153, 91], [113, 18], [95, 129], [119, 80], [81, 73], [46, 28], [90, 64], [11, 39], [94, 70], [144, 20], [61, 51], [127, 70], [38, 17], [28, 172], [137, 66], [5, 7], [31, 126], [97, 96], [0, 0]]","[0, 18, 10, 8, 13, 7, 9, 11, 6, 14, 17, 2, 3, 1, 5, 16, 19, 20, 12, 4, 15, 21]",781.9477091007848,15.605048894882202
