Id,Coordinates,Order,Distance,Time
2231,"[[0, 0], [11, 22], [18, 26], [12, 30], [1, 72], [31, 96], [27, 80], [20, 32], [12, 8], [2, 65], [3, 87], [10, 122], [18, 107], [21, 60], [9, 55], [30, 74], [11, 63], [19, 69], [26, 71], [25, 82], [27, 84], [0, 0]]","[0, 8, 1, 2, 7, 14, 16, 9, 4, 10, 19, 6, 18, 15, 20, 5, 12, 11, 17, 13, 3, 21]",330.18317123033364,15.260008335113525
