Id,Coordinates,Order,Distance,Time
9622,"[[0, 0], [37, 121], [7, 26], [3, 127], [58, 143], [21, 102], [39, 99], [35, 90], [43, 80], [25, 59], [32, 124], [64, 12], [49, 119], [58, 71], [28, 113], [46, 155], [38, 92], [32, 81], [19, 80], [24, 25], [63, 25], [0, 0]]","[0, 2, 9, 18, 17, 16, 6, 14, 10, 1, 12, 4, 15, 3, 5, 7, 8, 13, 20, 11, 19, 21]",474.9848050612592,13.708116292953491
