Id,Coordinates,Order,Distance,Time
7068,"[[0, 0], [26, 13], [9, 82], [20, 45], [13, 60], [1, 76], [14, 53], [7, 24], [21, 102], [1, 65], [9, 134], [25, 95], [13, 29], [15, 73], [33, 15], [31, 19], [27, 101], [11, 124], [1, 32], [28, 182], [28, 109], [0, 0]]","[0, 7, 12, 18, 6, 4, 9, 5, 2, 11, 16, 20, 19, 10, 17, 8, 13, 3, 15, 14, 1, 21]",431.0483516780828,17.61799454689026
