Id,Coordinates,Order,Distance,Time
466,"[[0, 0], [97, 105], [66, 40], [24, 1], [105, 92], [128, 88], [11, 81], [124, 116], [156, 87], [34, 27], [94, 63], [135, 69], [64, 61], [50, 91], [85, 57], [25, 81], [140, 67], [154, 117], [56, 14], [126, 88], [116, 90], [0, 0]]","[0, 3, 9, 18, 2, 12, 14, 10, 4, 20, 19, 5, 11, 16, 8, 17, 7, 1, 13, 15, 6, 21]",524.1662385079402,15.64493179321289
