Id,Coordinates,Order,Distance,Time
6853,"[[0, 0], [28, 59], [105, 20], [13, 26], [98, 49], [17, 49], [104, 45], [104, 30], [84, 23], [55, 50], [93, 55], [11, 48], [38, 49], [16, 47], [95, 18], [16, 48], [14, 9], [98, 9], [101, 56], [52, 31], [100, 10], [0, 0]]","[0, 3, 11, 15, 5, 13, 1, 12, 9, 8, 14, 20, 17, 2, 7, 6, 4, 18, 10, 19, 16, 21]",339.365914310137,15.982473373413086
