Id,Coordinates,Order,Distance,Time
7945,"[[0, 0], [32, 45], [79, 4], [79, 7], [17, 6], [29, 26], [5, 26], [74, 48], [23, 17], [71, 26], [56, 9], [48, 6], [47, 50], [70, 14], [11, 37], [30, 31], [4, 25], [37, 34], [79, 25], [57, 17], [29, 7], [0, 0]]","[0, 4, 8, 5, 15, 17, 1, 12, 7, 9, 18, 3, 2, 13, 19, 10, 11, 20, 14, 16, 6, 21]",298.5200556904804,18.550736904144287
