Id,Coordinates,Order,Distance,Time
1684,"[[0, 0], [18, 157], [7, 126], [7, 36], [8, 25], [9, 60], [1, 86], [15, 152], [15, 2], [12, 125], [17, 44], [1, 142], [13, 146], [8, 12], [2, 159], [8, 132], [8, 63], [17, 18], [3, 8], [15, 120], [18, 144], [0, 0]]","[0, 18, 13, 4, 3, 5, 16, 6, 19, 9, 15, 12, 20, 7, 1, 14, 11, 2, 10, 17, 8, 21]",364.67521434992415,18.029000997543335
