Id,Coordinates,Order,Distance,Time
2498,"[[0, 0], [81, 7], [86, 99], [122, 51], [62, 94], [22, 25], [92, 94], [112, 106], [12, 7], [78, 40], [36, 75], [151, 154], [134, 115], [44, 142], [45, 35], [35, 122], [65, 123], [12, 76], [161, 91], [137, 140], [53, 80], [0, 0]]","[0, 8, 5, 14, 9, 6, 2, 4, 20, 10, 17, 15, 13, 16, 7, 12, 19, 11, 18, 3, 1, 21]",719.9422376662179,14.28049898147583
