Id,Coordinates,Order,Distance,Time
2091,"[[0, 0], [114, 14], [51, 12], [13, 10], [43, 32], [6, 33], [100, 33], [102, 3], [54, 9], [59, 17], [117, 11], [68, 5], [108, 13], [38, 20], [74, 12], [62, 27], [77, 31], [108, 6], [113, 35], [72, 30], [117, 37], [0, 0]]","[0, 5, 4, 15, 9, 14, 19, 16, 6, 18, 20, 1, 10, 12, 17, 7, 11, 8, 2, 13, 3, 21]",341.1930034762788,17.913683652877808
