Id,Coordinates,Order,Distance,Time
6431,"[[0, 0], [38, 48], [72, 27], [60, 34], [67, 50], [60, 3], [44, 43], [14, 22], [47, 14], [72, 32], [61, 27], [27, 57], [79, 44], [59, 64], [87, 51], [55, 50], [83, 45], [43, 5], [65, 5], [37, 69], [21, 38], [0, 0]]","[0, 7, 1, 6, 15, 4, 14, 16, 12, 9, 2, 8, 17, 5, 18, 10, 3, 13, 19, 11, 20, 21]",365.06136653928905,17.05947208404541
