Id,Coordinates,Order,Distance,Time
3957,"[[0, 0], [135, 42], [16, 68], [81, 118], [49, 114], [23, 34], [137, 66], [90, 69], [114, 46], [52, 38], [94, 134], [61, 62], [108, 115], [51, 50], [31, 130], [23, 131], [60, 99], [9, 132], [116, 90], [112, 26], [28, 10], [0, 0]]","[0, 20, 9, 13, 11, 7, 8, 19, 1, 6, 18, 12, 10, 3, 16, 4, 14, 15, 17, 2, 5, 21]",564.1485630080426,13.03348684310913
