Id,Coordinates,Order,Distance,Time
257,"[[0, 0], [19, 102], [83, 16], [12, 102], [65, 116], [68, 99], [58, 57], [18, 97], [67, 117], [78, 50], [79, 40], [59, 58], [4, 55], [51, 36], [10, 57], [75, 108], [76, 99], [79, 122], [48, 63], [13, 60], [65, 119], [0, 0]]","[0, 14, 19, 18, 6, 11, 9, 10, 2, 13, 5, 16, 15, 17, 8, 20, 4, 1, 3, 7, 12, 21]",480.05806296377784,16.227007627487183
