Id,Coordinates,Order,Distance,Time
3607,"[[0, 0], [89, 6], [143, 17], [138, 55], [166, 48], [8, 17], [78, 50], [33, 2], [32, 11], [76, 26], [134, 5], [56, 21], [133, 2], [101, 31], [60, 7], [97, 32], [22, 11], [167, 8], [52, 51], [126, 15], [121, 6], [0, 0]]","[0, 16, 8, 7, 14, 11, 9, 15, 13, 1, 20, 19, 12, 10, 2, 17, 4, 3, 6, 18, 5, 21]",489.33145118047395,14.039178848266602
