Id,Coordinates,Order,Distance,Time
6004,"[[0, 0], [40, 44], [46, 74], [42, 88], [56, 137], [61, 157], [73, 46], [13, 75], [52, 116], [2, 98], [23, 66], [17, 99], [16, 60], [38, 144], [36, 65], [45, 147], [49, 87], [14, 52], [32, 66], [11, 134], [68, 159], [0, 0]]","[0, 17, 12, 10, 18, 14, 2, 16, 3, 7, 1, 6, 8, 4, 20, 5, 15, 13, 19, 11, 9, 21]",553.8976242288876,13.510279178619385
