Id,Coordinates,Order,Distance,Time
3962,"[[0, 0], [9, 54], [12, 14], [11, 28], [24, 26], [18, 73], [12, 27], [6, 55], [30, 48], [21, 21], [21, 66], [9, 49], [7, 86], [24, 76], [1, 2], [1, 39], [15, 42], [21, 85], [29, 52], [20, 81], [12, 46], [0, 0]]","[0, 14, 2, 9, 4, 6, 3, 16, 8, 18, 10, 5, 13, 19, 17, 12, 7, 1, 11, 20, 15, 21]",233.52488033430976,21.149847745895386
