Id,Coordinates,Order,Distance,Time
116,"[[0, 0], [10, 40], [4, 9], [19, 34], [11, 13], [5, 68], [7, 43], [2, 32], [10, 25], [19, 2], [5, 45], [13, 39], [4, 7], [18, 42], [15, 21], [19, 53], [25, 26], [16, 60], [11, 37], [22, 55], [26, 37], [0, 0]]","[0, 12, 2, 4, 14, 8, 7, 18, 11, 1, 6, 10, 15, 19, 17, 5, 13, 20, 3, 16, 9, 21]",207.5634920249005,21.416998863220215
