Id,Coordinates,Order,Distance,Time
381,"[[0, 0], [34, 26], [21, 48], [26, 49], [11, 26], [19, 30], [29, 8], [18, 15], [18, 45], [25, 16], [2, 34], [11, 4], [11, 26], [19, 39], [4, 34], [5, 5], [25, 22], [16, 45], [29, 39], [9, 25], [14, 25], [0, 0]]","[0, 15, 11, 6, 9, 16, 1, 18, 3, 2, 17, 8, 13, 5, 20, 4, 12, 14, 10, 19, 7, 21]",178.91709630392927,14.342652320861816
