Id,Coordinates,Order,Distance,Time
8867,"[[0, 0], [51, 72], [15, 38], [10, 17], [29, 35], [34, 72], [18, 27], [2, 64], [38, 7], [35, 4], [41, 1], [56, 70], [44, 47], [48, 36], [53, 35], [23, 57], [11, 71], [8, 74], [33, 60], [25, 22], [34, 3], [0, 0]]","[0, 3, 6, 2, 18, 5, 1, 11, 12, 13, 14, 8, 10, 20, 9, 19, 4, 15, 16, 17, 7, 21]",351.0675515997683,14.23344898223877
