Id,Coordinates,Order,Distance,Time
7821,"[[0, 0], [1, 59], [13, 50], [7, 57], [1, 8], [17, 67], [16, 50], [9, 12], [20, 18], [18, 12], [10, 64], [11, 58], [9, 43], [16, 65], [11, 47], [15, 26], [1, 26], [12, 17], [19, 32], [10, 4], [4, 29], [0, 0]]","[0, 19, 7, 17, 9, 8, 15, 18, 14, 2, 11, 3, 1, 10, 13, 5, 6, 12, 20, 16, 4, 21]",184.457160543354,16.749730587005615
