Id,Coordinates,Order,Distance,Time
2669,"[[0, 0], [47, 10], [6, 14], [47, 3], [56, 3], [9, 12], [41, 29], [38, 22], [38, 26], [32, 20], [61, 29], [25, 9], [54, 28], [59, 15], [56, 1], [5, 26], [6, 14], [20, 30], [22, 5], [20, 15], [21, 17], [0, 0]]","[0, 5, 2, 16, 15, 17, 20, 19, 9, 7, 8, 6, 12, 10, 13, 4, 14, 3, 1, 11, 18, 21]",202.43720281692723,15.356819868087769
