Id,Coordinates,Order,Distance,Time
3131,"[[0, 0], [66, 95], [135, 42], [116, 135], [59, 30], [132, 41], [182, 46], [47, 115], [163, 44], [124, 99], [75, 88], [74, 137], [38, 4], [44, 123], [168, 34], [110, 156], [36, 123], [147, 172], [162, 42], [1, 118], [181, 165], [0, 0]]","[0, 12, 4, 10, 1, 7, 11, 3, 9, 2, 5, 18, 8, 14, 6, 20, 17, 15, 13, 16, 19, 21]",835.8043916218617,20.130104541778564
