Id,Coordinates,Order,Distance,Time
4320,"[[0, 0], [127, 13], [9, 24], [50, 91], [142, 34], [40, 114], [36, 23], [108, 58], [14, 54], [110, 75], [127, 89], [113, 40], [64, 39], [48, 87], [39, 58], [108, 11], [131, 107], [98, 87], [145, 26], [105, 95], [14, 40], [0, 0]]","[0, 2, 20, 8, 14, 13, 3, 5, 9, 7, 11, 15, 1, 18, 4, 10, 16, 19, 17, 12, 6, 21]",584.3443525662212,17.533241271972656
