Id,Coordinates,Order,Distance,Time
9705,"[[0, 0], [51, 123], [16, 111], [36, 114], [34, 152], [56, 35], [21, 22], [45, 143], [19, 182], [40, 146], [28, 114], [33, 12], [36, 7], [19, 161], [25, 160], [20, 174], [46, 96], [63, 136], [8, 15], [36, 154], [12, 160], [0, 0]]","[0, 11, 12, 5, 16, 3, 1, 17, 7, 9, 4, 19, 14, 13, 15, 8, 20, 10, 2, 6, 18, 21]",473.1802241396696,14.583874464035034
