Id,Coordinates,Order,Distance,Time
9515,"[[0, 0], [10, 8], [37, 27], [37, 28], [6, 33], [8, 10], [28, 13], [14, 1], [18, 19], [17, 23], [23, 38], [32, 22], [26, 22], [23, 9], [29, 1], [28, 13], [31, 34], [32, 30], [32, 21], [38, 27], [24, 16], [0, 0]]","[0, 1, 7, 14, 13, 6, 15, 20, 12, 11, 18, 2, 3, 19, 17, 16, 10, 4, 9, 8, 5, 21]",162.5653225288747,18.68404459953308
