Id,Coordinates,Order,Distance,Time
140,"[[0, 0], [9, 14], [73, 138], [46, 100], [33, 5], [15, 140], [12, 27], [80, 117], [34, 31], [3, 35], [61, 35], [21, 122], [36, 104], [14, 79], [33, 101], [46, 145], [13, 88], [32, 61], [57, 136], [78, 20], [5, 83], [0, 0]]","[0, 1, 6, 9, 8, 17, 13, 20, 16, 14, 12, 3, 11, 5, 15, 18, 2, 7, 10, 19, 4, 21]",509.75943944655774,17.501357555389404
