Id,Coordinates,Order,Distance,Time
7755,"[[0, 0], [8, 33], [9, 55], [5, 32], [2, 11], [10, 92], [8, 99], [8, 5], [3, 17], [7, 97], [5, 110], [8, 113], [4, 43], [1, 85], [9, 116], [2, 13], [5, 4], [4, 96], [4, 114], [7, 19], [2, 36], [0, 0]]","[0, 16, 4, 15, 8, 3, 20, 12, 2, 5, 9, 6, 10, 18, 14, 11, 17, 13, 1, 19, 7, 21]",247.548052835754,14.590065002441406
