Id,Coordinates,Order,Distance,Time
3154,"[[0, 0], [38, 15], [5, 20], [20, 15], [26, 5], [41, 29], [10, 32], [11, 29], [41, 11], [31, 30], [15, 26], [15, 2], [47, 9], [59, 17], [29, 8], [15, 32], [17, 33], [36, 25], [26, 31], [24, 7], [39, 23], [0, 0]]","[0, 11, 19, 4, 14, 1, 8, 12, 13, 5, 20, 17, 9, 18, 16, 15, 6, 7, 10, 3, 2, 21]",185.5093126479869,13.967347860336304
