Id,Coordinates,Order,Distance,Time
6214,"[[0, 0], [48, 46], [37, 44], [27, 51], [42, 9], [53, 37], [19, 49], [7, 43], [18, 64], [33, 46], [89, 34], [22, 65], [4, 1], [61, 50], [15, 67], [91, 20], [19, 38], [31, 2], [9, 51], [90, 14], [5, 52], [0, 0]]","[0, 12, 5, 1, 2, 9, 3, 18, 20, 7, 16, 6, 8, 14, 11, 13, 10, 15, 19, 4, 17, 21]",366.2047807481879,16.3270525932312
