Id,Coordinates,Order,Distance,Time
1234,"[[0, 0], [145, 51], [52, 111], [33, 104], [78, 29], [145, 149], [58, 115], [101, 127], [150, 68], [37, 137], [86, 14], [15, 89], [102, 68], [137, 30], [53, 113], [84, 147], [99, 100], [23, 84], [158, 64], [3, 49], [114, 141], [0, 0]]","[0, 19, 17, 11, 3, 2, 14, 6, 9, 15, 7, 20, 5, 16, 12, 8, 18, 1, 13, 10, 4, 21]",655.7904288469953,14.374791860580444
