Id,Coordinates,Order,Distance,Time
4345,"[[0, 0], [129, 22], [101, 22], [118, 65], [130, 20], [76, 49], [161, 43], [98, 55], [25, 18], [78, 45], [88, 9], [37, 10], [65, 27], [118, 30], [54, 63], [114, 8], [20, 14], [51, 45], [17, 43], [150, 55], [55, 3], [0, 0]]","[0, 16, 8, 11, 20, 12, 9, 5, 7, 3, 19, 6, 4, 1, 13, 15, 2, 10, 17, 14, 18, 21]",483.65491109605244,16.53302836418152
