Id,Coordinates,Order,Distance,Time
6186,"[[0, 0], [185, 99], [20, 108], [92, 110], [141, 11], [76, 44], [53, 123], [76, 28], [138, 107], [2, 31], [64, 86], [170, 98], [4, 76], [31, 72], [43, 74], [154, 26], [13, 74], [69, 47], [62, 46], [102, 15], [78, 46], [0, 0]]","[0, 9, 16, 12, 2, 6, 10, 18, 17, 5, 20, 7, 19, 4, 15, 11, 1, 8, 3, 14, 13, 21]",692.0162349413499,16.34911561012268
