Id,Coordinates,Order,Distance,Time
5942,"[[0, 0], [25, 9], [70, 2], [7, 22], [95, 24], [20, 15], [66, 5], [38, 17], [40, 9], [84, 7], [54, 6], [109, 20], [86, 4], [4, 20], [69, 17], [3, 19], [9, 9], [22, 7], [99, 20], [101, 8], [6, 8], [0, 0]]","[0, 20, 16, 15, 13, 3, 5, 1, 8, 10, 6, 2, 9, 12, 19, 11, 18, 4, 14, 7, 17, 21]",261.73386779731175,15.960913181304932
