Id,Coordinates,Order,Distance,Time
2538,"[[0, 0], [125, 17], [61, 116], [118, 137], [116, 166], [59, 91], [66, 165], [151, 112], [13, 74], [141, 143], [93, 150], [61, 177], [123, 143], [159, 34], [5, 174], [163, 83], [128, 73], [83, 121], [130, 120], [56, 54], [116, 153], [0, 0]]","[0, 19, 5, 2, 17, 10, 20, 12, 3, 7, 15, 13, 1, 16, 18, 9, 4, 6, 11, 14, 8, 21]",852.5371324848487,14.79301643371582
