Id,Coordinates,Order,Distance,Time
9473,"[[0, 0], [18, 55], [49, 28], [40, 74], [15, 27], [43, 63], [39, 47], [49, 29], [17, 58], [9, 77], [10, 8], [45, 72], [19, 64], [42, 6], [34, 51], [29, 2], [16, 26], [18, 19], [49, 44], [28, 72], [49, 49], [0, 0]]","[0, 4, 17, 16, 1, 8, 12, 9, 19, 3, 11, 5, 14, 6, 20, 18, 7, 2, 13, 15, 10, 21]",269.10559109645175,15.123062372207642
