Id,Coordinates,Order,Distance,Time
7843,"[[0, 0], [12, 58], [28, 27], [41, 111], [31, 130], [17, 17], [24, 113], [33, 107], [40, 58], [35, 48], [14, 117], [4, 100], [9, 11], [23, 8], [45, 126], [10, 117], [29, 89], [15, 63], [25, 44], [42, 1], [42, 19], [0, 0]]","[0, 12, 13, 19, 20, 2, 18, 9, 8, 16, 7, 3, 14, 4, 6, 10, 15, 11, 17, 1, 5, 21]",372.43804914933645,16.529421091079712
