Id,Coordinates,Order,Distance,Time
1819,"[[0, 0], [6, 108], [14, 91], [1, 29], [2, 92], [8, 53], [5, 1], [6, 88], [2, 85], [3, 91], [12, 50], [18, 30], [8, 95], [9, 105], [14, 73], [16, 57], [19, 51], [17, 60], [18, 35], [5, 63], [12, 76], [0, 0]]","[0, 6, 11, 18, 16, 15, 17, 10, 5, 14, 20, 7, 9, 4, 12, 1, 13, 2, 8, 19, 3, 21]",264.36257688297604,16.95900011062622
