Id,Coordinates,Order,Distance,Time
9027,"[[0, 0], [89, 116], [102, 163], [35, 66], [119, 131], [89, 145], [39, 4], [70, 19], [53, 49], [72, 122], [23, 117], [4, 2], [110, 78], [62, 12], [100, 24], [87, 5], [58, 94], [15, 19], [20, 3], [119, 13], [86, 75], [0, 0]]","[0, 11, 18, 6, 13, 7, 15, 14, 19, 12, 20, 1, 4, 2, 5, 9, 16, 10, 3, 8, 17, 21]",614.9671287441016,13.786773920059204
