Id,Coordinates,Order,Distance,Time
6750,"[[0, 0], [2, 55], [43, 44], [33, 69], [74, 53], [119, 49], [89, 20], [39, 6], [122, 39], [49, 29], [5, 5], [50, 50], [57, 56], [7, 54], [81, 2], [88, 30], [108, 20], [4, 14], [97, 63], [81, 50], [114, 71], [0, 0]]","[0, 7, 9, 2, 11, 4, 19, 18, 20, 5, 8, 16, 14, 6, 15, 12, 3, 13, 1, 17, 10, 21]",438.96528509098596,18.16934895515442
