Id,Coordinates,Order,Distance,Time
1231,"[[0, 0], [127, 98], [113, 22], [143, 82], [34, 58], [3, 104], [106, 22], [53, 87], [133, 92], [70, 70], [129, 42], [56, 81], [151, 66], [67, 2], [119, 37], [27, 89], [25, 50], [35, 18], [144, 2], [3, 100], [80, 63], [0, 0]]","[0, 17, 13, 4, 7, 11, 9, 20, 14, 2, 6, 18, 10, 12, 3, 8, 1, 15, 5, 19, 16, 21]",682.5204799528219,14.702578067779541
