Id,Coordinates,Order,Distance,Time
6759,"[[0, 0], [15, 95], [30, 107], [4, 94], [1, 11], [36, 97], [19, 109], [3, 71], [7, 59], [43, 67], [9, 83], [5, 66], [40, 65], [25, 1], [29, 87], [26, 64], [41, 75], [42, 52], [16, 31], [18, 40], [45, 53], [0, 0]]","[0, 4, 18, 19, 8, 11, 7, 10, 3, 1, 6, 2, 5, 14, 16, 9, 12, 15, 20, 17, 13, 21]",311.79199491057943,15.408445358276367
