Id,Coordinates,Order,Distance,Time
2879,"[[0, 0], [135, 35], [78, 29], [28, 12], [100, 37], [105, 20], [42, 19], [140, 24], [25, 13], [122, 49], [136, 8], [63, 2], [132, 19], [76, 47], [137, 8], [161, 13], [76, 7], [72, 24], [99, 10], [139, 46], [47, 30], [0, 0]]","[0, 8, 3, 6, 20, 17, 2, 13, 4, 5, 12, 7, 1, 19, 9, 15, 14, 10, 18, 16, 11, 21]",446.72939347127436,18.718154907226562
