Id,Coordinates,Order,Distance,Time
6418,"[[0, 0], [107, 82], [159, 48], [60, 33], [121, 93], [83, 65], [72, 60], [39, 49], [53, 31], [72, 68], [123, 93], [81, 9], [81, 102], [66, 65], [169, 14], [60, 62], [19, 53], [75, 70], [32, 80], [38, 69], [143, 30], [0, 0]]","[0, 7, 15, 13, 9, 17, 5, 6, 3, 8, 11, 20, 14, 2, 10, 4, 1, 12, 18, 19, 16, 21]",586.346833939957,16.79768705368042
