Id,Coordinates,Order,Distance,Time
3608,"[[0, 0], [31, 69], [72, 13], [92, 29], [4, 1], [54, 55], [84, 68], [89, 11], [36, 20], [29, 17], [37, 66], [13, 54], [52, 49], [47, 46], [86, 7], [1, 57], [90, 56], [54, 72], [17, 54], [29, 50], [50, 56], [0, 0]]","[0, 9, 8, 13, 12, 5, 20, 19, 18, 11, 15, 1, 10, 17, 6, 16, 3, 7, 14, 2, 4, 21]",375.05627128155953,15.689659833908081
