Id,Coordinates,Order,Distance,Time
3648,"[[0, 0], [41, 186], [73, 97], [45, 97], [33, 14], [80, 96], [40, 147], [42, 110], [17, 171], [9, 67], [46, 62], [31, 188], [18, 147], [56, 40], [40, 88], [67, 4], [56, 109], [77, 58], [29, 24], [29, 48], [51, 90], [0, 0]]","[0, 4, 18, 19, 10, 17, 5, 2, 16, 3, 20, 14, 7, 12, 8, 11, 1, 6, 9, 13, 15, 21]",631.7828248674034,19.80051279067993
