Id,Coordinates,Order,Distance,Time
9802,"[[0, 0], [123, 61], [136, 74], [126, 32], [18, 48], [94, 4], [94, 29], [120, 60], [24, 23], [13, 15], [39, 77], [3, 19], [128, 59], [74, 62], [41, 54], [54, 58], [77, 4], [6, 13], [80, 16], [110, 26], [93, 71], [0, 0]]","[0, 17, 9, 8, 4, 10, 15, 13, 20, 7, 1, 12, 2, 3, 19, 6, 5, 16, 18, 14, 11, 21]",472.30363650465387,15.591185808181763
