Id,Coordinates,Order,Distance,Time
777,"[[0, 0], [74, 81], [15, 46], [44, 42], [88, 35], [48, 87], [72, 43], [81, 68], [60, 35], [52, 40], [6, 65], [47, 12], [23, 91], [52, 1], [84, 29], [66, 51], [50, 86], [55, 63], [86, 61], [78, 42], [25, 62], [0, 0]]","[0, 2, 20, 10, 12, 5, 16, 17, 15, 19, 4, 14, 13, 11, 8, 6, 18, 7, 1, 9, 3, 21]",475.5589840415382,19.114781618118286
