Id,Coordinates,Order,Distance,Time
1975,"[[0, 0], [18, 22], [46, 9], [12, 16], [33, 173], [48, 160], [22, 109], [46, 10], [48, 45], [52, 56], [50, 10], [14, 92], [14, 73], [40, 15], [23, 99], [23, 73], [51, 57], [35, 83], [41, 110], [33, 123], [16, 143], [0, 0]]","[0, 13, 7, 2, 10, 8, 9, 16, 15, 12, 11, 14, 6, 20, 4, 5, 19, 18, 17, 1, 3, 21]",448.04445281599953,17.40418028831482
