Id,Coordinates,Order,Distance,Time
3079,"[[0, 0], [78, 116], [34, 55], [124, 117], [31, 65], [111, 122], [16, 92], [82, 102], [54, 74], [27, 6], [56, 30], [25, 76], [36, 141], [87, 101], [10, 122], [36, 140], [1, 6], [20, 93], [97, 129], [113, 59], [41, 65], [0, 0]]","[0, 16, 2, 20, 8, 4, 11, 17, 6, 14, 15, 12, 1, 7, 13, 18, 5, 3, 19, 10, 9, 21]",530.6034437710166,13.210735559463501
