Id,Coordinates,Order,Distance,Time
4718,"[[0, 0], [21, 67], [16, 66], [30, 11], [49, 14], [150, 12], [70, 46], [81, 50], [139, 37], [89, 19], [31, 36], [145, 12], [2, 6], [4, 7], [34, 55], [70, 26], [111, 66], [105, 41], [40, 20], [35, 19], [2, 30], [0, 0]]","[0, 12, 13, 3, 19, 18, 4, 6, 7, 17, 16, 8, 5, 11, 9, 15, 10, 14, 1, 2, 20, 21]",460.8275332082655,13.596534729003906
