Id,Coordinates,Order,Distance,Time
4936,"[[0, 0], [47, 41], [129, 51], [63, 38], [84, 57], [32, 71], [72, 14], [5, 12], [2, 54], [78, 37], [36, 11], [166, 68], [145, 6], [92, 3], [87, 90], [71, 22], [13, 59], [125, 19], [166, 50], [47, 77], [49, 4], [0, 0]]","[0, 7, 10, 20, 6, 15, 9, 3, 1, 8, 16, 5, 19, 14, 4, 17, 12, 18, 11, 2, 13, 21]",651.4172380747152,12.727782249450684
