Id,Coordinates,Order,Distance,Time
9445,"[[0, 0], [51, 185], [59, 22], [1, 183], [46, 129], [45, 30], [6, 188], [45, 26], [36, 181], [55, 180], [39, 41], [39, 47], [54, 115], [22, 183], [41, 79], [52, 162], [38, 34], [33, 64], [54, 157], [48, 2], [40, 34], [0, 0]]","[0, 19, 2, 7, 5, 20, 16, 10, 11, 17, 14, 12, 4, 18, 15, 9, 1, 8, 13, 6, 3, 21]",494.98925629739125,16.832803964614868
