Id,Coordinates,Order,Distance,Time
6294,"[[0, 0], [28, 75], [7, 110], [31, 69], [46, 6], [29, 2], [35, 127], [22, 20], [9, 92], [5, 84], [1, 16], [34, 66], [30, 61], [48, 96], [20, 61], [37, 30], [18, 123], [26, 97], [28, 117], [35, 107], [22, 61], [0, 0]]","[0, 5, 4, 15, 12, 11, 3, 20, 14, 9, 8, 17, 18, 2, 16, 6, 19, 13, 1, 7, 10, 21]",417.25017773432086,15.055145263671875
