Id,Coordinates,Order,Distance,Time
1706,"[[0, 0], [25, 47], [3, 44], [18, 95], [1, 22], [21, 78], [20, 84], [5, 79], [18, 23], [26, 26], [9, 92], [6, 107], [12, 5], [2, 12], [13, 5], [9, 81], [11, 86], [6, 39], [13, 70], [1, 80], [15, 4], [0, 0]]","[0, 13, 4, 17, 2, 18, 5, 6, 16, 15, 7, 19, 10, 11, 3, 1, 9, 8, 12, 14, 20, 21]",275.7188623072951,20.496998071670532
