Id,Coordinates,Order,Distance,Time
5824,"[[0, 0], [30, 134], [37, 90], [56, 88], [48, 10], [19, 134], [11, 104], [70, 12], [43, 69], [64, 43], [66, 58], [24, 15], [3, 62], [55, 100], [40, 19], [55, 7], [65, 70], [43, 12], [11, 42], [50, 135], [10, 123], [0, 0]]","[0, 11, 14, 17, 4, 15, 7, 9, 10, 16, 2, 6, 20, 5, 1, 19, 13, 3, 8, 12, 18, 21]",443.1588015661619,15.76395058631897
