Id,Coordinates,Order,Distance,Time
5697,"[[0, 0], [13, 63], [27, 84], [78, 23], [56, 69], [69, 12], [6, 32], [32, 3], [34, 81], [1, 83], [3, 29], [65, 13], [50, 75], [37, 34], [24, 81], [14, 84], [41, 40], [120, 53], [59, 48], [24, 30], [89, 5], [0, 0]]","[0, 10, 6, 19, 13, 18, 4, 12, 8, 2, 14, 15, 9, 1, 16, 11, 5, 3, 17, 20, 7, 21]",484.25930158612584,18.405616760253906
