Id,Coordinates,Order,Distance,Time
5454,"[[0, 0], [44, 21], [70, 70], [43, 61], [9, 93], [75, 76], [58, 28], [64, 141], [23, 93], [29, 81], [73, 50], [12, 138], [23, 168], [51, 11], [21, 165], [83, 137], [35, 35], [82, 92], [1, 52], [25, 24], [8, 36], [0, 0]]","[0, 19, 16, 1, 13, 6, 10, 2, 5, 17, 15, 7, 12, 14, 11, 4, 8, 9, 3, 18, 20, 21]",507.69216283067493,15.792607307434082
