Id,Coordinates,Order,Distance,Time
4542,"[[0, 0], [63, 37], [73, 28], [121, 11], [41, 19], [18, 1], [12, 23], [132, 36], [25, 15], [104, 25], [76, 42], [122, 31], [13, 48], [23, 24], [116, 27], [20, 52], [49, 24], [133, 26], [67, 31], [132, 43], [68, 35], [0, 0]]","[0, 8, 13, 6, 12, 15, 1, 20, 18, 2, 10, 9, 14, 11, 19, 7, 17, 3, 16, 4, 5, 21]",391.42255442170347,14.1181960105896
