Id,Coordinates,Order,Distance,Time
6441,"[[0, 0], [18, 75], [12, 10], [20, 69], [95, 23], [82, 34], [18, 58], [78, 39], [85, 44], [75, 48], [3, 30], [123, 76], [70, 70], [17, 63], [68, 12], [128, 49], [72, 62], [127, 50], [44, 51], [129, 45], [30, 6], [0, 0]]","[0, 2, 10, 6, 13, 3, 1, 18, 16, 12, 9, 7, 5, 8, 11, 17, 15, 19, 4, 14, 20, 21]",429.291823527751,17.177217483520508
