Id,Coordinates,Order,Distance,Time
541,"[[0, 0], [187, 68], [148, 8], [89, 137], [13, 96], [173, 108], [125, 84], [170, 23], [67, 147], [51, 106], [2, 68], [190, 97], [94, 52], [15, 126], [98, 46], [131, 123], [108, 119], [48, 106], [151, 29], [184, 28], [59, 109], [0, 0]]","[0, 10, 4, 13, 17, 9, 20, 8, 3, 16, 15, 18, 2, 7, 19, 1, 11, 5, 6, 14, 12, 21]",753.0701587906193,18.294238805770874
