Id,Coordinates,Order,Distance,Time
8811,"[[0, 0], [32, 21], [3, 22], [63, 12], [51, 6], [74, 7], [21, 6], [36, 17], [81, 17], [111, 19], [56, 5], [38, 13], [60, 7], [22, 22], [64, 3], [85, 11], [64, 13], [62, 18], [4, 11], [23, 18], [28, 21], [0, 0]]","[0, 18, 2, 13, 19, 20, 1, 7, 4, 10, 12, 14, 3, 16, 5, 15, 9, 8, 17, 11, 6, 21]",269.06249874221743,16.34335207939148
