Id,Coordinates,Order,Distance,Time
4322,"[[0, 0], [16, 37], [16, 25], [11, 42], [11, 40], [15, 37], [6, 27], [22, 19], [18, 62], [1, 21], [16, 23], [13, 65], [5, 40], [22, 69], [8, 81], [18, 60], [21, 38], [8, 6], [3, 47], [21, 100], [12, 72], [0, 0]]","[0, 9, 6, 2, 10, 1, 5, 4, 3, 12, 18, 15, 8, 11, 20, 14, 19, 13, 16, 7, 17, 21]",253.42231001263346,17.242446660995483
