Id,Coordinates,Order,Distance,Time
8922,"[[0, 0], [65, 26], [52, 25], [53, 48], [91, 14], [87, 39], [135, 15], [77, 38], [98, 62], [131, 27], [55, 51], [53, 45], [41, 71], [43, 18], [131, 34], [120, 29], [127, 43], [32, 79], [92, 55], [2, 10], [80, 11], [0, 0]]","[0, 13, 2, 7, 5, 18, 8, 16, 14, 9, 6, 15, 4, 20, 1, 11, 3, 10, 12, 17, 19, 21]",422.14853876423194,14.626569986343384
