Id,Coordinates,Order,Distance,Time
6108,"[[0, 0], [106, 58], [106, 7], [10, 70], [106, 32], [20, 54], [103, 4], [125, 50], [105, 27], [4, 12], [100, 59], [73, 11], [5, 21], [81, 61], [138, 70], [4, 57], [125, 66], [12, 4], [143, 18], [108, 21], [133, 1], [0, 0]]","[0, 9, 12, 15, 3, 5, 13, 10, 1, 16, 14, 7, 4, 8, 19, 2, 6, 20, 18, 11, 17, 21]",485.1987261951723,13.543099641799927
