Id,Coordinates,Order,Distance,Time
5327,"[[0, 0], [114, 80], [109, 92], [10, 23], [130, 26], [86, 83], [93, 39], [58, 42], [126, 75], [47, 39], [76, 34], [38, 95], [35, 66], [45, 62], [74, 78], [46, 16], [67, 81], [25, 78], [12, 22], [80, 33], [62, 51], [0, 0]]","[0, 18, 3, 9, 7, 20, 13, 12, 17, 11, 16, 14, 5, 2, 1, 8, 4, 6, 19, 10, 15, 21]",449.9247107739171,18.26937198638916
