Id,Coordinates,Order,Distance,Time
4019,"[[0, 0], [20, 128], [9, 114], [7, 60], [8, 36], [1, 135], [28, 60], [27, 39], [29, 30], [25, 24], [6, 3], [14, 79], [21, 126], [3, 51], [15, 146], [23, 87], [21, 74], [9, 1], [9, 4], [28, 143], [17, 107], [0, 0]]","[0, 10, 17, 18, 9, 8, 7, 13, 3, 11, 20, 12, 1, 19, 14, 5, 2, 15, 16, 6, 4, 21]",359.0566153240198,16.374227046966553
