Id,Coordinates,Order,Distance,Time
5031,"[[0, 0], [13, 43], [19, 53], [63, 28], [24, 21], [32, 43], [23, 15], [41, 83], [36, 29], [56, 68], [36, 20], [12, 72], [43, 3], [63, 21], [22, 23], [27, 23], [54, 73], [41, 43], [1, 56], [36, 66], [28, 62], [0, 0]]","[0, 6, 4, 14, 15, 10, 8, 5, 20, 19, 7, 16, 9, 11, 18, 1, 2, 17, 3, 13, 12, 21]",362.0410518067812,18.149338722229004
