Id,Coordinates,Order,Distance,Time
1610,"[[0, 0], [10, 76], [1, 34], [1, 61], [23, 35], [9, 19], [1, 43], [16, 37], [19, 33], [18, 63], [21, 37], [12, 61], [17, 62], [25, 18], [4, 71], [11, 33], [11, 66], [9, 6], [32, 61], [5, 32], [12, 56], [0, 0]]","[0, 5, 19, 2, 6, 15, 7, 8, 4, 10, 20, 11, 12, 9, 16, 3, 14, 1, 18, 13, 17, 21]",250.53667330141235,13.926463842391968
