Id,Coordinates,Order,Distance,Time
4850,"[[0, 0], [71, 35], [43, 44], [40, 6], [24, 48], [48, 51], [42, 15], [68, 66], [63, 73], [9, 10], [30, 80], [68, 72], [16, 72], [71, 30], [54, 1], [30, 9], [62, 88], [60, 61], [36, 27], [16, 2], [23, 33], [0, 0]]","[0, 9, 15, 6, 2, 5, 17, 7, 11, 8, 16, 10, 12, 4, 20, 18, 1, 13, 14, 3, 19, 21]",369.298638213292,13.692634344100952
