Id,Coordinates,Order,Distance,Time
8460,"[[0, 0], [37, 58], [32, 36], [45, 10], [9, 97], [26, 63], [25, 5], [35, 33], [16, 65], [27, 28], [9, 34], [10, 152], [11, 154], [3, 33], [18, 19], [48, 9], [36, 135], [49, 146], [50, 33], [14, 71], [29, 160], [0, 0]]","[0, 6, 14, 9, 2, 7, 18, 3, 15, 1, 5, 8, 16, 17, 20, 12, 11, 4, 19, 10, 13, 21]",474.246182825189,17.815999507904053
