Id,Coordinates,Order,Distance,Time
9210,"[[0, 0], [68, 14], [22, 11], [94, 16], [36, 4], [95, 19], [54, 10], [4, 13], [92, 10], [31, 11], [94, 10], [91, 3], [11, 6], [91, 19], [25, 13], [57, 19], [17, 3], [65, 15], [3, 6], [102, 9], [20, 10], [0, 0]]","[0, 18, 7, 12, 20, 2, 14, 9, 6, 15, 17, 1, 13, 5, 3, 10, 8, 19, 11, 4, 16, 21]",241.88629668247185,13.459128379821777
