Id,Coordinates,Order,Distance,Time
3135,"[[0, 0], [9, 37], [14, 103], [57, 24], [13, 77], [33, 34], [33, 39], [60, 95], [16, 64], [11, 41], [13, 22], [54, 100], [48, 12], [18, 45], [67, 40], [17, 30], [70, 79], [5, 3], [26, 89], [47, 62], [67, 2], [0, 0]]","[0, 17, 10, 15, 9, 13, 6, 5, 12, 20, 3, 14, 19, 16, 7, 11, 18, 2, 4, 8, 1, 21]",406.1362470373509,17.415449380874634
