Id,Coordinates,Order,Distance,Time
4877,"[[0, 0], [48, 42], [12, 42], [13, 10], [68, 23], [23, 15], [46, 37], [29, 26], [62, 28], [9, 11], [61, 37], [20, 18], [78, 2], [42, 7], [7, 22], [15, 1], [64, 23], [64, 33], [12, 2], [64, 3], [74, 24], [0, 0]]","[0, 18, 15, 3, 11, 7, 6, 1, 10, 17, 8, 16, 4, 20, 12, 19, 13, 5, 2, 14, 9, 21]",266.170043948855,17.71409583091736
