Id,Coordinates,Order,Distance,Time
3220,"[[0, 0], [22, 140], [55, 141], [43, 160], [15, 123], [65, 143], [17, 7], [20, 171], [54, 64], [45, 74], [72, 153], [75, 43], [31, 30], [67, 172], [43, 85], [5, 122], [44, 121], [21, 125], [39, 175], [48, 81], [32, 167], [0, 0]]","[0, 12, 11, 8, 9, 19, 14, 16, 2, 5, 10, 13, 3, 18, 20, 7, 1, 17, 4, 15, 6, 21]",508.19897392199937,15.123115539550781
