Id,Coordinates,Order,Distance,Time
6388,"[[0, 0], [93, 10], [62, 51], [176, 11], [96, 74], [27, 158], [47, 38], [21, 149], [146, 98], [166, 60], [56, 56], [16, 73], [59, 39], [61, 148], [125, 154], [124, 43], [179, 67], [9, 120], [71, 55], [28, 93], [71, 36], [0, 0]]","[0, 6, 12, 10, 2, 18, 20, 1, 4, 15, 3, 9, 16, 8, 14, 13, 5, 7, 17, 19, 11, 21]",769.2167010368277,14.992213487625122
