Id,Coordinates,Order,Distance,Time
8277,"[[0, 0], [7, 32], [2, 30], [13, 173], [9, 14], [7, 67], [3, 87], [12, 172], [8, 116], [13, 131], [10, 148], [11, 138], [2, 10], [1, 171], [8, 115], [11, 122], [12, 160], [4, 84], [5, 59], [6, 23], [4, 150], [0, 0]]","[0, 4, 19, 1, 18, 5, 17, 14, 8, 15, 9, 11, 10, 16, 7, 3, 13, 20, 6, 2, 12, 21]",361.4563421157326,18.202284812927246
