Id,Coordinates,Order,Distance,Time
3713,"[[0, 0], [8, 16], [1, 13], [10, 7], [8, 19], [1, 2], [11, 6], [3, 11], [8, 18], [9, 7], [9, 8], [11, 13], [6, 8], [5, 22], [9, 12], [10, 26], [4, 13], [9, 28], [5, 14], [1, 11], [2, 3], [0, 0]]","[0, 5, 20, 12, 9, 6, 3, 10, 14, 11, 1, 8, 4, 15, 17, 13, 18, 16, 7, 2, 19, 21]",75.01023730385377,15.928969383239746
