Id,Coordinates,Order,Distance,Time
668,"[[0, 0], [52, 9], [53, 5], [53, 8], [20, 1], [30, 11], [38, 5], [53, 8], [37, 4], [31, 5], [9, 1], [57, 2], [6, 10], [26, 7], [28, 8], [57, 11], [42, 10], [38, 11], [45, 8], [4, 1], [9, 7], [0, 0]]","[0, 19, 20, 12, 13, 14, 5, 9, 8, 6, 17, 16, 18, 1, 3, 7, 15, 11, 2, 4, 10, 21]",149.33196597138055,12.879638910293579
