Id,Coordinates,Order,Distance,Time
3594,"[[0, 0], [115, 25], [165, 54], [156, 17], [151, 64], [26, 75], [101, 20], [84, 60], [47, 73], [119, 84], [68, 68], [36, 41], [164, 59], [133, 18], [129, 17], [73, 4], [63, 90], [83, 53], [105, 30], [13, 41], [141, 43], [0, 0]]","[0, 19, 11, 5, 8, 16, 10, 7, 17, 1, 14, 13, 3, 20, 2, 12, 4, 9, 18, 6, 15, 21]",563.2974701755795,13.453011274337769
