Id,Coordinates,Order,Distance,Time
8806,"[[0, 0], [1, 40], [2, 57], [4, 62], [10, 55], [1, 51], [5, 31], [3, 2], [12, 41], [3, 34], [2, 27], [8, 25], [11, 51], [8, 64], [6, 31], [6, 54], [12, 52], [7, 26], [6, 60], [8, 32], [8, 16], [0, 0]]","[0, 7, 20, 11, 17, 6, 14, 9, 1, 5, 15, 4, 16, 12, 13, 18, 3, 2, 8, 19, 10, 21]",160.4404511922305,18.21263599395752
