Id,Coordinates,Order,Distance,Time
1006,"[[0, 0], [135, 83], [119, 20], [4, 14], [87, 32], [140, 82], [108, 1], [70, 50], [22, 26], [147, 32], [65, 85], [124, 60], [142, 17], [47, 10], [136, 6], [160, 79], [87, 82], [136, 82], [48, 3], [164, 32], [144, 53], [0, 0]]","[0, 3, 8, 7, 10, 16, 11, 20, 9, 12, 14, 6, 2, 19, 15, 5, 17, 1, 4, 13, 18, 21]",600.837859578385,16.405151844024658
