Id,Coordinates,Order,Distance,Time
8835,"[[0, 0], [5, 27], [17, 19], [13, 8], [4, 13], [11, 27], [4, 17], [8, 14], [19, 3], [8, 16], [29, 1], [9, 26], [15, 16], [17, 30], [6, 5], [25, 35], [26, 4], [3, 28], [24, 5], [25, 37], [14, 24], [0, 0]]","[0, 14, 4, 6, 9, 7, 12, 2, 20, 5, 11, 1, 17, 13, 15, 19, 18, 16, 10, 8, 3, 21]",152.0771347132228,14.347809553146362
