Id,Coordinates,Order,Distance,Time
625,"[[0, 0], [55, 30], [27, 35], [81, 15], [138, 5], [128, 20], [20, 8], [96, 25], [28, 38], [104, 36], [101, 7], [10, 13], [23, 30], [157, 1], [151, 26], [38, 10], [45, 38], [3, 33], [72, 5], [91, 39], [75, 17], [0, 0]]","[0, 11, 17, 12, 2, 8, 16, 1, 20, 3, 18, 10, 7, 9, 5, 4, 13, 14, 19, 15, 6, 21]",454.62745048537647,17.839980363845825
