Id,Coordinates,Order,Distance,Time
4096,"[[0, 0], [17, 8], [56, 3], [55, 3], [20, 19], [7, 3], [70, 19], [76, 16], [12, 10], [24, 4], [73, 17], [33, 5], [6, 13], [12, 21], [66, 3], [33, 14], [56, 1], [62, 21], [24, 17], [24, 7], [21, 13], [0, 0]]","[0, 5, 8, 1, 20, 18, 19, 9, 11, 3, 2, 16, 14, 10, 7, 6, 17, 15, 4, 13, 12, 21]",199.44499067562137,14.86061978340149
