Id,Coordinates,Order,Distance,Time
3153,"[[0, 0], [75, 112], [85, 161], [67, 25], [37, 56], [14, 63], [40, 110], [57, 81], [74, 103], [52, 1], [69, 85], [26, 114], [76, 108], [35, 155], [4, 2], [7, 5], [2, 122], [62, 93], [88, 15], [16, 38], [15, 153], [0, 0]]","[0, 14, 15, 19, 5, 4, 7, 17, 6, 11, 16, 20, 13, 2, 1, 12, 8, 10, 3, 18, 9, 21]",559.9209915087356,18.86407446861267
