Id,Coordinates,Order,Distance,Time
9795,"[[0, 0], [44, 73], [61, 55], [49, 9], [41, 43], [52, 40], [9, 24], [60, 58], [46, 23], [30, 51], [94, 45], [21, 65], [56, 19], [71, 93], [33, 5], [3, 45], [48, 42], [41, 51], [17, 65], [22, 84], [62, 20], [0, 0]]","[0, 6, 15, 18, 11, 9, 17, 4, 16, 5, 2, 7, 1, 19, 13, 10, 20, 12, 8, 3, 14, 21]",413.94902978825814,17.36838412284851
