Id,Coordinates,Order,Distance,Time
6126,"[[0, 0], [64, 5], [62, 17], [30, 13], [81, 14], [39, 2], [81, 12], [22, 5], [58, 2], [42, 3], [24, 17], [39, 6], [23, 1], [14, 1], [4, 3], [46, 9], [69, 14], [81, 2], [54, 2], [78, 16], [49, 1], [0, 0]]","[0, 14, 13, 7, 12, 11, 5, 9, 15, 20, 18, 8, 1, 16, 19, 4, 6, 17, 2, 3, 10, 21]",210.95225721094062,13.104949712753296
