Id,Coordinates,Order,Distance,Time
7442,"[[0, 0], [128, 139], [101, 43], [43, 40], [53, 27], [37, 7], [121, 99], [160, 13], [72, 155], [46, 107], [146, 47], [82, 96], [111, 118], [58, 140], [52, 26], [80, 104], [67, 121], [145, 132], [88, 79], [43, 8], [90, 21], [0, 0]]","[0, 5, 14, 4, 3, 18, 11, 15, 9, 16, 13, 8, 1, 17, 12, 6, 10, 7, 2, 20, 19, 21]",678.0361395665601,14.985187530517578
