Id,Coordinates,Order,Distance,Time
2715,"[[0, 0], [16, 8], [25, 1], [132, 6], [79, 12], [124, 8], [10, 2], [70, 12], [56, 10], [67, 4], [63, 10], [24, 3], [25, 1], [130, 10], [121, 2], [71, 14], [124, 13], [85, 10], [91, 7], [74, 12], [50, 6], [0, 0]]","[0, 6, 11, 2, 12, 8, 10, 7, 15, 19, 4, 17, 18, 14, 5, 3, 13, 16, 9, 20, 1, 21]",279.22356825873555,15.73004674911499
