Id,Coordinates,Order,Distance,Time
5845,"[[0, 0], [145, 12], [79, 3], [170, 6], [167, 11], [191, 21], [175, 5], [52, 8], [16, 13], [109, 20], [8, 3], [42, 9], [198, 24], [195, 17], [197, 13], [102, 15], [161, 6], [170, 13], [99, 2], [177, 3], [65, 6], [0, 0]]","[0, 10, 8, 11, 7, 20, 2, 15, 9, 1, 16, 3, 6, 19, 14, 13, 12, 5, 17, 4, 18, 21]",425.37030977521783,19.482812643051147
