Id,Coordinates,Order,Distance,Time
1252,"[[0, 0], [14, 17], [42, 2], [5, 13], [44, 2], [40, 1], [13, 14], [8, 18], [30, 12], [26, 14], [10, 7], [16, 15], [36, 15], [24, 5], [9, 10], [39, 6], [7, 11], [13, 17], [44, 7], [7, 10], [46, 14], [0, 0]]","[0, 10, 14, 19, 16, 3, 7, 17, 1, 6, 11, 9, 8, 15, 5, 2, 4, 18, 20, 12, 13, 21]",135.59132622950537,20.378416299819946
