Id,Coordinates,Order,Distance,Time
7346,"[[0, 0], [22, 26], [4, 51], [39, 165], [2, 35], [58, 66], [22, 71], [11, 42], [9, 33], [36, 26], [80, 184], [5, 110], [46, 33], [57, 41], [46, 96], [70, 110], [6, 30], [56, 137], [36, 76], [8, 139], [58, 38], [0, 0]]","[0, 16, 8, 4, 7, 2, 6, 18, 14, 17, 10, 3, 19, 11, 15, 5, 20, 12, 9, 1, 13, 21]",623.9388747847373,19.727903842926025
