Id,Coordinates,Order,Distance,Time
6003,"[[0, 0], [12, 1], [82, 16], [154, 28], [82, 62], [145, 49], [86, 24], [157, 75], [52, 101], [87, 37], [11, 126], [63, 36], [37, 84], [185, 128], [61, 34], [14, 56], [152, 121], [158, 49], [111, 103], [65, 58], [174, 79], [0, 0]]","[0, 15, 12, 10, 8, 4, 9, 14, 11, 19, 18, 16, 13, 20, 7, 17, 5, 3, 6, 2, 1, 21]",749.2713270396243,16.79583430290222
