Id,Coordinates,Order,Distance,Time
187,"[[0, 0], [57, 94], [30, 61], [55, 163], [47, 29], [59, 41], [59, 34], [40, 107], [63, 1], [27, 51], [26, 147], [52, 79], [41, 118], [21, 158], [63, 46], [77, 146], [74, 43], [62, 154], [73, 7], [21, 54], [9, 158], [0, 0]]","[0, 4, 6, 5, 14, 16, 18, 8, 9, 2, 7, 12, 10, 13, 20, 3, 17, 15, 1, 11, 19, 21]",570.5738150124379,16.08832287788391
