Id,Coordinates,Order,Distance,Time
2234,"[[0, 0], [43, 41], [45, 8], [33, 45], [38, 17], [27, 31], [49, 7], [15, 36], [34, 20], [2, 41], [24, 37], [29, 34], [32, 54], [34, 5], [27, 46], [27, 7], [27, 44], [38, 34], [19, 4], [17, 44], [34, 13], [0, 0]]","[0, 18, 15, 20, 8, 5, 11, 10, 16, 14, 12, 3, 1, 17, 19, 9, 7, 4, 2, 6, 13, 21]",260.473745959093,20.942941427230835
