Id,Coordinates,Order,Distance,Time
9620,"[[0, 0], [28, 2], [33, 92], [4, 175], [77, 100], [59, 65], [28, 71], [11, 4], [51, 18], [73, 76], [45, 4], [37, 105], [77, 56], [9, 139], [5, 83], [29, 53], [12, 163], [71, 69], [45, 16], [71, 83], [37, 47], [0, 0]]","[0, 7, 1, 10, 18, 8, 20, 15, 6, 14, 13, 16, 3, 11, 2, 4, 19, 9, 17, 12, 5, 21]",534.7135729217922,15.362533807754517
