Id,Coordinates,Order,Distance,Time
3669,"[[0, 0], [31, 38], [56, 19], [34, 12], [20, 36], [57, 41], [46, 11], [31, 55], [48, 24], [30, 43], [38, 54], [17, 53], [31, 54], [21, 59], [58, 10], [10, 44], [53, 2], [50, 18], [29, 8], [19, 17], [16, 6], [0, 0]]","[0, 20, 18, 3, 6, 16, 14, 2, 17, 8, 5, 10, 12, 7, 13, 11, 15, 4, 9, 1, 19, 21]",249.58226419715612,19.61225962638855
