Id,Coordinates,Order,Distance,Time
2416,"[[0, 0], [138, 60], [24, 101], [169, 29], [21, 57], [55, 107], [157, 106], [71, 72], [64, 56], [99, 106], [22, 86], [148, 133], [125, 96], [159, 113], [77, 85], [108, 63], [122, 77], [147, 49], [48, 136], [140, 86], [81, 114], [0, 0]]","[0, 4, 10, 2, 18, 20, 9, 12, 19, 16, 15, 1, 17, 3, 6, 13, 11, 5, 14, 7, 8, 21]",718.131856048826,17.242616176605225
