Id,Coordinates,Order,Distance,Time
5064,"[[0, 0], [44, 8], [91, 2], [95, 1], [109, 19], [131, 4], [121, 9], [151, 10], [9, 2], [132, 16], [133, 16], [42, 4], [19, 11], [15, 7], [6, 1], [149, 17], [48, 17], [91, 20], [68, 14], [138, 18], [68, 17], [0, 0]]","[0, 14, 8, 13, 12, 11, 1, 18, 2, 3, 6, 9, 10, 19, 15, 7, 5, 4, 17, 20, 16, 21]",329.63363363606777,20.458006620407104
