Id,Coordinates,Order,Distance,Time
9339,"[[0, 0], [107, 78], [74, 151], [45, 100], [40, 122], [96, 59], [111, 1], [73, 146], [100, 35], [1, 143], [67, 2], [106, 39], [66, 150], [76, 92], [58, 5], [22, 112], [98, 28], [97, 36], [8, 3], [114, 95], [76, 22], [0, 0]]","[0, 14, 10, 6, 16, 17, 8, 11, 5, 1, 19, 3, 15, 9, 4, 12, 2, 7, 13, 20, 18, 21]",653.2795083569598,16.058289051055908
