Id,Coordinates,Order,Distance,Time
4447,"[[0, 0], [84, 99], [67, 34], [67, 139], [24, 65], [50, 31], [3, 60], [9, 149], [87, 35], [54, 2], [2, 47], [81, 137], [52, 142], [14, 41], [73, 81], [37, 72], [94, 50], [4, 27], [86, 103], [71, 30], [57, 61], [0, 0]]","[0, 17, 13, 10, 6, 4, 15, 14, 1, 18, 11, 3, 12, 7, 20, 2, 16, 8, 19, 5, 9, 21]",574.4201989128275,16.13301920890808
