Id,Coordinates,Order,Distance,Time
6138,"[[0, 0], [17, 58], [20, 25], [6, 68], [21, 44], [3, 139], [1, 14], [17, 40], [7, 144], [1, 157], [10, 2], [10, 69], [11, 156], [11, 59], [11, 70], [10, 21], [9, 138], [20, 75], [20, 23], [7, 89], [12, 55], [0, 0]]","[0, 10, 15, 18, 2, 7, 4, 20, 13, 1, 11, 14, 17, 19, 16, 8, 12, 9, 5, 3, 6, 21]",365.12687060898344,17.265340566635132
