Id,Coordinates,Order,Distance,Time
6105,"[[0, 0], [72, 100], [65, 55], [48, 126], [122, 48], [92, 8], [96, 26], [60, 117], [129, 39], [15, 87], [63, 74], [103, 62], [16, 24], [109, 85], [119, 63], [75, 69], [34, 129], [20, 89], [129, 55], [72, 30], [53, 78], [0, 0]]","[0, 19, 5, 6, 8, 4, 18, 14, 11, 13, 15, 2, 10, 20, 1, 7, 3, 16, 17, 9, 12, 21]",538.0166177797603,18.992854118347168
