Id,Coordinates,Order,Distance,Time
680,"[[0, 0], [62, 6], [94, 16], [41, 14], [6, 20], [115, 9], [61, 17], [7, 18], [131, 22], [35, 3], [70, 22], [124, 3], [144, 6], [104, 22], [14, 24], [33, 9], [141, 6], [89, 20], [29, 22], [53, 14], [85, 22], [0, 0]]","[0, 7, 4, 14, 18, 3, 19, 6, 10, 20, 17, 5, 11, 16, 12, 8, 13, 2, 1, 9, 15, 21]",329.1703020859012,15.723660230636597
