Id,Coordinates,Order,Distance,Time
4101,"[[0, 0], [94, 18], [180, 45], [37, 27], [170, 14], [160, 23], [60, 45], [103, 28], [121, 30], [48, 40], [19, 43], [133, 24], [177, 2], [96, 41], [186, 38], [13, 13], [189, 8], [3, 33], [169, 33], [111, 16], [149, 7], [0, 0]]","[0, 17, 10, 9, 6, 13, 7, 8, 11, 20, 4, 12, 16, 14, 2, 18, 5, 19, 1, 3, 15, 21]",488.0545269697178,15.474669218063354
