Id,Coordinates,Order,Distance,Time
7781,"[[0, 0], [56, 11], [67, 11], [74, 111], [102, 104], [31, 50], [141, 16], [88, 121], [6, 62], [55, 27], [69, 91], [96, 57], [18, 27], [109, 72], [83, 110], [41, 14], [3, 19], [30, 79], [131, 44], [52, 62], [27, 99], [0, 0]]","[0, 16, 12, 5, 8, 17, 20, 19, 11, 13, 4, 7, 14, 3, 10, 18, 6, 2, 1, 9, 15, 21]",615.5031902918925,16.827552318572998
