Id,Coordinates,Order,Distance,Time
6505,"[[0, 0], [26, 104], [63, 51], [37, 8], [57, 103], [75, 137], [20, 10], [6, 7], [35, 129], [65, 32], [14, 18], [23, 111], [70, 49], [26, 86], [9, 45], [33, 101], [82, 68], [57, 45], [80, 24], [76, 95], [78, 75], [0, 0]]","[0, 6, 3, 18, 9, 17, 2, 12, 16, 20, 19, 4, 5, 1, 11, 8, 15, 13, 14, 10, 7, 21]",469.72278381961127,17.2253680229187
