Id,Coordinates,Order,Distance,Time
2964,"[[0, 0], [62, 10], [44, 6], [7, 9], [22, 5], [18, 6], [66, 8], [31, 4], [5, 7], [11, 1], [48, 4], [14, 10], [38, 12], [56, 11], [31, 4], [28, 6], [7, 1], [1, 7], [9, 6], [41, 5], [9, 8], [0, 0]]","[0, 18, 20, 3, 8, 17, 11, 5, 4, 15, 7, 14, 19, 2, 10, 6, 1, 13, 12, 9, 16, 21]",158.62294697322088,13.350488901138306
