Id,Coordinates,Order,Distance,Time
1435,"[[0, 0], [15, 37], [10, 8], [88, 73], [82, 78], [50, 21], [92, 26], [15, 87], [59, 73], [33, 20], [56, 58], [45, 39], [84, 28], [78, 27], [39, 69], [136, 65], [39, 16], [68, 18], [101, 75], [86, 4], [116, 16], [0, 0]]","[0, 2, 9, 16, 5, 17, 13, 12, 6, 19, 20, 15, 18, 3, 4, 8, 7, 14, 10, 11, 1, 21]",480.381510913555,18.41645359992981
