Id,Coordinates,Order,Distance,Time
6323,"[[0, 0], [5, 76], [28, 134], [18, 62], [10, 18], [23, 35], [20, 77], [13, 146], [3, 10], [11, 105], [1, 36], [17, 27], [8, 161], [14, 140], [25, 35], [6, 139], [25, 170], [4, 111], [11, 17], [28, 143], [21, 40], [0, 0]]","[0, 8, 4, 18, 11, 5, 14, 20, 3, 6, 9, 17, 15, 13, 7, 12, 16, 19, 2, 1, 10, 21]",379.55305437494263,14.643994808197021
