Id,Coordinates,Order,Distance,Time
8051,"[[0, 0], [34, 157], [11, 140], [24, 56], [5, 17], [62, 39], [70, 144], [1, 108], [2, 126], [2, 107], [42, 88], [14, 74], [43, 31], [63, 120], [44, 160], [61, 50], [28, 60], [42, 89], [22, 33], [3, 143], [60, 68], [0, 0]]","[0, 4, 18, 12, 5, 15, 20, 10, 17, 9, 7, 8, 19, 2, 1, 14, 6, 13, 11, 16, 3, 21]",475.79532159667974,17.41900372505188
