Id,Coordinates,Order,Distance,Time
6070,"[[0, 0], [82, 46], [71, 3], [110, 76], [149, 4], [147, 99], [125, 159], [29, 42], [98, 56], [4, 30], [24, 131], [69, 67], [146, 133], [38, 22], [148, 28], [133, 86], [66, 104], [101, 126], [95, 3], [32, 54], [13, 77], [0, 0]]","[0, 9, 7, 19, 20, 10, 16, 11, 1, 8, 3, 15, 5, 12, 6, 17, 14, 4, 18, 2, 13, 21]",753.3799106022321,14.41848349571228
