Id,Coordinates,Order,Distance,Time
935,"[[0, 0], [11, 125], [20, 79], [29, 1], [42, 139], [34, 29], [36, 127], [24, 5], [16, 95], [24, 8], [52, 59], [48, 119], [10, 134], [23, 97], [25, 48], [33, 4], [15, 68], [11, 129], [14, 52], [52, 70], [13, 9], [0, 0]]","[0, 9, 7, 3, 15, 14, 18, 16, 2, 8, 13, 1, 17, 12, 4, 6, 11, 19, 10, 5, 20, 21]",386.76329115506996,14.95328402519226
