Id,Coordinates,Order,Distance,Time
5595,"[[0, 0], [22, 95], [20, 67], [4, 20], [5, 109], [22, 80], [14, 58], [22, 153], [29, 40], [5, 116], [17, 24], [30, 136], [42, 149], [3, 16], [2, 101], [15, 81], [36, 153], [38, 21], [26, 36], [44, 146], [7, 49], [0, 0]]","[0, 13, 3, 20, 6, 2, 15, 14, 4, 9, 11, 19, 12, 16, 7, 1, 5, 8, 18, 17, 10, 21]",387.5171521934522,17.79119873046875
