Id,Coordinates,Order,Distance,Time
4195,"[[0, 0], [39, 33], [9, 76], [40, 33], [33, 144], [60, 132], [30, 24], [32, 156], [10, 103], [11, 31], [37, 31], [46, 146], [46, 131], [6, 17], [13, 110], [61, 97], [47, 25], [10, 141], [9, 23], [16, 120], [27, 17], [0, 0]]","[0, 13, 18, 9, 10, 1, 3, 2, 8, 14, 19, 17, 7, 4, 11, 12, 5, 15, 16, 6, 20, 21]",427.50625486165893,15.406576156616211
