Id,Coordinates,Order,Distance,Time
3895,"[[0, 0], [61, 86], [113, 142], [112, 142], [48, 104], [78, 117], [34, 19], [64, 38], [43, 75], [85, 103], [7, 117], [54, 124], [126, 84], [46, 81], [128, 47], [130, 19], [49, 117], [17, 20], [111, 16], [27, 113], [79, 77], [0, 0]]","[0, 17, 6, 7, 8, 13, 1, 4, 16, 11, 5, 9, 20, 18, 15, 14, 12, 3, 2, 19, 10, 21]",696.3062268528441,16.210959911346436
