Id,Coordinates,Order,Distance,Time
6694,"[[0, 0], [3, 73], [8, 77], [9, 22], [5, 157], [17, 10], [22, 146], [27, 5], [18, 41], [17, 61], [14, 79], [13, 155], [9, 135], [12, 34], [17, 132], [7, 27], [9, 70], [1, 80], [24, 37], [15, 110], [2, 49], [0, 0]]","[0, 5, 7, 3, 15, 13, 8, 18, 9, 16, 2, 10, 19, 14, 6, 11, 4, 12, 17, 1, 20, 21]",382.74584957384025,17.308002710342407
