Id,Coordinates,Order,Distance,Time
8587,"[[0, 0], [127, 22], [34, 38], [72, 3], [35, 38], [98, 22], [78, 17], [86, 10], [84, 35], [28, 23], [11, 4], [87, 15], [82, 14], [25, 11], [84, 3], [26, 11], [2, 32], [161, 38], [26, 15], [120, 4], [38, 25], [0, 0]]","[0, 10, 13, 15, 18, 9, 4, 2, 3, 14, 7, 11, 12, 6, 5, 19, 1, 17, 8, 20, 16, 21]",442.09702130419674,14.23738408088684
