Id,Coordinates,Order,Distance,Time
9373,"[[0, 0], [57, 35], [60, 18], [184, 45], [78, 21], [13, 8], [156, 42], [142, 2], [179, 50], [186, 27], [121, 39], [107, 39], [112, 40], [14, 11], [138, 51], [66, 8], [114, 23], [43, 48], [174, 38], [4, 19], [5, 23], [0, 0]]","[0, 5, 13, 19, 20, 17, 1, 2, 4, 11, 12, 10, 14, 6, 18, 8, 3, 9, 7, 16, 15, 21]",482.6774281553822,17.18065881729126
