Id,Coordinates,Order,Distance,Time
5097,"[[0, 0], [92, 57], [6, 60], [28, 45], [108, 41], [17, 17], [94, 24], [94, 2], [65, 31], [5, 43], [93, 45], [16, 53], [59, 37], [12, 39], [69, 27], [122, 10], [95, 24], [85, 29], [67, 28], [45, 15], [22, 2], [0, 0]]","[0, 5, 13, 9, 2, 11, 3, 12, 8, 18, 14, 17, 6, 16, 10, 1, 4, 15, 7, 19, 20, 21]",389.1904872206344,16.300307273864746
