Id,Coordinates,Order,Distance,Time
762,"[[0, 0], [32, 29], [19, 42], [8, 45], [20, 28], [2, 3], [21, 38], [1, 8], [8, 35], [7, 12], [25, 4], [14, 35], [26, 4], [27, 22], [20, 18], [1, 26], [9, 2], [9, 36], [29, 44], [11, 21], [3, 21], [0, 0]]","[0, 5, 7, 9, 19, 20, 15, 8, 17, 3, 2, 6, 18, 1, 13, 4, 11, 14, 12, 10, 16, 21]",187.8367743717527,17.50026798248291
