Id,Coordinates,Order,Distance,Time
8163,"[[0, 0], [107, 4], [65, 2], [17, 5], [86, 6], [82, 1], [77, 10], [112, 1], [77, 4], [47, 10], [73, 4], [23, 5], [146, 3], [27, 5], [122, 4], [101, 7], [130, 5], [11, 5], [102, 1], [23, 6], [47, 10], [0, 0]]","[0, 17, 3, 11, 19, 13, 9, 20, 2, 10, 8, 5, 18, 7, 14, 16, 12, 1, 15, 4, 6, 21]",299.4734502209269,14.684434175491333
