Id,Coordinates,Order,Distance,Time
4167,"[[0, 0], [76, 112], [59, 2], [30, 10], [70, 73], [76, 56], [97, 2], [28, 30], [102, 7], [103, 134], [41, 67], [22, 72], [87, 70], [41, 50], [9, 90], [58, 122], [33, 137], [10, 101], [87, 130], [73, 19], [8, 9], [0, 0]]","[0, 20, 7, 13, 10, 11, 14, 17, 16, 15, 1, 18, 9, 12, 4, 5, 19, 8, 6, 2, 3, 21]",540.3879638451416,16.730870723724365
