Id,Coordinates,Order,Distance,Time
1087,"[[0, 0], [1, 35], [25, 26], [31, 28], [29, 64], [15, 51], [22, 3], [30, 57], [19, 76], [10, 11], [1, 62], [19, 56], [3, 71], [3, 92], [12, 27], [31, 23], [20, 32], [21, 47], [21, 31], [30, 31], [25, 4], [0, 0]]","[0, 9, 6, 20, 15, 3, 19, 2, 18, 16, 14, 5, 11, 17, 7, 4, 8, 13, 12, 10, 1, 21]",274.67595216407,15.783031702041626
