Id,Coordinates,Order,Distance,Time
2733,"[[0, 0], [32, 54], [29, 114], [58, 149], [25, 98], [49, 55], [63, 91], [23, 95], [61, 49], [42, 82], [12, 144], [38, 143], [40, 82], [50, 14], [8, 90], [64, 129], [47, 92], [5, 63], [13, 21], [33, 53], [50, 103], [0, 0]]","[0, 13, 8, 5, 19, 1, 7, 4, 16, 9, 12, 6, 20, 15, 3, 11, 10, 2, 14, 17, 18, 21]",500.82345968832806,14.334893226623535
