Id,Coordinates,Order,Distance,Time
6103,"[[0, 0], [146, 22], [10, 1], [103, 12], [70, 8], [135, 7], [64, 52], [162, 26], [2, 3], [52, 12], [122, 20], [40, 17], [83, 23], [59, 2], [127, 45], [32, 19], [133, 46], [84, 25], [170, 7], [138, 41], [57, 21], [0, 0]]","[0, 8, 15, 11, 9, 13, 4, 12, 17, 3, 10, 5, 18, 7, 1, 19, 16, 14, 6, 20, 2, 21]",428.8695657622586,17.404881715774536
