Id,Coordinates,Order,Distance,Time
5635,"[[0, 0], [27, 98], [8, 99], [2, 39], [19, 88], [19, 49], [18, 143], [2, 6], [28, 143], [1, 56], [21, 110], [3, 40], [2, 5], [2, 60], [4, 76], [25, 74], [22, 128], [28, 113], [15, 104], [7, 16], [20, 49], [0, 0]]","[0, 12, 7, 19, 3, 11, 9, 13, 14, 2, 4, 15, 20, 5, 18, 10, 16, 6, 8, 17, 1, 21]",412.38442400409247,15.062247037887573
