Id,Coordinates,Order,Distance,Time
8762,"[[0, 0], [48, 9], [86, 24], [40, 22], [25, 4], [56, 48], [112, 2], [51, 6], [33, 43], [144, 27], [131, 9], [74, 24], [89, 25], [16, 28], [155, 18], [85, 45], [100, 8], [58, 44], [117, 3], [47, 14], [106, 34], [0, 0]]","[0, 4, 3, 19, 1, 7, 11, 2, 12, 15, 17, 5, 16, 6, 18, 10, 14, 9, 20, 8, 13, 21]",464.14429009454096,20.219439268112183
