Id,Coordinates,Order,Distance,Time
1844,"[[0, 0], [43, 59], [41, 65], [15, 47], [41, 21], [42, 48], [34, 57], [37, 46], [39, 54], [38, 51], [46, 18], [25, 68], [33, 67], [17, 2], [13, 44], [10, 36], [2, 59], [25, 25], [25, 29], [14, 43], [18, 65], [0, 0]]","[0, 17, 18, 15, 19, 14, 3, 16, 20, 11, 12, 2, 1, 8, 6, 9, 5, 7, 4, 10, 13, 21]",244.236424211546,14.47617793083191
