Id,Coordinates,Order,Distance,Time
7362,"[[0, 0], [111, 31], [52, 45], [133, 59], [30, 64], [71, 47], [144, 29], [42, 17], [118, 39], [164, 63], [60, 15], [124, 30], [25, 32], [88, 20], [47, 41], [42, 7], [6, 65], [59, 7], [84, 34], [106, 77], [7, 28], [0, 0]]","[0, 20, 12, 7, 15, 17, 10, 18, 5, 2, 14, 4, 16, 19, 8, 11, 6, 9, 3, 1, 13, 21]",624.6196532327277,14.89999008178711
