Id,Coordinates,Order,Distance,Time
1654,"[[0, 0], [83, 40], [86, 3], [73, 115], [9, 11], [33, 107], [45, 126], [9, 46], [53, 119], [35, 93], [55, 33], [77, 116], [18, 108], [86, 55], [35, 59], [74, 22], [74, 46], [20, 74], [86, 120], [58, 72], [17, 111], [0, 0]]","[0, 7, 14, 17, 9, 5, 12, 20, 6, 8, 3, 11, 18, 19, 13, 16, 1, 2, 15, 10, 4, 21]",490.3564477761498,11.013419389724731
