Id,Coordinates,Order,Distance,Time
4909,"[[0, 0], [132, 10], [124, 35], [58, 75], [15, 61], [148, 49], [90, 8], [50, 80], [56, 8], [5, 77], [72, 25], [56, 73], [84, 12], [122, 7], [129, 42], [120, 35], [96, 77], [30, 26], [98, 27], [106, 17], [142, 63], [0, 0]]","[0, 17, 10, 12, 6, 19, 15, 2, 14, 5, 20, 16, 3, 11, 7, 9, 4, 18, 1, 13, 8, 21]",617.7322577973657,18.04522395133972
