Id,Coordinates,Order,Distance,Time
9199,"[[0, 0], [42, 9], [20, 12], [15, 3], [35, 3], [31, 12], [1, 9], [29, 13], [32, 13], [43, 13], [24, 11], [30, 6], [1, 6], [17, 6], [17, 12], [41, 13], [2, 3], [38, 12], [42, 11], [5, 11], [15, 13], [0, 0]]","[0, 16, 12, 6, 19, 20, 14, 2, 10, 7, 5, 8, 17, 15, 9, 18, 1, 4, 11, 13, 3, 21]",104.26683820428926,17.980379819869995
