Id,Coordinates,Order,Distance,Time
4453,"[[0, 0], [46, 47], [36, 13], [38, 47], [77, 1], [13, 45], [4, 35], [57, 4], [72, 25], [14, 42], [77, 50], [57, 23], [14, 4], [65, 47], [82, 37], [57, 37], [6, 14], [29, 44], [25, 22], [47, 37], [30, 17], [0, 0]]","[0, 16, 18, 20, 2, 11, 15, 19, 6, 9, 5, 17, 3, 1, 13, 10, 14, 8, 4, 7, 12, 21]",351.5394977450166,14.971348762512207
