Id,Coordinates,Order,Distance,Time
837,"[[0, 0], [4, 37], [2, 2], [8, 46], [1, 45], [3, 4], [7, 35], [7, 22], [4, 44], [5, 42], [4, 15], [7, 29], [8, 16], [1, 20], [2, 13], [1, 14], [1, 27], [5, 12], [4, 16], [8, 43], [8, 20], [0, 0]]","[0, 2, 5, 17, 10, 18, 12, 20, 7, 11, 6, 1, 9, 8, 4, 3, 19, 16, 13, 15, 14, 21]",108.91444542665185,19.136839866638184
