Id,Coordinates,Order,Distance,Time
7157,"[[0, 0], [40, 146], [68, 73], [54, 149], [87, 87], [101, 154], [10, 45], [1, 110], [28, 28], [7, 58], [58, 18], [71, 98], [1, 94], [97, 29], [58, 28], [1, 10], [3, 45], [50, 108], [64, 98], [86, 57], [9, 66], [0, 0]]","[0, 15, 6, 16, 9, 20, 12, 7, 18, 11, 4, 19, 13, 10, 14, 17, 1, 3, 5, 2, 8, 21]",688.8732925834361,14.775477886199951
