Id,Coordinates,Order,Distance,Time
3750,"[[0, 0], [78, 12], [100, 51], [148, 19], [163, 16], [67, 45], [50, 39], [34, 38], [28, 42], [47, 33], [84, 24], [11, 30], [57, 30], [80, 5], [72, 37], [153, 52], [13, 13], [127, 41], [97, 37], [16, 49], [166, 33], [0, 0]]","[0, 11, 19, 8, 7, 6, 5, 14, 10, 18, 2, 17, 15, 20, 4, 3, 13, 1, 12, 9, 16, 21]",450.83210449245223,15.754210472106934
