Id,Coordinates,Order,Distance,Time
4575,"[[0, 0], [20, 54], [37, 56], [32, 71], [11, 18], [10, 22], [37, 9], [6, 72], [38, 33], [17, 46], [25, 45], [2, 24], [40, 34], [1, 3], [20, 10], [1, 10], [28, 68], [13, 32], [6, 9], [3, 2], [28, 63], [0, 0]]","[0, 13, 19, 18, 11, 4, 5, 17, 9, 10, 1, 7, 20, 16, 3, 2, 12, 8, 6, 14, 15, 21]",252.7608500940432,15.315390825271606
