Id,Coordinates,Order,Distance,Time
6943,"[[0, 0], [16, 68], [75, 68], [61, 50], [40, 20], [33, 31], [91, 81], [100, 37], [59, 20], [20, 34], [1, 16], [58, 27], [45, 2], [84, 9], [2, 47], [70, 14], [40, 73], [93, 14], [67, 10], [74, 77], [50, 34], [0, 0]]","[0, 9, 5, 4, 12, 20, 11, 8, 18, 15, 13, 17, 7, 6, 19, 2, 3, 16, 1, 14, 10, 21]",422.78733108314304,15.835292100906372
