Id,Coordinates,Order,Distance,Time
7494,"[[0, 0], [142, 37], [28, 14], [94, 43], [125, 53], [153, 23], [148, 25], [114, 12], [97, 42], [104, 40], [138, 16], [71, 27], [31, 23], [34, 33], [154, 33], [96, 15], [165, 27], [168, 31], [163, 23], [36, 19], [136, 1], [0, 0]]","[0, 12, 13, 15, 7, 20, 10, 6, 5, 18, 16, 17, 14, 1, 4, 9, 8, 3, 11, 19, 2, 21]",398.8260576649435,13.941678285598755
