Id,Coordinates,Order,Distance,Time
9058,"[[0, 0], [66, 46], [82, 18], [103, 52], [39, 74], [22, 38], [39, 68], [39, 78], [51, 12], [65, 28], [110, 64], [19, 23], [115, 33], [8, 45], [133, 11], [51, 51], [99, 91], [89, 85], [111, 27], [128, 34], [153, 66], [0, 0]]","[0, 11, 5, 13, 7, 4, 6, 15, 1, 2, 18, 12, 14, 19, 20, 16, 17, 10, 3, 9, 8, 21]",547.4309651547202,15.783504486083984
