Id,Coordinates,Order,Distance,Time
6842,"[[0, 0], [40, 26], [123, 38], [28, 53], [31, 36], [29, 43], [79, 90], [67, 93], [88, 100], [70, 65], [132, 29], [69, 15], [19, 49], [96, 36], [41, 52], [22, 94], [86, 33], [36, 112], [16, 39], [97, 40], [79, 75], [0, 0]]","[0, 18, 12, 3, 5, 4, 14, 20, 6, 8, 7, 17, 15, 9, 19, 2, 10, 13, 16, 11, 1, 21]",534.091170428973,13.015241146087646
