Id,Coordinates,Order,Distance,Time
1731,"[[0, 0], [43, 3], [34, 71], [32, 81], [30, 85], [50, 42], [52, 36], [21, 64], [38, 10], [8, 65], [13, 50], [17, 40], [8, 69], [39, 28], [4, 53], [9, 26], [9, 61], [10, 62], [15, 59], [3, 9], [32, 81], [0, 0]]","[0, 19, 15, 11, 10, 14, 17, 16, 9, 12, 18, 7, 3, 20, 4, 2, 5, 6, 13, 8, 1, 21]",266.99234715513273,19.55999994277954
