Id,Coordinates,Order,Distance,Time
3944,"[[0, 0], [65, 146], [46, 157], [39, 192], [56, 62], [42, 45], [41, 129], [22, 34], [44, 37], [34, 138], [43, 12], [45, 84], [31, 37], [57, 117], [84, 62], [72, 127], [70, 29], [44, 112], [60, 185], [61, 57], [66, 170], [0, 0]]","[0, 7, 12, 8, 5, 4, 19, 11, 17, 13, 15, 6, 9, 2, 20, 18, 3, 1, 14, 16, 10, 21]",569.1234374068007,15.193435907363892
