Id,Coordinates,Order,Distance,Time
9695,"[[0, 0], [18, 29], [57, 44], [147, 133], [177, 143], [90, 19], [85, 108], [40, 117], [13, 66], [98, 25], [41, 56], [142, 44], [11, 135], [157, 101], [29, 21], [77, 137], [140, 30], [129, 31], [136, 150], [73, 61], [136, 77], [0, 0]]","[0, 1, 8, 12, 7, 15, 6, 9, 5, 17, 16, 11, 20, 13, 4, 18, 3, 19, 2, 10, 14, 21]",798.965527728105,15.799635648727417
