Id,Coordinates,Order,Distance,Time
3577,"[[0, 0], [44, 91], [10, 11], [64, 1], [9, 88], [16, 37], [76, 90], [61, 88], [18, 52], [43, 66], [75, 49], [5, 118], [45, 131], [23, 82], [30, 116], [18, 121], [31, 121], [30, 119], [5, 132], [62, 15], [22, 120], [0, 0]]","[0, 2, 5, 8, 1, 7, 6, 10, 19, 3, 9, 13, 15, 20, 17, 14, 16, 12, 18, 11, 4, 21]",569.9704925568833,15.118221282958984
