Id,Coordinates,Order,Distance,Time
5461,"[[0, 0], [18, 5], [18, 14], [112, 7], [11, 7], [55, 2], [48, 4], [72, 6], [104, 7], [114, 6], [103, 10], [43, 2], [41, 10], [34, 9], [129, 6], [124, 5], [27, 11], [119, 15], [59, 8], [116, 9], [49, 5], [0, 0]]","[0, 4, 2, 16, 11, 6, 20, 5, 7, 8, 3, 9, 19, 15, 14, 17, 10, 18, 12, 13, 1, 21]",275.27256787579256,14.01978063583374
