Id,Coordinates,Order,Distance,Time
8344,"[[0, 0], [5, 142], [14, 23], [16, 22], [23, 101], [15, 23], [17, 13], [10, 143], [16, 56], [11, 36], [11, 88], [13, 91], [21, 124], [20, 99], [16, 129], [6, 72], [25, 65], [8, 123], [2, 38], [23, 62], [7, 82], [0, 0]]","[0, 6, 3, 5, 2, 9, 8, 19, 16, 10, 11, 13, 4, 12, 14, 7, 1, 17, 20, 15, 18, 21]",316.4928535920066,19.666996955871582
