Id,Coordinates,Order,Distance,Time
5575,"[[0, 0], [68, 9], [49, 7], [52, 27], [124, 12], [96, 16], [41, 20], [92, 8], [13, 3], [120, 19], [83, 25], [42, 3], [103, 3], [109, 12], [13, 5], [134, 21], [95, 26], [27, 3], [111, 19], [102, 14], [15, 15], [0, 0]]","[0, 8, 14, 17, 11, 2, 3, 10, 16, 5, 19, 13, 18, 9, 15, 4, 12, 7, 1, 6, 20, 21]",318.20181704563157,16.633089780807495
