Id,Coordinates,Order,Distance,Time
3320,"[[0, 0], [11, 1], [60, 22], [114, 15], [78, 9], [81, 13], [41, 21], [112, 11], [118, 16], [48, 22], [32, 14], [40, 17], [84, 9], [37, 17], [8, 12], [2, 15], [78, 24], [38, 11], [45, 15], [104, 10], [40, 19], [0, 0]]","[0, 15, 14, 10, 13, 11, 20, 6, 9, 2, 16, 7, 8, 3, 19, 12, 5, 4, 18, 17, 1, 21]",266.1532245566761,10.992302179336548
