Id,Coordinates,Order,Distance,Time
7606,"[[0, 0], [9, 66], [10, 46], [69, 52], [39, 9], [58, 32], [49, 38], [67, 78], [30, 29], [33, 89], [22, 157], [24, 78], [15, 82], [57, 60], [60, 148], [11, 137], [13, 70], [64, 120], [39, 4], [18, 159], [34, 74], [0, 0]]","[0, 18, 4, 8, 6, 5, 3, 13, 7, 20, 11, 12, 9, 17, 14, 10, 19, 15, 16, 1, 2, 21]",506.51073975326534,14.287012577056885
