Id,Coordinates,Order,Distance,Time
3293,"[[0, 0], [79, 160], [125, 83], [154, 118], [59, 17], [123, 130], [142, 65], [147, 18], [50, 66], [69, 170], [60, 157], [78, 6], [88, 136], [73, 117], [103, 142], [12, 59], [158, 182], [36, 160], [118, 176], [133, 133], [28, 53], [0, 0]]","[0, 4, 11, 7, 6, 2, 3, 19, 5, 14, 12, 17, 10, 9, 1, 18, 16, 13, 8, 20, 15, 21]",805.4089091831727,12.596743822097778
