Id,Coordinates,Order,Distance,Time
2717,"[[0, 0], [145, 142], [172, 130], [4, 154], [105, 52], [27, 31], [143, 13], [122, 16], [123, 117], [72, 108], [148, 71], [12, 151], [82, 158], [72, 15], [79, 15], [101, 33], [9, 111], [108, 161], [66, 73], [107, 29], [47, 35], [0, 0]]","[0, 5, 20, 13, 14, 15, 19, 7, 6, 4, 18, 9, 1, 2, 10, 8, 17, 12, 11, 3, 16, 21]",842.8086324731577,18.54277729988098
