Id,Coordinates,Order,Distance,Time
4646,"[[0, 0], [160, 117], [48, 122], [89, 40], [162, 78], [8, 72], [49, 119], [56, 56], [45, 64], [72, 24], [141, 4], [4, 17], [147, 90], [48, 88], [57, 39], [127, 55], [67, 46], [127, 94], [119, 70], [51, 74], [105, 51], [0, 0]]","[0, 11, 5, 8, 13, 6, 2, 19, 7, 14, 16, 3, 20, 15, 18, 17, 12, 1, 4, 10, 9, 21]",684.790490897037,15.125839233398438
