Id,Coordinates,Order,Distance,Time
5925,"[[0, 0], [184, 4], [66, 12], [58, 12], [42, 53], [39, 42], [63, 53], [108, 7], [110, 2], [77, 28], [45, 18], [47, 23], [46, 43], [128, 30], [114, 18], [36, 29], [124, 49], [106, 3], [53, 40], [18, 43], [103, 9], [0, 0]]","[0, 15, 11, 10, 3, 2, 18, 12, 9, 20, 7, 17, 8, 14, 13, 1, 16, 6, 4, 5, 19, 21]",537.413272764941,13.55439281463623
