Id,Coordinates,Order,Distance,Time
9142,"[[0, 0], [81, 6], [6, 2], [36, 6], [93, 6], [34, 9], [78, 11], [53, 8], [104, 3], [33, 6], [97, 10], [10, 10], [99, 7], [69, 4], [29, 10], [105, 1], [84, 2], [91, 10], [100, 9], [98, 10], [86, 5], [0, 0]]","[0, 2, 11, 14, 5, 3, 7, 6, 1, 20, 17, 10, 19, 18, 12, 8, 15, 4, 16, 13, 9, 21]",229.96050097163487,18.74619460105896
