Id,Coordinates,Order,Distance,Time
7119,"[[0, 0], [33, 50], [8, 41], [33, 23], [10, 17], [19, 9], [17, 49], [17, 19], [19, 9], [3, 30], [17, 19], [11, 49], [18, 3], [29, 5], [21, 5], [33, 32], [33, 3], [13, 3], [2, 24], [4, 49], [6, 42], [0, 0]]","[0, 5, 8, 7, 10, 4, 18, 9, 2, 20, 19, 11, 6, 1, 15, 3, 16, 13, 14, 12, 17, 21]",186.26464797797377,15.783770561218262
