Id,Coordinates,Order,Distance,Time
387,"[[0, 0], [166, 26], [15, 19], [144, 17], [68, 7], [78, 17], [81, 13], [15, 19], [122, 25], [162, 4], [131, 26], [20, 22], [139, 12], [12, 27], [44, 21], [167, 7], [150, 26], [4, 18], [37, 19], [26, 20], [158, 6], [0, 0]]","[0, 2, 7, 11, 19, 18, 14, 5, 6, 8, 10, 16, 1, 15, 9, 20, 3, 12, 4, 13, 17, 21]",395.0240485441074,15.197760820388794
