Id,Coordinates,Order,Distance,Time
2973,"[[0, 0], [1, 7], [121, 26], [16, 37], [81, 15], [139, 23], [108, 20], [6, 12], [33, 26], [1, 38], [96, 8], [45, 25], [111, 13], [112, 20], [101, 6], [109, 28], [50, 5], [138, 5], [73, 3], [3, 32], [96, 26], [0, 0]]","[0, 1, 7, 19, 9, 3, 8, 11, 4, 10, 14, 12, 13, 2, 5, 17, 6, 15, 20, 18, 16, 21]",373.3046084700094,15.478661060333252
