Id,Coordinates,Order,Distance,Time
3698,"[[0, 0], [61, 16], [55, 37], [62, 76], [15, 50], [58, 7], [36, 12], [52, 24], [72, 20], [27, 40], [11, 15], [46, 42], [20, 20], [15, 58], [75, 14], [57, 53], [78, 47], [66, 51], [58, 2], [13, 26], [17, 43], [0, 0]]","[0, 19, 20, 4, 13, 9, 11, 7, 1, 5, 18, 14, 8, 16, 17, 3, 15, 2, 6, 12, 10, 21]",358.04380115848136,16.1577730178833
