Id,Coordinates,Order,Distance,Time
1474,"[[0, 0], [180, 12], [108, 43], [81, 37], [19, 93], [52, 54], [156, 29], [39, 120], [10, 82], [93, 51], [155, 103], [58, 112], [5, 14], [37, 1], [183, 139], [8, 2], [134, 22], [17, 66], [86, 11], [117, 109], [48, 66], [0, 0]]","[0, 15, 12, 13, 18, 3, 9, 2, 16, 6, 1, 10, 14, 19, 7, 11, 8, 4, 20, 5, 17, 21]",792.1074571865583,16.149937868118286
