Id,Coordinates,Order,Distance,Time
7337,"[[0, 0], [16, 2], [10, 9], [43, 12], [151, 10], [166, 19], [17, 37], [121, 26], [139, 29], [152, 10], [142, 20], [38, 41], [150, 11], [72, 22], [136, 9], [46, 17], [59, 18], [91, 31], [69, 38], [86, 19], [124, 3], [0, 0]]","[0, 2, 1, 3, 15, 16, 13, 19, 17, 7, 8, 10, 12, 4, 9, 5, 14, 20, 18, 11, 6, 21]",402.974371213495,16.389245986938477
