Id,Coordinates,Order,Distance,Time
122,"[[0, 0], [78, 51], [72, 134], [98, 113], [77, 25], [37, 135], [46, 23], [138, 38], [130, 76], [123, 79], [77, 78], [125, 75], [68, 5], [117, 7], [27, 79], [149, 172], [2, 35], [149, 136], [24, 98], [123, 5], [132, 105], [0, 0]]","[0, 16, 6, 4, 1, 3, 2, 5, 18, 14, 10, 9, 11, 20, 15, 17, 8, 7, 19, 13, 12, 21]",826.7717812623946,19.436506509780884
