Id,Coordinates,Order,Distance,Time
3345,"[[0, 0], [17, 39], [33, 2], [56, 59], [26, 8], [61, 4], [60, 81], [124, 76], [10, 24], [108, 41], [151, 13], [70, 79], [88, 68], [18, 74], [13, 72], [6, 42], [162, 26], [131, 42], [16, 36], [157, 67], [56, 49], [0, 0]]","[0, 8, 18, 1, 15, 14, 13, 20, 3, 6, 11, 12, 9, 17, 7, 19, 16, 10, 5, 2, 4, 21]",537.1279915086815,19.683997631072998
