Id,Coordinates,Order,Distance,Time
3054,"[[0, 0], [61, 40], [37, 30], [21, 53], [40, 94], [43, 26], [62, 152], [22, 71], [50, 148], [26, 154], [27, 13], [81, 58], [39, 99], [71, 29], [39, 121], [17, 39], [37, 83], [30, 127], [19, 148], [9, 164], [10, 132], [0, 0]]","[0, 10, 2, 5, 1, 13, 11, 14, 17, 20, 18, 19, 9, 8, 6, 12, 4, 16, 7, 3, 15, 21]",494.34888693090943,17.837427377700806
