Id,Coordinates,Order,Distance,Time
231,"[[0, 0], [53, 35], [9, 26], [56, 8], [25, 6], [52, 7], [21, 44], [7, 38], [12, 40], [17, 41], [18, 44], [31, 41], [16, 5], [52, 36], [23, 20], [18, 31], [4, 11], [20, 4], [25, 13], [53, 55], [21, 10], [0, 0]]","[0, 16, 20, 18, 14, 15, 9, 10, 6, 8, 7, 2, 11, 19, 13, 1, 3, 5, 4, 17, 12, 21]",253.43241603458515,18.090335607528687
