Id,Coordinates,Order,Distance,Time
5466,"[[0, 0], [23, 55], [32, 184], [31, 123], [25, 187], [21, 152], [18, 110], [13, 129], [17, 52], [13, 28], [10, 23], [1, 51], [32, 181], [14, 180], [23, 111], [15, 178], [2, 73], [3, 171], [6, 47], [9, 146], [23, 154], [0, 0]]","[0, 10, 9, 18, 8, 1, 6, 14, 3, 7, 5, 20, 15, 13, 4, 2, 12, 17, 19, 16, 11, 21]",443.7937227851439,14.333203554153442
