Id,Coordinates,Order,Distance,Time
6252,"[[0, 0], [40, 151], [12, 66], [140, 6], [181, 78], [77, 161], [178, 128], [53, 123], [36, 161], [105, 35], [47, 50], [18, 26], [53, 110], [82, 130], [32, 2], [75, 60], [25, 8], [178, 128], [77, 143], [95, 67], [37, 151], [0, 0]]","[0, 16, 14, 10, 15, 19, 9, 3, 4, 6, 17, 13, 18, 5, 8, 20, 1, 7, 12, 2, 11, 21]",705.6854383226481,16.35860514640808
