Id,Coordinates,Order,Distance,Time
3231,"[[0, 0], [122, 45], [124, 23], [78, 41], [111, 16], [74, 22], [88, 13], [88, 2], [51, 2], [105, 23], [118, 38], [32, 1], [43, 27], [121, 48], [42, 17], [11, 5], [65, 43], [113, 3], [115, 35], [85, 46], [22, 29], [0, 0]]","[0, 15, 11, 8, 5, 6, 7, 17, 4, 9, 2, 10, 1, 13, 18, 19, 3, 16, 12, 14, 20, 21]",368.3855899573407,18.04761505126953
