Id,Coordinates,Order,Distance,Time
1325,"[[0, 0], [41, 51], [63, 22], [170, 62], [151, 6], [2, 84], [5, 83], [74, 67], [35, 56], [145, 35], [40, 62], [1, 87], [155, 45], [59, 24], [11, 47], [159, 11], [127, 86], [174, 40], [110, 8], [69, 89], [101, 52], [0, 0]]","[0, 8, 10, 19, 7, 20, 16, 3, 17, 12, 9, 15, 4, 18, 2, 13, 1, 6, 11, 5, 14, 21]",621.6800847994764,16.37891435623169
