Id,Coordinates,Order,Distance,Time
7262,"[[0, 0], [8, 39], [8, 75], [33, 180], [30, 50], [29, 81], [5, 121], [6, 21], [24, 30], [30, 84], [3, 87], [44, 181], [24, 66], [42, 60], [5, 98], [14, 142], [27, 33], [37, 158], [6, 5], [1, 173], [30, 6], [0, 0]]","[0, 7, 1, 8, 16, 4, 12, 2, 10, 14, 6, 15, 19, 3, 11, 17, 9, 5, 13, 20, 18, 21]",475.08548642956714,15.388762474060059
