Id,Coordinates,Order,Distance,Time
2893,"[[0, 0], [3, 31], [14, 15], [15, 20], [3, 10], [15, 17], [18, 32], [14, 61], [10, 4], [10, 47], [13, 9], [6, 34], [9, 89], [14, 87], [15, 77], [6, 17], [15, 39], [8, 89], [3, 9], [7, 20], [1, 80], [0, 0]]","[0, 18, 4, 15, 19, 3, 5, 2, 1, 11, 16, 9, 7, 14, 13, 12, 17, 20, 6, 10, 8, 21]",226.37791984972688,21.965701580047607
