Id,Coordinates,Order,Distance,Time
8825,"[[0, 0], [5, 4], [8, 6], [3, 8], [15, 9], [15, 9], [9, 8], [12, 8], [13, 8], [17, 8], [11, 6], [6, 5], [17, 4], [1, 10], [9, 6], [2, 3], [7, 9], [15, 9], [9, 5], [1, 1], [14, 1], [0, 0]]","[0, 19, 15, 1, 11, 2, 14, 10, 7, 8, 4, 5, 17, 9, 12, 20, 18, 6, 16, 3, 13, 21]",57.054285945950184,13.614394664764404
