Id,Coordinates,Order,Distance,Time
6568,"[[0, 0], [63, 11], [144, 8], [109, 7], [77, 7], [170, 6], [129, 17], [61, 12], [126, 13], [119, 2], [22, 7], [114, 15], [148, 1], [66, 18], [172, 14], [6, 16], [29, 8], [83, 5], [50, 6], [8, 12], [140, 4], [0, 0]]","[0, 15, 19, 18, 7, 1, 4, 17, 11, 8, 6, 20, 12, 5, 14, 2, 9, 3, 13, 16, 10, 21]",383.15248788493443,13.546440601348877
