Id,Coordinates,Order,Distance,Time
2858,"[[0, 0], [14, 11], [78, 80], [126, 28], [58, 125], [6, 61], [85, 7], [46, 4], [10, 90], [58, 8], [108, 91], [74, 109], [137, 4], [117, 31], [88, 119], [143, 116], [30, 126], [98, 73], [108, 31], [99, 8], [119, 14], [0, 0]]","[0, 1, 7, 9, 6, 19, 20, 12, 3, 18, 13, 17, 10, 15, 14, 11, 4, 16, 8, 5, 2, 21]",687.6713293955875,20.389951944351196
