Id,Coordinates,Order,Distance,Time
6496,"[[0, 0], [19, 13], [34, 10], [37, 8], [13, 4], [17, 1], [15, 8], [17, 4], [45, 11], [4, 5], [8, 13], [11, 14], [30, 6], [50, 9], [46, 5], [47, 11], [8, 7], [37, 7], [3, 8], [11, 13], [18, 3], [0, 0]]","[0, 9, 18, 16, 4, 7, 6, 10, 19, 11, 1, 2, 3, 17, 8, 15, 13, 14, 12, 20, 5, 21]",136.4073702897385,14.981040477752686
