Id,Coordinates,Order,Distance,Time
4771,"[[0, 0], [94, 30], [76, 52], [75, 9], [30, 3], [45, 100], [65, 81], [1, 25], [50, 30], [54, 54], [17, 96], [93, 19], [51, 65], [39, 104], [24, 69], [8, 62], [54, 51], [56, 33], [82, 82], [69, 39], [59, 68], [0, 0]]","[0, 7, 8, 17, 19, 16, 9, 20, 6, 18, 5, 13, 10, 15, 14, 12, 2, 1, 11, 3, 4, 21]",478.2074714530637,14.490668058395386
