Id,Coordinates,Order,Distance,Time
1927,"[[0, 0], [76, 63], [49, 114], [37, 87], [66, 117], [21, 84], [58, 115], [21, 24], [62, 90], [27, 38], [25, 100], [32, 32], [14, 25], [69, 111], [25, 36], [63, 65], [10, 54], [14, 78], [31, 97], [13, 9], [19, 62], [0, 0]]","[0, 19, 12, 14, 9, 16, 20, 17, 5, 3, 18, 10, 2, 6, 4, 13, 8, 1, 15, 11, 7, 21]",353.5119658310799,14.713305711746216
