Id,Coordinates,Order,Distance,Time
3624,"[[0, 0], [90, 142], [90, 6], [32, 98], [47, 100], [57, 23], [74, 135], [1, 40], [38, 56], [48, 117], [55, 55], [49, 108], [83, 49], [39, 43], [7, 16], [7, 105], [28, 98], [82, 39], [61, 95], [1, 110], [78, 7], [0, 0]]","[0, 14, 13, 8, 10, 12, 17, 2, 20, 5, 18, 4, 3, 16, 15, 19, 9, 6, 1, 11, 7, 21]",608.6566857488708,14.735992431640625
