Id,Coordinates,Order,Distance,Time
1129,"[[0, 0], [1, 145], [101, 159], [133, 167], [99, 36], [47, 142], [152, 43], [9, 156], [111, 2], [108, 25], [9, 110], [22, 101], [43, 142], [155, 140], [123, 7], [26, 123], [109, 10], [90, 70], [2, 12], [47, 119], [74, 166], [0, 0]]","[0, 18, 11, 10, 15, 19, 5, 12, 1, 7, 20, 2, 3, 13, 17, 4, 9, 6, 14, 8, 16, 21]",774.5334441923832,17.855428457260132
