Id,Coordinates,Order,Distance,Time
7418,"[[0, 0], [21, 26], [37, 1], [48, 25], [5, 40], [38, 35], [48, 1], [6, 21], [20, 12], [17, 2], [25, 28], [39, 19], [14, 37], [42, 19], [42, 23], [31, 9], [28, 1], [33, 39], [39, 43], [39, 23], [2, 13], [0, 0]]","[0, 20, 7, 1, 10, 17, 18, 5, 3, 14, 13, 11, 19, 15, 6, 2, 16, 9, 8, 12, 4, 21]",253.62878359294984,16.766475677490234
