Id,Coordinates,Order,Distance,Time
8803,"[[0, 0], [59, 99], [32, 73], [119, 51], [157, 62], [110, 16], [117, 80], [83, 80], [164, 140], [9, 112], [48, 23], [40, 70], [110, 5], [34, 42], [49, 155], [163, 108], [128, 79], [83, 42], [181, 1], [70, 44], [6, 118], [0, 0]]","[0, 13, 11, 1, 7, 6, 16, 3, 5, 12, 18, 4, 15, 8, 14, 20, 9, 2, 19, 17, 10, 21]",862.3090798328229,13.270893812179565
