Id,Coordinates,Order,Distance,Time
9973,"[[0, 0], [107, 57], [196, 54], [174, 42], [178, 18], [186, 65], [178, 76], [36, 61], [176, 47], [43, 60], [11, 11], [132, 30], [75, 64], [145, 59], [42, 71], [114, 43], [54, 22], [27, 40], [9, 70], [149, 9], [10, 56], [0, 0]]","[0, 10, 17, 7, 20, 18, 14, 9, 12, 1, 15, 11, 19, 4, 3, 8, 2, 5, 6, 13, 16, 21]",588.3807243905567,13.45919680595398
