Id,Coordinates,Order,Distance,Time
9487,"[[0, 0], [81, 40], [27, 6], [98, 2], [106, 28], [26, 68], [102, 13], [24, 14], [49, 19], [88, 40], [71, 6], [46, 24], [81, 51], [49, 59], [20, 58], [48, 17], [77, 14], [94, 62], [79, 21], [98, 51], [97, 60], [0, 0]]","[0, 2, 7, 11, 8, 15, 10, 16, 18, 9, 17, 20, 19, 4, 6, 3, 1, 12, 13, 5, 14, 21]",401.60535334073717,15.17841386795044
