Id,Coordinates,Order,Distance,Time
5953,"[[0, 0], [8, 34], [44, 2], [85, 169], [69, 133], [83, 152], [26, 15], [36, 85], [13, 86], [66, 29], [11, 81], [89, 28], [51, 144], [64, 87], [11, 36], [4, 69], [3, 39], [38, 138], [20, 29], [84, 41], [2, 86], [0, 0]]","[0, 6, 18, 14, 1, 16, 15, 10, 20, 8, 7, 17, 12, 3, 5, 4, 13, 19, 11, 9, 2, 21]",517.0829598074057,14.802364826202393
