Id,Coordinates,Order,Distance,Time
7528,"[[0, 0], [57, 15], [23, 1], [52, 15], [27, 14], [137, 22], [163, 1], [64, 1], [93, 10], [95, 7], [71, 3], [128, 22], [75, 23], [40, 5], [167, 6], [37, 6], [8, 3], [59, 7], [78, 20], [85, 7], [65, 21], [0, 0]]","[0, 16, 2, 15, 13, 3, 1, 17, 7, 10, 19, 8, 9, 11, 5, 14, 6, 18, 12, 20, 4, 21]",367.61570011920685,18.597968816757202
