Id,Coordinates,Order,Distance,Time
8391,"[[0, 0], [13, 91], [13, 2], [2, 9], [26, 74], [15, 77], [34, 18], [34, 18], [12, 28], [17, 51], [9, 5], [3, 75], [16, 37], [10, 35], [18, 66], [9, 4], [1, 41], [22, 17], [33, 74], [13, 68], [3, 64], [0, 0]]","[0, 10, 15, 2, 7, 6, 17, 8, 13, 12, 9, 19, 14, 18, 4, 5, 1, 11, 20, 16, 3, 21]",262.2997455924516,21.91236448287964
