Id,Coordinates,Order,Distance,Time
3338,"[[0, 0], [131, 12], [70, 41], [194, 4], [127, 1], [111, 22], [2, 58], [59, 53], [61, 2], [21, 56], [143, 49], [95, 3], [180, 24], [27, 57], [158, 10], [13, 1], [153, 25], [197, 9], [123, 25], [172, 24], [118, 24], [0, 0]]","[0, 15, 8, 11, 5, 20, 18, 1, 4, 14, 3, 17, 12, 19, 16, 10, 2, 7, 13, 9, 6, 21]",513.743699810235,19.291029453277588
