Id,Coordinates,Order,Distance,Time
6063,"[[0, 0], [154, 3], [158, 25], [65, 10], [184, 6], [15, 27], [24, 7], [137, 21], [88, 44], [172, 26], [139, 40], [158, 20], [64, 14], [158, 15], [146, 19], [173, 12], [75, 18], [160, 22], [14, 46], [49, 52], [156, 24], [0, 0]]","[0, 5, 18, 19, 12, 3, 16, 7, 14, 20, 2, 17, 11, 13, 1, 4, 15, 9, 10, 8, 6, 21]",493.6424969469864,16.28791832923889
