Id,Coordinates,Order,Distance,Time
1460,"[[0, 0], [45, 44], [37, 28], [15, 5], [34, 41], [47, 11], [21, 6], [31, 38], [50, 38], [24, 46], [30, 34], [27, 23], [41, 11], [54, 10], [17, 40], [18, 39], [32, 34], [53, 7], [53, 48], [42, 39], [40, 1], [0, 0]]","[0, 3, 11, 10, 7, 4, 19, 8, 18, 1, 9, 14, 15, 16, 2, 12, 5, 13, 17, 20, 6, 21]",235.81297159253108,16.9085853099823
