Id,Coordinates,Order,Distance,Time
2582,"[[0, 0], [1, 10], [34, 78], [10, 106], [39, 52], [3, 98], [21, 120], [5, 162], [42, 88], [22, 141], [36, 159], [48, 98], [34, 84], [36, 26], [1, 160], [12, 134], [22, 133], [40, 42], [47, 159], [55, 148], [3, 156], [0, 0]]","[0, 13, 17, 4, 2, 12, 8, 11, 6, 15, 20, 14, 7, 10, 18, 19, 9, 16, 3, 5, 1, 21]",442.9474203833172,17.22550058364868
