Id,Coordinates,Order,Distance,Time
3102,"[[0, 0], [20, 21], [56, 48], [77, 17], [120, 19], [109, 50], [12, 16], [140, 32], [160, 37], [135, 8], [16, 26], [35, 18], [119, 47], [10, 33], [103, 42], [36, 46], [151, 34], [156, 40], [48, 14], [103, 32], [13, 10], [0, 0]]","[0, 20, 6, 1, 10, 13, 15, 2, 19, 14, 5, 12, 7, 16, 17, 8, 9, 4, 3, 18, 11, 21]",407.6454134635701,16.612851858139038
