Id,Coordinates,Order,Distance,Time
5227,"[[0, 0], [79, 50], [54, 31], [51, 77], [5, 79], [103, 62], [16, 74], [69, 28], [85, 84], [73, 3], [95, 4], [104, 37], [72, 25], [34, 2], [64, 55], [102, 79], [49, 48], [95, 84], [82, 63], [80, 8], [95, 53], [0, 0]]","[0, 13, 2, 7, 12, 9, 19, 10, 11, 20, 5, 15, 17, 8, 18, 1, 14, 16, 3, 6, 4, 21]",456.56918277969385,14.834414720535278
