Id,Coordinates,Order,Distance,Time
2460,"[[0, 0], [53, 6], [137, 33], [100, 31], [62, 16], [158, 24], [72, 6], [156, 40], [68, 32], [104, 1], [25, 22], [67, 41], [45, 43], [155, 42], [35, 29], [144, 30], [129, 61], [4, 41], [19, 52], [160, 21], [154, 21], [0, 0]]","[0, 10, 14, 4, 1, 6, 9, 2, 15, 20, 5, 19, 7, 13, 16, 3, 8, 11, 12, 18, 17, 21]",461.01050576170235,15.702285051345825
