Id,Coordinates,Order,Distance,Time
5357,"[[0, 0], [106, 67], [129, 31], [57, 4], [42, 78], [29, 15], [93, 47], [48, 19], [2, 82], [21, 41], [66, 50], [14, 63], [147, 46], [63, 32], [86, 29], [48, 29], [132, 66], [124, 29], [151, 32], [5, 24], [5, 58], [0, 0]]","[0, 19, 9, 11, 20, 8, 4, 10, 13, 14, 6, 1, 16, 12, 18, 2, 17, 3, 7, 15, 5, 21]",514.3603753353078,15.31213116645813
