Id,Coordinates,Order,Distance,Time
9729,"[[0, 0], [4, 90], [10, 48], [8, 134], [9, 80], [8, 38], [5, 50], [1, 131], [11, 77], [2, 127], [4, 81], [4, 83], [3, 136], [2, 115], [6, 116], [8, 113], [3, 44], [5, 118], [7, 21], [9, 60], [1, 100], [0, 0]]","[0, 18, 16, 6, 19, 8, 4, 10, 11, 1, 15, 14, 17, 9, 7, 12, 3, 13, 20, 2, 5, 21]",286.72726884299544,16.8169105052948
