Id,Coordinates,Order,Distance,Time
9150,"[[0, 0], [30, 4], [23, 148], [21, 35], [5, 159], [29, 143], [12, 5], [37, 145], [2, 103], [13, 143], [27, 79], [29, 92], [14, 54], [32, 76], [22, 65], [23, 141], [36, 22], [5, 10], [26, 98], [3, 71], [34, 3], [0, 0]]","[0, 17, 6, 1, 20, 16, 3, 12, 14, 10, 13, 11, 18, 9, 4, 2, 15, 5, 7, 8, 19, 21]",422.56711413620724,15.129077434539795
