Id,Coordinates,Order,Distance,Time
9444,"[[0, 0], [45, 22], [19, 17], [50, 35], [44, 13], [38, 15], [31, 32], [17, 1], [8, 31], [49, 21], [52, 29], [47, 11], [39, 14], [33, 39], [32, 19], [1, 41], [53, 4], [26, 7], [39, 30], [25, 15], [34, 12], [0, 0]]","[0, 7, 17, 19, 14, 20, 5, 12, 4, 11, 16, 9, 1, 10, 3, 18, 6, 13, 15, 8, 2, 21]",227.57835266239346,12.455547332763672
