Id,Coordinates,Order,Distance,Time
1175,"[[0, 0], [108, 53], [103, 55], [149, 29], [108, 66], [96, 16], [6, 12], [155, 91], [19, 35], [127, 102], [86, 65], [87, 99], [70, 93], [23, 83], [79, 34], [114, 70], [139, 58], [31, 54], [75, 78], [146, 53], [5, 43], [0, 0]]","[0, 6, 20, 13, 18, 10, 2, 1, 4, 15, 16, 19, 3, 5, 14, 7, 9, 11, 12, 17, 8, 21]",642.4088304815556,14.807070016860962
