Id,Coordinates,Order,Distance,Time
4003,"[[0, 0], [22, 145], [12, 143], [38, 118], [42, 183], [45, 38], [17, 124], [7, 130], [25, 139], [6, 181], [45, 131], [26, 88], [30, 168], [10, 114], [12, 70], [12, 52], [12, 147], [22, 132], [31, 131], [39, 26], [11, 165], [0, 0]]","[0, 19, 5, 15, 14, 11, 13, 6, 17, 8, 1, 2, 16, 18, 3, 10, 12, 4, 9, 20, 7, 21]",548.3683629549414,15.285486459732056
