Id,Coordinates,Order,Distance,Time
8357,"[[0, 0], [165, 161], [96, 86], [43, 137], [92, 94], [94, 57], [57, 172], [12, 155], [46, 52], [11, 184], [100, 160], [29, 36], [146, 164], [121, 31], [90, 130], [10, 15], [161, 10], [116, 173], [109, 46], [24, 162], [86, 26], [0, 0]]","[0, 15, 11, 8, 2, 4, 14, 10, 17, 12, 1, 6, 9, 7, 19, 3, 5, 18, 13, 16, 20, 21]",851.7538332319303,18.550032377243042
