Id,Coordinates,Order,Distance,Time
6188,"[[0, 0], [20, 27], [5, 6], [19, 31], [106, 12], [66, 11], [89, 23], [44, 35], [15, 33], [52, 27], [69, 8], [43, 8], [105, 28], [123, 33], [117, 36], [4, 9], [12, 24], [15, 17], [61, 25], [67, 8], [55, 31], [0, 0]]","[0, 2, 15, 17, 16, 8, 3, 1, 7, 9, 20, 18, 6, 12, 14, 13, 4, 10, 19, 5, 11, 21]",301.6629184411813,16.0677227973938
