Id,Coordinates,Order,Distance,Time
3620,"[[0, 0], [75, 7], [166, 3], [82, 12], [26, 15], [60, 29], [171, 23], [64, 25], [161, 4], [75, 7], [58, 29], [11, 14], [159, 27], [130, 12], [93, 7], [13, 10], [82, 14], [133, 18], [121, 16], [14, 5], [120, 25], [0, 0]]","[0, 15, 11, 4, 10, 5, 7, 1, 9, 3, 14, 18, 13, 8, 2, 6, 12, 17, 20, 16, 19, 21]",394.20902664447635,15.930185079574585
