Id,Coordinates,Order,Distance,Time
4018,"[[0, 0], [145, 162], [100, 55], [60, 111], [93, 13], [138, 69], [84, 126], [82, 118], [165, 37], [62, 43], [118, 83], [62, 79], [136, 64], [160, 6], [185, 83], [137, 157], [26, 125], [23, 42], [36, 114], [95, 158], [85, 52], [0, 0]]","[0, 9, 20, 2, 8, 13, 4, 11, 7, 6, 19, 15, 1, 14, 5, 12, 10, 3, 18, 16, 17, 21]",894.4808986271114,16.87186574935913
