Id,Coordinates,Order,Distance,Time
2852,"[[0, 0], [86, 78], [101, 113], [64, 149], [67, 56], [66, 168], [54, 128], [30, 76], [108, 8], [43, 114], [4, 128], [99, 128], [34, 18], [110, 30], [34, 77], [18, 23], [33, 161], [132, 51], [31, 165], [29, 153], [55, 81], [0, 0]]","[0, 15, 4, 20, 14, 7, 9, 3, 5, 18, 16, 19, 10, 6, 11, 2, 1, 17, 13, 8, 12, 21]",691.6958641548006,15.006055116653442
