Id,Coordinates,Order,Distance,Time
795,"[[0, 0], [102, 9], [22, 7], [102, 10], [24, 2], [54, 6], [51, 11], [22, 9], [88, 4], [2, 6], [89, 4], [89, 3], [47, 2], [55, 5], [49, 12], [34, 3], [50, 9], [104, 6], [40, 10], [67, 1], [79, 12], [0, 0]]","[0, 9, 2, 7, 18, 14, 6, 16, 5, 13, 19, 8, 10, 11, 17, 3, 1, 20, 12, 15, 4, 21]",226.00710446594852,13.130317211151123
