Id,Coordinates,Order,Distance,Time
9732,"[[0, 0], [41, 61], [2, 2], [53, 170], [42, 177], [30, 143], [44, 32], [42, 113], [12, 141], [75, 73], [39, 46], [69, 96], [80, 122], [15, 29], [42, 16], [9, 76], [67, 50], [79, 174], [15, 67], [78, 41], [18, 68], [0, 0]]","[0, 2, 14, 6, 10, 1, 20, 7, 11, 9, 16, 19, 12, 17, 3, 4, 5, 8, 15, 18, 13, 21]",632.6931167325455,21.851921796798706
