Id,Coordinates,Order,Distance,Time
1784,"[[0, 0], [9, 1], [13, 6], [8, 6], [5, 8], [6, 12], [3, 6], [7, 13], [1, 6], [1, 12], [11, 9], [4, 1], [11, 3], [9, 8], [5, 13], [2, 7], [8, 4], [11, 12], [14, 4], [6, 1], [12, 11], [0, 0]]","[0, 16, 3, 13, 10, 20, 17, 7, 5, 14, 9, 15, 8, 6, 4, 2, 18, 12, 1, 19, 11, 21]",66.07907762083255,20.838996648788452
