Id,Coordinates,Order,Distance,Time
9727,"[[0, 0], [36, 89], [5, 62], [36, 4], [19, 43], [28, 30], [8, 24], [36, 13], [11, 26], [20, 31], [15, 69], [10, 93], [24, 16], [13, 95], [14, 26], [12, 22], [10, 51], [30, 86], [4, 69], [36, 42], [17, 10], [0, 0]]","[0, 3, 7, 5, 9, 14, 8, 6, 15, 4, 16, 2, 18, 10, 17, 1, 13, 11, 19, 12, 20, 21]",325.87009000679586,15.225126028060913
