Id,Coordinates,Order,Distance,Time
6767,"[[0, 0], [140, 4], [127, 18], [60, 10], [49, 31], [53, 33], [60, 30], [72, 32], [76, 41], [117, 20], [49, 11], [8, 34], [103, 35], [113, 7], [101, 2], [96, 12], [74, 22], [58, 2], [109, 41], [36, 38], [127, 31], [0, 0]]","[0, 11, 19, 4, 5, 6, 7, 16, 3, 17, 15, 14, 13, 1, 2, 20, 9, 12, 18, 8, 10, 21]",428.30962480995913,15.670006036758423
