Id,Coordinates,Order,Distance,Time
5741,"[[0, 0], [120, 2], [72, 15], [152, 6], [58, 6], [133, 14], [86, 19], [101, 7], [145, 24], [162, 20], [172, 6], [84, 2], [182, 8], [65, 17], [8, 3], [128, 26], [139, 12], [6, 2], [59, 3], [92, 26], [157, 26], [0, 0]]","[0, 17, 14, 4, 13, 2, 6, 19, 7, 15, 5, 16, 8, 20, 9, 12, 10, 3, 1, 11, 18, 21]",414.3715949378769,15.344985008239746
