Id,Coordinates,Order,Distance,Time
517,"[[0, 0], [13, 160], [75, 170], [89, 54], [44, 98], [49, 152], [87, 175], [56, 150], [53, 29], [20, 145], [33, 124], [86, 163], [47, 131], [18, 141], [17, 117], [76, 175], [1, 147], [39, 61], [48, 176], [78, 33], [29, 117], [0, 0]]","[0, 8, 19, 3, 4, 20, 10, 12, 5, 7, 2, 15, 6, 11, 18, 9, 13, 1, 16, 14, 17, 21]",593.7146551094509,17.24516224861145
