Id,Coordinates,Order,Distance,Time
8569,"[[0, 0], [68, 29], [96, 2], [159, 125], [107, 70], [4, 47], [121, 5], [141, 16], [23, 104], [49, 101], [151, 93], [96, 115], [75, 78], [140, 49], [146, 4], [2, 28], [38, 98], [81, 46], [92, 24], [124, 109], [122, 20], [0, 0]]","[0, 15, 5, 8, 16, 9, 12, 18, 2, 6, 20, 14, 7, 13, 10, 3, 19, 11, 4, 17, 1, 21]",685.0690914479386,14.431596755981445
