Id,Coordinates,Order,Distance,Time
2408,"[[0, 0], [95, 89], [46, 12], [75, 158], [27, 10], [24, 54], [19, 17], [38, 33], [31, 129], [70, 107], [45, 75], [15, 162], [73, 125], [52, 148], [4, 34], [37, 100], [73, 152], [21, 119], [62, 82], [41, 79], [36, 6], [0, 0]]","[0, 6, 4, 20, 2, 7, 5, 10, 19, 18, 1, 12, 16, 3, 13, 11, 17, 8, 9, 15, 14, 21]",578.8993549259342,17.634384393692017
