Id,Coordinates,Order,Distance,Time
5421,"[[0, 0], [163, 49], [10, 7], [127, 33], [68, 4], [154, 60], [97, 34], [139, 16], [53, 30], [52, 28], [167, 61], [129, 59], [169, 13], [162, 15], [187, 57], [159, 49], [107, 38], [91, 16], [35, 54], [97, 36], [23, 1], [0, 0]]","[0, 20, 9, 8, 4, 17, 6, 19, 16, 3, 7, 13, 12, 15, 1, 14, 10, 5, 11, 18, 2, 21]",507.4281984222293,14.39771819114685
