Id,Coordinates,Order,Distance,Time
1316,"[[0, 0], [35, 24], [19, 138], [88, 44], [57, 141], [40, 80], [27, 61], [10, 19], [80, 53], [81, 124], [37, 80], [27, 74], [66, 20], [82, 16], [60, 5], [41, 68], [22, 96], [62, 38], [114, 129], [131, 133], [93, 143], [0, 0]]","[0, 7, 1, 17, 12, 14, 13, 3, 8, 15, 5, 10, 16, 2, 4, 20, 18, 19, 9, 11, 6, 21]",618.0960661801342,13.225244998931885
