Id,Coordinates,Order,Distance,Time
2823,"[[0, 0], [42, 41], [5, 48], [43, 22], [1, 61], [21, 75], [24, 15], [32, 10], [19, 40], [28, 16], [30, 44], [8, 22], [7, 60], [21, 73], [24, 57], [32, 67], [43, 70], [30, 66], [39, 89], [9, 5], [21, 6], [0, 0]]","[0, 19, 20, 6, 9, 7, 3, 1, 10, 2, 4, 12, 13, 5, 18, 16, 15, 17, 14, 8, 11, 21]",284.83882542979507,13.521363973617554
