Id,Coordinates,Order,Distance,Time
1013,"[[0, 0], [173, 34], [121, 12], [32, 38], [105, 32], [111, 11], [23, 33], [109, 28], [66, 24], [74, 11], [154, 29], [148, 9], [29, 33], [162, 29], [61, 28], [46, 1], [127, 38], [17, 31], [169, 27], [99, 2], [155, 11], [0, 0]]","[0, 17, 6, 12, 3, 14, 8, 7, 4, 16, 10, 13, 18, 1, 20, 11, 2, 5, 19, 9, 15, 21]",404.0545398511995,18.1436767578125
