Id,Coordinates,Order,Distance,Time
9989,"[[0, 0], [15, 14], [29, 12], [24, 9], [13, 68], [6, 20], [30, 33], [24, 9], [11, 23], [39, 26], [38, 3], [17, 23], [5, 1], [28, 62], [16, 27], [22, 78], [8, 27], [4, 39], [31, 3], [6, 44], [4, 63], [0, 0]]","[0, 1, 11, 14, 8, 5, 16, 17, 19, 20, 4, 15, 13, 6, 9, 2, 3, 7, 10, 18, 12, 21]",247.2652466677494,12.764739513397217
