Id,Coordinates,Order,Distance,Time
9596,"[[0, 0], [27, 11], [56, 12], [80, 6], [56, 24], [58, 41], [3, 44], [62, 26], [77, 9], [63, 26], [91, 45], [45, 42], [59, 64], [47, 30], [68, 24], [84, 10], [83, 57], [65, 31], [69, 68], [55, 26], [29, 50], [0, 0]]","[0, 6, 13, 19, 4, 7, 9, 14, 17, 5, 11, 20, 12, 18, 16, 10, 15, 3, 8, 2, 1, 21]",364.9958269758936,17.31085729598999
