Id,Coordinates,Order,Distance,Time
1137,"[[0, 0], [91, 62], [78, 64], [5, 46], [135, 38], [127, 14], [52, 28], [12, 2], [15, 18], [133, 35], [100, 34], [11, 67], [95, 42], [21, 47], [2, 69], [121, 43], [60, 3], [88, 68], [89, 9], [107, 49], [117, 55], [0, 0]]","[0, 7, 8, 3, 14, 11, 13, 6, 16, 18, 10, 19, 20, 15, 9, 4, 5, 12, 1, 17, 2, 21]",496.96796651612806,15.084643602371216
