Id,Coordinates,Order,Distance,Time
4945,"[[0, 0], [85, 131], [64, 6], [110, 151], [18, 2], [121, 121], [167, 159], [128, 51], [50, 142], [153, 56], [104, 4], [77, 130], [114, 23], [32, 138], [111, 5], [19, 16], [5, 75], [128, 120], [154, 24], [24, 157], [142, 59], [0, 0]]","[0, 4, 15, 2, 10, 14, 12, 7, 20, 9, 18, 17, 5, 3, 6, 11, 1, 8, 19, 13, 16, 21]",763.1493080653017,16.131953239440918
