Id,Coordinates,Order,Distance,Time
4066,"[[0, 0], [17, 91], [20, 27], [34, 46], [15, 5], [18, 111], [23, 101], [36, 125], [19, 86], [24, 33], [22, 26], [13, 83], [29, 67], [32, 179], [8, 57], [5, 143], [27, 80], [24, 70], [13, 100], [12, 115], [7, 4], [0, 0]]","[0, 20, 4, 10, 2, 9, 3, 12, 17, 16, 8, 1, 18, 5, 19, 15, 13, 7, 6, 11, 14, 21]",405.4260153815058,16.624903917312622
