Id,Coordinates,Order,Distance,Time
5618,"[[0, 0], [23, 1], [42, 32], [31, 22], [27, 1], [36, 6], [5, 13], [10, 19], [35, 3], [5, 23], [7, 1], [44, 21], [20, 14], [41, 31], [37, 13], [35, 20], [48, 32], [41, 12], [37, 2], [35, 31], [20, 1], [0, 0]]","[0, 6, 9, 7, 12, 20, 1, 4, 8, 18, 5, 14, 17, 15, 3, 19, 13, 2, 16, 11, 10, 21]",184.88186742533185,15.849342823028564
