Id,Coordinates,Order,Distance,Time
9224,"[[0, 0], [8, 49], [13, 78], [74, 51], [74, 71], [10, 79], [28, 26], [23, 106], [24, 115], [30, 49], [12, 69], [14, 48], [40, 4], [40, 41], [24, 8], [44, 55], [6, 67], [82, 101], [49, 4], [36, 78], [70, 80], [0, 0]]","[0, 14, 12, 18, 6, 13, 9, 15, 19, 2, 5, 10, 16, 1, 11, 7, 8, 17, 20, 4, 3, 21]",490.00462546785275,16.712839603424072
