Id,Coordinates,Order,Distance,Time
327,"[[0, 0], [38, 26], [4, 76], [22, 36], [26, 23], [4, 48], [15, 163], [45, 85], [51, 162], [54, 13], [15, 91], [21, 143], [25, 82], [15, 23], [24, 147], [49, 156], [44, 37], [1, 75], [46, 86], [45, 17], [14, 149], [0, 0]]","[0, 13, 4, 1, 19, 9, 16, 3, 17, 2, 12, 7, 18, 11, 14, 20, 6, 8, 15, 10, 5, 21]",509.7567181800648,13.502771615982056
