Id,Coordinates,Order,Distance,Time
8238,"[[0, 0], [117, 63], [144, 30], [28, 94], [50, 115], [81, 65], [133, 47], [47, 100], [114, 33], [29, 5], [164, 78], [143, 82], [114, 43], [113, 40], [45, 113], [136, 91], [52, 88], [109, 8], [134, 18], [41, 111], [154, 31], [0, 0]]","[0, 9, 5, 1, 12, 13, 8, 17, 18, 20, 2, 6, 11, 10, 15, 16, 7, 19, 14, 4, 3, 21]",617.4962287790116,16.49367094039917
