Id,Coordinates,Order,Distance,Time
8673,"[[0, 0], [16, 1], [16, 21], [14, 6], [22, 26], [17, 17], [1, 18], [4, 7], [12, 4], [21, 5], [5, 27], [2, 8], [21, 13], [22, 8], [4, 7], [21, 2], [1, 23], [7, 23], [11, 24], [22, 9], [5, 22], [0, 0]]","[0, 7, 14, 20, 17, 18, 2, 4, 12, 19, 13, 9, 15, 1, 8, 3, 5, 10, 16, 6, 11, 21]",135.32235875972444,24.22173762321472
