Id,Coordinates,Order,Distance,Time
6670,"[[0, 0], [11, 36], [1, 38], [7, 26], [8, 33], [16, 3], [1, 6], [15, 10], [16, 20], [5, 11], [2, 13], [6, 11], [19, 22], [1, 28], [1, 30], [1, 31], [2, 13], [10, 28], [19, 28], [14, 23], [4, 44], [0, 0]]","[0, 6, 9, 11, 10, 16, 19, 17, 3, 13, 14, 15, 2, 20, 1, 4, 18, 12, 8, 7, 5, 21]",135.5811046182755,18.41599988937378
