Id,Coordinates,Order,Distance,Time
9815,"[[0, 0], [44, 11], [42, 31], [29, 11], [18, 116], [34, 24], [2, 41], [12, 98], [19, 31], [41, 88], [19, 82], [23, 46], [2, 127], [40, 74], [15, 122], [6, 104], [3, 7], [1, 27], [33, 21], [35, 14], [39, 28], [0, 0]]","[0, 16, 1, 20, 2, 5, 18, 19, 3, 8, 11, 13, 9, 7, 4, 14, 12, 15, 10, 6, 17, 21]",386.8550023810655,16.823545694351196
