Id,Coordinates,Order,Distance,Time
8003,"[[0, 0], [48, 2], [43, 5], [12, 56], [52, 77], [40, 85], [107, 9], [10, 46], [38, 73], [32, 40], [82, 79], [99, 48], [34, 19], [37, 87], [68, 69], [16, 3], [69, 29], [33, 48], [104, 31], [103, 31], [78, 10], [0, 0]]","[0, 15, 2, 1, 20, 6, 18, 19, 11, 10, 14, 4, 5, 13, 8, 3, 7, 17, 9, 16, 12, 21]",437.7904324646909,15.230148553848267
