Id,Coordinates,Order,Distance,Time
3008,"[[0, 0], [49, 68], [4, 21], [43, 76], [37, 67], [12, 38], [37, 6], [70, 69], [58, 34], [38, 29], [69, 61], [87, 65], [36, 72], [62, 24], [19, 53], [48, 59], [86, 74], [45, 58], [14, 74], [61, 30], [20, 27], [0, 0]]","[0, 2, 20, 5, 14, 18, 4, 12, 3, 1, 17, 15, 10, 7, 16, 11, 8, 19, 13, 9, 6, 21]",343.871343457617,15.811662435531616
