Id,Coordinates,Order,Distance,Time
8077,"[[0, 0], [42, 37], [28, 35], [36, 82], [27, 63], [13, 70], [30, 69], [21, 49], [34, 56], [24, 68], [20, 84], [26, 66], [32, 83], [43, 26], [5, 36], [26, 55], [42, 80], [17, 55], [1, 46], [16, 26], [8, 30], [0, 0]]","[0, 20, 14, 18, 17, 4, 11, 9, 6, 8, 1, 13, 2, 7, 5, 10, 12, 3, 16, 15, 19, 21]",320.67182858720264,15.223043203353882
