Id,Coordinates,Order,Distance,Time
2990,"[[0, 0], [20, 161], [17, 147], [32, 28], [22, 113], [2, 78], [25, 5], [10, 135], [21, 76], [7, 76], [10, 115], [24, 61], [6, 18], [32, 48], [29, 105], [24, 85], [6, 86], [30, 83], [23, 88], [5, 37], [24, 35], [0, 0]]","[0, 12, 19, 13, 11, 8, 15, 18, 17, 14, 4, 7, 2, 1, 10, 16, 5, 9, 20, 3, 6, 21]",399.1205738008222,15.455328464508057
