Id,Coordinates,Order,Distance,Time
2929,"[[0, 0], [36, 140], [61, 149], [26, 25], [3, 155], [58, 69], [65, 29], [36, 130], [55, 145], [33, 162], [40, 133], [54, 49], [43, 110], [56, 20], [30, 46], [3, 155], [5, 106], [3, 150], [24, 30], [26, 139], [42, 125], [0, 0]]","[0, 3, 13, 6, 11, 5, 12, 20, 7, 10, 1, 19, 8, 2, 9, 17, 4, 15, 16, 14, 18, 21]",485.60058163228683,13.881535053253174
