Id,Coordinates,Order,Distance,Time
7444,"[[0, 0], [73, 1], [28, 2], [12, 29], [66, 30], [18, 29], [46, 2], [77, 10], [90, 19], [65, 19], [36, 13], [30, 23], [9, 23], [62, 23], [41, 14], [35, 26], [69, 20], [22, 7], [25, 4], [82, 23], [14, 31], [0, 0]]","[0, 17, 18, 2, 10, 13, 4, 9, 16, 19, 8, 7, 1, 6, 14, 15, 11, 5, 20, 3, 12, 21]",253.95936313454175,16.000980377197266
