Id,Coordinates,Order,Distance,Time
9909,"[[0, 0], [68, 113], [24, 22], [94, 87], [45, 20], [8, 121], [35, 120], [41, 30], [48, 15], [27, 24], [49, 54], [16, 131], [33, 139], [80, 83], [2, 69], [48, 146], [92, 37], [46, 99], [67, 124], [30, 10], [5, 94], [0, 0]]","[0, 2, 9, 4, 8, 16, 3, 13, 1, 18, 15, 12, 11, 5, 6, 17, 20, 14, 10, 7, 19, 21]",540.0898228739587,18.54884099960327
