Id,Coordinates,Order,Distance,Time
7814,"[[0, 0], [44, 46], [136, 32], [61, 2], [128, 59], [48, 14], [99, 57], [82, 34], [94, 31], [92, 44], [27, 33], [70, 70], [67, 40], [88, 60], [169, 36], [1, 59], [24, 39], [44, 3], [147, 29], [61, 57], [177, 30], [0, 0]]","[0, 10, 16, 1, 19, 9, 7, 12, 5, 17, 3, 8, 2, 18, 14, 20, 4, 6, 13, 11, 15, 21]",591.946426529612,13.976689577102661
