Id,Coordinates,Order,Distance,Time
5962,"[[0, 0], [22, 5], [90, 27], [100, 73], [124, 82], [22, 61], [41, 82], [110, 85], [13, 57], [61, 70], [25, 16], [55, 36], [71, 85], [9, 5], [55, 23], [12, 85], [124, 71], [75, 85], [42, 63], [84, 66], [79, 61], [0, 0]]","[0, 13, 1, 10, 18, 6, 9, 12, 17, 20, 19, 3, 7, 4, 16, 2, 14, 11, 5, 15, 8, 21]",495.57551295787516,15.722712278366089
