Id,Coordinates,Order,Distance,Time
9307,"[[0, 0], [35, 43], [14, 43], [10, 19], [47, 20], [12, 4], [23, 12], [27, 7], [13, 38], [7, 37], [14, 12], [31, 41], [26, 40], [47, 26], [41, 37], [7, 5], [2, 36], [27, 33], [33, 2], [15, 16], [28, 28], [0, 0]]","[0, 15, 5, 10, 19, 6, 7, 18, 4, 13, 14, 1, 11, 12, 17, 20, 2, 8, 9, 16, 3, 21]",196.8465951050475,14.86589527130127
