Id,Coordinates,Order,Distance,Time
8656,"[[0, 0], [55, 12], [102, 5], [86, 1], [126, 2], [35, 8], [176, 11], [129, 5], [114, 2], [3, 13], [158, 16], [6, 10], [132, 4], [147, 5], [182, 19], [110, 3], [169, 15], [13, 3], [107, 12], [91, 5], [57, 17], [0, 0]]","[0, 11, 9, 5, 1, 3, 19, 2, 15, 8, 4, 7, 12, 13, 6, 14, 16, 10, 18, 20, 17, 21]",389.9755835170784,13.98535943031311
