Id,Coordinates,Order,Distance,Time
7655,"[[0, 0], [35, 37], [29, 41], [23, 2], [22, 41], [7, 23], [40, 42], [8, 34], [41, 8], [55, 16], [4, 22], [15, 32], [57, 43], [29, 29], [63, 36], [49, 51], [28, 19], [8, 38], [18, 43], [37, 6], [5, 20], [0, 0]]","[0, 20, 10, 5, 7, 17, 11, 18, 4, 2, 1, 6, 15, 12, 14, 9, 8, 19, 13, 16, 3, 21]",237.04163035958368,15.906662464141846
