Id,Coordinates,Order,Distance,Time
2542,"[[0, 0], [29, 39], [33, 24], [8, 17], [1, 32], [26, 10], [34, 16], [46, 37], [24, 16], [7, 6], [16, 12], [13, 14], [8, 25], [11, 43], [19, 12], [44, 41], [14, 23], [30, 24], [9, 13], [1, 28], [42, 18], [0, 0]]","[0, 9, 11, 10, 14, 8, 5, 6, 17, 2, 20, 7, 15, 1, 13, 4, 19, 12, 16, 3, 18, 21]",189.0003321600894,16.317744255065918
