Id,Coordinates,Order,Distance,Time
4024,"[[0, 0], [10, 7], [14, 24], [16, 48], [12, 45], [5, 11], [17, 36], [19, 13], [8, 33], [9, 43], [15, 4], [17, 2], [15, 11], [6, 17], [15, 9], [7, 38], [17, 5], [14, 32], [6, 18], [19, 9], [8, 2], [0, 0]]","[0, 20, 1, 14, 12, 7, 19, 16, 10, 11, 13, 18, 8, 15, 9, 4, 3, 6, 17, 2, 5, 21]",144.78489351532934,14.823352336883545
