Id,Coordinates,Order,Distance,Time
1210,"[[0, 0], [48, 81], [16, 19], [9, 112], [35, 121], [11, 85], [27, 17], [51, 73], [28, 59], [27, 6], [4, 11], [66, 39], [53, 83], [14, 90], [50, 26], [34, 108], [18, 67], [56, 142], [61, 30], [53, 155], [36, 31], [0, 0]]","[0, 10, 2, 6, 9, 20, 14, 18, 11, 7, 1, 12, 15, 13, 5, 3, 4, 19, 17, 16, 8, 21]",494.56471724061055,17.890433311462402
