Id,Coordinates,Order,Distance,Time
4224,"[[0, 0], [91, 19], [83, 25], [16, 161], [36, 79], [18, 21], [50, 150], [80, 86], [9, 98], [73, 7], [24, 32], [28, 119], [71, 111], [1, 38], [48, 154], [26, 29], [36, 41], [55, 13], [14, 142], [33, 100], [16, 75], [0, 0]]","[0, 5, 15, 10, 16, 17, 9, 1, 2, 7, 12, 18, 3, 14, 6, 11, 8, 19, 4, 20, 13, 21]",559.8487184238876,16.85999298095703
