Id,Coordinates,Order,Distance,Time
9282,"[[0, 0], [123, 13], [137, 28], [102, 148], [70, 60], [27, 23], [144, 63], [26, 100], [84, 2], [10, 16], [150, 185], [25, 33], [13, 117], [77, 189], [174, 148], [43, 33], [148, 8], [141, 67], [129, 43], [41, 99], [150, 159], [0, 0]]","[0, 9, 5, 11, 15, 4, 19, 7, 12, 13, 3, 10, 20, 14, 17, 6, 18, 2, 16, 1, 8, 21]",752.3590152927048,15.74641489982605
