Id,Coordinates,Order,Distance,Time
3885,"[[0, 0], [41, 136], [15, 172], [47, 28], [46, 22], [10, 78], [33, 107], [17, 14], [38, 174], [23, 38], [78, 52], [12, 79], [66, 159], [10, 143], [39, 167], [67, 168], [74, 20], [3, 156], [76, 17], [32, 91], [60, 46], [0, 0]]","[0, 7, 3, 4, 16, 18, 10, 20, 19, 6, 1, 14, 8, 2, 17, 13, 12, 15, 11, 5, 9, 21]",601.6540019759132,14.644446849822998
