Id,Coordinates,Order,Distance,Time
7062,"[[0, 0], [29, 5], [3, 14], [36, 3], [3, 12], [11, 4], [28, 4], [14, 1], [22, 12], [6, 10], [11, 10], [12, 4], [10, 11], [7, 1], [20, 5], [15, 12], [24, 5], [41, 6], [23, 3], [3, 3], [23, 15], [0, 0]]","[0, 13, 5, 11, 7, 14, 18, 16, 6, 1, 3, 17, 20, 8, 15, 10, 12, 9, 2, 4, 19, 21]",107.9167071511139,16.58954405784607
