Id,Coordinates,Order,Distance,Time
4518,"[[0, 0], [195, 53], [38, 47], [189, 55], [100, 144], [93, 2], [164, 46], [187, 9], [120, 149], [94, 107], [104, 57], [169, 2], [137, 65], [47, 41], [4, 117], [47, 40], [41, 33], [28, 153], [167, 111], [195, 15], [79, 111], [0, 0]]","[0, 16, 2, 13, 15, 10, 12, 6, 3, 1, 19, 7, 11, 5, 20, 9, 18, 8, 4, 17, 14, 21]",892.9057379008214,14.980450868606567
