Id,Coordinates,Order,Distance,Time
3934,"[[0, 0], [64, 71], [127, 12], [83, 68], [110, 33], [48, 61], [105, 14], [132, 13], [91, 23], [97, 4], [55, 18], [106, 83], [109, 45], [133, 4], [1, 87], [123, 73], [40, 3], [28, 11], [117, 86], [1, 30], [87, 45], [0, 0]]","[0, 17, 16, 10, 8, 6, 9, 2, 7, 13, 4, 12, 20, 3, 11, 18, 15, 1, 5, 14, 19, 21]",541.926194956755,17.90199637413025
