Id,Coordinates,Order,Distance,Time
4389,"[[0, 0], [15, 66], [13, 37], [17, 15], [20, 88], [91, 101], [20, 6], [74, 85], [86, 8], [4, 66], [36, 103], [91, 88], [90, 15], [43, 121], [57, 89], [30, 115], [35, 86], [19, 6], [38, 89], [32, 102], [42, 17], [0, 0]]","[0, 3, 2, 9, 1, 4, 16, 18, 10, 19, 15, 13, 14, 7, 5, 11, 12, 8, 20, 6, 17, 21]",433.3088436424649,15.87529706954956
