Id,Coordinates,Order,Distance,Time
5686,"[[0, 0], [109, 30], [81, 55], [9, 111], [88, 88], [126, 91], [133, 50], [119, 151], [48, 90], [11, 94], [107, 132], [139, 92], [108, 156], [116, 78], [10, 30], [18, 135], [137, 19], [103, 68], [137, 56], [136, 148], [21, 76], [0, 0]]","[0, 14, 20, 9, 3, 15, 8, 4, 17, 13, 18, 6, 16, 1, 5, 11, 19, 7, 12, 10, 2, 21]",740.7488982084321,16.758110284805298
