Id,Coordinates,Order,Distance,Time
66,"[[0, 0], [4, 102], [9, 94], [15, 18], [74, 77], [77, 135], [76, 145], [26, 34], [50, 133], [70, 127], [54, 131], [61, 33], [63, 13], [29, 147], [78, 14], [49, 60], [17, 47], [15, 153], [40, 127], [33, 43], [63, 45], [0, 0]]","[0, 3, 7, 19, 12, 14, 11, 20, 15, 4, 9, 5, 6, 10, 8, 18, 13, 17, 1, 2, 16, 21]",509.4903774258578,22.50203275680542
