Id,Coordinates,Order,Distance,Time
8936,"[[0, 0], [4, 27], [47, 52], [30, 26], [30, 20], [34, 17], [38, 63], [57, 50], [6, 58], [30, 45], [13, 32], [35, 12], [43, 49], [7, 56], [2, 9], [8, 51], [45, 3], [40, 31], [27, 39], [22, 59], [39, 34], [0, 0]]","[0, 14, 1, 10, 18, 9, 12, 2, 7, 6, 19, 8, 13, 15, 4, 5, 11, 16, 17, 20, 3, 21]",295.57805579369875,13.646763563156128
