Id,Coordinates,Order,Distance,Time
2747,"[[0, 0], [17, 44], [14, 92], [10, 58], [7, 28], [9, 104], [16, 43], [4, 33], [26, 87], [26, 119], [15, 92], [14, 111], [4, 120], [26, 74], [23, 32], [3, 130], [12, 68], [2, 47], [26, 99], [4, 9], [21, 59], [0, 0]]","[0, 19, 4, 7, 17, 3, 6, 1, 20, 13, 8, 10, 2, 5, 11, 12, 15, 9, 18, 16, 14, 21]",338.3139234917568,21.59757351875305
