Id,Coordinates,Order,Distance,Time
7902,"[[0, 0], [28, 1], [12, 5], [58, 4], [61, 1], [33, 2], [48, 10], [45, 4], [3, 12], [15, 1], [62, 7], [70, 9], [21, 3], [11, 5], [72, 1], [64, 9], [51, 7], [55, 7], [28, 5], [34, 9], [49, 7], [0, 0]]","[0, 13, 2, 9, 12, 1, 5, 7, 20, 16, 17, 3, 10, 15, 11, 14, 4, 6, 19, 18, 8, 21]",171.65852136823727,16.20039939880371
