Id,Coordinates,Order,Distance,Time
8173,"[[0, 0], [25, 44], [45, 60], [7, 91], [22, 87], [10, 51], [26, 76], [45, 24], [24, 103], [4, 76], [5, 105], [40, 98], [44, 30], [21, 27], [27, 79], [32, 25], [14, 18], [24, 13], [37, 53], [17, 91], [33, 48], [0, 0]]","[0, 17, 15, 7, 12, 20, 18, 2, 6, 14, 19, 3, 10, 8, 11, 4, 9, 5, 1, 13, 16, 21]",337.7212026422293,14.279216289520264
