Id,Coordinates,Order,Distance,Time
7201,"[[0, 0], [102, 9], [5, 11], [26, 14], [45, 1], [62, 2], [53, 5], [15, 9], [51, 10], [41, 11], [75, 9], [32, 9], [67, 8], [21, 13], [9, 11], [77, 8], [6, 5], [18, 12], [29, 5], [40, 7], [36, 12], [0, 0]]","[0, 16, 2, 14, 7, 17, 13, 3, 20, 19, 4, 6, 5, 10, 15, 1, 12, 8, 9, 11, 18, 21]",225.42100257673664,15.625535011291504
