Id,Coordinates,Order,Distance,Time
9107,"[[0, 0], [23, 68], [10, 14], [19, 56], [27, 66], [15, 62], [10, 63], [25, 75], [5, 29], [11, 12], [10, 53], [14, 25], [14, 18], [8, 40], [6, 53], [14, 70], [27, 24], [21, 17], [23, 20], [21, 53], [1, 38], [0, 0]]","[0, 9, 2, 12, 11, 8, 20, 13, 10, 14, 6, 5, 15, 7, 1, 4, 3, 19, 16, 18, 17, 21]",204.37631668538583,20.504761934280396
