Id,Coordinates,Order,Distance,Time
3831,"[[0, 0], [73, 24], [59, 37], [139, 63], [98, 1], [56, 27], [77, 65], [104, 11], [88, 72], [131, 12], [90, 16], [17, 3], [50, 67], [146, 4], [118, 61], [33, 65], [19, 34], [97, 34], [108, 10], [148, 16], [66, 19], [0, 0]]","[0, 16, 15, 12, 6, 8, 14, 3, 19, 13, 9, 18, 7, 4, 10, 17, 1, 20, 2, 5, 11, 21]",461.85712930897057,16.504075288772583
