Id,Coordinates,Order,Distance,Time
2370,"[[0, 0], [35, 90], [7, 37], [19, 44], [37, 37], [12, 18], [22, 22], [18, 75], [31, 40], [36, 69], [39, 55], [1, 63], [25, 24], [33, 37], [11, 37], [12, 75], [13, 37], [2, 72], [30, 45], [31, 99], [12, 24], [0, 0]]","[0, 5, 6, 12, 13, 4, 10, 9, 7, 15, 17, 11, 2, 16, 14, 3, 1, 19, 18, 8, 20, 21]",345.8175678088291,15.095240116119385
