Id,Coordinates,Order,Distance,Time
2629,"[[0, 0], [107, 44], [98, 68], [38, 84], [127, 11], [119, 85], [56, 58], [61, 28], [70, 82], [28, 37], [121, 34], [69, 97], [101, 98], [40, 111], [90, 85], [78, 28], [76, 47], [31, 74], [38, 45], [28, 89], [100, 108], [0, 0]]","[0, 9, 18, 6, 16, 7, 15, 4, 10, 1, 2, 5, 20, 12, 14, 8, 11, 13, 19, 3, 17, 21]",542.9826559709792,18.077487468719482
