Id,Coordinates,Order,Distance,Time
2396,"[[0, 0], [25, 32], [10, 53], [5, 14], [14, 57], [32, 76], [13, 43], [77, 11], [31, 38], [58, 99], [9, 113], [68, 75], [40, 127], [21, 136], [34, 66], [76, 100], [22, 106], [20, 4], [17, 60], [47, 32], [14, 75], [0, 0]]","[0, 3, 1, 8, 6, 2, 4, 18, 20, 5, 11, 15, 9, 12, 13, 10, 16, 14, 19, 7, 17, 21]",489.5184413997222,13.388386726379395
