Id,Coordinates,Order,Distance,Time
4313,"[[0, 0], [4, 169], [11, 46], [9, 121], [13, 42], [9, 138], [9, 121], [18, 140], [11, 36], [19, 114], [9, 156], [6, 43], [4, 49], [11, 124], [19, 1], [13, 120], [14, 148], [9, 19], [2, 26], [1, 111], [12, 32], [0, 0]]","[0, 14, 17, 20, 8, 4, 2, 11, 12, 19, 3, 6, 13, 7, 16, 10, 1, 5, 15, 9, 18, 21]",381.3185762350502,16.429198265075684
