Id,Coordinates,Order,Distance,Time
8638,"[[0, 0], [134, 65], [85, 22], [139, 3], [61, 82], [104, 17], [87, 128], [48, 80], [95, 140], [22, 44], [72, 138], [126, 108], [130, 56], [53, 33], [58, 4], [55, 34], [60, 23], [1, 90], [91, 130], [110, 17], [30, 91], [0, 0]]","[0, 13, 15, 16, 14, 2, 5, 19, 3, 12, 1, 11, 8, 18, 6, 10, 4, 7, 20, 17, 9, 21]",590.421996171346,13.907342433929443
