Id,Coordinates,Order,Distance,Time
7430,"[[0, 0], [57, 74], [51, 172], [3, 25], [21, 146], [42, 141], [69, 127], [35, 61], [16, 49], [1, 68], [58, 110], [68, 79], [19, 148], [18, 9], [18, 73], [14, 59], [21, 71], [7, 103], [68, 113], [30, 36], [5, 119], [0, 0]]","[0, 13, 19, 8, 15, 16, 14, 7, 1, 11, 10, 18, 6, 5, 2, 12, 4, 20, 17, 9, 3, 21]",467.73462031664496,14.737266302108765
