Id,Coordinates,Order,Distance,Time
4603,"[[0, 0], [57, 132], [80, 24], [24, 22], [41, 155], [30, 127], [13, 15], [75, 134], [120, 36], [23, 157], [74, 172], [18, 75], [62, 130], [8, 20], [80, 39], [82, 28], [132, 22], [119, 34], [99, 62], [19, 80], [71, 147], [0, 0]]","[0, 6, 13, 11, 19, 1, 12, 7, 20, 10, 4, 9, 5, 18, 14, 17, 8, 16, 15, 2, 3, 21]",623.1776265536881,19.81636929512024
