Id,Coordinates,Order,Distance,Time
265,"[[0, 0], [75, 9], [26, 11], [30, 3], [23, 6], [87, 3], [96, 10], [9, 5], [97, 7], [9, 3], [36, 9], [67, 10], [6, 1], [30, 11], [74, 11], [31, 5], [13, 1], [9, 11], [60, 11], [33, 6], [76, 4], [0, 0]]","[0, 12, 9, 7, 17, 4, 2, 13, 10, 18, 11, 14, 1, 20, 5, 8, 6, 19, 15, 3, 16, 21]",216.00291027467065,15.954437732696533
