Id,Coordinates,Order,Distance,Time
9852,"[[0, 0], [89, 166], [94, 107], [95, 44], [106, 49], [34, 72], [75, 26], [5, 51], [82, 161], [25, 11], [79, 8], [117, 56], [6, 2], [26, 47], [74, 24], [103, 115], [9, 147], [27, 150], [38, 18], [36, 35], [9, 24], [0, 0]]","[0, 12, 9, 18, 19, 6, 14, 10, 3, 4, 11, 2, 15, 8, 1, 17, 16, 5, 13, 7, 20, 21]",570.8180629103831,16.11404013633728
