Id,Coordinates,Order,Distance,Time
4856,"[[0, 0], [21, 95], [20, 29], [81, 91], [1, 85], [66, 25], [6, 4], [47, 86], [10, 15], [54, 62], [80, 59], [72, 29], [38, 81], [70, 6], [35, 29], [53, 32], [61, 26], [46, 15], [78, 94], [6, 90], [68, 29], [0, 0]]","[0, 6, 8, 2, 14, 17, 15, 16, 5, 20, 11, 9, 12, 1, 19, 4, 7, 18, 3, 10, 13, 21]",455.6919970677718,16.994675159454346
