Id,Coordinates,Order,Distance,Time
4074,"[[0, 0], [94, 82], [151, 92], [53, 157], [153, 147], [82, 91], [126, 47], [152, 21], [133, 185], [134, 134], [116, 125], [129, 10], [130, 130], [12, 36], [6, 169], [48, 52], [149, 98], [9, 65], [104, 42], [61, 171], [6, 104], [0, 0]]","[0, 13, 17, 20, 14, 3, 19, 10, 12, 9, 8, 4, 16, 2, 6, 7, 11, 18, 1, 5, 15, 21]",809.601111856636,13.596642017364502
