Id,Coordinates,Order,Distance,Time
9329,"[[0, 0], [112, 113], [166, 126], [125, 44], [118, 113], [152, 193], [123, 2], [169, 42], [50, 63], [61, 143], [62, 52], [64, 120], [163, 181], [173, 76], [3, 177], [84, 42], [125, 164], [84, 22], [173, 126], [84, 111], [99, 93], [0, 0]]","[0, 8, 10, 15, 17, 6, 3, 7, 13, 18, 2, 4, 1, 20, 19, 11, 9, 16, 12, 5, 14, 21]",961.319418972089,14.676068544387817
