Id,Coordinates,Order,Distance,Time
8102,"[[0, 0], [12, 11], [6, 1], [13, 3], [33, 4], [51, 11], [32, 8], [33, 9], [22, 5], [35, 8], [22, 4], [9, 5], [21, 9], [29, 1], [21, 5], [11, 5], [32, 3], [16, 6], [50, 10], [43, 10], [38, 4], [0, 0]]","[0, 2, 11, 15, 3, 17, 14, 8, 10, 13, 16, 4, 6, 7, 9, 19, 5, 18, 20, 12, 1, 21]",121.01927559191564,18.533025979995728
