Id,Coordinates,Order,Distance,Time
8404,"[[0, 0], [11, 5], [2, 23], [9, 20], [12, 18], [10, 16], [2, 31], [12, 39], [10, 43], [1, 45], [1, 4], [7, 2], [3, 42], [11, 6], [12, 40], [8, 11], [7, 21], [7, 25], [2, 20], [11, 46], [9, 6], [0, 0]]","[0, 11, 20, 13, 1, 15, 5, 4, 3, 16, 17, 6, 12, 9, 19, 8, 14, 7, 2, 18, 10, 21]",120.81681491854737,18.58896827697754
