Id,Coordinates,Order,Distance,Time
6961,"[[0, 0], [2, 61], [9, 77], [13, 79], [7, 30], [5, 41], [3, 75], [4, 84], [3, 47], [13, 72], [3, 34], [8, 83], [8, 47], [1, 85], [2, 31], [8, 51], [10, 61], [3, 42], [8, 77], [5, 77], [8, 51], [0, 0]]","[0, 14, 10, 5, 17, 8, 15, 20, 1, 6, 19, 18, 2, 11, 7, 13, 3, 9, 16, 12, 4, 21]",193.83570218368513,12.959852695465088
