Id,Coordinates,Order,Distance,Time
4298,"[[0, 0], [14, 22], [20, 8], [18, 26], [30, 21], [38, 32], [33, 29], [2, 7], [11, 31], [34, 32], [19, 3], [39, 5], [35, 9], [7, 38], [28, 19], [4, 3], [36, 32], [39, 38], [21, 12], [2, 39], [23, 43], [0, 0]]","[0, 7, 2, 18, 14, 4, 6, 9, 16, 5, 17, 20, 13, 19, 8, 3, 1, 12, 11, 10, 15, 21]",198.32862428895172,15.015043497085571
