Id,Coordinates,Order,Distance,Time
3202,"[[0, 0], [24, 14], [41, 12], [49, 43], [35, 28], [48, 47], [33, 29], [36, 15], [41, 1], [24, 49], [43, 8], [2, 43], [37, 42], [23, 8], [24, 1], [21, 8], [50, 48], [32, 16], [9, 42], [12, 27], [48, 43], [0, 0]]","[0, 1, 17, 7, 2, 10, 8, 14, 13, 15, 19, 11, 18, 9, 12, 5, 16, 3, 20, 4, 6, 21]",247.52446489827477,16.827771186828613
