Id,Coordinates,Order,Distance,Time
6892,"[[0, 0], [4, 12], [122, 47], [73, 83], [126, 76], [113, 27], [52, 80], [70, 85], [38, 55], [78, 33], [26, 66], [116, 3], [128, 1], [64, 55], [44, 64], [16, 24], [41, 5], [41, 59], [142, 76], [104, 64], [138, 82], [0, 0]]","[0, 1, 15, 10, 14, 17, 8, 13, 6, 7, 3, 19, 2, 5, 11, 12, 18, 20, 4, 9, 16, 21]",545.2265157904592,14.113242149353027
