Id,Coordinates,Order,Distance,Time
8661,"[[0, 0], [3, 112], [37, 61], [152, 93], [60, 2], [89, 114], [100, 97], [137, 53], [117, 71], [47, 111], [108, 35], [74, 10], [144, 107], [16, 130], [18, 124], [120, 97], [48, 22], [149, 132], [20, 80], [58, 48], [9, 107], [0, 0]]","[0, 4, 11, 19, 2, 18, 20, 1, 14, 13, 9, 5, 6, 15, 17, 12, 3, 8, 7, 10, 16, 21]",651.4418703123074,20.385559558868408
