Id,Coordinates,Order,Distance,Time
9069,"[[0, 0], [5, 38], [62, 98], [110, 87], [14, 74], [63, 109], [120, 60], [40, 39], [136, 109], [102, 109], [132, 40], [17, 56], [116, 97], [49, 23], [10, 22], [91, 48], [74, 111], [61, 59], [103, 83], [94, 44], [23, 31], [0, 0]]","[0, 14, 20, 7, 13, 17, 15, 19, 6, 10, 18, 3, 12, 8, 9, 5, 2, 16, 4, 11, 1, 21]",550.226850688995,17.23375964164734
