Id,Coordinates,Order,Distance,Time
3384,"[[0, 0], [80, 5], [5, 44], [11, 39], [104, 26], [96, 25], [107, 22], [62, 9], [85, 26], [3, 27], [7, 9], [65, 30], [56, 38], [2, 10], [8, 37], [76, 14], [90, 3], [9, 11], [9, 43], [41, 1], [16, 10], [0, 0]]","[0, 13, 10, 17, 9, 14, 2, 18, 3, 12, 11, 15, 1, 16, 6, 4, 5, 8, 7, 19, 20, 21]",304.235180171699,18.115830183029175
