Id,Coordinates,Order,Distance,Time
90,"[[0, 0], [19, 2], [22, 11], [97, 7], [66, 6], [42, 7], [97, 5], [45, 10], [59, 3], [32, 7], [12, 6], [88, 9], [46, 15], [82, 13], [26, 2], [48, 3], [2, 3], [23, 15], [77, 5], [1, 10], [50, 14], [0, 0]]","[0, 16, 10, 1, 14, 9, 5, 7, 12, 20, 13, 11, 3, 6, 18, 4, 8, 15, 17, 2, 19, 21]",222.41815988943705,19.7530038356781
