Id,Coordinates,Order,Distance,Time
7092,"[[0, 0], [45, 50], [126, 1], [101, 116], [16, 119], [82, 80], [119, 27], [44, 6], [80, 26], [22, 121], [22, 24], [20, 26], [64, 72], [183, 35], [49, 91], [11, 71], [151, 18], [45, 42], [27, 11], [82, 46], [169, 1], [0, 0]]","[0, 11, 10, 17, 1, 19, 8, 6, 2, 16, 20, 13, 3, 5, 12, 14, 9, 4, 15, 7, 18, 21]",701.4409596598068,13.403419017791748
