Id,Coordinates,Order,Distance,Time
9319,"[[0, 0], [39, 17], [48, 132], [18, 95], [62, 92], [5, 92], [15, 37], [49, 68], [77, 73], [49, 162], [72, 22], [17, 50], [1, 166], [48, 154], [58, 46], [79, 139], [47, 32], [81, 143], [24, 157], [6, 157], [81, 170], [0, 0]]","[0, 6, 11, 16, 14, 7, 3, 5, 2, 13, 9, 18, 19, 12, 20, 17, 15, 4, 8, 10, 1, 21]",638.5950079842557,17.88951086997986
