Id,Coordinates,Order,Distance,Time
2094,"[[0, 0], [65, 15], [33, 23], [33, 23], [137, 12], [83, 9], [36, 5], [129, 24], [153, 25], [4, 17], [26, 1], [139, 24], [37, 3], [23, 16], [147, 21], [79, 14], [75, 15], [146, 10], [162, 6], [142, 23], [10, 11], [0, 0]]","[0, 20, 9, 13, 2, 3, 6, 12, 1, 16, 15, 5, 7, 11, 19, 14, 8, 18, 17, 4, 10, 21]",383.49900788258964,15.737016439437866
