Id,Coordinates,Order,Distance,Time
6999,"[[0, 0], [58, 28], [38, 37], [11, 159], [11, 21], [6, 134], [1, 152], [40, 119], [43, 133], [54, 23], [55, 86], [32, 24], [38, 63], [16, 34], [43, 49], [36, 19], [78, 138], [6, 71], [64, 152], [70, 179], [44, 50], [0, 0]]","[0, 4, 13, 14, 20, 12, 10, 7, 8, 16, 18, 19, 3, 6, 5, 17, 2, 1, 9, 15, 11, 21]",541.2877626140146,17.832040071487427
