Id,Coordinates,Order,Distance,Time
6345,"[[0, 0], [10, 161], [20, 44], [13, 147], [26, 76], [32, 53], [2, 177], [33, 187], [33, 159], [17, 74], [20, 146], [13, 162], [19, 164], [34, 21], [24, 88], [12, 116], [18, 27], [7, 152], [8, 37], [14, 192], [29, 182], [0, 0]]","[0, 16, 18, 2, 9, 15, 3, 17, 1, 11, 12, 8, 20, 7, 19, 6, 10, 14, 4, 5, 13, 21]",475.1463031281963,16.759493350982666
