Id,Coordinates,Order,Distance,Time
8571,"[[0, 0], [44, 74], [15, 135], [32, 114], [7, 29], [38, 18], [35, 103], [15, 89], [42, 119], [28, 5], [40, 17], [6, 26], [11, 91], [39, 13], [29, 68], [34, 66], [44, 137], [24, 51], [32, 122], [10, 22], [19, 115], [0, 0]]","[0, 19, 11, 4, 17, 15, 1, 6, 3, 18, 8, 16, 2, 20, 12, 7, 14, 5, 10, 13, 9, 21]",372.62068072399967,18.396353244781494
