Id,Coordinates,Order,Distance,Time
2943,"[[0, 0], [34, 15], [22, 31], [4, 3], [27, 25], [16, 14], [1, 27], [34, 43], [33, 28], [1, 33], [6, 35], [4, 47], [8, 16], [13, 15], [18, 1], [23, 17], [19, 19], [3, 17], [19, 35], [12, 29], [15, 15], [0, 0]]","[0, 3, 14, 20, 5, 16, 4, 2, 18, 11, 10, 9, 6, 17, 13, 15, 1, 8, 7, 19, 12, 21]",232.68841650754004,18.62080192565918
