Id,Coordinates,Order,Distance,Time
2343,"[[0, 0], [66, 85], [22, 69], [82, 164], [40, 98], [52, 52], [56, 3], [67, 44], [66, 112], [18, 87], [82, 134], [9, 22], [34, 163], [69, 100], [68, 34], [81, 110], [57, 152], [98, 153], [9, 67], [60, 140], [87, 103], [0, 0]]","[0, 11, 18, 2, 9, 4, 13, 8, 10, 19, 16, 12, 3, 17, 15, 20, 1, 5, 7, 14, 6, 21]",556.0297817206374,12.57173204421997
