Id,Coordinates,Order,Distance,Time
1335,"[[0, 0], [3, 59], [13, 131], [21, 52], [11, 74], [1, 34], [6, 64], [4, 46], [5, 34], [15, 27], [23, 1], [6, 116], [40, 83], [13, 97], [15, 68], [13, 90], [13, 40], [3, 86], [35, 55], [34, 81], [27, 88], [0, 0]]","[0, 10, 9, 8, 5, 16, 3, 18, 14, 4, 17, 15, 20, 19, 12, 11, 2, 13, 6, 1, 7, 21]",390.9227776950166,17.323283910751343
