Id,Coordinates,Order,Distance,Time
3567,"[[0, 0], [35, 52], [38, 30], [2, 37], [4, 27], [11, 33], [17, 26], [46, 29], [9, 43], [75, 37], [63, 53], [80, 24], [1, 29], [55, 42], [77, 48], [77, 1], [80, 56], [64, 35], [37, 40], [51, 36], [5, 24], [0, 0]]","[0, 20, 4, 12, 3, 8, 5, 6, 2, 7, 19, 13, 14, 16, 10, 1, 18, 17, 9, 11, 15, 21]",353.7984339668138,17.73039197921753
