Id,Coordinates,Order,Distance,Time
1049,"[[0, 0], [78, 102], [15, 42], [83, 82], [71, 99], [29, 66], [29, 58], [76, 51], [55, 92], [116, 123], [45, 101], [76, 120], [87, 50], [9, 122], [89, 3], [27, 61], [22, 124], [29, 77], [116, 76], [57, 88], [63, 18], [0, 0]]","[0, 2, 6, 15, 5, 17, 8, 4, 1, 3, 12, 18, 9, 11, 16, 13, 10, 19, 7, 20, 14, 21]",641.6702876151943,13.426706790924072
