Id,Coordinates,Order,Distance,Time
2065,"[[0, 0], [96, 147], [142, 23], [52, 124], [99, 10], [92, 94], [133, 126], [76, 26], [122, 153], [3, 9], [131, 41], [79, 115], [82, 60], [81, 158], [82, 62], [36, 96], [135, 150], [89, 104], [123, 93], [4, 92], [42, 123], [0, 0]]","[0, 7, 4, 2, 10, 12, 14, 5, 17, 11, 15, 19, 20, 3, 13, 1, 8, 16, 6, 18, 9, 21]",742.9413750716892,20.166120529174805
