Id,Coordinates,Order,Distance,Time
3649,"[[0, 0], [110, 39], [164, 21], [127, 25], [24, 5], [147, 32], [105, 35], [107, 41], [3, 38], [128, 2], [18, 23], [40, 2], [41, 29], [14, 16], [65, 39], [88, 14], [75, 30], [167, 31], [52, 41], [12, 30], [99, 2], [0, 0]]","[0, 13, 10, 19, 8, 12, 18, 14, 16, 15, 20, 9, 2, 17, 5, 3, 1, 7, 6, 11, 4, 21]",435.4199844287759,16.412720203399658
