Id,Coordinates,Order,Distance,Time
709,"[[0, 0], [119, 41], [68, 5], [99, 16], [24, 51], [64, 4], [25, 17], [116, 12], [59, 8], [129, 25], [98, 45], [100, 12], [91, 37], [77, 33], [57, 9], [97, 52], [29, 14], [88, 2], [106, 24], [110, 42], [107, 46], [0, 0]]","[0, 6, 16, 14, 8, 5, 2, 17, 11, 3, 18, 7, 9, 1, 19, 20, 15, 10, 12, 13, 4, 21]",349.22520608775017,14.507621765136719
