Id,Coordinates,Order,Distance,Time
3101,"[[0, 0], [105, 48], [12, 13], [106, 37], [108, 106], [100, 95], [59, 10], [24, 25], [123, 101], [90, 82], [77, 108], [104, 21], [29, 47], [125, 17], [42, 112], [94, 85], [22, 88], [54, 5], [41, 83], [9, 61], [10, 95], [0, 0]]","[0, 2, 7, 12, 19, 20, 16, 18, 14, 10, 9, 15, 5, 4, 8, 1, 3, 13, 11, 6, 17, 21]",511.188600426765,18.934934854507446
