Id,Coordinates,Order,Distance,Time
2916,"[[0, 0], [27, 146], [26, 121], [23, 141], [27, 56], [18, 60], [5, 112], [2, 84], [30, 89], [15, 130], [3, 56], [9, 105], [16, 9], [4, 35], [5, 132], [10, 132], [17, 77], [14, 48], [9, 128], [23, 130], [4, 113], [0, 0]]","[0, 12, 17, 4, 5, 16, 7, 11, 6, 20, 18, 15, 14, 9, 3, 1, 19, 2, 8, 10, 13, 21]",358.9718014453973,15.367348432540894
