Id,Coordinates,Order,Distance,Time
2479,"[[0, 0], [22, 122], [42, 96], [33, 40], [23, 31], [10, 2], [36, 51], [26, 29], [28, 17], [26, 105], [12, 113], [13, 125], [10, 112], [13, 59], [5, 20], [10, 123], [28, 73], [5, 82], [12, 65], [11, 73], [37, 73], [0, 0]]","[0, 5, 8, 4, 7, 3, 6, 16, 13, 18, 19, 17, 12, 10, 15, 11, 1, 9, 2, 20, 14, 21]",342.25599794222467,14.149669885635376
