Id,Coordinates,Order,Distance,Time
5956,"[[0, 0], [53, 27], [89, 95], [110, 74], [40, 168], [90, 11], [30, 12], [43, 54], [46, 160], [48, 20], [71, 102], [22, 35], [21, 117], [1, 128], [73, 99], [104, 17], [58, 156], [117, 118], [80, 44], [36, 38], [81, 103], [0, 0]]","[0, 6, 9, 1, 19, 7, 18, 5, 15, 3, 2, 14, 10, 20, 17, 16, 8, 4, 13, 12, 11, 21]",636.3908914233024,14.111982822418213
