Id,Coordinates,Order,Distance,Time
5291,"[[0, 0], [34, 79], [65, 82], [76, 66], [89, 64], [40, 18], [4, 79], [10, 62], [86, 41], [19, 58], [82, 96], [77, 77], [55, 44], [76, 17], [29, 11], [30, 27], [74, 88], [19, 38], [24, 13], [42, 32], [1, 40], [0, 0]]","[0, 18, 14, 5, 19, 12, 3, 11, 2, 16, 10, 4, 8, 13, 15, 17, 9, 1, 6, 7, 20, 21]",455.3409583378029,17.40872859954834
