Id,Coordinates,Order,Distance,Time
6841,"[[0, 0], [29, 17], [88, 57], [87, 10], [3, 60], [22, 36], [23, 12], [32, 62], [57, 49], [38, 68], [2, 29], [3, 1], [12, 67], [21, 4], [87, 7], [59, 3], [61, 61], [65, 17], [82, 62], [88, 41], [38, 17], [0, 0]]","[0, 11, 5, 10, 4, 12, 7, 9, 8, 16, 18, 2, 19, 3, 14, 17, 15, 20, 1, 6, 13, 21]",364.1350570785031,18.574350118637085
