Id,Coordinates,Order,Distance,Time
483,"[[0, 0], [12, 8], [118, 33], [46, 15], [15, 9], [64, 42], [64, 16], [6, 13], [103, 15], [66, 30], [51, 22], [34, 12], [23, 19], [104, 11], [84, 28], [97, 12], [55, 33], [137, 10], [17, 8], [63, 31], [20, 16], [0, 0]]","[0, 7, 1, 4, 20, 12, 10, 16, 19, 9, 5, 14, 15, 8, 13, 17, 2, 6, 3, 11, 18, 21]",342.5445847510286,15.658849716186523
