Id,Coordinates,Order,Distance,Time
7685,"[[0, 0], [20, 69], [26, 36], [12, 77], [20, 33], [9, 55], [8, 76], [16, 52], [16, 97], [9, 21], [1, 75], [17, 6], [7, 68], [10, 51], [10, 82], [1, 20], [21, 32], [24, 64], [13, 25], [18, 47], [22, 38], [0, 0]]","[0, 11, 9, 18, 4, 16, 20, 2, 19, 7, 13, 5, 12, 6, 10, 14, 8, 3, 1, 17, 15, 21]",255.1065541640437,15.38802981376648
