Id,Coordinates,Order,Distance,Time
240,"[[0, 0], [52, 52], [126, 68], [5, 24], [152, 30], [145, 8], [141, 34], [87, 71], [1, 46], [39, 23], [46, 29], [5, 54], [2, 61], [82, 60], [106, 65], [174, 60], [168, 41], [16, 14], [16, 11], [139, 63], [34, 36], [0, 0]]","[0, 18, 17, 3, 8, 11, 12, 20, 1, 13, 7, 14, 2, 19, 15, 16, 4, 6, 5, 10, 9, 21]",505.28225496768124,19.647238731384277
