Id,Coordinates,Order,Distance,Time
7267,"[[0, 0], [42, 38], [60, 44], [73, 93], [26, 109], [30, 24], [7, 49], [48, 70], [73, 59], [18, 109], [25, 30], [29, 94], [70, 21], [84, 102], [78, 131], [15, 129], [22, 130], [83, 9], [11, 99], [44, 77], [86, 119], [0, 0]]","[0, 6, 10, 1, 7, 19, 11, 18, 9, 4, 15, 16, 14, 20, 13, 3, 8, 2, 12, 17, 5, 21]",517.4169907828959,13.188068866729736
