Id,Coordinates,Order,Distance,Time
9251,"[[0, 0], [160, 100], [79, 79], [148, 6], [101, 64], [108, 114], [37, 2], [148, 27], [119, 39], [29, 2], [54, 94], [112, 37], [62, 68], [95, 90], [55, 77], [81, 94], [108, 108], [152, 68], [64, 47], [93, 74], [67, 124], [0, 0]]","[0, 9, 6, 18, 12, 14, 10, 20, 15, 2, 4, 19, 13, 5, 16, 1, 17, 7, 3, 8, 11, 21]",624.8168690004579,19.55929660797119
