Id,Coordinates,Order,Distance,Time
7679,"[[0, 0], [36, 26], [175, 23], [174, 30], [122, 27], [45, 11], [116, 35], [142, 18], [29, 12], [54, 20], [16, 10], [103, 1], [80, 34], [118, 2], [42, 24], [102, 13], [68, 9], [164, 6], [139, 40], [135, 29], [139, 9], [0, 0]]","[0, 10, 8, 1, 14, 9, 16, 15, 11, 13, 20, 7, 19, 17, 2, 3, 18, 4, 6, 12, 5, 21]",445.77623050319926,17.866178035736084
