Id,Coordinates,Order,Distance,Time
6413,"[[0, 0], [46, 92], [21, 54], [88, 89], [115, 104], [125, 106], [30, 14], [190, 117], [43, 2], [74, 39], [177, 28], [81, 104], [171, 68], [60, 26], [143, 125], [173, 101], [4, 1], [97, 75], [80, 52], [132, 124], [188, 41], [0, 0]]","[0, 16, 6, 8, 13, 9, 18, 17, 4, 5, 19, 14, 7, 15, 12, 20, 10, 3, 11, 1, 2, 21]",633.9010803173009,17.029094696044922
