Id,Coordinates,Order,Distance,Time
2628,"[[0, 0], [22, 10], [76, 32], [113, 178], [70, 21], [74, 41], [63, 121], [16, 25], [89, 57], [69, 25], [96, 143], [100, 157], [85, 83], [45, 70], [26, 18], [23, 84], [107, 53], [68, 40], [17, 141], [70, 159], [28, 156], [0, 0]]","[0, 1, 14, 7, 9, 4, 2, 5, 17, 8, 16, 12, 6, 3, 11, 10, 19, 20, 18, 15, 13, 21]",628.7666735882807,14.5070481300354
