Id,Coordinates,Order,Distance,Time
5654,"[[0, 0], [46, 124], [42, 132], [104, 107], [129, 2], [92, 4], [19, 28], [127, 119], [93, 16], [9, 105], [106, 59], [74, 71], [106, 104], [99, 113], [103, 140], [16, 30], [134, 38], [109, 71], [126, 62], [31, 122], [20, 36], [0, 0]]","[0, 6, 15, 20, 11, 18, 16, 4, 5, 8, 10, 17, 12, 3, 13, 7, 14, 1, 2, 19, 9, 21]",650.0883004417709,16.362039804458618
