Id,Coordinates,Order,Distance,Time
3901,"[[0, 0], [43, 43], [94, 38], [95, 37], [98, 57], [123, 33], [64, 10], [150, 7], [124, 10], [111, 31], [79, 32], [139, 41], [83, 10], [74, 60], [37, 50], [69, 6], [70, 9], [48, 42], [89, 39], [72, 31], [65, 59], [0, 0]]","[0, 1, 17, 14, 20, 13, 4, 2, 3, 18, 10, 19, 12, 9, 5, 11, 7, 8, 16, 15, 6, 21]",466.6170428922077,18.321783304214478
