Id,Coordinates,Order,Distance,Time
1207,"[[0, 0], [4, 42], [151, 49], [20, 76], [119, 89], [31, 10], [109, 38], [24, 9], [118, 8], [10, 89], [141, 10], [59, 50], [64, 29], [126, 95], [46, 77], [104, 79], [147, 61], [143, 39], [22, 47], [32, 2], [118, 43], [0, 0]]","[0, 7, 5, 12, 11, 14, 3, 9, 1, 18, 6, 20, 17, 2, 16, 13, 4, 15, 10, 8, 19, 21]",665.214666972969,15.050394535064697
