Id,Coordinates,Order,Distance,Time
7673,"[[0, 0], [99, 140], [165, 66], [83, 140], [146, 57], [179, 149], [171, 47], [105, 17], [12, 24], [178, 10], [186, 75], [50, 160], [48, 95], [22, 72], [168, 25], [142, 120], [62, 166], [44, 98], [178, 174], [181, 89], [152, 83], [0, 0]]","[0, 8, 13, 12, 17, 11, 16, 3, 1, 15, 20, 2, 6, 14, 9, 10, 19, 5, 18, 4, 7, 21]",857.3667439371828,14.114044189453125
