Id,Coordinates,Order,Distance,Time
1150,"[[0, 0], [38, 37], [75, 134], [50, 119], [29, 101], [58, 151], [89, 46], [8, 34], [30, 84], [25, 18], [13, 45], [76, 59], [45, 76], [7, 85], [29, 86], [77, 68], [43, 47], [87, 84], [27, 86], [88, 86], [27, 113], [0, 0]]","[0, 9, 1, 16, 12, 8, 14, 18, 4, 20, 3, 5, 2, 19, 17, 15, 11, 6, 13, 10, 7, 21]",498.94182154824375,15.109530925750732
