Id,Coordinates,Order,Distance,Time
3876,"[[0, 0], [101, 110], [36, 53], [40, 12], [99, 121], [21, 20], [59, 12], [74, 69], [43, 31], [107, 80], [15, 125], [2, 90], [39, 66], [48, 28], [57, 89], [69, 54], [83, 96], [89, 57], [33, 128], [14, 72], [55, 138], [0, 0]]","[0, 5, 2, 12, 19, 11, 10, 18, 20, 4, 1, 16, 14, 7, 9, 17, 15, 8, 13, 6, 3, 21]",543.9498485234662,12.907744646072388
