Id,Coordinates,Order,Distance,Time
4949,"[[0, 0], [24, 32], [40, 39], [10, 9], [24, 17], [11, 21], [9, 30], [38, 26], [30, 34], [9, 24], [30, 10], [20, 32], [7, 18], [39, 11], [11, 13], [31, 3], [37, 39], [3, 45], [36, 7], [25, 10], [32, 3], [0, 0]]","[0, 3, 14, 5, 9, 6, 17, 11, 1, 8, 16, 2, 7, 13, 18, 20, 15, 10, 19, 4, 12, 21]",188.99341748728747,16.09106755256653
