Id,Coordinates,Order,Distance,Time
9168,"[[0, 0], [1, 83], [1, 80], [7, 91], [5, 98], [18, 37], [2, 28], [2, 86], [1, 60], [10, 6], [18, 31], [18, 36], [1, 79], [4, 15], [2, 37], [9, 24], [12, 60], [10, 96], [12, 79], [7, 5], [3, 21], [0, 0]]","[0, 19, 9, 13, 20, 15, 10, 5, 11, 8, 12, 2, 1, 7, 3, 17, 4, 18, 16, 14, 6, 21]",228.03398881563297,19.832195281982422
