Id,Coordinates,Order,Distance,Time
6584,"[[0, 0], [14, 50], [51, 13], [11, 50], [53, 51], [16, 44], [7, 33], [20, 52], [45, 27], [1, 7], [52, 27], [16, 36], [42, 54], [37, 37], [46, 8], [52, 39], [49, 47], [68, 19], [30, 5], [73, 14], [38, 34], [0, 0]]","[0, 9, 6, 11, 5, 1, 3, 7, 12, 16, 4, 15, 8, 20, 13, 10, 17, 19, 2, 14, 18, 21]",264.20199569793886,15.213247060775757
