Id,Coordinates,Order,Distance,Time
2913,"[[0, 0], [84, 29], [100, 4], [99, 7], [107, 19], [56, 24], [14, 18], [88, 30], [87, 30], [17, 5], [67, 16], [56, 2], [12, 17], [33, 23], [71, 1], [118, 20], [76, 9], [100, 2], [21, 3], [3, 4], [14, 28], [0, 0]]","[0, 19, 6, 12, 20, 13, 5, 10, 1, 8, 7, 4, 15, 3, 2, 17, 16, 14, 11, 18, 9, 21]",284.9118033345514,15.893200635910034
