Id,Coordinates,Order,Distance,Time
4536,"[[0, 0], [40, 2], [43, 25], [38, 10], [20, 28], [39, 13], [20, 27], [9, 24], [18, 31], [43, 19], [37, 34], [16, 32], [37, 19], [44, 22], [36, 3], [32, 25], [7, 25], [35, 20], [45, 30], [9, 9], [29, 29], [0, 0]]","[0, 19, 7, 16, 11, 8, 4, 6, 20, 15, 17, 12, 9, 13, 2, 18, 10, 5, 3, 1, 14, 21]",168.89932129304844,14.285134553909302
