Id,Coordinates,Order,Distance,Time
8004,"[[0, 0], [42, 48], [55, 102], [36, 123], [55, 10], [22, 62], [38, 112], [32, 44], [33, 8], [36, 66], [13, 3], [32, 93], [6, 54], [54, 77], [2, 41], [55, 140], [45, 52], [39, 94], [64, 100], [5, 104], [4, 150], [0, 0]]","[0, 10, 8, 4, 16, 1, 7, 5, 9, 13, 17, 11, 6, 2, 18, 15, 3, 20, 19, 12, 14, 21]",507.8839651287958,17.354111671447754
