Id,Coordinates,Order,Distance,Time
6981,"[[0, 0], [33, 14], [66, 70], [50, 88], [22, 95], [12, 27], [31, 137], [19, 110], [32, 62], [65, 155], [54, 22], [60, 145], [23, 69], [22, 75], [15, 144], [23, 121], [67, 122], [44, 160], [14, 81], [5, 77], [50, 6], [0, 0]]","[0, 1, 20, 10, 8, 12, 13, 19, 18, 4, 7, 15, 14, 6, 17, 9, 11, 16, 3, 2, 5, 21]",489.07178487276786,13.20124888420105
