Id,Coordinates,Order,Distance,Time
5271,"[[0, 0], [22, 47], [98, 88], [93, 33], [85, 82], [43, 15], [54, 4], [9, 19], [42, 39], [32, 14], [23, 36], [64, 43], [56, 100], [1, 50], [26, 4], [72, 59], [38, 32], [104, 73], [13, 12], [43, 58], [78, 89], [0, 0]]","[0, 18, 13, 10, 1, 16, 8, 19, 11, 15, 4, 20, 12, 2, 17, 3, 6, 5, 9, 14, 7, 21]",479.1758942524572,14.979263067245483
