Id,Coordinates,Order,Distance,Time
1250,"[[0, 0], [51, 80], [34, 75], [20, 69], [58, 82], [5, 29], [6, 100], [42, 91], [24, 46], [1, 16], [23, 53], [26, 53], [43, 69], [39, 22], [36, 69], [2, 47], [49, 79], [43, 7], [32, 64], [22, 73], [50, 88], [0, 0]]","[0, 9, 5, 15, 10, 18, 14, 2, 12, 16, 1, 4, 20, 7, 6, 19, 3, 11, 8, 13, 17, 21]",330.9254700312933,18.568944931030273
