Id,Coordinates,Order,Distance,Time
9449,"[[0, 0], [31, 70], [68, 5], [42, 36], [20, 12], [34, 21], [12, 7], [56, 74], [73, 54], [20, 47], [48, 37], [5, 33], [37, 68], [67, 43], [41, 15], [30, 11], [36, 15], [22, 61], [14, 25], [49, 72], [36, 20], [0, 0]]","[0, 4, 15, 16, 14, 20, 5, 3, 10, 2, 13, 8, 7, 19, 12, 1, 17, 9, 11, 18, 6, 21]",309.1894647083511,17.4450786113739
