Id,Coordinates,Order,Distance,Time
8012,"[[0, 0], [20, 61], [20, 87], [147, 24], [128, 7], [117, 37], [51, 80], [121, 65], [141, 23], [120, 9], [65, 55], [115, 43], [56, 40], [38, 3], [38, 84], [113, 54], [72, 54], [109, 61], [42, 14], [101, 81], [29, 38], [0, 0]]","[0, 13, 18, 20, 1, 2, 14, 6, 19, 17, 15, 11, 5, 8, 3, 4, 9, 7, 16, 10, 12, 21]",523.0033034375432,14.981391906738281
