Id,Coordinates,Order,Distance,Time
9641,"[[0, 0], [40, 71], [69, 77], [59, 5], [13, 95], [55, 56], [37, 48], [3, 91], [11, 25], [57, 75], [44, 30], [48, 90], [45, 57], [47, 34], [44, 30], [27, 26], [23, 12], [2, 61], [62, 75], [9, 8], [10, 48], [0, 0]]","[0, 8, 20, 17, 7, 4, 11, 1, 9, 18, 2, 5, 12, 6, 13, 10, 14, 3, 15, 16, 19, 21]",369.22837657395365,17.596044778823853
