Id,Coordinates,Order,Distance,Time
5375,"[[0, 0], [88, 14], [135, 37], [146, 62], [162, 33], [70, 20], [81, 3], [77, 42], [74, 40], [40, 44], [94, 20], [72, 55], [46, 52], [33, 30], [19, 22], [141, 13], [78, 63], [57, 58], [141, 60], [149, 64], [1, 13], [0, 0]]","[0, 20, 14, 13, 9, 12, 17, 16, 11, 7, 8, 10, 2, 18, 3, 19, 4, 15, 1, 6, 5, 21]",462.7332089363904,17.498207807540894
