Id,Coordinates,Order,Distance,Time
5708,"[[0, 0], [57, 53], [16, 79], [50, 63], [78, 65], [59, 13], [90, 6], [18, 58], [117, 117], [49, 68], [55, 85], [27, 13], [80, 18], [71, 74], [22, 24], [101, 109], [98, 27], [44, 75], [5, 4], [103, 25], [45, 112], [0, 0]]","[0, 18, 14, 7, 2, 17, 9, 3, 1, 4, 13, 10, 20, 15, 8, 16, 19, 6, 12, 5, 11, 21]",518.5046013539392,15.221838474273682
