Id,Coordinates,Order,Distance,Time
3237,"[[0, 0], [41, 44], [43, 36], [6, 34], [46, 46], [13, 44], [25, 41], [31, 10], [5, 4], [4, 34], [37, 42], [55, 2], [4, 16], [55, 51], [8, 14], [42, 22], [31, 47], [3, 13], [55, 9], [34, 28], [44, 4], [0, 0]]","[0, 17, 12, 14, 3, 9, 5, 6, 16, 10, 1, 4, 13, 2, 19, 15, 18, 11, 20, 7, 8, 21]",229.56758871713095,12.687192440032959
