Id,Coordinates,Order,Distance,Time
9853,"[[0, 0], [76, 15], [63, 74], [100, 72], [73, 10], [27, 94], [93, 152], [11, 2], [38, 88], [62, 121], [83, 59], [5, 96], [90, 176], [22, 27], [35, 7], [77, 1], [30, 157], [36, 105], [76, 97], [101, 100], [90, 99], [0, 0]]","[0, 7, 14, 15, 4, 1, 10, 3, 19, 20, 18, 2, 8, 5, 17, 9, 6, 12, 16, 11, 13, 21]",627.0851460337503,14.804692029953003
