Id,Coordinates,Order,Distance,Time
1958,"[[0, 0], [161, 22], [92, 5], [97, 24], [145, 54], [152, 7], [9, 112], [147, 79], [143, 92], [81, 109], [26, 89], [60, 80], [139, 27], [63, 102], [38, 38], [105, 65], [161, 128], [62, 151], [97, 59], [91, 128], [64, 13], [0, 0]]","[0, 14, 20, 3, 18, 15, 7, 8, 16, 9, 13, 11, 10, 6, 17, 19, 4, 12, 1, 5, 2, 21]",868.536667465807,15.142954349517822
