Id,Coordinates,Order,Distance,Time
1320,"[[0, 0], [6, 31], [3, 67], [34, 15], [14, 52], [16, 50], [33, 36], [15, 6], [18, 32], [6, 41], [36, 41], [26, 10], [41, 4], [8, 67], [6, 9], [40, 19], [25, 46], [1, 13], [13, 61], [4, 56], [9, 24], [0, 0]]","[0, 14, 17, 20, 1, 9, 19, 13, 2, 18, 4, 5, 16, 10, 6, 8, 3, 15, 12, 11, 7, 21]",235.71253670132063,13.932138204574585
