Id,Coordinates,Order,Distance,Time
9087,"[[0, 0], [27, 61], [23, 5], [67, 14], [152, 88], [151, 95], [15, 30], [52, 4], [143, 75], [139, 13], [84, 85], [52, 59], [67, 59], [29, 72], [94, 93], [60, 50], [109, 52], [109, 29], [159, 70], [36, 24], [156, 2], [0, 0]]","[0, 6, 1, 13, 11, 15, 12, 10, 14, 16, 9, 20, 18, 4, 5, 8, 17, 3, 7, 19, 2, 21]",591.7963817996989,15.050312519073486
