Id,Coordinates,Order,Distance,Time
3642,"[[0, 0], [17, 18], [17, 51], [25, 87], [14, 115], [34, 106], [8, 69], [43, 94], [42, 94], [7, 93], [31, 3], [15, 51], [28, 24], [48, 49], [8, 87], [9, 30], [34, 70], [8, 87], [8, 76], [47, 22], [6, 11], [0, 0]]","[0, 20, 1, 15, 11, 2, 6, 18, 14, 17, 9, 4, 5, 7, 8, 3, 16, 13, 19, 12, 10, 21]",329.39731404264876,13.938471794128418
