Id,Coordinates,Order,Distance,Time
3920,"[[0, 0], [36, 72], [93, 55], [98, 28], [55, 69], [92, 102], [143, 67], [106, 79], [104, 41], [103, 86], [150, 45], [2, 75], [123, 44], [71, 75], [21, 51], [138, 86], [44, 30], [107, 75], [62, 74], [86, 71], [6, 16], [0, 0]]","[0, 14, 11, 1, 4, 18, 13, 19, 2, 3, 8, 12, 10, 6, 15, 17, 7, 9, 5, 16, 20, 21]",527.7101390939164,16.27240514755249
