Id,Coordinates,Order,Distance,Time
7025,"[[0, 0], [3, 17], [1, 23], [9, 44], [9, 37], [7, 47], [5, 6], [7, 62], [8, 33], [6, 44], [9, 36], [9, 15], [8, 42], [4, 27], [7, 39], [3, 13], [9, 10], [5, 1], [3, 13], [4, 49], [9, 31], [0, 0]]","[0, 17, 6, 16, 11, 15, 18, 1, 13, 20, 8, 10, 4, 14, 12, 3, 5, 7, 19, 9, 2, 21]",143.0996895001486,14.961340427398682
