Id,Coordinates,Order,Distance,Time
591,"[[0, 0], [69, 61], [90, 31], [129, 25], [40, 22], [119, 9], [106, 23], [115, 71], [122, 15], [60, 64], [52, 55], [80, 51], [19, 64], [113, 14], [122, 46], [62, 37], [14, 3], [74, 24], [63, 53], [83, 73], [50, 21], [0, 0]]","[0, 16, 4, 20, 18, 9, 1, 11, 19, 7, 14, 3, 8, 5, 13, 6, 2, 17, 15, 10, 12, 21]",440.95681756687566,15.803804159164429
