Id,Coordinates,Order,Distance,Time
5692,"[[0, 0], [7, 6], [8, 26], [10, 3], [22, 30], [16, 2], [13, 10], [13, 16], [22, 22], [12, 19], [6, 22], [27, 2], [1, 22], [29, 29], [15, 3], [20, 28], [23, 6], [8, 5], [15, 21], [7, 11], [14, 16], [0, 0]]","[0, 17, 3, 14, 5, 11, 16, 6, 20, 7, 9, 18, 8, 13, 4, 15, 2, 10, 12, 19, 1, 21]",134.21162439298723,16.096083164215088
