Id,Coordinates,Order,Distance,Time
1101,"[[0, 0], [109, 25], [12, 40], [23, 60], [29, 1], [67, 101], [10, 98], [26, 44], [44, 98], [41, 83], [104, 36], [66, 81], [100, 3], [89, 14], [2, 78], [50, 76], [105, 66], [31, 82], [15, 81], [27, 22], [93, 76], [0, 0]]","[0, 19, 2, 7, 3, 18, 14, 6, 17, 9, 15, 8, 5, 11, 20, 16, 10, 1, 12, 13, 4, 21]",474.24293843119335,15.269576787948608
