Id,Coordinates,Order,Distance,Time
8558,"[[0, 0], [153, 53], [91, 11], [130, 74], [100, 48], [32, 120], [163, 116], [21, 50], [156, 2], [4, 125], [28, 45], [40, 56], [127, 47], [156, 9], [163, 89], [5, 30], [59, 35], [112, 110], [24, 84], [68, 114], [131, 64], [0, 0]]","[0, 15, 7, 10, 16, 4, 20, 3, 14, 6, 17, 19, 5, 9, 18, 11, 12, 1, 13, 8, 2, 21]",808.2697832519717,17.256078243255615
