Id,Coordinates,Order,Distance,Time
745,"[[0, 0], [65, 14], [55, 14], [84, 22], [6, 21], [101, 21], [126, 15], [35, 6], [132, 1], [54, 18], [64, 13], [79, 15], [30, 15], [127, 5], [63, 19], [106, 8], [59, 4], [111, 21], [53, 23], [48, 26], [11, 34], [0, 0]]","[0, 4, 20, 12, 19, 9, 18, 2, 14, 1, 10, 11, 3, 5, 17, 6, 13, 8, 15, 16, 7, 21]",340.34815473831065,14.841743469238281
