Id,Coordinates,Order,Distance,Time
8623,"[[0, 0], [18, 7], [25, 5], [48, 6], [2, 14], [31, 19], [44, 10], [38, 1], [90, 8], [72, 7], [63, 2], [31, 9], [70, 2], [10, 22], [82, 9], [110, 6], [52, 3], [92, 5], [38, 3], [28, 21], [31, 15], [0, 0]]","[0, 4, 13, 1, 11, 20, 19, 5, 6, 3, 9, 14, 8, 15, 17, 12, 10, 16, 18, 7, 2, 21]",268.1449494180149,13.678155899047852
