Id,Coordinates,Order,Distance,Time
4635,"[[0, 0], [129, 3], [34, 19], [6, 7], [69, 23], [55, 23], [3, 41], [7, 25], [141, 33], [36, 32], [43, 22], [88, 14], [124, 34], [128, 2], [132, 2], [49, 40], [124, 24], [111, 33], [147, 40], [79, 43], [102, 40], [0, 0]]","[0, 3, 7, 6, 9, 15, 4, 19, 20, 17, 12, 16, 8, 18, 14, 1, 13, 11, 5, 10, 2, 21]",408.78221566457717,17.238155126571655
