Id,Coordinates,Order,Distance,Time
1214,"[[0, 0], [33, 99], [38, 124], [11, 39], [11, 39], [2, 58], [68, 23], [86, 98], [45, 64], [23, 19], [80, 124], [6, 48], [49, 93], [87, 13], [59, 15], [39, 60], [52, 24], [39, 74], [71, 104], [62, 67], [39, 25], [0, 0]]","[0, 9, 20, 16, 14, 6, 13, 19, 8, 15, 17, 1, 2, 10, 7, 18, 12, 5, 11, 3, 4, 21]",482.6821090689507,15.12487244606018
