Id,Coordinates,Order,Distance,Time
8118,"[[0, 0], [11, 40], [7, 86], [21, 22], [20, 68], [22, 45], [3, 106], [5, 67], [9, 39], [22, 105], [1, 84], [6, 112], [18, 14], [14, 19], [20, 77], [1, 68], [3, 94], [4, 39], [18, 76], [4, 77], [14, 103], [0, 0]]","[0, 12, 13, 3, 1, 8, 5, 4, 18, 14, 2, 10, 16, 6, 11, 20, 9, 19, 15, 7, 17, 21]",291.98563514926474,14.536495923995972
