Id,Coordinates,Order,Distance,Time
4297,"[[0, 0], [35, 116], [35, 109], [13, 4], [17, 79], [50, 22], [46, 83], [14, 41], [49, 53], [49, 96], [17, 45], [39, 89], [10, 93], [30, 68], [15, 21], [23, 102], [29, 58], [37, 111], [43, 29], [41, 3], [47, 41], [0, 0]]","[0, 14, 7, 10, 16, 13, 4, 12, 15, 2, 1, 17, 9, 11, 6, 8, 20, 18, 5, 19, 3, 21]",320.48684942473216,14.22089695930481
