Id,Coordinates,Order,Distance,Time
2382,"[[0, 0], [9, 49], [1, 30], [8, 35], [61, 38], [65, 17], [64, 5], [48, 15], [64, 46], [42, 29], [29, 26], [10, 20], [46, 23], [65, 13], [34, 16], [43, 49], [24, 15], [9, 33], [62, 57], [15, 40], [76, 21], [0, 0]]","[0, 11, 2, 3, 17, 1, 19, 10, 9, 12, 7, 6, 13, 5, 20, 4, 8, 18, 15, 14, 16, 21]",299.2707601843292,14.982593059539795
