Id,Coordinates,Order,Distance,Time
2931,"[[0, 0], [13, 114], [14, 136], [22, 143], [4, 117], [21, 20], [23, 31], [23, 187], [23, 119], [3, 162], [25, 128], [2, 89], [5, 141], [7, 112], [22, 159], [2, 56], [3, 64], [10, 129], [19, 104], [10, 142], [20, 129], [0, 0]]","[0, 5, 6, 15, 16, 11, 1, 13, 4, 17, 2, 19, 20, 10, 3, 14, 7, 9, 12, 8, 18, 21]",456.66716160896436,13.170862197875977
