Id,Coordinates,Order,Distance,Time
6469,"[[0, 0], [4, 36], [4, 85], [7, 57], [8, 97], [5, 111], [6, 17], [5, 155], [3, 119], [10, 93], [9, 159], [3, 124], [9, 134], [5, 92], [8, 146], [6, 112], [3, 106], [1, 34], [11, 68], [7, 99], [7, 127], [0, 0]]","[0, 6, 1, 3, 2, 13, 4, 19, 16, 5, 15, 8, 11, 14, 7, 10, 12, 20, 9, 18, 17, 21]",326.71339237550643,18.032970666885376
