Id,Coordinates,Order,Distance,Time
1886,"[[0, 0], [66, 1], [143, 38], [181, 25], [178, 36], [95, 32], [186, 14], [153, 39], [15, 10], [57, 23], [77, 3], [181, 1], [189, 41], [112, 26], [86, 44], [100, 17], [160, 18], [152, 15], [108, 45], [16, 34], [66, 42], [0, 0]]","[0, 8, 19, 9, 20, 14, 5, 18, 2, 7, 4, 12, 3, 6, 11, 16, 17, 13, 15, 10, 1, 21]",481.0734598981435,18.75895071029663
