Id,Coordinates,Order,Distance,Time
5267,"[[0, 0], [35, 45], [14, 33], [32, 80], [20, 57], [27, 59], [18, 74], [37, 35], [25, 21], [21, 21], [37, 50], [56, 64], [16, 85], [8, 2], [57, 81], [45, 39], [48, 24], [20, 57], [18, 4], [41, 82], [4, 54], [0, 0]]","[0, 13, 2, 7, 1, 10, 5, 4, 17, 20, 6, 12, 3, 19, 14, 11, 15, 16, 8, 9, 18, 21]",314.64737681921883,15.337467432022095
