Id,Coordinates,Order,Distance,Time
9752,"[[0, 0], [17, 3], [2, 9], [132, 5], [17, 4], [129, 7], [167, 9], [46, 7], [30, 2], [25, 4], [118, 5], [102, 2], [27, 9], [119, 6], [60, 4], [99, 6], [122, 9], [185, 1], [113, 1], [181, 7], [133, 4], [0, 0]]","[0, 4, 1, 9, 8, 14, 11, 18, 10, 13, 5, 3, 20, 17, 19, 6, 16, 15, 7, 12, 2, 21]",384.92667837915735,17.062344074249268
