Id,Coordinates,Order,Distance,Time
9453,"[[0, 0], [11, 1], [11, 49], [74, 9], [16, 32], [102, 102], [6, 22], [42, 82], [123, 22], [39, 14], [107, 97], [87, 21], [121, 75], [61, 13], [23, 72], [36, 79], [44, 4], [69, 20], [32, 68], [67, 101], [85, 104], [0, 0]]","[0, 6, 4, 2, 14, 18, 15, 7, 19, 20, 5, 10, 12, 8, 11, 3, 17, 13, 16, 9, 1, 21]",409.57212866990335,17.124671697616577
