Id,Coordinates,Order,Distance,Time
6286,"[[0, 0], [1, 88], [22, 53], [11, 95], [21, 82], [2, 95], [8, 65], [17, 1], [20, 51], [19, 48], [1, 2], [4, 57], [22, 89], [16, 71], [4, 38], [8, 98], [20, 4], [13, 68], [10, 56], [2, 83], [15, 74], [0, 0]]","[0, 7, 16, 9, 8, 2, 18, 17, 13, 20, 4, 12, 3, 15, 5, 1, 19, 6, 11, 14, 10, 21]",240.41839953625487,16.31264615058899
