Id,Coordinates,Order,Distance,Time
6122,"[[0, 0], [36, 79], [13, 69], [16, 50], [5, 161], [31, 156], [38, 177], [41, 190], [3, 77], [27, 13], [61, 26], [51, 175], [5, 189], [65, 44], [62, 55], [68, 52], [51, 179], [5, 39], [26, 8], [35, 140], [32, 17], [0, 0]]","[0, 18, 9, 20, 10, 13, 15, 14, 1, 19, 5, 6, 11, 16, 7, 12, 4, 8, 2, 3, 17, 21]",503.754904354252,14.70547604560852
