Id,Coordinates,Order,Distance,Time
2469,"[[0, 0], [18, 184], [14, 148], [20, 44], [25, 67], [5, 139], [25, 112], [30, 190], [5, 114], [17, 159], [17, 23], [7, 50], [40, 187], [15, 69], [41, 91], [28, 78], [16, 54], [21, 168], [40, 159], [9, 153], [38, 143], [0, 0]]","[0, 10, 3, 16, 4, 15, 8, 5, 2, 19, 9, 17, 1, 7, 12, 18, 20, 6, 14, 13, 11, 21]",443.60344506029196,19.14236545562744
