Id,Coordinates,Order,Distance,Time
305,"[[0, 0], [30, 157], [47, 61], [53, 165], [49, 122], [17, 53], [6, 73], [30, 89], [15, 92], [17, 54], [44, 152], [7, 76], [7, 47], [26, 105], [30, 128], [31, 15], [13, 96], [36, 24], [52, 45], [48, 32], [4, 60], [0, 0]]","[0, 15, 17, 19, 18, 2, 9, 5, 20, 6, 11, 8, 16, 13, 4, 3, 10, 1, 14, 7, 12, 21]",455.4461690779772,15.020632266998291
