Id,Coordinates,Order,Distance,Time
9277,"[[0, 0], [113, 39], [5, 43], [35, 65], [144, 4], [143, 54], [70, 32], [108, 4], [112, 16], [96, 26], [8, 51], [123, 16], [106, 17], [17, 69], [120, 15], [19, 36], [45, 48], [39, 15], [58, 35], [74, 1], [99, 42], [0, 0]]","[0, 15, 2, 10, 13, 3, 16, 18, 6, 9, 12, 8, 14, 11, 20, 1, 5, 4, 7, 19, 17, 21]",493.2537379642334,16.601280212402344
