Id,Coordinates,Order,Distance,Time
4356,"[[0, 0], [18, 16], [55, 54], [9, 41], [98, 50], [55, 64], [5, 51], [68, 56], [69, 85], [80, 94], [58, 105], [46, 104], [48, 18], [76, 4], [33, 37], [15, 75], [29, 39], [93, 70], [76, 37], [13, 60], [56, 112], [0, 0]]","[0, 1, 16, 14, 2, 5, 8, 9, 10, 20, 11, 15, 19, 6, 3, 7, 17, 4, 18, 13, 12, 21]",506.650965923011,16.433048963546753
