Id,Coordinates,Order,Distance,Time
8754,"[[0, 0], [50, 21], [50, 19], [41, 18], [76, 5], [171, 2], [89, 11], [130, 9], [70, 16], [147, 4], [12, 5], [55, 2], [7, 6], [109, 14], [11, 2], [160, 11], [60, 23], [97, 19], [70, 8], [176, 26], [105, 4], [0, 0]]","[0, 12, 10, 3, 2, 1, 16, 8, 18, 6, 17, 13, 7, 9, 5, 19, 15, 20, 4, 11, 14, 21]",400.79985915234624,20.060871124267578
