Id,Coordinates,Order,Distance,Time
4046,"[[0, 0], [93, 14], [30, 21], [123, 15], [81, 20], [10, 23], [68, 25], [62, 39], [75, 9], [110, 7], [149, 36], [165, 15], [116, 29], [143, 8], [71, 13], [181, 21], [31, 10], [149, 17], [108, 23], [167, 11], [41, 14], [0, 0]]","[0, 5, 2, 20, 14, 8, 4, 1, 9, 3, 13, 17, 11, 19, 15, 10, 12, 18, 6, 7, 16, 21]",431.6745366317979,13.895111083984375
