Id,Coordinates,Order,Distance,Time
3310,"[[0, 0], [11, 77], [20, 154], [41, 130], [6, 151], [4, 154], [24, 97], [42, 68], [41, 41], [25, 141], [36, 157], [34, 6], [1, 58], [6, 95], [15, 166], [1, 103], [30, 38], [25, 125], [40, 129], [20, 51], [29, 74], [0, 0]]","[0, 19, 12, 1, 13, 15, 18, 3, 10, 2, 14, 5, 4, 9, 17, 6, 20, 7, 8, 16, 11, 21]",457.06334493564214,12.04778528213501
