Id,Coordinates,Order,Distance,Time
7714,"[[0, 0], [28, 34], [38, 14], [4, 9], [25, 30], [9, 10], [13, 24], [13, 4], [26, 1], [38, 3], [28, 34], [37, 20], [8, 30], [29, 14], [3, 10], [13, 11], [10, 18], [7, 4], [19, 10], [15, 2], [27, 24], [0, 0]]","[0, 14, 3, 5, 15, 18, 7, 19, 8, 9, 2, 11, 13, 20, 4, 1, 10, 12, 6, 16, 17, 21]",166.58396966973336,20.3878173828125
