Id,Coordinates,Order,Distance,Time
1665,"[[0, 0], [42, 5], [13, 29], [27, 2], [80, 38], [92, 5], [80, 5], [38, 54], [17, 20], [81, 26], [93, 27], [66, 40], [118, 51], [98, 32], [26, 39], [30, 5], [41, 12], [47, 49], [32, 46], [101, 43], [29, 36], [0, 0]]","[0, 8, 2, 20, 14, 18, 7, 17, 11, 4, 19, 12, 13, 10, 9, 5, 6, 1, 16, 15, 3, 21]",333.6925068908565,11.108562707901001
