Id,Coordinates,Order,Distance,Time
2904,"[[0, 0], [141, 64], [79, 42], [149, 63], [177, 35], [43, 56], [22, 54], [130, 30], [106, 34], [45, 71], [17, 56], [10, 40], [93, 7], [115, 51], [26, 49], [26, 19], [65, 33], [48, 65], [137, 67], [93, 24], [57, 17], [0, 0]]","[0, 11, 10, 6, 14, 5, 17, 9, 16, 2, 19, 8, 13, 18, 1, 3, 4, 7, 12, 20, 15, 21]",494.22190141737747,13.282912731170654
