Id,Coordinates,Order,Distance,Time
7968,"[[0, 0], [55, 125], [11, 72], [55, 93], [30, 33], [16, 33], [49, 72], [66, 75], [52, 68], [18, 74], [15, 162], [42, 16], [20, 112], [66, 66], [56, 4], [18, 116], [49, 107], [51, 95], [36, 35], [63, 107], [58, 88], [0, 0]]","[0, 4, 18, 11, 14, 13, 7, 20, 3, 17, 16, 19, 1, 10, 15, 12, 6, 8, 9, 2, 5, 21]",508.7824267208987,15.926915168762207
