Id,Coordinates,Order,Distance,Time
1441,"[[0, 0], [44, 18], [149, 26], [35, 36], [11, 9], [159, 16], [69, 63], [97, 58], [138, 65], [64, 18], [109, 30], [38, 42], [8, 50], [3, 17], [79, 36], [70, 37], [106, 54], [130, 16], [9, 9], [60, 62], [57, 69], [0, 0]]","[0, 18, 4, 3, 11, 1, 9, 15, 14, 7, 16, 10, 17, 5, 2, 8, 6, 19, 20, 12, 13, 21]",490.5375391294964,16.95532727241516
