Id,Coordinates,Order,Distance,Time
4288,"[[0, 0], [2, 11], [42, 16], [10, 25], [96, 5], [62, 33], [44, 7], [147, 27], [107, 1], [162, 28], [76, 39], [140, 19], [56, 11], [156, 3], [73, 23], [52, 5], [96, 16], [170, 32], [138, 41], [143, 2], [162, 6], [0, 0]]","[0, 1, 3, 6, 15, 12, 5, 14, 16, 4, 8, 19, 13, 20, 17, 9, 7, 11, 18, 10, 2, 21]",452.33612842567993,16.216850519180298
