Id,Coordinates,Order,Distance,Time
9287,"[[0, 0], [8, 71], [21, 90], [32, 71], [17, 90], [12, 134], [45, 19], [5, 51], [23, 47], [33, 15], [26, 112], [34, 66], [2, 109], [1, 126], [24, 19], [30, 52], [20, 51], [14, 62], [25, 66], [16, 41], [45, 64], [0, 0]]","[0, 14, 9, 6, 8, 16, 15, 11, 3, 18, 17, 20, 2, 4, 10, 5, 13, 12, 1, 7, 19, 21]",411.5171009461628,19.50943613052368
