Id,Coordinates,Order,Distance,Time
385,"[[0, 0], [120, 54], [14, 30], [120, 76], [56, 1], [71, 30], [61, 93], [128, 106], [195, 89], [170, 38], [70, 7], [49, 34], [93, 17], [175, 2], [91, 82], [26, 83], [182, 18], [99, 74], [110, 64], [85, 44], [78, 71], [0, 0]]","[0, 2, 11, 5, 19, 20, 14, 17, 18, 3, 7, 6, 15, 10, 12, 13, 16, 9, 8, 1, 4, 21]",847.6286021008765,16.87028670310974
