Id,Coordinates,Order,Distance,Time
3414,"[[0, 0], [68, 10], [70, 66], [16, 62], [4, 72], [31, 43], [20, 64], [57, 47], [47, 52], [20, 5], [38, 5], [24, 1], [49, 3], [58, 31], [11, 6], [52, 51], [51, 30], [72, 34], [31, 72], [13, 9], [35, 42], [0, 0]]","[0, 9, 11, 10, 12, 1, 17, 7, 15, 8, 20, 5, 6, 3, 4, 18, 2, 13, 16, 19, 14, 21]",360.5688145345119,20.492382287979126
