Id,Coordinates,Order,Distance,Time
3112,"[[0, 0], [89, 153], [69, 121], [18, 62], [91, 133], [14, 111], [32, 177], [18, 7], [60, 58], [81, 49], [60, 140], [66, 23], [32, 109], [86, 157], [94, 8], [57, 154], [37, 180], [46, 189], [9, 182], [50, 39], [68, 124], [0, 0]]","[0, 7, 19, 11, 14, 9, 8, 12, 10, 15, 13, 1, 4, 20, 2, 6, 16, 17, 18, 5, 3, 21]",688.439296279443,14.888175249099731
