Id,Coordinates,Order,Distance,Time
4437,"[[0, 0], [173, 1], [116, 28], [11, 30], [57, 8], [112, 6], [100, 28], [45, 13], [44, 12], [103, 32], [58, 18], [69, 15], [38, 3], [52, 4], [152, 22], [38, 11], [161, 2], [140, 29], [102, 28], [167, 17], [68, 18], [0, 0]]","[0, 3, 15, 8, 7, 4, 10, 20, 11, 6, 18, 9, 2, 17, 14, 19, 1, 16, 5, 13, 12, 21]",405.22189969573583,13.84460163116455
