Id,Coordinates,Order,Distance,Time
9425,"[[0, 0], [86, 4], [69, 6], [18, 2], [50, 8], [1, 13], [100, 4], [14, 2], [23, 9], [36, 1], [45, 2], [12, 6], [7, 5], [19, 2], [107, 7], [45, 4], [111, 9], [116, 12], [34, 12], [12, 5], [1, 10], [0, 0]]","[0, 12, 11, 19, 7, 3, 13, 9, 10, 15, 2, 1, 6, 14, 16, 17, 4, 18, 8, 5, 20, 21]",252.93679361092725,15.668780326843262
