Id,Coordinates,Order,Distance,Time
4050,"[[0, 0], [162, 40], [65, 41], [148, 70], [177, 51], [39, 73], [134, 96], [18, 110], [99, 59], [147, 66], [177, 18], [152, 67], [37, 8], [185, 1], [131, 84], [75, 4], [43, 22], [15, 97], [107, 3], [154, 95], [34, 9], [0, 0]]","[0, 20, 12, 16, 2, 8, 14, 6, 19, 3, 9, 11, 4, 1, 10, 13, 18, 15, 5, 17, 7, 21]",668.3505582447405,18.104381799697876
