Id,Coordinates,Order,Distance,Time
5498,"[[0, 0], [36, 34], [61, 29], [50, 17], [65, 21], [60, 30], [6, 20], [19, 32], [61, 25], [1, 20], [6, 16], [64, 10], [3, 2], [31, 15], [59, 34], [32, 15], [55, 22], [7, 6], [30, 2], [25, 30], [52, 23], [0, 0]]","[0, 12, 17, 10, 9, 6, 7, 19, 1, 13, 15, 3, 20, 16, 14, 5, 2, 8, 4, 11, 18, 21]",217.56468883392478,16.15592312812805
