Id,Coordinates,Order,Distance,Time
1959,"[[0, 0], [106, 29], [162, 62], [37, 10], [35, 54], [152, 47], [70, 28], [83, 34], [150, 34], [122, 23], [43, 6], [102, 19], [138, 58], [105, 62], [18, 57], [126, 25], [30, 28], [2, 12], [49, 38], [140, 50], [137, 60], [0, 0]]","[0, 17, 3, 16, 14, 4, 18, 6, 7, 1, 11, 9, 15, 8, 5, 2, 12, 20, 19, 13, 10, 21]",489.9796026682623,18.362860918045044
