Id,Coordinates,Order,Distance,Time
9121,"[[0, 0], [120, 116], [97, 7], [16, 43], [34, 115], [1, 134], [133, 82], [48, 70], [11, 84], [103, 117], [141, 20], [86, 46], [43, 19], [57, 115], [109, 82], [118, 25], [88, 85], [71, 36], [125, 5], [92, 94], [62, 11], [0, 0]]","[0, 12, 20, 17, 2, 18, 10, 15, 11, 16, 19, 14, 6, 1, 9, 13, 4, 5, 8, 7, 3, 21]",676.5214979732367,16.35358190536499
