Id,Coordinates,Order,Distance,Time
4734,"[[0, 0], [36, 93], [81, 171], [21, 11], [50, 39], [6, 104], [35, 58], [25, 111], [44, 113], [24, 14], [43, 160], [60, 10], [96, 2], [13, 177], [2, 137], [7, 88], [19, 21], [73, 43], [53, 68], [44, 162], [82, 83], [0, 0]]","[0, 3, 9, 16, 4, 6, 18, 1, 8, 7, 5, 15, 14, 13, 19, 10, 2, 20, 17, 12, 11, 21]",664.0508404352518,15.335698127746582
