Id,Coordinates,Order,Distance,Time
3307,"[[0, 0], [142, 1], [65, 23], [93, 22], [40, 19], [130, 23], [116, 14], [109, 26], [28, 19], [4, 3], [32, 8], [129, 9], [8, 1], [156, 8], [27, 17], [67, 25], [128, 22], [176, 20], [176, 8], [172, 21], [163, 7], [0, 0]]","[0, 9, 14, 8, 4, 2, 15, 3, 7, 16, 5, 20, 18, 17, 19, 13, 1, 11, 6, 10, 12, 21]",386.19853259784554,11.097316980361938
