Id,Coordinates,Order,Distance,Time
9064,"[[0, 0], [83, 62], [71, 79], [61, 109], [41, 20], [5, 98], [66, 15], [26, 72], [55, 70], [119, 75], [17, 16], [21, 68], [132, 97], [98, 55], [100, 83], [4, 123], [20, 17], [3, 39], [68, 144], [127, 56], [14, 5], [0, 0]]","[0, 20, 10, 16, 4, 6, 1, 13, 19, 9, 12, 14, 2, 8, 7, 5, 15, 18, 3, 11, 17, 21]",620.5067360104882,17.6102511882782
