Id,Coordinates,Order,Distance,Time
8756,"[[0, 0], [80, 110], [27, 78], [23, 107], [29, 62], [14, 83], [31, 33], [69, 1], [45, 123], [10, 16], [67, 7], [56, 45], [1, 6], [7, 111], [7, 85], [10, 57], [34, 29], [58, 66], [75, 29], [26, 114], [37, 20], [0, 0]]","[0, 12, 9, 6, 16, 15, 4, 2, 5, 14, 13, 3, 19, 8, 1, 17, 11, 18, 10, 7, 20, 21]",457.0183022760902,19.578834533691406
