Id,Coordinates,Order,Distance,Time
744,"[[0, 0], [141, 78], [3, 48], [82, 28], [91, 52], [112, 30], [72, 82], [44, 3], [74, 87], [34, 74], [2, 38], [92, 83], [4, 10], [31, 43], [24, 26], [156, 84], [43, 76], [72, 8], [143, 47], [29, 81], [157, 85], [0, 0]]","[0, 12, 14, 10, 2, 13, 9, 19, 16, 6, 8, 11, 4, 5, 18, 1, 15, 20, 3, 17, 7, 21]",541.5143158947124,18.60816740989685
