Id,Coordinates,Order,Distance,Time
4880,"[[0, 0], [55, 33], [8, 118], [39, 147], [72, 49], [85, 57], [130, 62], [134, 83], [99, 53], [119, 126], [99, 115], [8, 8], [83, 62], [11, 43], [64, 57], [26, 136], [55, 94], [130, 9], [139, 113], [19, 73], [19, 128], [0, 0]]","[0, 11, 13, 19, 14, 4, 5, 8, 17, 6, 7, 18, 9, 10, 3, 15, 20, 2, 16, 12, 1, 21]",680.9538213925017,13.671310901641846
