Id,Coordinates,Order,Distance,Time
4640,"[[0, 0], [44, 12], [12, 63], [33, 94], [37, 129], [5, 92], [46, 101], [32, 23], [61, 94], [81, 58], [82, 130], [53, 30], [35, 28], [37, 90], [21, 55], [1, 126], [49, 94], [6, 62], [4, 36], [44, 75], [26, 75], [0, 0]]","[0, 18, 17, 2, 20, 13, 3, 6, 16, 9, 11, 1, 7, 12, 14, 5, 15, 4, 10, 8, 19, 21]",602.6793903975738,15.767821550369263
