Id,Coordinates,Order,Distance,Time
2109,"[[0, 0], [119, 18], [42, 29], [24, 8], [6, 2], [9, 29], [126, 8], [99, 16], [116, 11], [7, 18], [74, 9], [88, 2], [3, 3], [60, 25], [19, 5], [125, 15], [112, 30], [44, 5], [69, 30], [51, 17], [115, 19], [0, 0]]","[0, 12, 4, 9, 5, 2, 13, 10, 11, 7, 20, 1, 15, 6, 8, 16, 18, 19, 17, 3, 14, 21]",328.60845060394166,17.052807331085205
