Id,Coordinates,Order,Distance,Time
7138,"[[0, 0], [111, 3], [146, 61], [97, 30], [160, 53], [178, 58], [175, 85], [92, 23], [91, 14], [40, 18], [5, 77], [65, 25], [150, 19], [121, 26], [106, 30], [62, 38], [129, 81], [34, 4], [24, 51], [140, 35], [142, 90], [0, 0]]","[0, 17, 9, 11, 7, 3, 14, 13, 19, 2, 16, 20, 6, 5, 4, 12, 1, 8, 15, 18, 10, 21]",591.2095475441255,14.57937216758728
