Id,Coordinates,Order,Distance,Time
8070,"[[0, 0], [19, 29], [8, 16], [77, 16], [57, 16], [57, 9], [88, 14], [13, 27], [27, 1], [60, 6], [85, 8], [24, 8], [43, 23], [24, 26], [86, 19], [27, 16], [87, 17], [73, 8], [83, 15], [1, 1], [47, 23], [0, 0]]","[0, 19, 2, 7, 1, 13, 15, 12, 20, 4, 5, 3, 18, 16, 14, 6, 10, 17, 9, 8, 11, 21]",229.8343580941965,15.647088050842285
