Id,Coordinates,Order,Distance,Time
7754,"[[0, 0], [18, 98], [68, 108], [106, 79], [88, 10], [35, 107], [4, 2], [165, 54], [100, 82], [21, 71], [126, 106], [180, 49], [122, 61], [83, 40], [31, 39], [25, 43], [144, 10], [190, 93], [135, 33], [71, 53], [71, 25], [0, 0]]","[0, 14, 15, 9, 1, 5, 2, 3, 12, 18, 16, 7, 11, 17, 10, 8, 19, 13, 4, 20, 6, 21]",688.6633455399683,12.611087560653687
