Id,Coordinates,Order,Distance,Time
6660,"[[0, 0], [82, 28], [41, 15], [95, 18], [76, 11], [123, 5], [68, 2], [127, 33], [6, 69], [134, 66], [125, 33], [44, 39], [4, 59], [112, 15], [68, 40], [72, 41], [82, 49], [50, 49], [7, 2], [5, 45], [76, 31], [0, 0]]","[0, 18, 11, 17, 14, 15, 1, 3, 13, 5, 10, 7, 9, 16, 20, 4, 6, 2, 8, 12, 19, 21]",492.80387224663906,14.438315391540527
