Id,Coordinates,Order,Distance,Time
1124,"[[0, 0], [16, 71], [51, 9], [90, 28], [70, 72], [124, 19], [186, 53], [107, 40], [72, 23], [106, 5], [97, 28], [145, 73], [25, 63], [13, 21], [80, 33], [17, 23], [74, 67], [146, 40], [90, 15], [7, 22], [104, 19], [0, 0]]","[0, 19, 13, 15, 2, 8, 14, 3, 10, 18, 9, 20, 5, 17, 6, 11, 7, 16, 4, 12, 1, 21]",541.5862010294417,13.319669485092163
