Id,Coordinates,Order,Distance,Time
1517,"[[0, 0], [60, 39], [3, 128], [43, 68], [52, 7], [25, 107], [33, 96], [13, 125], [6, 23], [9, 106], [21, 138], [32, 105], [16, 2], [56, 141], [43, 136], [9, 20], [44, 57], [34, 114], [11, 110], [58, 37], [19, 115], [0, 0]]","[0, 12, 4, 19, 1, 16, 3, 6, 5, 20, 18, 9, 7, 2, 10, 14, 13, 17, 11, 8, 15, 21]",429.97336314909955,14.823360681533813
