Id,Coordinates,Order,Distance,Time
4169,"[[0, 0], [141, 4], [20, 89], [74, 30], [25, 100], [102, 62], [190, 64], [28, 49], [144, 82], [32, 113], [141, 37], [48, 26], [98, 16], [181, 70], [160, 126], [65, 42], [141, 40], [5, 20], [56, 121], [57, 26], [188, 104], [0, 0]]","[0, 11, 19, 15, 3, 12, 1, 10, 16, 6, 13, 20, 14, 8, 5, 18, 9, 4, 2, 7, 17, 21]",658.3244785570304,14.19551396369934
