Id,Coordinates,Order,Distance,Time
617,"[[0, 0], [89, 23], [28, 13], [64, 28], [72, 27], [105, 26], [33, 22], [9, 3], [9, 6], [59, 45], [99, 26], [8, 10], [71, 45], [103, 2], [108, 9], [60, 45], [23, 2], [48, 51], [93, 33], [128, 48], [55, 18], [0, 0]]","[0, 7, 8, 11, 2, 6, 20, 3, 4, 1, 10, 5, 18, 12, 15, 9, 17, 19, 14, 13, 16, 21]",422.967332955392,15.635918378829956
