Id,Coordinates,Order,Distance,Time
5571,"[[0, 0], [13, 75], [15, 79], [55, 111], [51, 10], [50, 111], [40, 94], [20, 89], [5, 130], [22, 41], [15, 4], [41, 35], [13, 98], [41, 139], [54, 138], [50, 6], [50, 16], [19, 114], [17, 11], [8, 70], [22, 122], [0, 0]]","[0, 10, 15, 4, 16, 11, 19, 1, 2, 7, 12, 17, 20, 8, 13, 14, 3, 5, 6, 9, 18, 21]",415.9840202282341,18.74517822265625
