Id,Coordinates,Order,Distance,Time
1512,"[[0, 0], [131, 9], [103, 6], [71, 5], [105, 4], [112, 3], [126, 6], [48, 8], [113, 9], [1, 11], [66, 6], [60, 6], [122, 1], [78, 5], [97, 5], [48, 10], [68, 9], [10, 6], [77, 4], [7, 4], [17, 1], [0, 0]]","[0, 19, 17, 20, 15, 7, 11, 10, 3, 18, 13, 14, 2, 4, 5, 12, 6, 1, 8, 16, 9, 21]",282.80125748384006,14.2397780418396
