Id,Coordinates,Order,Distance,Time
1872,"[[0, 0], [125, 170], [30, 167], [157, 80], [81, 172], [84, 32], [16, 69], [149, 178], [131, 182], [116, 14], [14, 132], [19, 133], [154, 177], [110, 45], [72, 133], [84, 2], [36, 104], [95, 178], [160, 132], [160, 80], [4, 143], [0, 0]]","[0, 16, 11, 10, 20, 2, 14, 4, 17, 1, 8, 7, 12, 18, 19, 3, 13, 9, 15, 5, 6, 21]",778.3102874224429,20.41058087348938
