Id,Coordinates,Order,Distance,Time
9687,"[[0, 0], [56, 8], [18, 10], [33, 15], [137, 10], [127, 3], [42, 8], [100, 5], [98, 8], [89, 8], [12, 3], [78, 14], [82, 2], [25, 13], [22, 10], [65, 5], [136, 5], [63, 14], [75, 13], [114, 5], [133, 15], [0, 0]]","[0, 2, 14, 13, 3, 17, 18, 11, 9, 8, 19, 5, 16, 4, 20, 7, 12, 15, 1, 6, 10, 21]",289.24687172793165,17.32680344581604
