Id,Coordinates,Order,Distance,Time
6385,"[[0, 0], [33, 15], [6, 10], [36, 20], [7, 28], [27, 40], [23, 91], [48, 46], [6, 34], [24, 81], [2, 100], [35, 19], [30, 118], [37, 97], [36, 77], [26, 115], [12, 21], [41, 101], [4, 68], [44, 106], [10, 112], [0, 0]]","[0, 2, 16, 4, 5, 3, 11, 1, 7, 14, 9, 6, 13, 17, 19, 12, 15, 20, 10, 18, 8, 21]",354.8209714810056,13.347108840942383
