Id,Coordinates,Order,Distance,Time
7899,"[[0, 0], [82, 8], [68, 49], [81, 54], [34, 47], [16, 25], [31, 43], [45, 47], [7, 50], [22, 24], [54, 50], [43, 37], [144, 27], [119, 31], [37, 24], [117, 5], [64, 12], [122, 47], [54, 21], [28, 8], [29, 41], [0, 0]]","[0, 19, 9, 6, 4, 7, 10, 2, 3, 17, 13, 12, 15, 1, 16, 18, 14, 11, 20, 8, 5, 21]",430.88514957796764,13.626895666122437
