Id,Coordinates,Order,Distance,Time
6794,"[[0, 0], [5, 87], [43, 86], [2, 138], [32, 54], [56, 108], [19, 95], [25, 41], [17, 93], [40, 100], [11, 125], [20, 7], [26, 108], [13, 116], [37, 129], [33, 84], [3, 61], [1, 116], [39, 118], [45, 48], [7, 95], [0, 0]]","[0, 11, 7, 4, 19, 2, 15, 6, 8, 20, 17, 13, 10, 3, 14, 18, 5, 9, 12, 1, 16, 21]",439.4949258751966,19.09703040122986
