Id,Coordinates,Order,Distance,Time
3835,"[[0, 0], [47, 143], [8, 168], [18, 39], [56, 82], [43, 112], [36, 89], [2, 87], [24, 116], [62, 104], [39, 11], [46, 57], [23, 93], [50, 134], [53, 18], [53, 69], [60, 60], [40, 121], [46, 86], [46, 57], [43, 174], [0, 0]]","[0, 10, 14, 19, 11, 16, 15, 4, 18, 6, 12, 9, 5, 17, 13, 1, 20, 2, 8, 7, 3, 21]",516.3065575376725,15.869594812393188
