Id,Coordinates,Order,Distance,Time
5020,"[[0, 0], [101, 140], [2, 70], [127, 150], [93, 47], [38, 125], [30, 94], [21, 25], [167, 43], [26, 20], [62, 74], [117, 157], [20, 50], [15, 3], [173, 27], [145, 127], [133, 39], [43, 108], [27, 103], [130, 158], [103, 14], [0, 0]]","[0, 13, 9, 7, 12, 6, 10, 4, 20, 16, 14, 8, 15, 3, 19, 11, 1, 5, 17, 18, 2, 21]",694.6267557140911,18.389129877090454
