Id,Coordinates,Order,Distance,Time
4487,"[[0, 0], [64, 59], [46, 62], [21, 120], [82, 44], [9, 114], [72, 15], [117, 21], [89, 58], [19, 136], [30, 135], [87, 62], [39, 12], [106, 76], [120, 159], [68, 85], [13, 40], [68, 131], [101, 25], [123, 54], [35, 131], [0, 0]]","[0, 12, 6, 8, 11, 13, 19, 7, 18, 4, 1, 5, 3, 9, 10, 20, 17, 14, 15, 2, 16, 21]",696.2111223584981,16.24231195449829
