Id,Coordinates,Order,Distance,Time
9509,"[[0, 0], [5, 63], [48, 32], [15, 84], [31, 44], [22, 33], [12, 14], [27, 79], [5, 10], [61, 82], [29, 4], [40, 21], [20, 92], [41, 48], [10, 70], [60, 36], [36, 30], [4, 84], [43, 44], [11, 38], [32, 93], [0, 0]]","[0, 8, 6, 10, 11, 2, 18, 13, 4, 5, 19, 1, 14, 17, 12, 3, 7, 20, 9, 15, 16, 21]",379.71330011708625,16.101170539855957
