Id,Coordinates,Order,Distance,Time
5625,"[[0, 0], [22, 14], [16, 61], [19, 43], [19, 70], [1, 63], [15, 97], [22, 85], [18, 79], [23, 173], [1, 159], [3, 30], [6, 23], [8, 10], [23, 135], [20, 175], [21, 113], [8, 134], [10, 71], [16, 75], [15, 172], [0, 0]]","[0, 12, 11, 2, 4, 19, 8, 7, 6, 17, 10, 20, 15, 9, 14, 16, 18, 5, 3, 1, 13, 21]",396.03114796356846,13.323970079421997
