Id,Coordinates,Order,Distance,Time
5457,"[[0, 0], [112, 23], [14, 34], [70, 34], [72, 9], [86, 18], [122, 6], [79, 12], [35, 32], [106, 10], [139, 38], [137, 27], [51, 4], [59, 36], [108, 16], [83, 32], [125, 23], [25, 7], [56, 37], [109, 32], [74, 10], [0, 0]]","[0, 17, 12, 4, 20, 7, 5, 19, 1, 14, 9, 6, 16, 11, 10, 15, 3, 13, 18, 8, 2, 21]",361.21352885533787,15.319901466369629
