Id,Coordinates,Order,Distance,Time
9324,"[[0, 0], [63, 76], [66, 64], [49, 11], [134, 81], [7, 8], [104, 109], [59, 47], [38, 31], [72, 48], [42, 8], [76, 62], [123, 103], [100, 64], [63, 60], [77, 49], [27, 14], [109, 110], [123, 75], [93, 86], [8, 109], [0, 0]]","[0, 5, 16, 10, 3, 8, 7, 9, 15, 11, 14, 2, 1, 19, 13, 18, 4, 12, 17, 6, 20, 21]",508.5823586035546,15.304067134857178
