Id,Coordinates,Order,Distance,Time
4871,"[[0, 0], [92, 20], [100, 171], [75, 123], [118, 122], [48, 5], [11, 178], [75, 42], [94, 41], [67, 123], [25, 182], [73, 174], [15, 106], [12, 90], [40, 9], [87, 123], [17, 133], [53, 163], [113, 133], [63, 54], [56, 112], [0, 0]]","[0, 14, 5, 1, 8, 7, 19, 20, 9, 3, 15, 4, 18, 2, 11, 17, 10, 6, 16, 12, 13, 21]",607.6984456221569,14.299862146377563
