Id,Coordinates,Order,Distance,Time
4834,"[[0, 0], [59, 20], [94, 22], [36, 20], [49, 22], [89, 29], [31, 26], [134, 28], [94, 2], [34, 28], [101, 13], [112, 18], [34, 31], [134, 25], [2, 36], [73, 34], [47, 19], [50, 2], [8, 34], [133, 11], [56, 15], [0, 0]]","[0, 14, 18, 12, 9, 6, 3, 16, 4, 20, 1, 15, 5, 2, 10, 11, 7, 13, 19, 8, 17, 21]",356.26563978612603,17.26803755760193
