Id,Coordinates,Order,Distance,Time
8430,"[[0, 0], [141, 98], [73, 98], [128, 69], [92, 14], [53, 28], [141, 50], [97, 72], [14, 84], [65, 85], [105, 17], [113, 32], [45, 107], [69, 13], [54, 71], [150, 67], [78, 62], [51, 41], [140, 23], [70, 14], [149, 24], [0, 0]]","[0, 8, 14, 9, 2, 12, 16, 7, 3, 1, 15, 6, 18, 20, 11, 10, 4, 19, 13, 5, 17, 21]",607.6423400706694,16.346619367599487
