Id,Coordinates,Order,Distance,Time
1612,"[[0, 0], [45, 164], [48, 146], [22, 54], [59, 101], [30, 81], [26, 128], [61, 72], [37, 29], [49, 149], [78, 32], [79, 56], [46, 174], [12, 152], [12, 24], [12, 150], [35, 72], [69, 99], [13, 47], [7, 128], [28, 101], [0, 0]]","[0, 14, 18, 3, 16, 5, 20, 6, 19, 15, 13, 12, 1, 9, 2, 4, 17, 7, 11, 10, 8, 21]",473.63102019705565,13.024904012680054
