Id,Coordinates,Order,Distance,Time
3027,"[[0, 0], [85, 77], [87, 109], [3, 116], [8, 93], [40, 23], [24, 41], [88, 60], [65, 113], [41, 119], [25, 10], [32, 59], [54, 29], [31, 115], [5, 26], [46, 4], [12, 109], [30, 105], [35, 94], [29, 80], [34, 96], [0, 0]]","[0, 10, 11, 19, 18, 20, 17, 13, 9, 8, 2, 1, 7, 12, 15, 5, 6, 16, 3, 4, 14, 21]",554.9985342632937,14.168129444122314
