Id,Coordinates,Order,Distance,Time
5149,"[[0, 0], [39, 30], [38, 23], [8, 41], [44, 83], [21, 117], [52, 118], [28, 96], [6, 66], [43, 13], [27, 81], [43, 118], [26, 81], [52, 6], [39, 87], [35, 41], [5, 56], [5, 73], [55, 102], [15, 101], [49, 73], [0, 0]]","[0, 3, 16, 8, 17, 12, 10, 18, 6, 11, 5, 19, 7, 14, 4, 20, 15, 1, 2, 9, 13, 21]",370.4088401817986,22.46798348426819
