Id,Coordinates,Order,Distance,Time
761,"[[0, 0], [10, 2], [10, 7], [7, 1], [13, 1], [9, 9], [6, 11], [4, 12], [5, 1], [3, 7], [3, 7], [8, 14], [6, 6], [3, 3], [13, 11], [5, 3], [14, 8], [12, 8], [14, 5], [1, 12], [6, 1], [0, 0]]","[0, 8, 20, 3, 1, 4, 18, 16, 17, 14, 6, 7, 19, 9, 10, 11, 5, 2, 12, 15, 13, 21]",71.79562763539042,16.608364820480347
