Id,Coordinates,Order,Distance,Time
2885,"[[0, 0], [148, 24], [118, 18], [16, 20], [31, 19], [47, 25], [18, 14], [153, 34], [82, 1], [26, 8], [78, 4], [147, 15], [76, 41], [99, 3], [37, 36], [119, 24], [3, 24], [63, 8], [105, 45], [3, 31], [158, 14], [0, 0]]","[0, 6, 3, 16, 19, 4, 5, 17, 10, 8, 13, 2, 15, 1, 11, 20, 7, 18, 12, 14, 9, 21]",432.39797723613646,16.853720903396606
