Id,Coordinates,Order,Distance,Time
5174,"[[0, 0], [10, 54], [40, 18], [21, 42], [18, 38], [18, 54], [54, 12], [6, 21], [38, 28], [52, 39], [46, 38], [28, 33], [16, 63], [64, 18], [16, 19], [48, 47], [25, 46], [7, 5], [55, 29], [5, 46], [24, 40], [0, 0]]","[0, 7, 14, 11, 20, 4, 3, 16, 5, 19, 1, 12, 15, 10, 9, 18, 13, 6, 2, 8, 17, 21]",280.6929471883319,16.581056118011475
