Id,Coordinates,Order,Distance,Time
2906,"[[0, 0], [8, 26], [5, 2], [11, 30], [10, 13], [2, 22], [11, 6], [1, 29], [1, 28], [6, 37], [11, 51], [7, 35], [11, 21], [3, 4], [7, 32], [7, 46], [5, 23], [6, 61], [8, 5], [4, 60], [10, 52], [0, 0]]","[0, 2, 18, 6, 4, 16, 5, 8, 7, 14, 11, 9, 10, 20, 17, 19, 15, 3, 1, 12, 13, 21]",146.0255007318881,16.40483045578003
