Id,Coordinates,Order,Distance,Time
5169,"[[0, 0], [46, 165], [89, 136], [128, 110], [4, 54], [89, 135], [122, 90], [100, 131], [50, 128], [71, 140], [49, 58], [37, 89], [12, 71], [20, 51], [41, 71], [82, 129], [86, 157], [29, 41], [29, 4], [20, 99], [91, 46], [0, 0]]","[0, 17, 13, 4, 12, 10, 14, 11, 19, 8, 15, 5, 2, 9, 1, 16, 7, 3, 6, 20, 18, 21]",612.3263402144662,16.625516653060913
