Id,Coordinates,Order,Distance,Time
1014,"[[0, 0], [9, 25], [11, 49], [3, 70], [13, 63], [20, 47], [5, 11], [14, 65], [24, 31], [26, 92], [19, 59], [11, 55], [1, 63], [15, 96], [17, 16], [24, 92], [13, 98], [4, 40], [26, 77], [3, 39], [21, 55], [0, 0]]","[0, 6, 1, 19, 17, 2, 11, 4, 7, 10, 12, 3, 18, 9, 15, 13, 16, 20, 5, 8, 14, 21]",265.6121390977725,16.78966999053955
