Id,Coordinates,Order,Distance,Time
120,"[[0, 0], [6, 36], [4, 29], [3, 53], [4, 6], [1, 75], [7, 62], [8, 19], [12, 51], [14, 37], [7, 13], [10, 74], [10, 69], [10, 72], [3, 48], [3, 12], [13, 57], [2, 52], [8, 25], [13, 54], [13, 53], [0, 0]]","[0, 4, 10, 7, 18, 9, 8, 20, 19, 16, 12, 13, 11, 5, 6, 3, 17, 14, 1, 2, 15, 21]",164.88107973028607,21.35099983215332
