Id,Coordinates,Order,Distance,Time
7834,"[[0, 0], [101, 17], [28, 8], [20, 84], [52, 85], [94, 87], [21, 84], [39, 181], [48, 22], [81, 189], [28, 141], [47, 159], [37, 147], [106, 161], [45, 91], [93, 143], [20, 99], [37, 45], [21, 52], [38, 53], [71, 171], [0, 0]]","[0, 17, 19, 18, 6, 3, 16, 14, 4, 15, 13, 9, 20, 7, 11, 12, 10, 5, 1, 8, 2, 21]",662.9444119052604,16.18030571937561
