Id,Coordinates,Order,Distance,Time
4150,"[[0, 0], [37, 184], [10, 36], [65, 123], [6, 90], [86, 72], [14, 196], [32, 70], [73, 138], [12, 153], [24, 58], [22, 20], [19, 70], [24, 120], [46, 187], [57, 183], [66, 142], [20, 52], [78, 173], [46, 13], [85, 63], [0, 0]]","[0, 11, 2, 17, 10, 12, 4, 13, 9, 6, 1, 14, 15, 18, 16, 8, 3, 5, 20, 7, 19, 21]",577.6739776161762,18.043443202972412
