Id,Coordinates,Order,Distance,Time
4190,"[[0, 0], [132, 107], [89, 94], [99, 50], [114, 70], [91, 7], [82, 117], [159, 82], [129, 87], [50, 42], [137, 3], [109, 61], [24, 117], [10, 89], [112, 32], [38, 76], [156, 4], [135, 88], [45, 5], [40, 75], [112, 120], [0, 0]]","[0, 18, 9, 13, 12, 2, 4, 11, 3, 14, 5, 10, 16, 7, 17, 8, 1, 20, 6, 19, 15, 21]",753.1646118077854,13.929675579071045
