Id,Coordinates,Order,Distance,Time
825,"[[0, 0], [59, 5], [22, 19], [26, 109], [93, 146], [95, 113], [31, 3], [93, 181], [9, 79], [7, 130], [70, 17], [41, 147], [7, 108], [83, 149], [79, 126], [77, 156], [33, 100], [11, 35], [87, 126], [78, 15], [38, 37], [0, 0]]","[0, 2, 6, 1, 10, 19, 20, 8, 16, 3, 12, 9, 11, 15, 7, 4, 13, 14, 18, 5, 17, 21]",628.2016929446968,17.096121788024902
