Id,Coordinates,Order,Distance,Time
1306,"[[0, 0], [41, 16], [8, 39], [20, 10], [26, 31], [1, 27], [25, 47], [25, 3], [23, 31], [18, 7], [3, 36], [39, 5], [29, 50], [15, 34], [13, 49], [22, 35], [38, 16], [27, 30], [36, 5], [8, 7], [37, 49], [0, 0]]","[0, 19, 9, 3, 7, 18, 11, 1, 16, 17, 4, 8, 15, 13, 20, 12, 6, 14, 2, 10, 5, 21]",198.71576807699364,14.173428535461426
