Id,Coordinates,Order,Distance,Time
6573,"[[0, 0], [105, 6], [145, 15], [56, 92], [138, 20], [133, 48], [22, 90], [133, 67], [129, 16], [51, 75], [132, 24], [47, 78], [19, 88], [57, 93], [89, 8], [61, 45], [138, 14], [1, 15], [155, 52], [133, 9], [20, 44], [0, 0]]","[0, 17, 20, 9, 11, 3, 13, 6, 12, 15, 14, 1, 8, 19, 16, 2, 4, 10, 18, 7, 5, 21]",564.2452109512121,14.618575096130371
