Id,Coordinates,Order,Distance,Time
3517,"[[0, 0], [163, 81], [78, 144], [17, 52], [44, 122], [48, 77], [126, 63], [27, 48], [60, 15], [16, 97], [12, 42], [21, 94], [14, 20], [124, 33], [104, 131], [31, 37], [72, 33], [140, 81], [111, 154], [126, 10], [104, 54], [0, 0]]","[0, 10, 3, 7, 8, 16, 20, 6, 17, 1, 13, 19, 5, 11, 9, 4, 2, 18, 14, 15, 12, 21]",770.3063945455941,14.534310102462769
