Id,Coordinates,Order,Distance,Time
4914,"[[0, 0], [9, 52], [63, 14], [16, 32], [95, 27], [121, 33], [73, 19], [100, 65], [1, 68], [118, 9], [37, 17], [16, 30], [19, 38], [22, 66], [2, 46], [32, 14], [14, 57], [75, 39], [104, 12], [108, 23], [52, 10], [0, 0]]","[0, 11, 3, 1, 16, 13, 8, 14, 12, 10, 20, 2, 6, 4, 19, 18, 9, 5, 7, 17, 15, 21]",450.5376133174971,15.06213092803955
