Id,Coordinates,Order,Distance,Time
11,"[[0, 0], [85, 1], [59, 6], [34, 21], [117, 28], [112, 20], [29, 9], [40, 16], [95, 16], [2, 5], [3, 6], [84, 4], [12, 26], [7, 22], [42, 17], [42, 16], [89, 9], [115, 35], [48, 10], [39, 14], [14, 34], [0, 0]]","[0, 9, 10, 13, 12, 20, 3, 15, 18, 2, 1, 11, 16, 8, 5, 4, 17, 14, 7, 19, 6, 21]",291.7298180890127,20.108002185821533
