Id,Coordinates,Order,Distance,Time
8631,"[[0, 0], [99, 95], [64, 108], [85, 138], [66, 92], [27, 93], [38, 110], [93, 7], [40, 103], [59, 86], [46, 82], [80, 113], [17, 30], [24, 73], [12, 55], [104, 120], [21, 124], [14, 67], [27, 84], [68, 78], [49, 101], [0, 0]]","[0, 12, 14, 17, 13, 18, 5, 8, 20, 2, 4, 9, 19, 1, 15, 3, 11, 16, 6, 10, 7, 21]",588.2163373322239,17.415372610092163
