Id,Coordinates,Order,Distance,Time
2865,"[[0, 0], [28, 32], [192, 101], [64, 48], [74, 117], [179, 19], [55, 74], [101, 137], [89, 33], [17, 76], [43, 14], [128, 47], [24, 65], [79, 88], [50, 123], [133, 137], [95, 123], [82, 136], [119, 74], [150, 99], [140, 33], [0, 0]]","[0, 1, 10, 3, 13, 14, 4, 17, 16, 7, 15, 19, 2, 5, 20, 11, 18, 8, 6, 9, 12, 21]",783.5421665781886,14.387465000152588
