Id,Coordinates,Order,Distance,Time
4989,"[[0, 0], [19, 71], [22, 23], [17, 65], [11, 78], [24, 45], [11, 57], [14, 20], [14, 39], [21, 45], [17, 81], [4, 62], [13, 5], [22, 64], [24, 33], [4, 78], [6, 4], [6, 63], [17, 81], [9, 63], [15, 37], [0, 0]]","[0, 16, 12, 7, 2, 14, 20, 8, 9, 5, 13, 3, 1, 10, 18, 4, 15, 19, 17, 11, 6, 21]",213.4982533585998,16.12749171257019
