Id,Coordinates,Order,Distance,Time
8728,"[[0, 0], [106, 43], [156, 110], [28, 97], [97, 154], [20, 105], [50, 64], [109, 45], [120, 134], [145, 8], [110, 6], [22, 151], [59, 42], [119, 22], [100, 22], [115, 67], [79, 54], [101, 120], [40, 18], [103, 53], [64, 73], [0, 0]]","[0, 18, 12, 16, 19, 7, 1, 14, 10, 9, 13, 15, 3, 5, 11, 4, 8, 2, 17, 20, 6, 21]",796.6641185258396,17.9566388130188
