Id,Coordinates,Order,Distance,Time
1180,"[[0, 0], [15, 45], [55, 15], [149, 5], [105, 53], [122, 16], [34, 56], [35, 24], [159, 57], [26, 34], [9, 4], [129, 32], [119, 55], [93, 56], [159, 38], [126, 26], [85, 39], [112, 49], [4, 26], [93, 53], [61, 43], [0, 0]]","[0, 10, 9, 7, 2, 16, 19, 13, 4, 17, 11, 15, 5, 3, 14, 8, 12, 20, 6, 1, 18, 21]",480.30758994680144,16.52332878112793
