Id,Coordinates,Order,Distance,Time
9422,"[[0, 0], [4, 52], [26, 36], [23, 26], [26, 7], [17, 32], [4, 16], [11, 25], [14, 20], [18, 61], [7, 50], [1, 34], [10, 19], [21, 8], [20, 20], [15, 8], [1, 23], [6, 38], [5, 40], [23, 10], [18, 60], [0, 0]]","[0, 6, 12, 8, 14, 19, 4, 13, 15, 16, 11, 17, 18, 10, 1, 20, 9, 2, 3, 5, 7, 21]",210.89822371782353,15.55062222480774
