Id,Coordinates,Order,Distance,Time
9785,"[[0, 0], [58, 68], [20, 123], [3, 117], [31, 113], [14, 125], [9, 82], [56, 2], [17, 33], [42, 179], [40, 137], [57, 37], [54, 163], [53, 136], [39, 142], [22, 169], [4, 183], [1, 21], [14, 27], [60, 163], [56, 180], [0, 0]]","[0, 17, 7, 11, 1, 4, 2, 5, 10, 14, 13, 12, 19, 20, 9, 15, 16, 3, 6, 8, 18, 21]",564.8504873158013,16.163919925689697
