Id,Coordinates,Order,Distance,Time
7745,"[[0, 0], [1, 15], [13, 19], [48, 12], [43, 33], [22, 34], [54, 54], [21, 4], [48, 14], [7, 10], [54, 49], [27, 32], [16, 24], [47, 32], [41, 2], [27, 54], [47, 25], [27, 14], [17, 16], [37, 26], [2, 14], [0, 0]]","[0, 9, 20, 1, 2, 18, 12, 5, 19, 4, 16, 8, 3, 14, 13, 10, 6, 15, 11, 17, 7, 21]",270.83125410294485,19.26525855064392
