Id,Coordinates,Order,Distance,Time
9245,"[[0, 0], [102, 4], [21, 4], [60, 9], [55, 2], [61, 10], [8, 7], [127, 8], [88, 6], [59, 12], [129, 8], [30, 14], [71, 9], [98, 6], [121, 2], [89, 7], [39, 6], [73, 1], [46, 9], [105, 7], [124, 10], [0, 0]]","[0, 6, 11, 18, 9, 5, 3, 12, 8, 15, 13, 1, 14, 7, 10, 20, 19, 17, 4, 16, 2, 21]",271.04566118887703,15.994272470474243
