Id,Coordinates,Order,Distance,Time
9260,"[[0, 0], [152, 26], [143, 26], [145, 6], [100, 18], [14, 8], [98, 8], [25, 22], [139, 6], [85, 3], [105, 21], [112, 18], [47, 11], [44, 34], [51, 3], [132, 23], [161, 10], [161, 7], [30, 24], [54, 25], [121, 16], [0, 0]]","[0, 5, 7, 18, 13, 19, 4, 10, 11, 20, 15, 2, 1, 16, 17, 3, 8, 6, 9, 14, 12, 21]",361.18870224346836,21.002582788467407
