Id,Coordinates,Order,Distance,Time
7194,"[[0, 0], [59, 14], [83, 37], [27, 19], [56, 45], [59, 1], [31, 3], [41, 42], [65, 44], [34, 4], [13, 25], [14, 26], [35, 13], [38, 27], [31, 6], [1, 27], [42, 27], [44, 15], [28, 36], [90, 43], [17, 35], [0, 0]]","[0, 15, 10, 11, 20, 18, 13, 16, 17, 12, 3, 7, 4, 8, 19, 2, 1, 5, 9, 6, 14, 21]",303.64542390519233,16.92704153060913
