Id,Coordinates,Order,Distance,Time
3656,"[[0, 0], [6, 126], [53, 87], [47, 103], [24, 80], [50, 8], [16, 109], [6, 20], [41, 108], [4, 140], [22, 139], [26, 115], [48, 20], [24, 134], [35, 93], [47, 55], [3, 5], [29, 61], [26, 98], [22, 125], [31, 58], [0, 0]]","[0, 5, 12, 20, 17, 4, 14, 18, 6, 19, 13, 10, 9, 1, 11, 8, 3, 2, 15, 7, 16, 21]",404.6065317088927,15.201542854309082
