Id,Coordinates,Order,Distance,Time
1162,"[[0, 0], [2, 33], [3, 9], [10, 53], [11, 30], [11, 86], [5, 86], [1, 105], [11, 15], [7, 76], [12, 102], [10, 19], [4, 43], [8, 54], [5, 66], [9, 163], [1, 117], [10, 159], [4, 157], [9, 9], [1, 149], [0, 0]]","[0, 2, 19, 8, 11, 4, 3, 13, 14, 9, 6, 7, 16, 20, 18, 17, 15, 10, 5, 12, 1, 21]",340.34077608772685,17.555649518966675
