Id,Coordinates,Order,Distance,Time
3537,"[[0, 0], [35, 35], [11, 27], [14, 4], [32, 41], [53, 34], [21, 26], [9, 2], [62, 33], [63, 32], [4, 31], [48, 12], [18, 29], [56, 6], [15, 26], [4, 30], [44, 27], [54, 24], [23, 17], [48, 20], [43, 18], [0, 0]]","[0, 6, 12, 14, 2, 15, 10, 4, 1, 16, 19, 11, 13, 17, 9, 8, 5, 20, 18, 3, 7, 21]",238.12091157354507,16.656468868255615
