Id,Coordinates,Order,Distance,Time
6893,"[[0, 0], [78, 39], [2, 118], [27, 40], [15, 99], [79, 137], [85, 142], [98, 1], [70, 108], [63, 9], [84, 67], [92, 126], [16, 123], [96, 97], [60, 153], [59, 112], [85, 113], [32, 94], [23, 116], [47, 104], [1, 113], [0, 0]]","[0, 9, 7, 1, 10, 13, 16, 11, 5, 6, 14, 8, 15, 19, 17, 18, 12, 2, 20, 4, 3, 21]",560.9180283709906,12.786024570465088
