Id,Coordinates,Order,Distance,Time
6247,"[[0, 0], [3, 101], [12, 78], [28, 120], [44, 52], [38, 14], [30, 46], [12, 82], [14, 96], [34, 41], [20, 110], [14, 6], [52, 144], [33, 112], [38, 80], [47, 47], [3, 93], [12, 22], [6, 130], [6, 131], [34, 58], [0, 0]]","[0, 11, 5, 9, 6, 20, 4, 15, 14, 2, 7, 16, 1, 10, 3, 13, 12, 19, 18, 8, 17, 21]",451.37261303100126,13.650792598724365
