Id,Coordinates,Order,Distance,Time
8302,"[[0, 0], [28, 115], [51, 110], [61, 151], [53, 6], [54, 4], [52, 30], [52, 97], [20, 63], [25, 27], [86, 139], [51, 15], [100, 70], [85, 31], [95, 9], [40, 144], [56, 69], [3, 117], [14, 37], [5, 49], [45, 120], [0, 0]]","[0, 18, 19, 8, 16, 7, 2, 20, 1, 17, 15, 3, 10, 12, 13, 14, 5, 4, 11, 6, 9, 21]",570.1429393383935,13.971789836883545
