Id,Coordinates,Order,Distance,Time
2284,"[[0, 0], [44, 26], [125, 32], [11, 23], [100, 22], [97, 1], [110, 6], [36, 2], [53, 30], [105, 10], [66, 32], [49, 24], [57, 19], [27, 28], [133, 22], [55, 12], [8, 36], [5, 32], [131, 9], [93, 19], [6, 2], [0, 0]]","[0, 20, 3, 17, 16, 13, 1, 11, 8, 12, 10, 19, 4, 9, 6, 18, 14, 2, 5, 15, 7, 21]",367.4475197260753,14.465203285217285
