Id,Coordinates,Order,Distance,Time
1509,"[[0, 0], [15, 7], [92, 29], [6, 37], [37, 62], [167, 9], [102, 31], [60, 39], [4, 91], [29, 48], [74, 20], [56, 32], [134, 94], [118, 2], [104, 19], [153, 7], [129, 96], [28, 76], [100, 91], [61, 12], [127, 69], [0, 0]]","[0, 3, 8, 17, 4, 7, 11, 19, 10, 2, 6, 14, 13, 15, 5, 20, 12, 16, 18, 9, 1, 21]",601.7119212999336,17.49242115020752
