Id,Coordinates,Order,Distance,Time
800,"[[0, 0], [17, 10], [98, 41], [114, 46], [108, 5], [57, 10], [2, 9], [107, 3], [30, 45], [11, 40], [87, 56], [28, 32], [69, 58], [11, 13], [102, 51], [49, 3], [17, 43], [35, 44], [20, 29], [90, 52], [51, 32], [0, 0]]","[0, 6, 13, 1, 18, 11, 8, 17, 16, 9, 20, 5, 15, 7, 4, 3, 14, 2, 19, 10, 12, 21]",422.063849656995,21.935670375823975
