Id,Coordinates,Order,Distance,Time
8719,"[[0, 0], [60, 43], [139, 31], [135, 132], [157, 4], [85, 12], [93, 54], [15, 140], [73, 174], [28, 29], [146, 151], [58, 172], [45, 92], [122, 27], [98, 130], [33, 80], [152, 96], [95, 159], [23, 52], [50, 150], [29, 47], [0, 0]]","[0, 20, 18, 15, 12, 6, 5, 13, 2, 4, 16, 3, 10, 17, 8, 11, 19, 7, 14, 1, 9, 21]",863.4274841999081,16.695377349853516
