Id,Coordinates,Order,Distance,Time
5389,"[[0, 0], [52, 56], [39, 14], [18, 16], [47, 64], [39, 20], [76, 47], [75, 60], [69, 21], [33, 24], [20, 24], [36, 74], [20, 76], [101, 46], [78, 44], [102, 41], [40, 8], [45, 24], [28, 8], [77, 18], [96, 46], [0, 0]]","[0, 3, 10, 9, 5, 2, 17, 8, 14, 6, 1, 4, 11, 12, 7, 20, 13, 15, 19, 16, 18, 21]",393.7859292140211,15.54838252067566
