Id,Coordinates,Order,Distance,Time
8916,"[[0, 0], [88, 60], [57, 98], [2, 72], [94, 111], [91, 53], [46, 75], [28, 79], [73, 32], [106, 111], [99, 71], [78, 108], [61, 18], [60, 55], [105, 33], [129, 11], [88, 90], [41, 49], [29, 40], [43, 4], [8, 84], [0, 0]]","[0, 12, 8, 13, 17, 18, 3, 20, 7, 6, 2, 11, 4, 9, 16, 10, 1, 5, 14, 15, 19, 21]",572.9832101289471,15.371070861816406
