Id,Coordinates,Order,Distance,Time
559,"[[0, 0], [23, 67], [13, 27], [5, 83], [35, 1], [42, 46], [8, 15], [18, 19], [33, 13], [36, 27], [10, 35], [29, 62], [28, 42], [1, 46], [39, 68], [20, 16], [40, 66], [13, 24], [2, 88], [17, 86], [8, 28], [0, 0]]","[0, 6, 17, 2, 20, 10, 12, 9, 8, 4, 15, 7, 5, 16, 14, 11, 1, 19, 3, 18, 13, 21]",333.3707236897161,18.01143479347229
