Id,Coordinates,Order,Distance,Time
7608,"[[0, 0], [11, 41], [23, 179], [27, 183], [8, 31], [11, 40], [7, 62], [8, 5], [22, 197], [24, 116], [14, 173], [7, 24], [5, 147], [12, 110], [17, 129], [8, 37], [27, 108], [18, 98], [2, 19], [23, 174], [1, 138], [0, 0]]","[0, 7, 11, 4, 15, 5, 1, 6, 17, 13, 20, 12, 10, 8, 3, 2, 19, 14, 9, 16, 18, 21]",416.7344826623967,17.294189453125
