Id,Coordinates,Order,Distance,Time
6497,"[[0, 0], [69, 17], [110, 21], [169, 9], [137, 31], [85, 39], [46, 14], [160, 10], [51, 3], [152, 14], [118, 45], [105, 19], [153, 16], [127, 14], [156, 18], [140, 43], [70, 35], [60, 40], [140, 25], [59, 34], [141, 43], [0, 0]]","[0, 8, 19, 17, 16, 5, 11, 2, 13, 18, 4, 15, 20, 12, 9, 14, 7, 3, 10, 1, 6, 21]",449.63117812855904,16.829084157943726
