Id,Coordinates,Order,Distance,Time
6950,"[[0, 0], [13, 24], [65, 6], [64, 24], [2, 6], [22, 31], [6, 22], [34, 6], [56, 27], [17, 13], [28, 3], [37, 36], [32, 14], [57, 1], [51, 33], [48, 35], [23, 4], [67, 23], [54, 34], [38, 22], [37, 9], [0, 0]]","[0, 4, 6, 1, 5, 11, 15, 14, 18, 8, 3, 17, 2, 13, 20, 7, 10, 16, 12, 19, 9, 21]",224.95343669763514,14.815869092941284
