Id,Coordinates,Order,Distance,Time
865,"[[0, 0], [85, 72], [80, 8], [14, 30], [65, 70], [99, 84], [59, 51], [40, 36], [13, 9], [106, 64], [8, 63], [127, 96], [1, 65], [76, 34], [112, 40], [45, 68], [16, 2], [62, 74], [65, 100], [5, 88], [30, 62], [0, 0]]","[0, 8, 3, 7, 6, 4, 17, 15, 20, 10, 12, 19, 18, 1, 5, 11, 9, 14, 13, 2, 16, 21]",549.2034064984332,12.844233989715576
