Id,Coordinates,Order,Distance,Time
5353,"[[0, 0], [19, 71], [38, 60], [9, 116], [33, 35], [3, 153], [17, 144], [42, 91], [52, 127], [38, 86], [32, 48], [6, 144], [11, 94], [39, 12], [25, 79], [61, 98], [9, 53], [44, 111], [49, 124], [61, 151], [28, 35], [0, 0]]","[0, 13, 4, 20, 10, 2, 9, 7, 15, 17, 18, 8, 19, 6, 5, 11, 3, 12, 14, 1, 16, 21]",439.250305802029,16.902804374694824
