Id,Coordinates,Order,Distance,Time
8749,"[[0, 0], [16, 41], [66, 181], [126, 81], [104, 154], [101, 107], [138, 107], [36, 131], [99, 2], [78, 25], [9, 39], [103, 5], [113, 6], [117, 135], [154, 15], [162, 72], [11, 135], [123, 64], [3, 55], [55, 85], [28, 11], [0, 0]]","[0, 1, 10, 18, 19, 7, 16, 2, 4, 13, 5, 6, 3, 17, 15, 14, 12, 11, 8, 9, 20, 21]",726.5333880402834,16.452093839645386
