Id,Coordinates,Order,Distance,Time
8300,"[[0, 0], [13, 106], [63, 91], [53, 144], [39, 104], [28, 117], [67, 126], [53, 154], [24, 71], [7, 137], [16, 98], [66, 84], [44, 69], [36, 40], [8, 35], [27, 122], [24, 56], [56, 38], [6, 119], [15, 2], [62, 10], [0, 0]]","[0, 14, 16, 8, 12, 11, 2, 4, 5, 15, 10, 1, 18, 9, 7, 3, 6, 13, 17, 20, 19, 21]",532.6114823322848,16.032068014144897
