Id,Coordinates,Order,Distance,Time
1393,"[[0, 0], [60, 21], [11, 28], [9, 130], [15, 150], [9, 35], [72, 40], [27, 75], [85, 183], [8, 135], [54, 147], [19, 128], [44, 102], [26, 123], [31, 165], [66, 21], [58, 189], [4, 98], [25, 147], [27, 149], [44, 82], [0, 0]]","[0, 2, 5, 7, 17, 13, 11, 3, 9, 4, 18, 19, 14, 16, 8, 10, 12, 20, 6, 15, 1, 21]",533.6292715261728,16.525296449661255
