Id,Coordinates,Order,Distance,Time
3863,"[[0, 0], [13, 1], [19, 4], [11, 7], [12, 61], [3, 30], [9, 72], [18, 29], [17, 28], [13, 34], [17, 31], [7, 76], [14, 72], [3, 33], [1, 57], [11, 62], [7, 20], [9, 30], [15, 43], [15, 70], [11, 17], [0, 0]]","[0, 1, 2, 3, 20, 16, 17, 10, 7, 8, 9, 18, 4, 15, 19, 12, 6, 11, 14, 13, 5, 21]",198.1044896736849,17.77112054824829
