Id,Coordinates,Order,Distance,Time
2446,"[[0, 0], [91, 75], [29, 104], [38, 23], [47, 42], [61, 34], [43, 47], [84, 15], [82, 39], [48, 91], [47, 124], [103, 35], [6, 36], [17, 88], [45, 94], [6, 101], [14, 87], [6, 37], [102, 51], [24, 144], [103, 141], [0, 0]]","[0, 12, 17, 6, 4, 5, 7, 11, 18, 1, 9, 14, 2, 13, 16, 15, 19, 10, 20, 8, 3, 21]",636.4755421037423,15.372925043106079
