Id,Coordinates,Order,Distance,Time
1445,"[[0, 0], [85, 28], [43, 57], [76, 9], [11, 15], [50, 29], [67, 5], [35, 57], [62, 14], [7, 8], [38, 23], [1, 57], [35, 29], [49, 58], [47, 26], [14, 34], [74, 45], [9, 3], [13, 29], [46, 59], [76, 38], [0, 0]]","[0, 17, 12, 10, 14, 5, 8, 6, 3, 1, 20, 16, 13, 19, 2, 7, 11, 15, 18, 4, 9, 21]",288.1045367038398,15.47798466682434
