Id,Coordinates,Order,Distance,Time
8048,"[[0, 0], [101, 24], [76, 142], [20, 113], [61, 147], [17, 25], [32, 146], [27, 97], [32, 72], [78, 76], [79, 7], [13, 107], [70, 123], [106, 112], [63, 60], [81, 39], [61, 131], [68, 49], [44, 11], [46, 4], [54, 52], [0, 0]]","[0, 18, 19, 10, 1, 15, 17, 8, 7, 11, 3, 6, 4, 2, 16, 12, 13, 9, 14, 20, 5, 21]",552.4589043406775,13.309794187545776
