Id,Coordinates,Order,Distance,Time
7939,"[[0, 0], [15, 18], [23, 78], [26, 49], [20, 103], [10, 49], [26, 83], [26, 30], [4, 72], [16, 1], [9, 116], [9, 3], [10, 95], [21, 17], [10, 44], [17, 11], [12, 72], [16, 39], [3, 103], [24, 87], [4, 31], [0, 0]]","[0, 11, 9, 15, 1, 13, 7, 17, 3, 2, 6, 19, 12, 18, 10, 4, 16, 8, 5, 14, 20, 21]",292.6237250357055,16.50881814956665
