Id,Coordinates,Order,Distance,Time
7986,"[[0, 0], [46, 37], [2, 8], [20, 82], [35, 29], [6, 14], [55, 93], [39, 47], [8, 33], [20, 62], [10, 23], [57, 88], [45, 32], [52, 63], [8, 9], [14, 82], [19, 30], [23, 66], [21, 76], [45, 14], [22, 78], [0, 0]]","[0, 2, 5, 10, 8, 16, 4, 1, 13, 11, 6, 3, 15, 20, 18, 17, 9, 7, 12, 19, 14, 21]",309.90933228568224,13.534454822540283
