Id,Coordinates,Order,Distance,Time
624,"[[0, 0], [22, 35], [1, 36], [70, 22], [53, 34], [78, 17], [42, 24], [64, 16], [80, 6], [87, 27], [70, 2], [68, 38], [29, 8], [69, 37], [62, 10], [6, 5], [7, 28], [16, 16], [44, 21], [49, 26], [47, 33], [0, 0]]","[0, 15, 17, 16, 2, 1, 20, 4, 11, 13, 7, 14, 10, 8, 5, 9, 3, 19, 6, 18, 12, 21]",290.3466439669478,14.815728664398193
