Id,Coordinates,Order,Distance,Time
415,"[[0, 0], [55, 136], [29, 125], [43, 37], [54, 95], [72, 96], [14, 109], [19, 28], [68, 97], [14, 11], [33, 87], [57, 62], [61, 50], [42, 70], [1, 102], [10, 14], [34, 102], [41, 11], [66, 85], [7, 39], [73, 69], [0, 0]]","[0, 15, 9, 7, 19, 3, 12, 11, 13, 10, 4, 8, 5, 18, 16, 14, 6, 2, 1, 20, 17, 21]",527.8453424695247,16.45411491394043
