Id,Coordinates,Order,Distance,Time
1865,"[[0, 0], [8, 84], [5, 117], [11, 103], [16, 127], [7, 34], [16, 4], [4, 91], [8, 103], [13, 108], [2, 24], [5, 83], [6, 2], [11, 45], [4, 126], [2, 104], [3, 83], [16, 4], [15, 58], [1, 81], [1, 46], [0, 0]]","[0, 12, 6, 17, 10, 5, 13, 18, 1, 11, 16, 7, 8, 3, 9, 4, 14, 2, 15, 19, 20, 21]",295.31347576837067,14.614134311676025
