Id,Coordinates,Order,Distance,Time
6276,"[[0, 0], [13, 29], [10, 64], [16, 73], [15, 69], [6, 72], [7, 59], [4, 47], [24, 68], [18, 31], [3, 29], [26, 51], [11, 15], [13, 4], [3, 1], [14, 78], [18, 33], [3, 81], [10, 39], [4, 47], [17, 34], [0, 0]]","[0, 14, 13, 12, 1, 9, 16, 20, 18, 7, 19, 6, 2, 3, 15, 17, 5, 4, 8, 11, 10, 21]",217.25931924075215,17.812363862991333
