Id,Coordinates,Order,Distance,Time
2306,"[[0, 0], [113, 6], [53, 16], [6, 11], [82, 14], [72, 13], [111, 7], [75, 14], [23, 17], [102, 4], [27, 6], [5, 9], [94, 2], [54, 13], [102, 7], [12, 2], [113, 17], [108, 15], [7, 15], [111, 1], [53, 1], [0, 0]]","[0, 11, 3, 18, 8, 2, 13, 5, 7, 4, 12, 9, 14, 19, 1, 6, 17, 16, 20, 10, 15, 21]",269.9671688954804,14.03843903541565
