Id,Coordinates,Order,Distance,Time
4206,"[[0, 0], [44, 21], [91, 31], [23, 45], [64, 11], [64, 14], [81, 42], [137, 49], [111, 55], [95, 2], [18, 47], [33, 57], [108, 52], [109, 49], [40, 3], [142, 47], [126, 69], [97, 56], [73, 59], [66, 15], [9, 63], [0, 0]]","[0, 14, 1, 5, 19, 4, 9, 2, 6, 12, 13, 8, 7, 15, 16, 17, 18, 11, 20, 10, 3, 21]",454.456250669508,15.833885431289673
