Id,Coordinates,Order,Distance,Time
7471,"[[0, 0], [28, 123], [115, 41], [70, 82], [99, 145], [140, 95], [161, 144], [15, 120], [122, 70], [156, 134], [143, 167], [77, 149], [24, 62], [119, 6], [134, 101], [141, 149], [120, 93], [137, 80], [154, 30], [5, 162], [109, 117], [0, 0]]","[0, 12, 3, 16, 8, 2, 13, 18, 17, 5, 20, 4, 11, 1, 7, 19, 10, 15, 6, 9, 14, 21]",963.0833966752627,15.794666051864624
