Id,Coordinates,Order,Distance,Time
4905,"[[0, 0], [1, 1], [48, 46], [2, 31], [2, 94], [15, 109], [12, 74], [23, 12], [48, 42], [42, 103], [9, 28], [38, 41], [44, 97], [20, 98], [22, 11], [6, 25], [11, 43], [11, 22], [15, 49], [42, 70], [26, 105], [0, 0]]","[0, 1, 14, 7, 17, 11, 8, 2, 19, 12, 9, 20, 13, 5, 4, 6, 18, 16, 3, 10, 15, 21]",310.5065308268153,15.713507175445557
