Id,Coordinates,Order,Distance,Time
171,"[[0, 0], [69, 37], [4, 4], [80, 163], [71, 118], [84, 72], [69, 11], [34, 163], [3, 152], [76, 16], [70, 156], [42, 27], [14, 62], [75, 167], [4, 123], [42, 131], [51, 127], [72, 73], [104, 154], [13, 18], [96, 84], [0, 0]]","[0, 2, 19, 11, 6, 9, 1, 17, 5, 20, 16, 15, 14, 8, 7, 10, 13, 3, 18, 4, 12, 21]",624.8549213639839,16.247611045837402
