Id,Coordinates,Order,Distance,Time
9200,"[[0, 0], [114, 42], [49, 34], [1, 38], [38, 11], [99, 27], [84, 1], [98, 45], [89, 48], [71, 25], [16, 38], [62, 32], [121, 49], [117, 31], [1, 6], [24, 26], [29, 29], [39, 30], [48, 7], [4, 48], [122, 46], [0, 0]]","[0, 14, 15, 16, 17, 2, 11, 9, 7, 8, 1, 20, 12, 13, 5, 6, 18, 4, 10, 19, 3, 21]",380.7358753832009,14.084932565689087
