Id,Coordinates,Order,Distance,Time
1551,"[[0, 0], [79, 8], [36, 4], [138, 19], [108, 1], [74, 19], [115, 11], [24, 4], [83, 6], [51, 19], [29, 19], [138, 1], [107, 16], [136, 19], [75, 14], [11, 10], [37, 14], [102, 18], [23, 2], [83, 4], [15, 9], [0, 0]]","[0, 15, 20, 7, 18, 10, 16, 9, 5, 14, 1, 8, 19, 17, 12, 6, 13, 3, 11, 4, 2, 21]",333.80714865282107,15.733271837234497
