Id,Coordinates,Order,Distance,Time
9722,"[[0, 0], [9, 6], [17, 14], [3, 17], [1, 23], [23, 15], [23, 15], [7, 3], [4, 8], [27, 44], [9, 34], [18, 11], [16, 41], [27, 1], [16, 3], [8, 2], [25, 38], [22, 18], [11, 7], [1, 14], [3, 24], [0, 0]]","[0, 7, 15, 1, 18, 11, 2, 5, 6, 13, 14, 8, 19, 3, 4, 20, 10, 12, 9, 16, 17, 21]",177.24819390287038,14.278475046157837
