Id,Coordinates,Order,Distance,Time
2605,"[[0, 0], [27, 128], [24, 42], [87, 15], [98, 45], [18, 69], [121, 1], [66, 113], [19, 34], [10, 69], [55, 56], [93, 113], [165, 95], [57, 31], [113, 27], [140, 53], [26, 79], [4, 67], [48, 9], [1, 59], [155, 55], [0, 0]]","[0, 8, 2, 5, 9, 17, 19, 13, 3, 6, 14, 4, 15, 20, 12, 11, 7, 1, 16, 10, 18, 21]",706.421582083289,15.216326236724854
