Id,Coordinates,Order,Distance,Time
6730,"[[0, 0], [10, 116], [60, 35], [43, 78], [72, 42], [30, 109], [26, 1], [55, 46], [81, 81], [63, 91], [27, 1], [95, 60], [80, 29], [56, 78], [41, 121], [17, 65], [56, 13], [29, 20], [10, 74], [19, 48], [70, 116], [0, 0]]","[0, 6, 10, 16, 2, 7, 4, 12, 11, 8, 13, 15, 18, 1, 5, 14, 20, 9, 3, 19, 17, 21]",524.0344382017464,19.74899935722351
