Id,Coordinates,Order,Distance,Time
2615,"[[0, 0], [16, 26], [32, 30], [9, 57], [40, 54], [11, 99], [48, 49], [15, 49], [32, 14], [35, 117], [40, 45], [23, 49], [35, 66], [46, 30], [16, 108], [44, 44], [2, 106], [27, 115], [11, 60], [4, 79], [8, 84], [0, 0]]","[0, 8, 2, 13, 15, 10, 6, 4, 12, 11, 7, 18, 20, 5, 14, 17, 9, 16, 19, 3, 1, 21]",371.87865018791615,14.831930160522461
