Id,Coordinates,Order,Distance,Time
4120,"[[0, 0], [79, 106], [60, 29], [44, 27], [74, 68], [97, 44], [28, 94], [12, 14], [77, 26], [103, 63], [65, 64], [40, 17], [85, 45], [44, 95], [74, 96], [4, 98], [36, 24], [71, 25], [83, 77], [85, 89], [91, 52], [0, 0]]","[0, 7, 16, 2, 17, 8, 12, 5, 20, 9, 18, 19, 1, 14, 13, 6, 15, 4, 10, 3, 11, 21]",463.6271011336818,17.087464570999146
