Id,Coordinates,Order,Distance,Time
8899,"[[0, 0], [70, 6], [122, 2], [9, 4], [26, 8], [91, 5], [101, 8], [8, 7], [7, 11], [85, 4], [40, 11], [105, 17], [65, 6], [55, 1], [8, 7], [11, 16], [26, 15], [118, 11], [78, 11], [12, 1], [50, 11], [0, 0]]","[0, 3, 7, 14, 8, 15, 16, 10, 20, 12, 1, 18, 9, 5, 6, 2, 17, 11, 13, 4, 19, 21]",274.830380618852,15.64439582824707
