Id,Coordinates,Order,Distance,Time
700,"[[0, 0], [63, 90], [23, 97], [77, 71], [13, 92], [114, 56], [99, 58], [83, 39], [127, 37], [6, 64], [109, 27], [128, 92], [101, 94], [58, 114], [31, 37], [121, 9], [95, 68], [35, 26], [68, 7], [24, 96], [87, 88], [0, 0]]","[0, 17, 14, 9, 4, 2, 19, 13, 1, 3, 16, 6, 5, 8, 15, 10, 20, 12, 11, 7, 18, 21]",616.9661513710817,15.440851211547852
