Id,Coordinates,Order,Distance,Time
2325,"[[0, 0], [19, 98], [3, 125], [28, 143], [34, 44], [31, 77], [29, 40], [27, 66], [11, 144], [6, 32], [33, 84], [16, 23], [5, 108], [3, 49], [18, 11], [3, 149], [1, 89], [29, 129], [19, 50], [6, 139], [32, 103], [0, 0]]","[0, 14, 11, 6, 4, 18, 7, 5, 10, 20, 1, 12, 2, 19, 8, 15, 3, 17, 16, 13, 9, 21]",389.63500224347587,15.966933965682983
