Id,Coordinates,Order,Distance,Time
9379,"[[0, 0], [15, 64], [5, 18], [10, 50], [20, 48], [22, 15], [15, 37], [21, 48], [21, 50], [31, 14], [19, 19], [28, 46], [26, 57], [5, 11], [8, 49], [2, 70], [26, 70], [30, 12], [22, 76], [12, 37], [2, 7], [0, 0]]","[0, 20, 13, 10, 5, 17, 9, 6, 4, 7, 8, 11, 12, 16, 18, 1, 15, 3, 14, 19, 2, 21]",229.30539604428225,15.078734874725342
