Id,Coordinates,Order,Distance,Time
5361,"[[0, 0], [68, 72], [59, 6], [71, 24], [56, 62], [44, 80], [67, 21], [78, 108], [91, 25], [91, 85], [7, 124], [43, 131], [11, 69], [66, 6], [91, 61], [24, 69], [81, 100], [62, 105], [57, 43], [60, 130], [13, 87], [0, 0]]","[0, 2, 13, 6, 3, 8, 14, 9, 16, 7, 17, 19, 11, 10, 20, 12, 15, 5, 1, 4, 18, 21]",509.7614845804018,15.819580316543579
