Id,Coordinates,Order,Distance,Time
5569,"[[0, 0], [74, 3], [15, 86], [4, 97], [47, 100], [32, 43], [99, 40], [3, 6], [7, 105], [102, 109], [68, 105], [29, 4], [82, 14], [72, 2], [75, 62], [41, 3], [56, 56], [52, 74], [56, 115], [115, 116], [3, 113], [0, 0]]","[0, 11, 15, 13, 1, 12, 6, 14, 16, 17, 4, 10, 9, 19, 18, 20, 8, 3, 2, 5, 7, 21]",531.2667790056164,16.507959365844727
