Id,Coordinates,Order,Distance,Time
8589,"[[0, 0], [29, 72], [32, 8], [2, 74], [20, 91], [4, 1], [28, 86], [13, 80], [3, 59], [9, 112], [25, 86], [15, 55], [20, 94], [26, 18], [5, 60], [6, 70], [31, 20], [12, 69], [8, 31], [35, 43], [21, 30], [0, 0]]","[0, 5, 2, 16, 13, 20, 18, 11, 14, 8, 15, 3, 17, 7, 4, 12, 9, 6, 10, 1, 19, 21]",325.10470943878477,17.44105100631714
