Id,Coordinates,Order,Distance,Time
8298,"[[0, 0], [94, 97], [113, 88], [68, 122], [108, 75], [171, 53], [124, 24], [181, 29], [22, 130], [27, 65], [127, 99], [166, 4], [123, 50], [98, 31], [65, 42], [63, 46], [103, 103], [157, 20], [19, 86], [57, 147], [12, 34], [0, 0]]","[0, 20, 9, 18, 8, 19, 3, 1, 16, 2, 4, 12, 14, 15, 10, 5, 7, 11, 17, 6, 13, 21]",756.5270932015577,14.832813501358032
