Id,Coordinates,Order,Distance,Time
9575,"[[0, 0], [69, 114], [108, 147], [103, 111], [19, 42], [1, 68], [7, 90], [115, 107], [91, 118], [95, 126], [99, 7], [59, 107], [77, 10], [47, 15], [100, 123], [81, 61], [2, 77], [88, 109], [87, 8], [37, 135], [104, 46], [0, 0]]","[0, 4, 5, 16, 6, 19, 11, 1, 17, 8, 9, 2, 14, 3, 7, 15, 20, 10, 18, 12, 13, 21]",540.6645964590286,16.815343141555786
