Id,Coordinates,Order,Distance,Time
8773,"[[0, 0], [99, 130], [13, 53], [89, 90], [15, 58], [30, 71], [84, 83], [13, 118], [54, 189], [15, 88], [52, 34], [119, 151], [98, 149], [126, 155], [100, 8], [92, 165], [43, 29], [11, 137], [54, 142], [39, 135], [77, 145], [0, 0]]","[0, 16, 10, 5, 4, 2, 9, 7, 17, 19, 18, 20, 8, 15, 11, 13, 12, 1, 6, 3, 14, 21]",703.2127990632799,15.392456293106079
