Id,Coordinates,Order,Distance,Time
5828,"[[0, 0], [47, 118], [107, 101], [50, 121], [65, 30], [114, 128], [65, 92], [124, 124], [7, 140], [97, 69], [105, 4], [148, 29], [109, 87], [105, 35], [114, 31], [69, 147], [73, 102], [53, 111], [83, 20], [154, 147], [119, 122], [0, 0]]","[0, 4, 18, 10, 11, 14, 13, 9, 12, 2, 20, 7, 19, 5, 15, 3, 1, 17, 16, 6, 8, 21]",739.1017741493988,14.68635869026184
