Id,Coordinates,Order,Distance,Time
2700,"[[0, 0], [24, 115], [21, 112], [30, 10], [16, 47], [30, 90], [14, 24], [1, 124], [13, 147], [4, 124], [18, 4], [28, 14], [40, 7], [8, 123], [36, 140], [3, 42], [17, 64], [8, 122], [39, 124], [28, 129], [24, 42], [0, 0]]","[0, 10, 12, 3, 11, 20, 4, 16, 5, 2, 1, 19, 18, 14, 8, 13, 17, 9, 7, 15, 6, 21]",397.2394783918695,15.437270164489746
