Id,Coordinates,Order,Distance,Time
9013,"[[0, 0], [47, 36], [164, 19], [85, 14], [142, 5], [131, 35], [91, 45], [74, 27], [8, 9], [45, 71], [43, 22], [146, 56], [145, 7], [108, 58], [11, 52], [51, 5], [18, 79], [142, 63], [99, 77], [171, 21], [176, 67], [0, 0]]","[0, 15, 10, 1, 7, 3, 6, 13, 11, 5, 4, 12, 2, 19, 20, 17, 18, 9, 16, 14, 8, 21]",602.4881199358059,17.924124717712402
