Id,Coordinates,Order,Distance,Time
1949,"[[0, 0], [117, 21], [75, 55], [12, 18], [45, 50], [29, 16], [90, 50], [94, 8], [126, 58], [86, 50], [73, 52], [49, 13], [108, 26], [74, 16], [48, 57], [67, 58], [99, 19], [74, 50], [83, 17], [121, 36], [77, 56], [0, 0]]","[0, 5, 11, 13, 18, 7, 16, 12, 1, 19, 8, 6, 9, 20, 2, 17, 10, 15, 14, 4, 3, 21]",336.65181089815025,16.30131506919861
