Id,Coordinates,Order,Distance,Time
5223,"[[0, 0], [3, 93], [29, 41], [19, 50], [44, 54], [32, 48], [28, 58], [51, 68], [27, 27], [16, 54], [47, 88], [20, 87], [30, 92], [11, 57], [31, 89], [13, 60], [51, 47], [16, 2], [10, 30], [37, 10], [11, 77], [0, 0]]","[0, 17, 19, 8, 2, 5, 6, 3, 9, 13, 20, 1, 11, 12, 14, 10, 7, 4, 16, 15, 18, 21]",346.89334913309995,15.287909746170044
