Id,Coordinates,Order,Distance,Time
8960,"[[0, 0], [57, 5], [30, 44], [35, 17], [27, 25], [41, 50], [58, 22], [8, 53], [53, 67], [54, 60], [34, 49], [38, 55], [1, 46], [33, 75], [28, 55], [39, 10], [46, 50], [37, 65], [23, 69], [39, 14], [9, 20], [0, 0]]","[0, 4, 3, 19, 15, 1, 6, 16, 5, 17, 13, 18, 7, 12, 14, 11, 9, 8, 10, 2, 20, 21]",345.764483102201,16.50097155570984
