Id,Coordinates,Order,Distance,Time
5467,"[[0, 0], [154, 13], [59, 5], [87, 8], [141, 16], [27, 14], [180, 9], [162, 29], [13, 20], [1, 30], [73, 13], [177, 28], [10, 34], [108, 31], [119, 1], [121, 16], [171, 19], [61, 13], [108, 23], [157, 32], [79, 21], [0, 0]]","[0, 9, 12, 8, 5, 2, 17, 10, 20, 18, 13, 15, 4, 1, 7, 19, 16, 11, 6, 14, 3, 21]",476.6852006453221,15.190044641494751
