Id,Coordinates,Order,Distance,Time
9336,"[[0, 0], [68, 78], [65, 79], [70, 51], [12, 99], [1, 49], [36, 79], [15, 2], [65, 38], [64, 6], [19, 30], [34, 101], [14, 99], [64, 40], [61, 28], [43, 113], [21, 41], [51, 72], [35, 35], [10, 8], [38, 14], [0, 0]]","[0, 19, 7, 10, 16, 18, 17, 2, 1, 3, 13, 8, 14, 9, 20, 6, 11, 15, 12, 4, 5, 21]",471.98545081573064,16.30138921737671
