Id,Coordinates,Order,Distance,Time
8879,"[[0, 0], [49, 6], [56, 12], [37, 1], [11, 18], [32, 1], [35, 13], [64, 20], [37, 18], [38, 1], [7, 13], [30, 18], [13, 14], [40, 11], [32, 20], [51, 18], [19, 8], [17, 3], [46, 12], [46, 4], [43, 10], [0, 0]]","[0, 10, 4, 12, 16, 5, 3, 9, 19, 1, 18, 20, 13, 6, 11, 14, 8, 15, 7, 2, 17, 21]",195.93992375789347,16.481530904769897
