Id,Coordinates,Order,Distance,Time
5388,"[[0, 0], [105, 31], [54, 17], [53, 36], [34, 70], [27, 19], [72, 9], [34, 41], [105, 38], [4, 20], [47, 41], [81, 31], [100, 45], [5, 4], [56, 18], [104, 30], [74, 24], [100, 9], [62, 31], [33, 28], [12, 49], [0, 0]]","[0, 13, 5, 19, 10, 3, 18, 16, 11, 15, 1, 8, 12, 17, 6, 14, 2, 7, 4, 20, 9, 21]",369.6156266392269,14.41013503074646
