Id,Coordinates,Order,Distance,Time
4054,"[[0, 0], [43, 28], [12, 47], [28, 57], [49, 35], [72, 57], [84, 60], [39, 25], [76, 59], [20, 55], [37, 41], [32, 52], [63, 61], [32, 27], [69, 39], [43, 58], [47, 64], [18, 71], [51, 65], [35, 25], [82, 21], [0, 0]]","[0, 13, 19, 7, 1, 4, 10, 2, 9, 17, 3, 11, 15, 16, 18, 12, 5, 8, 6, 14, 20, 21]",344.4197019961325,14.371590375900269
