Id,Coordinates,Order,Distance,Time
5219,"[[0, 0], [47, 20], [5, 23], [34, 23], [37, 13], [6, 11], [10, 18], [11, 23], [34, 17], [49, 23], [15, 11], [32, 21], [44, 13], [34, 2], [11, 13], [33, 10], [47, 5], [22, 2], [12, 12], [32, 20], [28, 6], [0, 0]]","[0, 5, 6, 7, 2, 14, 18, 10, 20, 15, 4, 8, 19, 11, 3, 1, 9, 12, 16, 13, 17, 21]",168.79907234599986,15.675492763519287
