Id,Coordinates,Order,Distance,Time
7674,"[[0, 0], [40, 31], [24, 36], [1, 39], [91, 6], [82, 11], [71, 31], [28, 2], [59, 26], [85, 16], [3, 35], [46, 40], [107, 2], [103, 12], [91, 8], [61, 28], [83, 2], [38, 14], [88, 10], [96, 7], [83, 20], [0, 0]]","[0, 7, 17, 8, 6, 20, 9, 18, 14, 13, 12, 19, 4, 16, 5, 15, 11, 1, 2, 3, 10, 21]",306.14737727140437,17.07358431816101
