Id,Coordinates,Order,Distance,Time
4132,"[[0, 0], [85, 44], [17, 35], [55, 36], [56, 44], [70, 48], [80, 41], [77, 11], [91, 12], [54, 3], [4, 51], [84, 35], [1, 38], [37, 24], [80, 2], [4, 6], [25, 29], [17, 46], [63, 55], [92, 10], [40, 19], [0, 0]]","[0, 12, 10, 17, 2, 16, 20, 9, 7, 14, 19, 8, 11, 1, 6, 5, 18, 4, 3, 13, 15, 21]",323.63693651174026,18.187949180603027
