Id,Coordinates,Order,Distance,Time
5415,"[[0, 0], [49, 100], [5, 130], [43, 48], [6, 39], [24, 119], [38, 65], [39, 120], [33, 6], [36, 56], [46, 135], [39, 61], [7, 29], [14, 9], [26, 55], [15, 91], [40, 30], [17, 149], [23, 32], [7, 52], [6, 53], [0, 0]]","[0, 13, 8, 18, 12, 4, 19, 20, 14, 9, 11, 6, 1, 7, 10, 17, 2, 5, 15, 3, 16, 21]",444.8230985587142,17.94358229637146
