Id,Coordinates,Order,Distance,Time
6446,"[[0, 0], [152, 38], [46, 32], [142, 12], [18, 21], [77, 26], [69, 29], [149, 90], [42, 60], [37, 78], [45, 13], [111, 77], [139, 12], [47, 74], [68, 69], [3, 40], [104, 76], [34, 86], [148, 59], [143, 93], [130, 40], [0, 0]]","[0, 4, 15, 8, 13, 9, 17, 14, 16, 11, 19, 7, 18, 1, 20, 12, 3, 5, 6, 2, 10, 21]",524.1106134362053,13.760677099227905
