Id,Coordinates,Order,Distance,Time
2072,"[[0, 0], [3, 62], [10, 146], [6, 18], [9, 168], [12, 86], [11, 29], [8, 28], [7, 89], [7, 129], [5, 52], [4, 129], [3, 173], [9, 20], [6, 113], [10, 125], [10, 56], [11, 19], [11, 68], [10, 52], [6, 134], [0, 0]]","[0, 3, 13, 17, 7, 6, 19, 16, 18, 5, 8, 14, 15, 9, 11, 20, 2, 4, 12, 1, 10, 21]",365.3614737545313,17.474671602249146
