Id,Coordinates,Order,Distance,Time
3974,"[[0, 0], [99, 37], [109, 7], [154, 4], [124, 79], [84, 56], [107, 45], [148, 51], [187, 65], [198, 18], [19, 32], [189, 62], [134, 41], [151, 9], [27, 58], [22, 62], [57, 61], [146, 16], [177, 17], [155, 73], [16, 101], [0, 0]]","[0, 14, 15, 20, 16, 5, 1, 6, 12, 7, 4, 19, 8, 11, 9, 18, 3, 13, 17, 2, 10, 21]",654.131909211325,16.55061173439026
