Id,Coordinates,Order,Distance,Time
2383,"[[0, 0], [14, 48], [24, 58], [26, 59], [38, 35], [2, 17], [32, 59], [15, 26], [30, 24], [30, 8], [37, 55], [15, 58], [14, 30], [20, 43], [20, 48], [11, 20], [25, 22], [15, 45], [38, 59], [20, 5], [32, 49], [0, 0]]","[0, 5, 15, 7, 12, 13, 20, 10, 18, 6, 3, 2, 11, 1, 17, 14, 4, 8, 16, 9, 19, 21]",205.99718332047007,17.22530770301819
