Id,Coordinates,Order,Distance,Time
1577,"[[0, 0], [13, 2], [9, 24], [29, 11], [173, 22], [32, 14], [96, 8], [134, 15], [14, 5], [131, 20], [39, 19], [74, 1], [32, 14], [49, 22], [17, 10], [107, 17], [77, 8], [161, 5], [122, 9], [37, 23], [27, 1], [0, 0]]","[0, 1, 8, 14, 3, 5, 12, 10, 19, 13, 11, 16, 6, 15, 18, 7, 17, 4, 9, 20, 2, 21]",418.6490848769731,14.089112043380737
