Id,Coordinates,Order,Distance,Time
9376,"[[0, 0], [140, 1], [24, 18], [26, 11], [20, 9], [45, 15], [88, 12], [44, 5], [8, 5], [130, 4], [43, 16], [120, 19], [50, 1], [104, 1], [141, 9], [74, 20], [20, 17], [46, 14], [33, 4], [85, 8], [69, 4], [0, 0]]","[0, 8, 4, 16, 2, 3, 18, 7, 17, 5, 10, 20, 19, 6, 13, 9, 1, 14, 11, 15, 12, 21]",338.4113403311411,18.624760627746582
