Id,Coordinates,Order,Distance,Time
9617,"[[0, 0], [15, 87], [30, 17], [5, 17], [7, 88], [21, 91], [18, 72], [5, 14], [26, 48], [16, 50], [5, 7], [36, 40], [27, 56], [30, 82], [4, 103], [8, 56], [2, 86], [8, 84], [37, 10], [10, 92], [22, 71], [0, 0]]","[0, 10, 7, 2, 18, 11, 8, 12, 6, 20, 13, 5, 1, 19, 14, 16, 4, 17, 15, 9, 3, 21]",293.3191500956834,16.73081636428833
