Id,Coordinates,Order,Distance,Time
5192,"[[0, 0], [24, 115], [14, 73], [22, 54], [23, 76], [5, 54], [12, 126], [19, 130], [25, 97], [13, 148], [23, 135], [28, 131], [23, 115], [15, 81], [2, 128], [1, 98], [15, 138], [5, 59], [4, 12], [10, 48], [19, 130], [0, 0]]","[0, 18, 19, 5, 17, 2, 8, 1, 12, 7, 20, 11, 10, 9, 16, 6, 14, 15, 13, 4, 3, 21]",344.9826580987893,15.720913648605347
