Id,Coordinates,Order,Distance,Time
2224,"[[0, 0], [52, 14], [137, 11], [52, 3], [71, 13], [134, 7], [12, 12], [47, 5], [140, 6], [84, 2], [2, 6], [38, 8], [16, 9], [20, 5], [18, 3], [99, 7], [51, 3], [137, 8], [22, 5], [140, 1], [22, 13], [0, 0]]","[0, 10, 6, 12, 13, 18, 11, 7, 16, 3, 9, 15, 5, 17, 2, 8, 19, 4, 1, 20, 14, 21]",308.79862394892785,16.50462794303894
