Id,Coordinates,Order,Distance,Time
8559,"[[0, 0], [26, 15], [27, 55], [2, 72], [6, 31], [9, 18], [4, 27], [4, 51], [25, 71], [45, 77], [52, 15], [28, 29], [59, 28], [37, 8], [15, 22], [59, 24], [43, 64], [25, 60], [1, 30], [12, 33], [38, 75], [0, 0]]","[0, 5, 14, 19, 4, 6, 18, 7, 3, 8, 17, 2, 20, 9, 16, 12, 15, 10, 13, 11, 1, 21]",316.10664932540135,18.797098875045776
