Id,Coordinates,Order,Distance,Time
4026,"[[0, 0], [38, 131], [16, 95], [19, 137], [38, 36], [37, 46], [18, 9], [16, 62], [31, 55], [33, 85], [38, 11], [12, 89], [7, 36], [10, 27], [32, 35], [4, 9], [34, 50], [8, 119], [25, 13], [26, 130], [21, 110], [0, 0]]","[0, 6, 18, 10, 14, 4, 5, 16, 8, 9, 2, 17, 3, 19, 1, 20, 11, 7, 12, 13, 15, 21]",353.14955871569816,15.72847580909729
