Id,Coordinates,Order,Distance,Time
8194,"[[0, 0], [31, 74], [8, 66], [57, 110], [12, 160], [33, 7], [47, 64], [34, 19], [48, 38], [42, 6], [46, 140], [42, 145], [45, 58], [33, 88], [62, 131], [14, 75], [17, 39], [12, 43], [60, 40], [1, 116], [50, 37], [0, 0]]","[0, 5, 9, 7, 8, 20, 18, 12, 6, 1, 15, 19, 4, 11, 10, 14, 3, 13, 2, 17, 16, 21]",465.39012503948993,17.84372568130493
