Id,Coordinates,Order,Distance,Time
3029,"[[0, 0], [107, 59], [21, 4], [91, 95], [84, 1], [70, 7], [32, 37], [97, 63], [112, 35], [60, 12], [12, 55], [100, 93], [50, 98], [130, 4], [75, 4], [64, 61], [114, 65], [116, 87], [63, 79], [129, 63], [16, 5], [0, 0]]","[0, 10, 6, 15, 18, 12, 3, 11, 17, 7, 1, 16, 19, 8, 13, 4, 14, 5, 9, 2, 20, 21]",499.27439741831256,19.3949191570282
