Id,Coordinates,Order,Distance,Time
3778,"[[0, 0], [13, 64], [63, 23], [76, 58], [50, 72], [11, 108], [58, 93], [81, 70], [20, 28], [52, 9], [25, 81], [23, 14], [28, 94], [69, 48], [90, 73], [16, 42], [49, 3], [86, 62], [92, 78], [33, 6], [15, 44], [0, 0]]","[0, 19, 16, 9, 2, 13, 3, 17, 14, 18, 7, 4, 6, 12, 5, 10, 1, 20, 15, 8, 11, 21]",387.6488592956602,15.720057487487793
