Id,Coordinates,Order,Distance,Time
9858,"[[0, 0], [19, 23], [65, 2], [21, 50], [31, 14], [102, 45], [76, 59], [58, 11], [47, 21], [12, 33], [11, 34], [71, 74], [45, 13], [31, 11], [20, 25], [25, 20], [53, 1], [75, 1], [63, 14], [8, 28], [107, 61], [0, 0]]","[0, 19, 9, 10, 14, 1, 15, 4, 13, 12, 8, 7, 16, 2, 17, 18, 5, 20, 6, 11, 3, 21]",380.46453724987265,12.759387254714966
