Id,Coordinates,Order,Distance,Time
344,"[[0, 0], [22, 89], [23, 127], [3, 42], [22, 39], [23, 84], [17, 1], [37, 19], [1, 7], [35, 13], [3, 41], [19, 8], [26, 132], [12, 52], [9, 93], [2, 4], [12, 126], [32, 92], [33, 60], [37, 126], [40, 22], [0, 0]]","[0, 15, 6, 11, 9, 7, 20, 4, 10, 3, 13, 5, 1, 14, 16, 2, 12, 19, 17, 18, 8, 21]",362.1412840606579,19.22355341911316
