Id,Coordinates,Order,Distance,Time
6207,"[[0, 0], [52, 134], [31, 58], [2, 156], [90, 89], [35, 3], [37, 51], [57, 74], [88, 163], [98, 155], [57, 8], [83, 120], [6, 16], [92, 160], [103, 45], [64, 137], [52, 94], [24, 122], [67, 99], [24, 7], [11, 19], [0, 0]]","[0, 12, 20, 6, 2, 7, 16, 18, 11, 15, 1, 17, 3, 8, 13, 9, 4, 14, 10, 5, 19, 21]",604.3079689398248,15.43262529373169
