Id,Coordinates,Order,Distance,Time
2096,"[[0, 0], [13, 23], [31, 40], [83, 65], [60, 1], [130, 24], [35, 3], [108, 7], [65, 68], [103, 97], [122, 93], [89, 87], [50, 81], [88, 52], [7, 42], [104, 64], [60, 77], [31, 12], [20, 22], [67, 6], [112, 24], [0, 0]]","[0, 1, 18, 17, 6, 4, 19, 7, 5, 20, 13, 8, 16, 12, 11, 9, 10, 15, 3, 2, 14, 21]",519.2608254346342,18.194332361221313
