Id,Coordinates,Order,Distance,Time
69,"[[0, 0], [15, 101], [55, 110], [130, 31], [92, 71], [60, 25], [124, 159], [52, 70], [2, 78], [44, 119], [58, 46], [64, 81], [73, 133], [81, 102], [22, 48], [20, 170], [18, 168], [109, 88], [56, 105], [57, 149], [87, 27], [0, 0]]","[0, 8, 1, 9, 2, 18, 7, 10, 5, 20, 3, 4, 17, 6, 15, 16, 19, 12, 13, 11, 14, 21]",798.6586264627955,20.03097105026245
