Id,Coordinates,Order,Distance,Time
6881,"[[0, 0], [42, 106], [13, 45], [16, 97], [20, 60], [6, 142], [53, 4], [12, 70], [44, 106], [10, 99], [57, 11], [52, 88], [8, 107], [31, 157], [65, 35], [3, 155], [45, 84], [66, 57], [35, 29], [26, 68], [8, 143], [0, 0]]","[0, 2, 4, 7, 1, 8, 11, 16, 17, 14, 10, 6, 18, 19, 9, 12, 5, 20, 15, 13, 3, 21]",593.8936686210396,17.870811939239502
