Id,Coordinates,Order,Distance,Time
3286,"[[0, 0], [58, 147], [45, 9], [52, 128], [19, 101], [122, 51], [89, 103], [44, 106], [73, 131], [4, 113], [32, 85], [8, 115], [119, 42], [61, 12], [6, 9], [104, 88], [94, 44], [58, 69], [33, 28], [116, 108], [66, 17], [0, 0]]","[0, 2, 13, 20, 16, 12, 5, 15, 19, 6, 8, 1, 3, 7, 11, 9, 4, 10, 17, 18, 14, 21]",534.935314343244,12.592007160186768
