Id,Coordinates,Order,Distance,Time
2898,"[[0, 0], [16, 15], [76, 135], [11, 130], [24, 82], [58, 78], [112, 41], [93, 76], [127, 2], [7, 1], [85, 111], [74, 66], [126, 42], [81, 168], [49, 133], [94, 60], [115, 158], [28, 57], [42, 46], [15, 110], [100, 121], [0, 0]]","[0, 1, 18, 17, 4, 19, 3, 14, 10, 20, 16, 13, 2, 5, 11, 7, 15, 6, 12, 8, 9, 21]",685.9713115349389,18.66054940223694
