Id,Coordinates,Order,Distance,Time
9914,"[[0, 0], [123, 98], [93, 11], [20, 96], [45, 84], [103, 91], [73, 92], [136, 63], [107, 92], [79, 69], [24, 97], [56, 16], [135, 83], [47, 83], [25, 17], [128, 26], [115, 13], [125, 74], [61, 88], [39, 47], [123, 39], [0, 0]]","[0, 14, 4, 13, 18, 6, 9, 5, 8, 1, 12, 17, 7, 20, 15, 16, 2, 11, 19, 10, 3, 21]",563.438960370803,13.944056510925293
