Id,Coordinates,Order,Distance,Time
4058,"[[0, 0], [7, 45], [39, 42], [22, 20], [13, 41], [35, 15], [21, 34], [26, 24], [5, 57], [8, 43], [8, 57], [18, 28], [22, 13], [1, 22], [20, 23], [31, 36], [21, 40], [39, 14], [12, 45], [10, 47], [4, 43], [0, 0]]","[0, 13, 14, 3, 7, 11, 6, 4, 9, 20, 1, 8, 10, 19, 18, 16, 15, 2, 17, 5, 12, 21]",218.67262410850276,15.960313558578491
