Id,Coordinates,Order,Distance,Time
4710,"[[0, 0], [67, 5], [69, 9], [76, 2], [129, 8], [178, 4], [121, 3], [42, 8], [114, 13], [114, 6], [112, 12], [43, 1], [144, 8], [178, 8], [164, 3], [134, 6], [176, 5], [84, 1], [54, 12], [144, 12], [23, 2], [0, 0]]","[0, 20, 7, 18, 1, 3, 17, 10, 9, 6, 4, 15, 12, 14, 16, 5, 13, 19, 8, 2, 11, 21]",374.6756714297016,13.413797855377197
