Id,Coordinates,Order,Distance,Time
2428,"[[0, 0], [15, 32], [8, 85], [6, 26], [26, 31], [17, 30], [4, 1], [17, 86], [24, 97], [5, 94], [21, 43], [20, 88], [1, 13], [26, 97], [11, 72], [27, 1], [10, 87], [11, 108], [27, 109], [4, 78], [6, 4], [0, 0]]","[0, 6, 20, 12, 3, 1, 5, 14, 2, 16, 7, 11, 8, 13, 18, 17, 9, 19, 10, 4, 15, 21]",294.0006382223721,14.957409858703613
