Id,Coordinates,Order,Distance,Time
6301,"[[0, 0], [2, 59], [4, 61], [3, 48], [13, 21], [9, 113], [13, 4], [12, 58], [8, 94], [19, 71], [9, 63], [22, 17], [24, 102], [13, 53], [14, 120], [16, 9], [13, 92], [3, 33], [23, 81], [17, 105], [24, 122], [0, 0]]","[0, 6, 15, 11, 4, 17, 3, 1, 2, 10, 9, 16, 8, 19, 5, 14, 20, 12, 18, 7, 13, 21]",298.70818637461906,14.93980860710144
