Id,Coordinates,Order,Distance,Time
8019,"[[0, 0], [6, 9], [11, 2], [9, 5], [4, 13], [5, 30], [7, 5], [10, 66], [1, 10], [12, 31], [10, 6], [8, 63], [6, 68], [6, 17], [2, 33], [5, 8], [10, 47], [9, 22], [7, 65], [11, 72], [8, 37], [0, 0]]","[0, 2, 3, 10, 6, 15, 1, 13, 5, 14, 20, 16, 11, 18, 12, 19, 7, 9, 17, 4, 8, 21]",169.21315791662448,13.85684871673584
