Id,Coordinates,Order,Distance,Time
780,"[[0, 0], [35, 180], [36, 47], [8, 168], [15, 89], [9, 37], [11, 128], [26, 12], [1, 41], [8, 160], [2, 36], [3, 126], [16, 192], [9, 160], [15, 35], [26, 10], [28, 80], [3, 41], [21, 103], [29, 19], [15, 66], [0, 0]]","[0, 15, 7, 19, 14, 5, 10, 8, 17, 20, 4, 11, 9, 13, 3, 12, 1, 6, 18, 16, 2, 21]",460.4516314998256,15.277954339981079
