Id,Coordinates,Order,Distance,Time
9005,"[[0, 0], [20, 7], [32, 39], [11, 41], [17, 20], [28, 16], [10, 50], [27, 40], [6, 43], [18, 26], [22, 8], [29, 7], [16, 3], [17, 31], [7, 1], [25, 14], [26, 40], [19, 51], [21, 40], [23, 45], [7, 16], [0, 0]]","[0, 14, 12, 1, 10, 11, 5, 15, 4, 9, 13, 18, 16, 7, 2, 19, 17, 6, 8, 3, 20, 21]",168.357989150705,17.324440002441406
