Id,Coordinates,Order,Distance,Time
2846,"[[0, 0], [67, 93], [63, 32], [35, 58], [21, 3], [65, 36], [79, 59], [28, 47], [43, 86], [5, 92], [41, 86], [43, 33], [25, 14], [66, 67], [42, 10], [15, 20], [20, 39], [12, 74], [47, 35], [64, 8], [85, 37], [0, 0]]","[0, 4, 12, 15, 16, 7, 18, 11, 2, 5, 20, 6, 13, 1, 8, 10, 9, 17, 3, 19, 14, 21]",443.9877207201518,16.573950052261353
