Id,Coordinates,Order,Distance,Time
5934,"[[0, 0], [77, 188], [23, 65], [28, 74], [67, 188], [9, 86], [106, 176], [86, 44], [46, 34], [27, 139], [51, 178], [64, 134], [35, 153], [81, 29], [56, 97], [64, 191], [11, 23], [110, 30], [43, 128], [33, 77], [1, 157], [0, 0]]","[0, 8, 13, 17, 7, 3, 5, 20, 9, 12, 10, 15, 4, 1, 6, 11, 18, 14, 19, 2, 16, 21]",679.1492529023923,15.013288736343384
