Id,Coordinates,Order,Distance,Time
7668,"[[0, 0], [4, 2], [48, 86], [4, 111], [26, 61], [44, 135], [23, 115], [51, 109], [12, 149], [6, 105], [31, 29], [19, 12], [37, 140], [22, 4], [5, 116], [49, 36], [23, 59], [13, 90], [30, 113], [30, 117], [9, 157], [0, 0]]","[0, 1, 11, 10, 4, 16, 17, 9, 3, 14, 6, 18, 19, 5, 12, 8, 20, 7, 2, 15, 13, 21]",435.8954680609777,16.04863667488098
