Id,Coordinates,Order,Distance,Time
7268,"[[0, 0], [19, 15], [17, 7], [6, 25], [1, 7], [8, 1], [44, 14], [12, 4], [9, 1], [21, 37], [39, 22], [58, 43], [74, 18], [8, 39], [63, 26], [39, 27], [45, 12], [49, 17], [30, 19], [65, 8], [34, 7], [0, 0]]","[0, 4, 5, 8, 7, 2, 20, 18, 10, 15, 6, 16, 17, 19, 12, 14, 11, 9, 13, 3, 1, 21]",261.5874964479393,14.584242820739746
