Id,Coordinates,Order,Distance,Time
6899,"[[0, 0], [12, 5], [9, 45], [48, 22], [12, 20], [95, 52], [112, 24], [97, 13], [96, 10], [12, 7], [104, 40], [34, 2], [3, 19], [111, 9], [81, 57], [95, 36], [53, 17], [43, 60], [101, 41], [3, 37], [77, 38], [0, 0]]","[0, 1, 9, 4, 12, 19, 2, 17, 14, 5, 18, 10, 8, 7, 13, 6, 15, 20, 16, 3, 11, 21]",370.0506958349535,14.368041276931763
