Id,Coordinates,Order,Distance,Time
7768,"[[0, 0], [4, 22], [2, 59], [9, 45], [6, 39], [3, 46], [4, 50], [6, 40], [4, 24], [12, 3], [5, 45], [11, 2], [1, 17], [2, 49], [4, 10], [11, 45], [1, 13], [13, 11], [10, 42], [4, 58], [2, 46], [0, 0]]","[0, 14, 16, 12, 1, 8, 4, 7, 10, 5, 20, 13, 2, 19, 6, 3, 15, 18, 17, 9, 11, 21]",137.58280329024683,19.019718170166016
