Id,Coordinates,Order,Distance,Time
8610,"[[0, 0], [102, 13], [73, 70], [59, 32], [84, 26], [71, 49], [81, 21], [19, 33], [83, 11], [112, 39], [92, 28], [21, 66], [93, 30], [91, 43], [22, 73], [99, 70], [95, 71], [115, 43], [11, 28], [68, 56], [36, 1], [0, 0]]","[0, 18, 7, 11, 14, 19, 5, 3, 6, 4, 10, 12, 9, 17, 15, 16, 2, 13, 1, 8, 20, 21]",448.1523141905972,16.209412574768066
