Id,Coordinates,Order,Distance,Time
1422,"[[0, 0], [40, 37], [46, 37], [56, 37], [59, 4], [48, 38], [28, 18], [27, 39], [55, 5], [61, 10], [62, 39], [33, 32], [19, 26], [14, 34], [61, 34], [26, 31], [32, 12], [44, 3], [19, 29], [19, 27], [25, 4], [0, 0]]","[0, 6, 15, 12, 19, 18, 13, 7, 11, 1, 2, 5, 3, 14, 10, 9, 4, 8, 17, 16, 20, 21]",224.6848893124427,17.487662076950073
