Id,Coordinates,Order,Distance,Time
747,"[[0, 0], [84, 9], [115, 74], [89, 6], [193, 48], [132, 81], [50, 83], [162, 25], [153, 42], [155, 48], [19, 80], [164, 51], [45, 84], [24, 13], [177, 78], [60, 28], [70, 66], [141, 8], [30, 2], [122, 2], [114, 70], [0, 0]]","[0, 13, 18, 15, 1, 3, 19, 17, 7, 8, 9, 11, 4, 14, 5, 2, 20, 16, 6, 12, 10, 21]",545.0196067221591,14.825324058532715
