Id,Coordinates,Order,Distance,Time
5748,"[[0, 0], [63, 4], [68, 2], [19, 6], [85, 11], [3, 4], [80, 11], [8, 9], [77, 4], [36, 10], [38, 12], [89, 2], [28, 3], [6, 4], [37, 4], [72, 7], [32, 3], [30, 3], [33, 10], [78, 12], [21, 1], [0, 0]]","[0, 5, 13, 7, 3, 20, 12, 17, 16, 18, 9, 10, 1, 2, 15, 19, 6, 4, 11, 8, 14, 21]",205.66507588018908,15.78588581085205
