Id,Coordinates,Order,Distance,Time
7612,"[[0, 0], [12, 37], [172, 38], [174, 48], [9, 8], [133, 9], [39, 18], [68, 88], [1, 19], [88, 10], [22, 94], [106, 106], [30, 68], [164, 104], [142, 112], [172, 39], [170, 7], [117, 31], [100, 2], [26, 77], [139, 112], [0, 0]]","[0, 4, 6, 9, 18, 17, 5, 16, 2, 15, 3, 13, 14, 20, 11, 7, 10, 19, 12, 1, 8, 21]",554.4466050514668,15.307076692581177
