Id,Coordinates,Order,Distance,Time
8683,"[[0, 0], [46, 117], [32, 65], [52, 142], [91, 113], [106, 45], [61, 121], [46, 17], [117, 62], [116, 5], [23, 131], [69, 53], [17, 64], [33, 19], [81, 49], [70, 115], [110, 18], [68, 111], [120, 154], [26, 158], [35, 52], [0, 0]]","[0, 13, 7, 11, 14, 5, 16, 9, 8, 4, 15, 17, 6, 18, 3, 19, 10, 1, 2, 12, 20, 21]",699.0321248944896,16.046879529953003
