Id,Coordinates,Order,Distance,Time
7553,"[[0, 0], [25, 32], [18, 60], [10, 23], [11, 20], [3, 2], [23, 40], [6, 10], [12, 20], [5, 36], [17, 45], [17, 66], [20, 46], [23, 65], [23, 64], [4, 20], [24, 64], [18, 47], [8, 32], [16, 43], [11, 58], [0, 0]]","[0, 5, 7, 15, 4, 8, 3, 18, 9, 19, 10, 17, 20, 2, 11, 13, 14, 16, 12, 6, 1, 21]",173.16865541322548,17.108924388885498
