Id,Coordinates,Order,Distance,Time
4394,"[[0, 0], [76, 13], [84, 23], [91, 2], [25, 23], [78, 8], [58, 25], [26, 2], [84, 11], [67, 15], [21, 6], [59, 21], [82, 21], [56, 19], [46, 21], [31, 2], [6, 3], [61, 12], [7, 3], [82, 28], [16, 26], [0, 0]]","[0, 16, 18, 10, 7, 15, 14, 13, 11, 6, 17, 9, 1, 5, 8, 3, 2, 19, 12, 4, 20, 21]",258.89951086000264,16.465149879455566
