Id,Coordinates,Order,Distance,Time
8885,"[[0, 0], [122, 48], [172, 25], [176, 24], [92, 68], [75, 31], [51, 70], [138, 61], [155, 22], [54, 20], [156, 1], [100, 73], [81, 25], [76, 81], [54, 47], [2, 39], [9, 31], [177, 50], [78, 86], [171, 80], [175, 81], [0, 0]]","[0, 16, 15, 14, 6, 13, 18, 4, 11, 1, 7, 19, 20, 17, 3, 2, 8, 10, 12, 5, 9, 21]",546.7878094675126,14.73824667930603
