Id,Coordinates,Order,Distance,Time
3016,"[[0, 0], [3, 98], [4, 67], [13, 44], [10, 36], [2, 87], [3, 54], [11, 41], [6, 107], [1, 62], [3, 70], [15, 74], [4, 36], [12, 95], [9, 32], [11, 93], [3, 97], [16, 81], [13, 47], [3, 48], [3, 14], [0, 0]]","[0, 20, 14, 4, 7, 3, 18, 9, 2, 11, 17, 15, 13, 8, 1, 16, 5, 10, 6, 19, 12, 21]",229.7506666097686,16.67640709877014
