Id,Coordinates,Order,Distance,Time
1808,"[[0, 0], [11, 57], [50, 10], [38, 67], [37, 59], [24, 16], [2, 48], [23, 24], [22, 14], [1, 72], [2, 38], [8, 35], [22, 52], [23, 46], [24, 34], [23, 52], [16, 8], [8, 62], [54, 49], [50, 62], [35, 27], [0, 0]]","[0, 16, 8, 5, 7, 14, 13, 15, 12, 1, 17, 9, 6, 10, 11, 18, 19, 3, 4, 20, 2, 21]",324.6767536777155,18.849498510360718
