Id,Coordinates,Order,Distance,Time
1475,"[[0, 0], [72, 8], [64, 37], [158, 4], [53, 14], [48, 34], [91, 23], [2, 31], [68, 36], [82, 34], [44, 30], [162, 11], [38, 11], [129, 34], [84, 10], [149, 12], [88, 24], [146, 17], [74, 20], [139, 5], [81, 1], [0, 0]]","[0, 7, 10, 5, 2, 8, 9, 16, 6, 14, 13, 17, 15, 3, 11, 19, 20, 1, 18, 4, 12, 21]",425.0149520694466,15.383447885513306
