Id,Coordinates,Order,Distance,Time
7811,"[[0, 0], [16, 43], [6, 84], [5, 47], [52, 74], [16, 4], [49, 43], [10, 85], [8, 17], [55, 7], [6, 56], [6, 11], [32, 73], [67, 62], [52, 77], [55, 4], [71, 70], [56, 11], [29, 11], [18, 35], [21, 84], [0, 0]]","[0, 5, 18, 15, 9, 17, 6, 13, 16, 4, 14, 12, 20, 7, 2, 10, 3, 1, 19, 8, 11, 21]",302.169088209689,17.410001754760742
