Id,Coordinates,Order,Distance,Time
799,"[[0, 0], [4, 15], [61, 51], [6, 14], [10, 55], [62, 24], [39, 29], [77, 16], [28, 42], [84, 41], [56, 39], [54, 1], [40, 71], [48, 19], [43, 29], [69, 35], [77, 15], [8, 42], [4, 20], [91, 45], [28, 43], [0, 0]]","[0, 3, 1, 18, 17, 4, 12, 20, 8, 6, 14, 5, 15, 10, 2, 9, 19, 7, 16, 11, 13, 21]",366.6282197408234,16.591845512390137
