Id,Coordinates,Order,Distance,Time
6504,"[[0, 0], [57, 58], [65, 39], [5, 25], [30, 54], [85, 40], [64, 12], [27, 13], [37, 2], [79, 11], [26, 27], [71, 53], [81, 1], [71, 37], [25, 57], [54, 33], [57, 12], [7, 59], [43, 18], [47, 44], [51, 2], [0, 0]]","[0, 7, 8, 20, 16, 6, 12, 9, 13, 2, 19, 1, 11, 5, 15, 18, 10, 4, 14, 17, 3, 21]",390.73308397147855,17.32711887359619
