Id,Coordinates,Order,Distance,Time
285,"[[0, 0], [24, 39], [50, 97], [37, 47], [86, 11], [35, 80], [18, 44], [35, 52], [106, 55], [42, 101], [65, 60], [68, 18], [46, 83], [121, 26], [66, 29], [62, 26], [26, 93], [97, 69], [21, 93], [94, 36], [116, 96], [0, 0]]","[0, 1, 6, 7, 12, 5, 16, 18, 9, 2, 20, 8, 13, 4, 11, 15, 14, 19, 17, 10, 3, 21]",567.0925907927831,15.491421699523926
