Id,Coordinates,Order,Distance,Time
8970,"[[0, 0], [17, 12], [37, 6], [38, 15], [37, 2], [29, 20], [39, 12], [36, 7], [31, 11], [38, 6], [27, 11], [6, 20], [15, 3], [28, 3], [41, 14], [29, 4], [41, 18], [40, 20], [26, 11], [27, 21], [22, 3], [0, 0]]","[0, 12, 20, 13, 15, 10, 18, 19, 5, 3, 17, 16, 14, 6, 7, 2, 9, 4, 8, 1, 11, 21]",145.72529292482287,16.64848041534424
