Id,Coordinates,Order,Distance,Time
9734,"[[0, 0], [25, 134], [8, 109], [4, 37], [3, 112], [18, 113], [16, 25], [16, 125], [19, 133], [6, 56], [4, 120], [25, 30], [6, 42], [19, 137], [8, 8], [19, 32], [24, 46], [23, 16], [11, 32], [12, 109], [28, 95], [0, 0]]","[0, 14, 6, 18, 3, 12, 9, 19, 2, 4, 10, 7, 8, 13, 1, 5, 20, 16, 15, 11, 17, 21]",324.41658606150963,14.818135738372803
