Id,Coordinates,Order,Distance,Time
4576,"[[0, 0], [56, 12], [136, 11], [54, 5], [21, 4], [63, 10], [50, 1], [12, 11], [83, 7], [108, 6], [135, 13], [34, 13], [138, 11], [8, 9], [130, 1], [61, 4], [85, 7], [42, 11], [9, 15], [97, 9], [51, 12], [0, 0]]","[0, 13, 18, 7, 11, 17, 20, 1, 5, 8, 16, 19, 9, 14, 2, 12, 10, 15, 3, 6, 4, 21]",297.22182467054216,17.626233339309692
