Id,Coordinates,Order,Distance,Time
5742,"[[0, 0], [86, 44], [70, 1], [101, 149], [70, 101], [73, 24], [26, 137], [31, 73], [5, 106], [63, 115], [62, 7], [12, 154], [68, 8], [9, 77], [68, 29], [34, 150], [66, 81], [25, 105], [93, 66], [59, 4], [45, 92], [0, 0]]","[0, 19, 10, 2, 12, 5, 14, 1, 18, 16, 7, 13, 8, 17, 6, 11, 15, 3, 9, 4, 20, 21]",627.4952449893648,17.853864192962646
