Id,Coordinates,Order,Distance,Time
4684,"[[0, 0], [103, 23], [95, 71], [28, 29], [38, 8], [100, 38], [68, 71], [61, 72], [2, 41], [14, 40], [81, 42], [103, 24], [2, 47], [103, 43], [30, 57], [20, 33], [71, 73], [99, 24], [68, 62], [102, 51], [56, 57], [0, 0]]","[0, 3, 15, 9, 8, 12, 14, 20, 18, 7, 6, 16, 2, 19, 13, 5, 17, 11, 1, 10, 4, 21]",368.0534393140965,16.309898138046265
