Id,Coordinates,Order,Distance,Time
9924,"[[0, 0], [29, 27], [29, 106], [3, 144], [16, 100], [4, 90], [21, 76], [26, 158], [7, 43], [46, 157], [16, 160], [22, 152], [27, 75], [43, 93], [42, 114], [28, 48], [13, 46], [45, 8], [25, 43], [7, 75], [4, 82], [0, 0]]","[0, 1, 18, 16, 8, 19, 20, 5, 6, 4, 2, 3, 10, 11, 7, 9, 14, 13, 12, 15, 17, 21]",491.0392029766028,15.502139806747437
