Id,Coordinates,Order,Distance,Time
1061,"[[0, 0], [65, 25], [27, 4], [10, 7], [48, 22], [51, 18], [58, 18], [30, 11], [9, 19], [24, 4], [23, 13], [49, 13], [32, 6], [61, 12], [41, 19], [15, 6], [63, 3], [28, 6], [26, 22], [56, 7], [24, 5], [0, 0]]","[0, 3, 15, 20, 9, 2, 17, 12, 7, 14, 4, 11, 19, 16, 13, 1, 6, 5, 18, 10, 8, 21]",199.3172869492723,14.596513986587524
