Id,Coordinates,Order,Distance,Time
6365,"[[0, 0], [69, 56], [131, 58], [145, 8], [135, 119], [34, 119], [89, 148], [61, 92], [21, 2], [75, 35], [41, 7], [51, 119], [110, 116], [33, 26], [148, 74], [75, 161], [34, 18], [70, 75], [42, 126], [66, 12], [132, 47], [0, 0]]","[0, 16, 13, 9, 1, 17, 7, 11, 5, 18, 15, 6, 12, 4, 14, 2, 20, 3, 19, 10, 8, 21]",604.3219175735342,14.494686126708984
