Id,Coordinates,Order,Distance,Time
6704,"[[0, 0], [5, 2], [3, 7], [15, 4], [15, 4], [10, 16], [9, 11], [6, 1], [5, 5], [5, 10], [15, 3], [15, 3], [2, 8], [2, 5], [8, 7], [4, 16], [5, 2], [1, 1], [14, 8], [2, 8], [5, 9], [0, 0]]","[0, 17, 1, 16, 7, 8, 2, 12, 19, 20, 14, 3, 4, 10, 11, 18, 6, 5, 15, 9, 13, 21]",69.02875125890597,20.730005025863647
