Id,Coordinates,Order,Distance,Time
6475,"[[0, 0], [132, 1], [11, 18], [29, 2], [13, 1], [4, 4], [115, 15], [1, 5], [5, 10], [5, 20], [119, 16], [38, 14], [100, 6], [78, 8], [68, 20], [78, 19], [45, 21], [138, 1], [21, 2], [113, 20], [112, 3], [0, 0]]","[0, 7, 5, 8, 2, 9, 4, 18, 3, 11, 16, 14, 15, 19, 6, 10, 1, 17, 20, 12, 13, 21]",333.63551846670157,13.356709480285645
