Id,Coordinates,Order,Distance,Time
1957,"[[0, 0], [25, 46], [154, 7], [54, 16], [9, 103], [72, 72], [96, 95], [97, 2], [15, 105], [162, 97], [106, 18], [124, 58], [90, 21], [30, 47], [49, 84], [78, 88], [148, 71], [109, 27], [135, 79], [58, 107], [27, 108], [0, 0]]","[0, 1, 13, 3, 12, 7, 10, 17, 2, 11, 16, 9, 18, 6, 15, 5, 14, 19, 20, 8, 4, 21]",660.0829862680312,17.708277225494385
