Id,Coordinates,Order,Distance,Time
4402,"[[0, 0], [44, 12], [40, 55], [7, 14], [45, 53], [6, 59], [112, 63], [103, 62], [104, 41], [46, 18], [105, 6], [7, 5], [112, 40], [12, 23], [60, 50], [79, 35], [91, 22], [90, 48], [80, 21], [91, 34], [45, 52], [0, 0]]","[0, 11, 1, 9, 20, 4, 14, 15, 19, 16, 18, 10, 8, 12, 6, 7, 17, 2, 5, 13, 3, 21]",431.74782235208113,13.99975323677063
