Id,Coordinates,Order,Distance,Time
7600,"[[0, 0], [8, 75], [12, 9], [6, 55], [5, 86], [5, 41], [2, 13], [3, 3], [10, 48], [7, 146], [1, 125], [3, 178], [5, 34], [5, 86], [1, 176], [11, 189], [12, 119], [3, 188], [4, 138], [6, 34], [4, 190], [0, 0]]","[0, 7, 2, 19, 5, 3, 4, 13, 10, 18, 14, 11, 17, 20, 15, 9, 16, 1, 8, 12, 6, 21]",395.8244735569184,15.334876775741577
