Id,Coordinates,Order,Distance,Time
8107,"[[0, 0], [18, 61], [9, 37], [42, 18], [112, 95], [2, 7], [88, 49], [20, 10], [124, 6], [134, 14], [117, 53], [77, 97], [75, 14], [93, 25], [99, 75], [71, 73], [9, 59], [86, 9], [55, 63], [78, 24], [83, 17], [0, 0]]","[0, 5, 7, 3, 19, 20, 13, 14, 4, 11, 15, 18, 1, 16, 2, 6, 10, 9, 8, 17, 12, 21]",618.020493652716,13.601202011108398
