Id,Coordinates,Order,Distance,Time
9964,"[[0, 0], [122, 88], [91, 65], [83, 33], [99, 7], [48, 27], [77, 38], [118, 69], [89, 28], [4, 46], [32, 32], [106, 45], [91, 84], [47, 95], [134, 60], [108, 101], [8, 57], [19, 25], [55, 17], [129, 22], [34, 81], [0, 0]]","[0, 17, 10, 5, 18, 6, 3, 8, 4, 19, 11, 2, 15, 1, 14, 7, 12, 13, 20, 16, 9, 21]",530.8423272878907,16.96004891395569
