Id,Coordinates,Order,Distance,Time
7958,"[[0, 0], [15, 28], [12, 73], [6, 59], [4, 77], [10, 107], [22, 2], [2, 25], [15, 148], [23, 20], [20, 94], [1, 138], [10, 139], [16, 21], [2, 21], [5, 17], [11, 70], [23, 96], [4, 9], [19, 64], [22, 31], [0, 0]]","[0, 18, 15, 14, 7, 1, 13, 20, 3, 16, 2, 4, 10, 17, 8, 12, 11, 5, 19, 9, 6, 21]",373.8496776556019,16.84718370437622
