Id,Coordinates,Order,Distance,Time
5559,"[[0, 0], [23, 66], [13, 37], [23, 134], [12, 131], [19, 152], [1, 81], [5, 149], [36, 146], [48, 88], [40, 126], [37, 66], [20, 126], [32, 134], [22, 91], [46, 10], [17, 66], [16, 72], [30, 119], [23, 133], [37, 142], [0, 0]]","[0, 2, 16, 1, 17, 6, 14, 18, 12, 19, 3, 4, 7, 5, 8, 20, 13, 10, 9, 11, 15, 21]",428.5605516868142,14.036120891571045
