Id,Coordinates,Order,Distance,Time
9843,"[[0, 0], [57, 18], [58, 20], [81, 54], [39, 11], [83, 50], [18, 67], [43, 46], [84, 39], [41, 48], [25, 34], [53, 52], [40, 65], [104, 56], [137, 68], [52, 63], [113, 12], [60, 42], [83, 66], [92, 44], [93, 52], [0, 0]]","[0, 4, 1, 2, 17, 11, 9, 7, 10, 6, 12, 15, 3, 5, 8, 19, 20, 18, 13, 14, 16, 21]",513.9874132024279,18.178077697753906
