Id,Coordinates,Order,Distance,Time
8172,"[[0, 0], [55, 130], [11, 83], [50, 120], [19, 99], [8, 56], [75, 18], [14, 88], [14, 69], [52, 98], [71, 50], [52, 149], [52, 143], [84, 53], [55, 120], [44, 92], [54, 119], [8, 5], [64, 87], [20, 122], [56, 26], [0, 0]]","[0, 5, 8, 2, 7, 4, 19, 3, 1, 12, 11, 14, 16, 9, 15, 18, 13, 10, 6, 20, 17, 21]",435.48715009296353,15.88014006614685
