Id,Coordinates,Order,Distance,Time
219,"[[0, 0], [12, 47], [8, 58], [18, 31], [14, 31], [8, 86], [16, 56], [23, 99], [17, 52], [18, 45], [18, 49], [11, 17], [2, 107], [16, 2], [1, 11], [22, 7], [13, 68], [11, 69], [24, 92], [3, 24], [13, 45], [0, 0]]","[0, 14, 19, 4, 3, 9, 10, 8, 6, 16, 17, 5, 12, 7, 18, 2, 1, 20, 11, 15, 13, 21]",267.1632874006706,16.4164400100708
