Id,Coordinates,Order,Distance,Time
1986,"[[0, 0], [92, 15], [117, 5], [105, 7], [71, 11], [99, 7], [67, 7], [103, 19], [14, 5], [107, 3], [53, 21], [80, 19], [96, 11], [2, 11], [27, 1], [105, 5], [70, 21], [99, 2], [14, 3], [72, 4], [105, 16], [0, 0]]","[0, 13, 8, 18, 14, 6, 19, 4, 1, 12, 5, 17, 15, 3, 9, 2, 20, 7, 11, 16, 10, 21]",279.6031843738027,15.839357614517212
