Id,Coordinates,Order,Distance,Time
194,"[[0, 0], [11, 38], [29, 30], [13, 27], [20, 12], [13, 48], [8, 31], [5, 49], [60, 14], [20, 19], [55, 36], [36, 33], [67, 26], [71, 1], [12, 38], [27, 26], [19, 54], [66, 2], [70, 43], [58, 58], [19, 8], [0, 0]]","[0, 20, 4, 9, 15, 2, 11, 10, 8, 17, 13, 12, 18, 19, 16, 5, 7, 1, 14, 6, 3, 21]",288.54202944285475,20.134335041046143
