Id,Coordinates,Order,Distance,Time
2800,"[[0, 0], [52, 49], [17, 31], [76, 34], [70, 27], [88, 7], [7, 11], [90, 10], [105, 26], [51, 22], [53, 17], [99, 16], [38, 33], [43, 7], [65, 40], [22, 31], [52, 5], [71, 43], [106, 22], [82, 32], [57, 40], [0, 0]]","[0, 6, 2, 15, 12, 9, 10, 4, 3, 17, 14, 20, 1, 19, 7, 5, 11, 18, 8, 16, 13, 21]",341.02675126647625,16.7715744972229
