Id,Coordinates,Order,Distance,Time
1563,"[[0, 0], [52, 39], [109, 127], [25, 39], [3, 80], [145, 89], [146, 105], [110, 8], [87, 104], [10, 109], [62, 124], [55, 27], [30, 128], [9, 108], [20, 50], [162, 53], [44, 18], [134, 49], [52, 3], [47, 102], [80, 64], [0, 0]]","[0, 1, 20, 11, 16, 18, 7, 17, 15, 5, 6, 2, 8, 10, 19, 12, 9, 13, 4, 14, 3, 21]",682.3613282974884,16.655935525894165
